no,agency,corp_name,year,designation_type,industry,ghg_tco2eq,energy_tj,verifier,remark,stock_code
1,기후에너지환경부,롯데이노베이트(주),2024,사업장,"컴퓨터 프로그래밍, 시스템 통합 및 관리업",120487.0,2514.0,한국표준협회,,286940
2,기후에너지환경부,리뉴에너지경인 주식회사,2024,사업장,폐기물 처리업,51427.0,12.0,(주)한국경영인증원,,NULL
3,기후에너지환경부,(유)남해환경,2024,사업장,폐기물 처리업,27986.0,178.0,(재)한국품질재단,,NULL
4,기후에너지환경부,(유)에스케이씨에보닉페록사이드코리아,2024,사업장,기초 화학물질 제조업,36818.0,734.0,(재)한국품질재단,,NULL
5,기후에너지환경부,(유)청명,2024,사업장,폐기물,25597.0,511.0,㈜한국품질보증원,,NULL
6,국토교통부,(유)호남고속,2024,사업장,교통(여객),20755.0,317.0,(주)한국경영인증원,,NULL
7,국토교통부,(재)우체국물류지원단,2024,사업장,육상운송 및 파이프라인 운송업,18542.0,273.0,(재)한국품질재단,,NULL
8,기후에너지환경부,(주)MSC,2024,사업장,기타 식품 제조업,29704.0,596.0,(주)한국경영인증원,,NULL
9,기후에너지환경부,(주)SIMPAC,2024,업체,1차 철강 제조업,99791.0,1161.0,한국표준협회,,009160
10,기후에너지환경부,(주)SUN&L,2024,사업장,나무제품 제조업,9998.0,271.0,한국표준협회,,002820
11,기후에너지환경부,(주)강동씨앤엘,2024,업체,"시멘트, 석회, 플라스터 및 그 외 제품 제조업",9576.0,181.0,한국표준협회,,198440
12,기후에너지환경부,(주)강원랜드,2024,사업장,유원지 및 기타 오락관련 서비스업,79430.0,1602.0,로이드인증원㈜,,035250
13,기후에너지환경부,(주)건화,2024,사업장,선박 및 보트 건조업,36370.0,655.0,한국표준협회,,NULL
14,기후에너지환경부,(주)경기고속,2024,업체,육상 여객 운송업,115254.0,1851.0,(주)한국경영인증원,,NULL
15,기후에너지환경부,(주)경동,2024,업체,석탄 광업,204871.0,383.0,(재)한국품질재단,,NULL
16,산업통상자원부,(주)경동원,2024,사업장,기계,8652.0,168.0,한국표준협회,,NULL
17,산업통상자원부,(주)경보제약,2024,사업장,석유화학,11603.0,278.0,(주)한국경영인증원,,214390
18,기후에너지환경부,(주)경북고속,2024,사업장,육상 여객 운송업,31288.0,443.0,(주)한국경영인증원,,NULL
19,산업통상자원부,(주)경신전선,2024,사업장,전기전자,14500.0,300.0,로이드인증원㈜,,NULL
20,산업통상자원부,(주)국제금속,2024,사업장,비철금속,29525.0,293.0,(주)한국경영인증원,,NULL
21,기후에너지환경부,(주)그린스코,2024,사업장,폐기물 처리업,59323.0,102.0,(주)한국경영인증원,,NULL
22,기후에너지환경부,(주)금남고속,2024,사업장,육상 여객 운송업,22296.0,318.0,(주)한국경영인증원,,NULL
23,기후에너지환경부,(주)금비,2024,사업장,유리 및 유리제품 제조업,84439.0,1195.0,한국표준협회,,008870
24,해양수산부,(주)남해고속,2024,사업장,교통(해운),23741.0,338.0,한국표준협회,,NULL
25,산업통상자원부,(주)네오오토,2024,사업장,자동차,16901.0,350.0,(주)한국경영인증원,,212560
26,기후에너지환경부,(주)네이처이앤티경주,2024,사업장,지정외 폐기물처리업 등,30830.0,5.0,(주)비에스아이그룹코리아,,NULL
27,산업통상자원부,(주)네패스,2024,사업장,반도체,15802.0,326.0,(주)비에스아이그룹코리아,,033640
28,산업통상자원부,(주)넥센,2024,사업장,석유화학,17306.0,357.0,한국표준협회,,005720
29,기후에너지환경부,(주)농협물류,2024,사업장,도로 화물 운송업,29600.0,433.0,한국표준협회,,NULL
30,농림축산식품부,(주)농협사료,2024,업체,식료품 제조업,87275.0,1791.0,한국생산성본부인증원(주),,NULL
31,기후에너지환경부,(주)다나에너지솔루션,2024,사업장,폐기물 처리업,58590.0,222.0,(주)한국경영인증원,,NULL
32,산업통상자원부,(주)대농,2024,사업장,섬유,3811.0,79.0,지속가능인증원주식회사,,NULL
33,기후에너지환경부,(주)대동세라믹,2024,사업장,"내화, 비내화 요업제품 제조업",36887.0,677.0,(주)한국경영인증원,,NULL
34,기후에너지환경부,(주)대림제지,2024,사업장,"펄프, 종이 및 판지 제조업",109561.0,1675.0,(재)한국품질재단,,017650
35,산업통상자원부,(주)대양금속,2024,사업장,기계,19950.0,395.0,(재)한국품질재단,,009190
36,국토교통부,(주)대우건설,2024,업체,건설,61064.0,1259.0,한국표준협회,,047040
37,산업통상자원부,(주)대욱케스트,2024,사업장,철강,15522.0,289.0,(주)한국경영인증원,,NULL
38,산업통상자원부,(주)대웅제약,2024,사업장,석유화학,20586.0,424.0,(주)한국경영인증원,,069620
39,기후에너지환경부,(주)대원고속,2024,업체,육상 여객 운송업,117728.0,1920.0,(주)한국경영인증원,,NULL
40,기후에너지환경부,(주)대원농산,2024,사업장,폐기물,20027.0,127.0,(재)한국품질재단,,NULL
41,기후에너지환경부,(주)대원버스,2024,사업장,육상 여객 운송업,33811.0,583.0,(주)한국경영인증원,,NULL
42,국토교통부,(주)대원여객,2024,사업장,교통(여객),16290.0,313.0,(주)한국경영인증원,,NULL
43,기후에너지환경부,(주)대원운수,2024,사업장,육상 여객 운송업,35606.0,596.0,(주)한국경영인증원,,NULL
44,기후에너지환경부,(주)대유코아,2024,사업장,"시멘트, 석회, 플라스터 및 그 외 제품 제조업",96217.0,736.0,로이드인증원㈜,,NULL
45,산업통상자원부,(주)대천텍스타일,2024,사업장,섬유,15547.0,233.0,한국표준협회,,NULL
46,산업통상자원부,(주)대호특수강,2024,사업장,철강,40263.0,806.0,로이드인증원㈜,,021040
47,산업통상자원부,(주)동광화학,2024,사업장,석유화학,25455.0,527.0,(주)한국경영인증원,,NULL
48,기후에너지환경부,(주)동남,2024,사업장,1차 비철금속 제조업,53758.0,837.0,한국표준협회,,NULL
49,기후에너지환경부,(주)동방,2024,사업장,도로 화물 운송업,57667.0,842.0,대일이엔씨기술(주),,004140
50,기후에너지환경부,(주)동서기공,2024,사업장,자동차 신품 부품 제조업,50632.0,1045.0,(주)한국경영인증원,,NULL
51,기후에너지환경부,(주)동신포리마,2024,사업장,플라스틱 제품 제조업,37349.0,765.0,(주)한국경영인증원,,NULL
52,기후에너지환경부,(주)동양고속,2024,사업장,육상 여객 운송업,53374.0,762.0,(주)한국경영인증원,,084670
53,기후에너지환경부,(주)동양환경,2024,업체,폐기물 처리업,239750.0,664.0,(재)한국품질재단,,NULL
54,농림축산식품부,(주)동우팜투테이블,2024,사업장,식료품 제조업,14515.0,292.0,(재)한국화학융합시험연구원,,088910
55,농림축산식품부,(주)동원F&B,2024,업체,식료품 제조업,84156.0,1832.0,(주)한국경영인증원,,049770
56,산업통상자원부,(주)동진쎄미켐,2024,사업장,석유화학,27662.0,567.0,(주)한국경영인증원,,005290
57,산업통상자원부,(주)두산,2024,업체,전기전자,55371.0,1102.0,(재)한국품질재단,,000150
58,산업통상자원부,(주)두산테스나,2024,사업장,반도체,58757.0,1227.0,(재)한국품질재단,,131970
59,산업통상자원부,(주)디알액시온,2024,사업장,비철금속,11424.0,233.0,(재)한국품질재단,,NULL
60,기후에너지환경부,(주)디에이피,2024,사업장,전자 부품 제조업,77814.0,1613.0,(주)한국경영인증원,,066900
61,산업통상자원부,(주)디케이씨,2024,사업장,철강,17114.0,344.0,한국표준협회,,047440
62,산업통상자원부,(주)로옴코리아,2024,사업장,반도체,14770.0,308.0,㈜한국품질보증원,,NULL
63,산업통상자원부,(주)메디톡스,2024,사업장,석유화학,16584.0,340.0,한국표준협회,,086900
64,농림축산식품부,(주)면사랑,2024,사업장,식료품 제조업,29600.0,571.0,한국표준협회,,NULL
65,기후에너지환경부,(주)모나리자,2024,사업장,"펄프, 종이 및 판지 제조업",41925.0,781.0,(주)한국경영인증원,,012690
66,기후에너지환경부,(주)미래페이퍼,2024,사업장,"펄프, 종이 및 판지 제조업",66492.0,1039.0,한국표준협회,,NULL
67,산업통상자원부,(주)방림,2024,사업장,섬유,19542.0,297.0,한국표준협회,,003610
68,기후에너지환경부,(주)베르상스퍼시픽,2024,사업장,유리 및 유리제품 제조업,28013.0,481.0,로이드인증원㈜,,NULL
69,기후에너지환경부,(주)벽산,2024,사업장,유리 및 유리제품 제조업,118254.0,2177.0,한국표준협회,,007210
70,산업통상자원부,(주)보령,2024,사업장,석유화학,17158.0,303.0,(주)한국경영인증원,,003850
71,기후에너지환경부,(주)보림씨에스,2024,사업장,폐기물 처리업,52338.0,25.0,(재)한국품질재단,,NULL
72,기후에너지환경부,(주)부산도시가스,2024,사업장,"증기, 냉ㆍ온수 및 공기 조절 공급업",58486.0,302.0,(주)한국경영인증원,,015350
73,산업통상자원부,(주)비에이치,2024,사업장,전기전자,18903.0,368.0,한국표준협회,,090460
74,산업통상자원부,(주)비엠금속,2024,사업장,철강,15365.0,282.0,(주)한국경영인증원,,NULL
75,농림축산식품부,(주)빙그레,2024,업체,식료품 제조업,59696.0,1200.0,(주)한국경영인증원,,005180
76,기후에너지환경부,(주)삼동,2024,사업장,절연선 및 케이블 제조업,46241.0,955.0,한국표준협회,,NULL
77,국토교통부,(주)삼우에프앤지,2024,사업장,교통(화물),21539.0,357.0,한국표준협회,,NULL
78,기후에너지환경부,(주)삼원강재,2024,사업장,자동차 신품 부품 제조업,31842.0,646.0,(재)한국품질재단,,023000
79,기후에너지환경부,(주)삼천리,2024,사업장,"증기, 냉ㆍ온수 및 공기 조절 공급업",98837.0,1733.0,한국가스안전공사,,004690
80,기후에너지환경부,(주)삼표산업,2024,업체,"시멘트, 석회, 플라스터 및 그 외 제품 제조업",89261.0,1559.0,(재)한국품질재단,,NULL
81,기후에너지환경부,(주)삼현,2024,사업장,"내화, 비내화 요업제품 제조업",25761.0,445.0,한국표준협회,,437730
82,산업통상자원부,(주)삼화양행,2024,업체,전기전자,51499.0,1065.0,(주)한국경영인증원,,NULL
83,기후에너지환경부,(주)상공에너지,2024,사업장,"증기, 냉ㆍ온수 및 공기 조절 공급업",4568.0,1601.0,㈜한국품질보증원,,NULL
84,농림축산식품부,(주)샤니,2024,사업장,식료품 제조업,35410.0,719.0,(주)비에스아이그룹코리아,,NULL
85,산업통상자원부,(주)서원,2024,사업장,비철금속,11134.0,229.0,한국가스안전공사,,021050
86,기후에너지환경부,(주)서흥,2024,사업장,기타 식품 제조업,37334.0,766.0,한국표준협회,,008490
87,산업통상자원부,(주)선일다이파스,2024,사업장,기계,20958.0,432.0,(주)한국경영인증원,,NULL
88,기후에너지환경부,(주)선진운수,2024,사업장,육상 여객 운송업,24798.0,470.0,(재)한국품질재단,,NULL
89,산업통상자원부,(주)성신미네필드,2024,사업장,시멘트,17752.0,349.0,한국표준협회,,NULL
90,산업통상자원부,(주)성호금속,2024,사업장,철강,18936.0,338.0,(주)한국경영인증원,,NULL
91,기후에너지환경부,(주)성호금속 경주2공장,2024,사업장,금속 주조업,28588.0,515.0,(주)한국경영인증원,,NULL
92,산업통상자원부,(주)성호기업,2024,사업장,철강,13162.0,258.0,(주)한국경영인증원,,NULL
93,기후에너지환경부,(주)세아씨엠,2024,사업장,1차 철강 제조업,80019.0,1519.0,한국표준협회,,NULL
94,국토교통부,(주)세아엘앤에스,2024,사업장,교통(화물),14542.0,210.0,한국표준협회,,NULL
95,기후에너지환경부,(주)세아제강,2024,사업장,1차 철강 제조업,63961.0,1305.0,한국표준협회,,306200
96,기후에너지환경부,(주)세아특수강,2024,사업장,1차 철강 제조업,54540.0,1100.0,한국표준협회,,019440
97,농림축산식품부,(주)세우,2024,사업장,식료품 제조업,17612.0,357.0,(재)한국품질재단,,NULL
98,기후에너지환경부,(주)세주,2024,사업장,해상 운송업,28350.0,387.0,㈜디엔브이비즈니스어슈어런스코리아,,NULL
99,산업통상자원부,(주)셀트리온제약,2024,사업장,석유화학,15490.0,317.0,한국표준협회,,068760
100,국토교통부,(주)시흥교통,2024,사업장,교통(여객),22048.0,401.0,한국표준협회,,NULL
101,기후에너지환경부,(주)신동,2024,사업장,"시멘트, 석회, 플라스터 및 그 외 제품 제조업",79688.0,283.0,한국표준협회,,NULL
102,기후에너지환경부,(주)신세계,2024,업체,종합 소매업,130801.0,2705.0,(주)한국경영인증원,,004170
103,기후에너지환경부,(주)신승에너지,2024,사업장,폐기물 처리업,68270.0,322.0,(재)한국품질재단,,NULL
104,산업통상자원부,(주)신안주철,2024,사업장,철강,16117.0,302.0,한국표준협회,,NULL
105,농림축산식품부,(주)신영포르투,2024,사업장,나무제품 제조업,18426.0,685.0,(재)한국품질재단,,NULL
106,산업통상자원부,(주)신우금속,2024,사업장,철강,16858.0,292.0,(재)한국품질재단,,NULL
107,산업통상자원부,(주)신한중공업,2024,사업장,조선,15472.0,247.0,㈜한국품질보증원,,NULL
108,기후에너지환경부,(주)쌍용씨앤비,2024,사업장,"펄프, 종이 및 판지 제조업",66006.0,1260.0,(주)한국경영인증원,,NULL
109,기후에너지환경부,(주)씨텍,2024,업체,"증기, 냉ㆍ온수 및 공기 조절 공급업",763404.0,10981.0,(주)비에스아이그룹코리아,,NULL
110,산업통상자원부,(주)아바텍,2024,사업장,유리,16462.0,336.0,한국표준협회,,149950
111,기후에너지환경부,(주)아진피앤피,2024,사업장,"펄프, 종이 및 판지 제조업",138991.0,3288.0,지속가능인증원주식회사,,NULL
112,기후에너지환경부,(주)애니테크,2024,사업장,폐기물 처리업,45268.0,204.0,(주)한국경영인증원,,NULL
113,산업통상자원부,(주)에스이그린에너지,2024,사업장,전기업,55997.0,0.0,한국표준협회,,NULL
114,산업통상자원부,(주)에스제이금속,2024,사업장,철강,19958.0,351.0,(재)한국품질재단,,NULL
115,기후에너지환경부,(주)에스파워,2024,업체,전기업,1508447.0,29876.0,(재)한국품질재단,,NULL
116,기후에너지환경부,(주)에스피환경,2024,사업장,폐기물 처리업,73956.0,515.0,㈜한국품질보증원,,NULL
117,해양수산부,(주)에이치해운,2024,사업장,교통(해운),17780.0,243.0,한국표준협회,,NULL
118,기후에너지환경부,(주)에이티에너지,2024,사업장,폐기물 처리업,21500.0,18.0,대일이엔씨기술(주),,NULL
119,기후에너지환경부,(주)에코비트그린,2024,업체,폐기물 처리업,57512.0,21.0,한국표준협회,,NULL
120,기후에너지환경부,(주)에코비트에너지세종,2024,사업장,폐기물 처리업,72084.0,425.0,한국표준협회,,NULL
121,기후에너지환경부,(주)에코프로머티리얼즈,2024,사업장,일차전지 및 축전지 제조업,70327.0,1432.0,(주)한국경영인증원,,NULL
122,기후에너지환경부,(주)에코프로비엠,2024,사업장,일차전지 및 축전지 제조업,68312.0,1424.0,(주)한국경영인증원,,247540
123,기후에너지환경부,(주)엔아이티,2024,업체,폐기물 처리업,163208.0,283.0,㈜한국품질보증원,,NULL
124,기후에너지환경부,(주)엔이티,2024,사업장,"증기, 냉ㆍ온수 및 공기 조절 공급업",6977.0,82.0,한국표준협회,,NULL
125,산업통상자원부,(주)엔피케이,2024,사업장,석유화학,15313.0,316.0,한국표준협회,,048830
126,기후에너지환경부,(주)엘엑스글라스,2024,업체,유리 및 유리제품 제조업,298344.0,3670.0,(주)한국경영인증원,,NULL
127,기후에너지환경부,(주)엘엑스판토스,2024,사업장,도로 화물 운송업,46415.0,558.0,㈜디엔브이비즈니스어슈어런스코리아,,NULL
128,산업통상자원부,(주)엘지생활건강,2024,사업장,석유화학,47246.0,1041.0,(재)한국품질재단,,051900
129,기후에너지환경부,(주)엘지씨엔에스,2024,업체,"컴퓨터 프로그래밍, 시스템 통합 및 관리업",130641.0,2780.0,대일이엔씨기술(주),,064400
130,기후에너지환경부,(주)영신물산,2024,사업장,"섬유제품 염색, 정리 및 마무리 가공업",29421.0,198.0,한국표준협회,,NULL
131,기후에너지환경부,(주)오뚜기,2024,사업장,기타 식품 제조업,93135.0,1877.0,한국표준협회,,007310
132,기후에너지환경부,(주)오리온,2024,사업장,기타 식품 제조업,74067.0,1481.0,로이드인증원㈜,,271560
133,기후에너지환경부,(주)오미아코리아,2024,사업장,기초 화학물질 제조업,45800.0,935.0,㈜디엔브이비즈니스어슈어런스코리아,,NULL
134,산업통상자원부,(주)오영,2024,사업장,석유화학,14127.0,308.0,(재)한국품질재단,,NULL
135,기후에너지환경부,(주)온셀텍,2024,사업장,전자 부품 제조업,34623.0,722.0,한국표준협회,,NULL
136,농림축산식품부,(주)올품,2024,사업장,식료품 제조업,22914.0,467.0,한국표준협회,,NULL
137,산업통상자원부,(주)와이솔,2024,사업장,반도체,20144.0,319.0,한국표준협회,,122990
138,기후에너지환경부,(주)와이엔텍,2024,업체,폐기물 처리업,158406.0,975.0,(재)한국품질재단,,067900
139,산업통상자원부,(주)와이엠,2024,사업장,기계,17196.0,354.0,(재)한국품질재단,,007530
140,산업통상자원부,(주)와이지-원,2024,사업장,기계,16506.0,344.0,한국표준협회,,019210
141,기후에너지환경부,(주)우룡,2024,업체,"시멘트, 석회, 플라스터 및 그 외 제품 제조업",168720.0,752.0,(재)한국화학융합시험연구원,,NULL
142,산업통상자원부,(주)우성염직,2024,사업장,섬유,12442.0,196.0,한국표준협회,,NULL
143,산업통상자원부,(주)우신금속,2024,사업장,비철금속,23769.0,372.0,(재)한국품질재단,,NULL
144,산업통상자원부,(주)우익반도체,2024,사업장,전기전자,31277.0,646.0,한국표준협회,,NULL
145,산업통상자원부,(주)원익아이피에스,2024,사업장,특수 목적용 기계 제조업,27441.0,536.0,한국표준협회,,NULL
146,기후에너지환경부,(주)유니온,2024,업체,"시멘트, 석회, 플라스터 및 그 외 제품 제조업",142490.0,1162.0,한국표준협회,,000910
147,기후에너지환경부,(주)유성티엔에스,2024,사업장,도로 화물 운송업,26598.0,384.0,(주)한국경영인증원,,024800
148,기후에너지환경부,(주)유진로지스틱스,2024,사업장,도로 화물 운송업,22940.0,333.0,(재)한국품질재단,,NULL
149,산업통상자원부,(주)유한양행,2024,사업장,석유화학,17597.0,362.0,(재)한국품질재단,,000100
150,산업통상자원부,(주)유한화학,2024,사업장,석유화학,20739.0,380.0,(주)한국경영인증원,,NULL
151,기후에너지환경부,(주)이녹스첨단소재,2024,사업장,전자 부품 제조업,30420.0,556.0,㈜디엔브이비즈니스어슈어런스코리아,,272290
152,기후에너지환경부,(주)이마트,2024,업체,종합 소매업,522497.0,10881.0,한국표준협회,,139480
153,기후에너지환경부,(주)이수페타시스,2024,사업장,전자 부품 제조업,49020.0,951.0,(주)한국경영인증원,,007660
154,기후에너지환경부,(주)이수화학,2024,업체,기초 화학물질 제조업,277942.0,5001.0,한국표준협회,,005950
155,기후에너지환경부,(주)이스타항공,2024,업체,항공 여객 운송업,122762.0,1757.0,(재)한국화학융합시험연구원,,NULL
156,기후에너지환경부,(주)이알지서비스,2024,사업장,폐기물 처리업,83417.0,60.0,(재)한국화학융합시험연구원,,NULL
157,기후에너지환경부,(주)이에스티,2024,사업장,폐기물 처리업,68030.0,11.0,(재)한국품질재단,,NULL
158,기후에너지환경부,(주)인터플렉스,2024,사업장,전자 부품 제조업,36807.0,769.0,로이드인증원㈜,,051370
159,산업통상자원부,(주)일강,2024,사업장,자동차,19141.0,393.0,한국표준협회,,NULL
160,기후에너지환경부,(주)일진글로벌,2024,사업장,자동차 신품 부품 제조업,122351.0,2549.0,(주)한국경영인증원,,NULL
161,기후에너지환경부,(주)전북고속,2024,사업장,육상 여객 운송업,16758.0,238.0,(주)한국경영인증원,,NULL
162,농림축산식품부,(주)정·식품,2024,사업장,음료제조업,17976.0,361.0,한국표준협회,,NULL
163,국토교통부,(주)제때,2024,사업장,교통(화물),25825.0,463.0,한국표준협회,,NULL
164,기후에너지환경부,(주)제양항공해운,2024,사업장,해상 운송업,718.0,10.0,로이드인증원㈜,,NULL
165,기후에너지환경부,(주)제이엠씨,2024,사업장,기초 화학물질 제조업,33421.0,736.0,(주)한국경영인증원,,NULL
166,산업통상자원부,(주)젤텍,2024,사업장,석유화학,14308.0,487.0,한국표준협회,,NULL
167,농림축산식품부,(주)조흥,2024,사업장,식료품 제조업,16363.0,353.0,한국표준협회,,002600
168,산업통상자원부,(주)종근당,2024,사업장,석유화학,19934.0,554.0,(주)한국경영인증원,,185750
169,기후에너지환경부,(주)종근당바이오,2024,사업장,기초 의약 물질 및 생물학적 제제 제조업,92309.0,1937.0,(주)한국경영인증원,,063160
170,기후에너지환경부,(주)중앙고속,2024,사업장,육상 여객 운송업,47642.0,680.0,(주)한국경영인증원,,NULL
171,기후에너지환경부,(주)중일,2024,사업장,1차 비철금속 제조업,29361.0,293.0,한국표준협회,,NULL
172,기후에너지환경부,(주)지에스동해전력,2024,업체,전기업,2368116.0,26420.0,대일이엔씨기술(주),,NULL
173,산업통상자원부,(주)지엠씨,2024,사업장,광업,13954.0,290.0,(재)한국화학융합시험연구원,,NULL
174,기후에너지환경부,(주)진합,2024,사업장,자동차 신품 부품 제조업,26316.0,546.0,한국표준협회,,NULL
175,산업통상자원부,(주)진흥주물,2024,사업장,철강,30311.0,531.0,한국표준협회,,NULL
176,기후에너지환경부,(주)참프레,2024,사업장,"도축, 육류 가공 및 저장 처리업",42987.0,860.0,한국표준협회,,NULL
177,기후에너지환경부,(주)창원에너텍,2024,사업장,폐기물 처리업,77277.0,1032.0,(재)한국품질재단,,NULL
178,기후에너지환경부,(주)천일고속,2024,사업장,육상 여객 운송업,21368.0,305.0,(주)한국경영인증원,,000650
179,기후에너지환경부,(주)청송산업개발,2024,사업장,폐기물 처리업,71731.0,520.0,(재)한국품질재단,,NULL
180,농림축산식품부,(주)체리부로,2024,사업장,식료품 제조업,15210.0,310.0,(주)한국경영인증원,,066360
181,기후에너지환경부,(주)충남고속,2024,사업장,육상 여객 운송업,23447.0,334.0,(주)한국경영인증원,,NULL
182,기후에너지환경부,(주)충무화학,2024,업체,"시멘트, 석회, 플라스터 및 그 외 제품 제조업",155600.0,637.0,(주)한국경영인증원,,NULL
183,농림축산식품부,(주)카길애그리퓨리나,2024,사업장,식료품 제조업,21263.0,434.0,(재)한국품질재단,,NULL
184,산업통상자원부,(주)카펙발레오,2024,사업장,자동차,22015.0,444.0,한국표준협회,,NULL
185,산업통상자원부,(주)캐스텍코리아,2024,사업장,철강,17076.0,300.0,한국표준협회,,071850
186,기후에너지환경부,(주)케이비아이국인산업,2024,업체,폐기물 처리업,247354.0,114.0,(재)한국품질재단,,NULL
187,기후에너지환경부,(주)케이비아이텍,2024,업체,폐기물 처리업,151791.0,178.0,(재)한국품질재단,,NULL
188,산업통상자원부,(주)케이에프엔티,2024,사업장,석유화학,21733.0,458.0,(주)한국경영인증원,,NULL
189,산업통상자원부,(주)케이원전자,2024,사업장,전기전자,23937.0,499.0,한국표준협회,,NULL
190,기후에너지환경부,(주)케이이씨,2024,사업장,반도체 제조업,35594.0,648.0,㈜디엔브이비즈니스어슈어런스코리아,,NULL
191,기후에너지환경부,(주)케이조선,2024,사업장,선박 및 보트 건조업,63962.0,1153.0,(재)한국품질재단,,067250
192,기후에너지환경부,(주)케이티앤지,2024,사업장,담배 제조업,104110.0,2109.0,(재)한국품질재단,,033780
193,산업통상자원부,(주)케이프,2024,사업장,조선,14825.0,264.0,한국표준협회,,064820
194,산업통상자원부,(주)케이피텍,2024,사업장,석유화학,9117.0,189.0,㈜디엔브이비즈니스어슈어런스코리아,,NULL
195,기후에너지환경부,(주)코넥,2024,사업장,자동차 신품 부품 제조업,39621.0,786.0,(주)한국경영인증원,,NULL
196,기후에너지환경부,(주)코다코,2024,사업장,자동차 신품 부품 제조업,39518.0,808.0,(재)한국품질재단,,046070
197,기후에너지환경부,(주)코리아써키트,2024,사업장,전자 부품 제조업,127197.0,2578.0,(주)비에스아이그룹코리아,,007810
198,기후에너지환경부,(주)코스틸,2024,사업장,1차 철강 제조업,10611.0,212.0,(주)한국경영인증원,,NULL
199,기후에너지환경부,(주)태상,2024,사업장,기타 금속 가공제품 제조업,57201.0,1113.0,(주)한국경영인증원,,NULL
200,국토교통부,(주)태영건설,2024,사업장,건설,19192.0,377.0,한국표준협회,,009410
201,산업통상자원부,(주)태영열처리,2024,사업장,기계,14249.0,294.0,한국표준협회,,NULL
202,산업통상자원부,(주)태우,2024,사업장,비철금속,17165.0,334.0,한국가스안전공사,,NULL
203,기후에너지환경부,(주)태웅,2024,업체,1차 철강 제조업,162294.0,2950.0,(재)한국품질재단,,044490
204,기후에너지환경부,(주)태평양금속,2024,사업장,"내화, 비내화 요업제품 제조업",37112.0,754.0,(주)한국경영인증원,,NULL
205,기후에너지환경부,(주)티씨씨스틸,2024,사업장,1차 철강 제조업,32724.0,676.0,(주)한국경영인증원,,NULL
206,기후에너지환경부,(주)티씨케이,2024,사업장,기타 비금속 광물제품 제조업,34496.0,713.0,(재)한국품질재단,,064760
207,산업통상자원부,(주)티엘비,2024,사업장,전기전자,22682.0,456.0,(주)한국경영인증원,,356860
208,농림축산식품부,(주)파리크라상,2024,사업장,식료품 제조업,20408.0,422.0,한국표준협회,,NULL
209,국토교통부,(주)평안운수,2024,사업장,교통(여객),12864.0,234.0,(주)한국경영인증원,,NULL
210,기후에너지환경부,(주)포레스코,2024,사업장,나무제품 제조업,32212.0,771.0,한국표준협회,,NULL
211,국토교통부,(주)포스코이앤씨,2024,사업장,건설,43843.0,884.0,로이드인증원㈜,,NULL
212,산업통상자원부,(주)풍년그린텍,2024,사업장,제지,22977.0,469.0,(주)신화엔지니어링종합건축사사무소,,NULL
213,산업통상자원부,(주)풍농,2024,사업장,석유화학,18535.0,340.0,(주)한국경영인증원,,NULL
214,기후에너지환경부,(주)풍정주공,2024,사업장,금속 주조업,30214.0,558.0,(주)한국경영인증원,,NULL
215,산업통상자원부,(주)퓨렉스,2024,사업장,반도체,16886.0,348.0,(주)한국경영인증원,,NULL
216,산업통상자원부,(주)피엔디티,2024,사업장,자동차,17142.0,335.0,지속가능인증원주식회사,,NULL
217,산업통상자원부,(주)피제이메탈,2024,사업장,비철금속,18099.0,327.0,(재)한국품질재단,,128660
218,기후에너지환경부,(주)필맥스,2024,사업장,플라스틱 제품 제조업,20861.0,427.0,㈜한국품질보증원,,NULL
219,기후에너지환경부,(주)하림,2024,사업장,"도축, 육류 가공 및 저장 처리업",102619.0,2514.0,(재)한국품질재단,,136480
220,농림축산식품부,(주)한국인삼공사 고려인삼창,2024,사업장,식료품 제조업,32542.0,661.0,(주)한국경영인증원,,NULL
221,기후에너지환경부,(주)한국특강,2024,업체,1차 철강 제조업,349281.0,6239.0,(주)한국경영인증원,,007280
222,산업통상자원부,(주)한금,2024,사업장,철강,17179.0,371.0,한국표준협회,,NULL
223,기후에너지환경부,(주)한솔케미칼,2024,사업장,기초 화학물질 제조업,133544.0,2813.0,대일이엔씨기술(주),,014680
224,기후에너지환경부,(주)한솔홈데코,2024,사업장,나무제품 제조업,63294.0,2027.0,(주)한국경영인증원,,025750
225,산업통상자원부,(주)한양에스앤씨,2024,사업장,자동차,19575.0,347.0,(주)한국경영인증원,,NULL
226,기후에너지환경부,(주)한익스프레스,2024,사업장,도로 화물 운송업,23918.0,400.0,한국표준협회,,014130
227,기후에너지환경부,(주)한일고속,2024,사업장,육상 여객 운송업,70972.0,973.0,(주)한국경영인증원,,NULL
228,기후에너지환경부,(주)한주,2024,업체,"증기, 냉ㆍ온수 및 공기 조절 공급업",1049220.0,12857.0,㈜디엔브이비즈니스어슈어런스코리아,,NULL
229,기후에너지환경부,(주)한진,2024,업체,도로 화물 운송업,102568.0,1644.0,한국표준협회,,002320
230,기후에너지환경부,(주)한창제지,2024,업체,"펄프, 종이 및 판지 제조업",193116.0,2442.0,한국표준협회,,009460
231,기후에너지환경부,(주)한화,2024,업체,기타 화학제품 제조업,64772.0,1213.0,㈜디엔브이비즈니스어슈어런스코리아,,000880
232,기후에너지환경부,(주)현대백화점,2024,업체,종합 소매업,162990.0,3416.0,한국표준협회,,069960
233,기후에너지환경부,(주)현대엘앤씨,2024,사업장,플라스틱 제품 제조업,38430.0,785.0,로이드인증원㈜,,NULL
234,기후에너지환경부,(주)현대케피코,2024,사업장,자동차 신품 부품 제조업,24930.0,515.0,로이드인증원㈜,,NULL
235,국토교통부,(주)화성여객,2024,사업장,교통(여객),25348.0,406.0,(주)한국경영인증원,,NULL
236,산업통상자원부,(주)화승알앤에이,2024,사업장,석유화학,20734.0,426.0,한국표준협회,,378850
237,기후에너지환경부,(주)화승케미칼,2024,사업장,플라스틱 제품 제조업,25483.0,522.0,(주)한국경영인증원,,NULL
238,산업통상자원부,(주)화인베스틸,2024,사업장,철강,18934.0,346.0,(주)한국경영인증원,,133820
239,기후에너지환경부,(합)경남여객,2024,사업장,육상 여객 운송업,41498.0,701.0,한국표준협회,,NULL
240,기후에너지환경부,CJ대한통운(주),2024,업체,도로 화물 운송업,228750.0,4077.0,(주)한국경영인증원,,000120
241,기후에너지환경부,CJ제일제당(주),2024,업체,"곡물 가공품, 전분 및 전분제품 제조업",421213.0,9704.0,(재)한국화학융합시험연구원,,097950
242,국토교통부,GS건설(주),2024,업체,건설,116706.0,2166.0,(재)한국품질재단,,006360
243,기후에너지환경부,GS파워,2024,업체,"증기, 냉ㆍ온수 및 공기 조절 공급업",2696279.0,52465.0,한국표준협회,,NULL
244,기후에너지환경부,JW 생명과학(주),2024,사업장,의약품 제조업,28248.0,577.0,한국표준협회,,NULL
245,산업통상자원부,KPX케미칼(주),2024,사업장,석유화학,24270.0,770.0,(주)한국경영인증원,,025000
246,기후에너지환경부,LB세미콘(주),2024,사업장,반도체 제조업,48250.0,1002.0,한국표준협회,,061970
247,기후에너지환경부,LX엠엠에이,2024,업체,기초 화학물질 제조업,327127.0,2974.0,(주)한국경영인증원,,NULL
248,기후에너지환경부,NC양산(주),2024,사업장,폐기물 처리업,32957.0,24.0,한국표준협회,,NULL
249,기후에너지환경부,NC울산(주),2024,사업장,폐기물 처리업,71888.0,40.0,한국표준협회,,NULL
250,기후에너지환경부,OCI SE 주식회사,2024,업체,"증기, 냉ㆍ온수 및 공기 조절 공급업",1290550.0,23775.0,㈜디엔브이비즈니스어슈어런스코리아,,NULL
251,기후에너지환경부,S-Oil(주),2024,업체,석유 정제품 제조업,9632037.0,127576.0,한국표준협회,,010950
252,기후에너지환경부,SKbroadband(주),2024,업체,전기 통신업,455962.0,9485.0,㈜디엔브이비즈니스어슈어런스코리아,,NULL
253,기후에너지환경부,SK이노베이션(주),2024,업체,일차전지 및 축전지 제조업,2364006.0,47046.0,한국표준협회,,096770
254,기후에너지환경부,SK인천석유화학(주),2024,업체,석유 정제품 제조업,1538765.0,45185.0,한국표준협회,,NULL
255,산업통상자원부,Y&T파워텍(주),2024,사업장,자동차,19258.0,401.0,(주)비에스아이그룹코리아,,NULL
256,기후에너지환경부,㈜토탈,2024,사업장,폐기물 처리업,64339.0,70.0,(재)한국품질재단,,NULL
257,산업통상자원부,가온전선주식회사,2024,사업장,전기전자,8572.0,175.0,(주)비에스아이그룹코리아,,000500
258,국토교통부,강남금융센터(주),2024,사업장,건물,17358.0,358.0,한국표준협회,,NULL
259,산업통상자원부,강남화성(주),2024,사업장,석유화학,19455.0,314.0,한국표준협회,,NULL
260,기후에너지환경부,강릉시,2024,사업장,폐기물 처리업,107713.0,764.0,(주)비에스아이그룹코리아,,NULL
261,산업통상자원부,강릉에코파워(주),2024,업체,발전에너지,2627404.0,32364.0,로이드인증원㈜,,NULL
262,국토교통부,강변테크노마트 주식회사,2024,사업장,건물,13404.0,278.0,대일이엔씨기술(주),,NULL
263,기후에너지환경부,강원고속,2024,사업장,육상 여객 운송업,16788.0,239.0,한국표준협회,,NULL
264,국토교통부,강원대학교,2024,사업장,건물,19897.0,411.0,한국표준협회,,NULL
265,기후에너지환경부,거제시,2024,사업장,폐기물 처리업,60696.0,487.0,(재)한국품질재단,,NULL
266,산업통상자원부,경기그린에너지(주),2024,업체,전기업,118443.0,0.0,한국표준협회,,NULL
267,기후에너지환경부,경기도 광주시,2024,업체,수도업,59846.0,999.0,㈜한국품질보증원,,NULL
268,기후에너지환경부,경북대학교,2024,사업장,고등 교육기관,41113.0,864.0,㈜한국품질보증원,,NULL
269,국토교통부,경북대학교병원,2024,사업장,건물,20752.0,426.0,한국표준협회,,NULL
270,기후에너지환경부,경산시,2024,사업장,폐기물 처리업,74974.0,800.0,㈜한국품질보증원,,NULL
271,기후에너지환경부,경산제지 주식회사,2024,사업장,"펄프, 종이 및 판지 제조업",107106.0,909.0,한국표준협회,,NULL
272,국토교통부,경상국립대학교,2024,사업장,건물,20967.0,433.0,한국표준협회,,NULL
273,기후에너지환경부,경상북도,2024,사업장,폐기물 처리업,71188.0,426.0,㈜한국품질보증원,,NULL
276,기후에너지환경부,경주시,2024,사업장,폐기물 처리업,83421.0,682.0,㈜한국품질보증원,,NULL
277,산업통상자원부,경진단조(주),2024,사업장,기계,14386.0,298.0,(주)한국경영인증원,,NULL
278,기후에너지환경부,경진여객운수(주),2024,사업장,육상 여객 운송업,21107.0,373.0,(주)한국경영인증원,,NULL
279,산업통상자원부,경창산업(주),2024,사업장,자동차,22326.0,465.0,(주)한국경영인증원,,024910
280,산업통상자원부,고덕그린에너지(주),2024,사업장,전기업,28909.0,17.0,한국표준협회,,NULL
281,기후에너지환경부,고려강선(주),2024,사업장,1차 철강 제조업,57778.0,1210.0,한국생산성본부인증원(주),,NULL
282,해양수산부,고려고속훼리(주),2024,사업장,해상 운송업,31118.0,447.0,한국표준협회,,NULL
283,기후에너지환경부,고려기초소재,2024,사업장,기타 비금속 광물제품 제조업,20080.0,352.0,한국표준협회,,NULL
284,기후에너지환경부,고려아연 주식회사,2024,업체,1차 비철금속 제조업,3199180.0,44425.0,㈜디엔브이비즈니스어슈어런스코리아,,010130
285,산업통상자원부,고려용접봉 주식회사,2024,사업장,기계,16869.0,347.0,㈜한국품질보증원,,NULL
286,기후에너지환경부,고려제강(주),2024,사업장,1차 철강 제조업,90621.0,1854.0,한국생산성본부인증원(주),,002240
287,산업통상자원부,고려특수선재(주),2024,사업장,철강,22134.0,461.0,한국생산성본부인증원(주),,NULL
288,기후에너지환경부,고성그린파워 주식회사,2024,업체,전기업,8875485.0,96161.0,로이드인증원㈜,,NULL
289,기후에너지환경부,고양시,2024,업체,폐기물 처리업,140051.0,1147.0,㈜한국품질보증원,,NULL
290,기후에너지환경부,공주시,2024,사업장,폐기물,16080.0,43.0,(재)한국품질재단,,NULL
291,기후에너지환경부,공항철도(주),2024,사업장,육상 여객 운송업,58108.0,1211.0,대일이엔씨기술(주),,NULL
292,기후에너지환경부,과천시,2024,사업장,폐기물,14905.0,102.0,(재)한국화학융합시험연구원,,NULL
293,기후에너지환경부,광명시,2024,사업장,폐기물 처리업,67729.0,326.0,㈜한국품질보증원,,NULL
294,기후에너지환경부,광양시,2024,사업장,폐기물 처리업,45864.0,195.0,㈜한국품질보증원,,NULL
295,국토교통부,광주과학기술원,2024,사업장,건물,24365.0,504.0,한국표준협회,,NULL
296,기후에너지환경부,광주광역시,2024,업체,폐기물 처리업,174787.0,1635.0,(재)한국품질재단,,NULL
297,국토교통부,광주교통공사,2024,사업장,교통(철도),19368.0,403.0,한국표준협회,,NULL
298,기후에너지환경부,광진산업(주),2024,사업장,"시멘트, 석회, 플라스터 및 그 외 제품 제조업",78427.0,196.0,한국생산성본부인증원(주),,NULL
299,기후에너지환경부,괴산군,2024,사업장,폐기물,18411.0,113.0,(재)한국품질재단,,NULL
300,국토교통부,구리농수산물공사,2024,사업장,건물,17502.0,364.0,한국표준협회,,NULL
301,기후에너지환경부,구리시,2024,사업장,폐기물 처리업,55002.0,544.0,㈜한국품질보증원,,NULL
302,기후에너지환경부,구미시,2024,업체,폐기물 처리업,148251.0,1167.0,㈜한국품질보증원,,NULL
303,기후에너지환경부,국도화학(주),2024,사업장,합성고무 및 플라스틱 물질 제조업,64136.0,2028.0,로이드인증원㈜,,007690
304,기후에너지환경부,국립대학법인 서울대학교,2024,업체,고등 교육기관,150776.0,3108.0,(재)한국품질재단,,NULL
305,국토교통부,국립암센터,2024,사업장,건물,20522.0,435.0,(주)한국경영인증원,,NULL
306,국토교통부,국방과학연구소,2024,사업장,건물,22491.0,464.0,(재)한국품질재단,,NULL
307,기후에너지환경부,국일제지(주),2024,사업장,"펄프, 종이 및 판지 제조업",31922.0,714.0,(주)한국경영인증원,,078130
308,국토교통부,국회사무처,2024,사업장,건물,22871.0,480.0,한국표준협회,,NULL
309,기후에너지환경부,군산시,2024,사업장,폐기물 처리업,107270.0,597.0,㈜한국품질보증원,,NULL
310,기후에너지환경부,군포시,2024,사업장,폐기물 처리업,42825.0,413.0,㈜한국품질보증원,,NULL
311,기후에너지환경부,그린에어 주식회사,2024,업체,기초 화학물질 제조업,585121.0,12125.0,로이드인증원㈜,,NULL
312,기후에너지환경부,그린케미칼 주식회사,2024,사업장,기초 화학물질 제조업,56908.0,1291.0,한국가스안전공사,,083420
313,산업통상자원부,금강공업(주),2024,사업장,비철금속,13809.0,238.0,(주)한국경영인증원,,014280
314,해양수산부,금진해운(주),2024,사업장,교통(해운),15981.0,221.0,㈜디엔브이비즈니스어슈어런스코리아,,NULL
315,기후에너지환경부,금호고속(주),2024,업체,육상 여객 운송업,6064.0,126.0,(주)한국경영인증원,,NULL
316,기후에너지환경부,금호미쓰이화학 주식회사,2024,사업장,기초 화학물질 제조업,170330.0,3037.0,(재)한국품질재단,,NULL
317,기후에너지환경부,금호석유화학 주식회사,2024,업체,합성고무 및 플라스틱 물질 제조업,3308643.0,41212.0,한국표준협회,,011780
318,기후에너지환경부,금호익스프레스 주식회사,2024,업체,육상 여객 운송업,100236.0,1438.0,(주)한국경영인증원,,NULL
319,기후에너지환경부,금호타이어(주),2024,업체,고무제품 제조업,260704.0,5354.0,지속가능인증원주식회사,,073240
320,기후에너지환경부,금호폴리켐주식회사,2024,업체,합성고무 및 플라스틱 물질 제조업,328101.0,5564.0,(재)한국품질재단,,NULL
321,기후에너지환경부,금호피앤비화학 주식회사,2024,업체,기초 화학물질 제조업,803074.0,10775.0,로이드인증원㈜,,NULL
322,기후에너지환경부,기아(주),2024,업체,자동차용 엔진 및 자동차 제조업,709750.0,14534.0,로이드인증원㈜,,000270
323,국토교통부,기초과학연구원,2024,사업장,건물,22733.0,485.0,한국표준협회,,NULL
324,기후에너지환경부,김천시,2024,사업장,"하수, 폐수 및 분뇨 처리업",43214.0,374.0,㈜한국품질보증원,,NULL
325,기후에너지환경부,김천에너지서비스주식회사,2024,업체,"증기, 냉ㆍ온수 및 공기 조절 공급업",689186.0,8017.0,한국표준협회,,NULL
326,기후에너지환경부,김포시,2024,사업장,폐기물 처리업,54659.0,602.0,한국표준협회,,NULL
327,기후에너지환경부,김포운수(주),2024,사업장,육상 여객 운송업,16961.0,315.0,(주)한국경영인증원,,NULL
328,기후에너지환경부,김해시,2024,사업장,폐기물 처리업,117612.0,1324.0,㈜한국품질보증원,,NULL
329,기후에너지환경부,깨끗한나라 주식회사,2024,업체,"펄프, 종이 및 판지 제조업",332386.0,4353.0,(재)한국품질재단,,004540
330,기후에너지환경부,나래에너지서비스 주식회사,2024,업체,"증기, 냉ㆍ온수 및 공기 조절 공급업",1822245.0,36262.0,(주)한국경영인증원,,NULL
331,기후에너지환경부,나투라페이퍼 주식회사,2024,업체,"펄프, 종이 및 판지 제조업",165385.0,1215.0,한국표준협회,,NULL
332,기후에너지환경부,남강제지(주),2024,사업장,"펄프, 종이 및 판지 제조업",25510.0,223.0,(재)한국품질재단,,NULL
333,기후에너지환경부,남양금속주식회사,2024,사업장,"구조용 금속제품, 탱크 및 증기발생기 제조업",97314.0,1811.0,(재)한국화학융합시험연구원,,NULL
334,기후에너지환경부,남양유업(주),2024,사업장,낙농제품 및 식용 빙과류 제조업,80101.0,1864.0,로이드인증원㈜,,003920
335,기후에너지환경부,남양주시,2024,업체,폐기물,78397.0,1065.0,(재)한국품질재단,,NULL
336,기후에너지환경부,남해화학(주),2024,사업장,"비료, 농약 및 살균ㆍ살충제 제조업",65183.0,965.0,대일이엔씨기술(주),,025860
337,기후에너지환경부,내포그린에너지(주),2024,사업장,"증기, 냉ㆍ온수 및 공기 조절 공급업",1033275.0,20617.0,대일이엔씨기술(주),,NULL
338,기후에너지환경부,네이버 주식회사,2024,사업장,"자료 처리, 호스팅, 포털 및 기타 인터넷 정보 매개 서비스업",121187.0,2530.0,한국표준협회,,NULL
339,기후에너지환경부,네이처이앤티(주),2024,업체,폐기물 처리업,198107.0,438.0,(주)비에스아이그룹코리아,,NULL
340,기후에너지환경부,넥센타이어(주),2024,업체,고무제품 제조업,221463.0,4447.0,(주)한국경영인증원,,002350
341,기후에너지환경부,노벨리스코리아 주식회사,2024,업체,1차 비철금속 제조업,294783.0,5978.0,(주)한국경영인증원,,NULL
342,산업통상자원부,노을그린에너지 주식회사,2024,사업장,전기업,76387.0,15.0,한국표준협회,,NULL
343,기후에너지환경부,녹십자,2024,사업장,의약품 제조업,64761.0,1650.0,(재)한국품질재단,,006280
344,기후에너지환경부,논산시,2024,사업장,폐기물,21911.0,85.0,㈜한국품질보증원,,NULL
345,국토교통부,농협은행 주식회사,2024,업체,건물,91650.0,1386.0,한국표준협회,,NULL
346,기후에너지환경부,능원금속공업 주식회사,2024,사업장,1차 비철금속 제조업,23499.0,483.0,(주)한국경영인증원,,NULL
347,산업통상자원부,단일가스켐(주),2024,사업장,석유화학,43395.0,885.0,한국가스안전공사,,NULL
348,기후에너지환경부,담우물산(주),2024,사업장,"시멘트, 석회, 플라스터 및 그 외 제품 제조업",63424.0,203.0,(주)한국경영인증원,,NULL
349,기후에너지환경부,대구광역시,2024,업체,폐기물 처리업,474138.0,4905.0,㈜한국품질보증원,,NULL
350,기후에너지환경부,대구교통공사,2024,사업장,육상 여객 운송업,98437.0,2053.0,(주)한국경영인증원,,NULL
351,기후에너지환경부,대구그린파워(주),2024,업체,"증기, 냉ㆍ온수 및 공기 조절 공급업",661138.0,13158.0,(주)한국경영인증원,,NULL
352,기후에너지환경부,대구염색산업단지관리공단,2024,업체,"증기, 냉ㆍ온수 및 공기 조절 공급업",620336.0,7033.0,(주)한국경영인증원,,NULL
353,기후에너지환경부,대구텍 유한책임회사,2024,사업장,1차 비철금속 제조업,,,한국표준협회,비공개 결정,NULL
354,기후에너지환경부,대덕전자 주식회사,2024,사업장,전자 부품 제조업,136647.0,2848.0,한국표준협회,,353200
355,기후에너지환경부,대동금속(주),2024,사업장,금속 주조업,31710.0,609.0,(재)한국화학융합시험연구원,,020400
356,기후에너지환경부,대동산업주식회사,2024,사업장,"내화, 비내화 요업제품 제조업",19056.0,306.0,(주)한국경영인증원,,NULL
357,기후에너지환경부,대상 주식회사,2024,업체,"곡물 가공품, 전분 및 전분제품 제조업",430747.0,10078.0,한국표준협회,,001680
358,기후에너지환경부,대성엠디아이(주),2024,사업장,"시멘트, 석회, 플라스터 및 그 외 제품 제조업",164740.0,822.0,(주)한국경영인증원,,NULL
359,기후에너지환경부,대성지엠텍(주),2024,업체,"시멘트, 석회, 플라스터 및 그 외 제품 제조업",112249.0,293.0,(주)한국경영인증원,,NULL
360,기후에너지환경부,대신정기화물자동차(주),2024,사업장,도로 화물 운송업,46233.0,658.0,한국표준협회,,NULL
361,기후에너지환경부,대양제지공업(주),2024,업체,"펄프, 종이 및 판지 제조업",72126.0,844.0,한국표준협회,,006580
362,산업통상자원부,대용산업,2024,사업장,기계,16021.0,330.0,한국표준협회,,NULL
363,기후에너지환경부,대원강업(주),2024,사업장,자동차 신품 부품 제조업,48056.0,972.0,로이드인증원㈜,,000430
364,기후에너지환경부,대원알텍 주식회사,2024,사업장,자동차 신품 부품 제조업,36825.0,753.0,(재)한국품질재단,"""주식회사 대유글로벌"" 업체명 변경",NULL
365,산업통상자원부,대원화성(주),2024,사업장,석유화학,9140.0,163.0,한국표준협회,,024890
366,기후에너지환경부,대일개발 주식회사,2024,사업장,폐기물 처리업,55847.0,155.0,로이드인증원㈜,,NULL
367,기후에너지환경부,대전광역시,2024,업체,폐기물 처리업,362486.0,3059.0,(주)한국경영인증원,,NULL
368,국토교통부,대전교통공사,2024,사업장,교통(철도),19440.0,396.0,(주)신화엔지니어링종합건축사사무소,,NULL
369,기후에너지환경부,대전열병합발전주식회사,2024,업체,"증기, 냉ㆍ온수 및 공기 조절 공급업",133814.0,2718.0,한국표준협회,,NULL
370,농림축산식품부,대전충남양돈농협 포크빌축산물공판장,2024,사업장,식료품 제조업,15999.0,329.0,㈜한국품질보증원,,NULL
371,산업통상자원부,대창단조(주),2024,사업장,기계,9015.0,186.0,(주)한국경영인증원,,015230
372,기후에너지환경부,대창운수(주),2024,사업장,육상 여객 운송업,22580.0,423.0,한국표준협회,,NULL
373,산업통상자원부,대한광통신 주식회사,2024,사업장,전기전자,7941.0,163.0,(주)한국경영인증원,,010170
374,기후에너지환경부,대한방직(주),2024,사업장,"섬유제품 염색, 정리 및 마무리 가공업",28193.0,442.0,한국표준협회,,001070
375,농림축산식품부,대한사료(주),2024,사업장,식료품 제조업,11356.0,232.0,대일이엔씨기술(주),,NULL
376,기후에너지환경부,대한석탄공사,2024,업체,석탄 광업,61027.0,558.0,한국생산성본부인증원(주),,NULL
377,산업통상자원부,대한소결금속(주),2024,사업장,자동차,19361.0,395.0,로이드인증원㈜,,NULL
378,기후에너지환경부,대한슬래그 주식회사,2024,사업장,기타 비금속 광물제품 제조업,29988.0,543.0,한국표준협회,,NULL
379,기후에너지환경부,대한시멘트주식회사,2024,사업장,"시멘트, 석회, 플라스터 및 그 외 제품 제조업",55732.0,1013.0,한국표준협회,,NULL
380,산업통상자원부,대한약품공업(주),2024,사업장,석유화학,26254.0,443.0,(주)한국경영인증원,,NULL
381,기후에너지환경부,대한유화 주식회사,2024,업체,기초 화학물질 제조업,1697905.0,34203.0,한국가스안전공사,,006650
382,기후에너지환경부,대한전선 주식회사,2024,사업장,절연선 및 케이블 제조업,48101.0,968.0,(주)한국경영인증원,,001440
383,기후에너지환경부,대한제강(주),2024,업체,1차 철강 제조업,298667.0,5419.0,한국표준협회,,084010
384,기후에너지환경부,대한제당 주식회사,2024,사업장,기타 식품 제조업,63721.0,1272.0,㈜한국품질보증원,,001790
385,농림축산식품부,대한제분(주),2024,사업장,식료품 제조업,21785.0,454.0,대일이엔씨기술(주),,001130
386,기후에너지환경부,대한제지주식회사,2024,업체,"펄프, 종이 및 판지 제조업",201421.0,2391.0,한국표준협회,,NULL
387,기후에너지환경부,대한조선주식회사,2024,사업장,선박 및 보트 건조업,67444.0,1064.0,(주)한국경영인증원,,439260
388,기후에너지환경부,대한항공,2024,업체,항공 여객 운송업,425062.0,6505.0,㈜디엔브이비즈니스어슈어런스코리아,,003490
389,기후에너지환경부,대한화섬(주),2024,사업장,화학섬유 제조업,47098.0,1033.0,한국표준협회,,003830
390,산업통상자원부,더블유스코프코리아(주),2024,사업장,석유화학,22707.0,900.0,㈜한국품질보증원,,NULL
391,기후에너지환경부,더블유씨피 주식회사,2024,사업장,플라스틱 제품 제조업,96802.0,2086.0,㈜한국품질보증원,,393890
392,기후에너지환경부,도레이배터리세퍼레이터필름 한국유한회사,2024,사업장,일차전지 및 축전지 제조업,101441.0,2071.0,㈜한국품질보증원,,NULL
393,기후에너지환경부,도레이비에스에프코팅한국 유한회사,2024,사업장,일차전지 및 축전지 제조업,86241.0,458.0,㈜디엔브이비즈니스어슈어런스코리아,,NULL
394,기후에너지환경부,도레이첨단소재 주식회사,2024,업체,합성고무 및 플라스틱 물질 제조업,602557.0,12138.0,(주)비에스아이그룹코리아,,NULL
395,기후에너지환경부,도명특송(주),2024,사업장,도로 화물 운송업,20832.0,296.0,한국표준협회,,NULL
396,기후에너지환경부,동국산업(주),2024,사업장,1차 철강 제조업,41354.0,840.0,한국표준협회,,005160
397,기후에너지환경부,동국씨엠 주식회사,2024,업체,1차 철강 제조업,287890.0,6267.0,(재)한국품질재단,,460850
398,기후에너지환경부,동국제강 주식회사,2024,업체,1차 철강 제조업,1297673.0,22387.0,(재)한국품질재단,,460860
399,기후에너지환경부,동국홀딩스 주식회사,2024,업체,부동산 임대 및 공급업,762.0,14.0,(재)한국품질재단,,001230
400,기후에너지환경부,동두천드림파워,2024,업체,전기업,2843691.0,56502.0,대일이엔씨기술(주),,NULL
401,기후에너지환경부,동서석유화학 주식회사,2024,업체,기초 화학물질 제조업,334298.0,1953.0,로이드인증원㈜,,NULL
402,기후에너지환경부,동서식품(주),2024,사업장,기타 식품 제조업,119966.0,2604.0,(재)한국품질재단,,NULL
403,산업통상자원부,동서페더럴모굴(주),2024,사업장,자동차,18570.0,377.0,(주)비에스아이그룹코리아,,NULL
404,국토교통부,동성교통(주),2024,사업장,교통(여객),14904.0,282.0,(주)한국경영인증원,,NULL
405,국토교통부,동성화물자동차(주),2024,사업장,교통(화물),13798.0,196.0,(주)한국경영인증원,,NULL
406,산업통상자원부,동성화학공업(주),2024,사업장,석유화학,11609.0,237.0,한국표준협회,,NULL
407,국토교통부,동아운수(주),2024,사업장,교통(여객),15685.0,297.0,(주)한국경영인증원,,NULL
408,산업통상자원부,동양산업(주),2024,사업장,자동차,14751.0,307.0,(주)한국경영인증원,,NULL
409,기후에너지환경부,동양피스톤(주),2024,사업장,자동차 신품 부품 제조업,26919.0,554.0,(주)한국경영인증원,,NULL
410,기후에너지환경부,동우화인켐주식회사,2024,업체,사진장비 및 광학 기기 제조업,330980.0,5266.0,(재)한국품질재단,,NULL
411,기후에너지환경부,동원로엑스(주),2024,사업장,도로 화물 운송업,55333.0,900.0,한국표준협회,,NULL
412,해양수산부,동원산업(주),2024,사업장,수산,6769.0,99.0,(주)한국경영인증원,,006040
413,기후에너지환경부,동원시스템즈(주),2024,업체,유리 및 유리제품 제조업,264278.0,4458.0,(재)한국품질재단,,014820
414,기후에너지환경부,동원페이퍼(주),2024,사업장,"펄프, 종이 및 판지 제조업",105488.0,1508.0,㈜한국품질보증원,,NULL
415,산업통상자원부,동은단조(주),2024,사업장,자동차,34576.0,717.0,㈜한국품질보증원,,NULL
416,기후에너지환경부,동일산업주식회사,2024,업체,1차 철강 제조업,231725.0,2822.0,한국표준협회,,004890
417,산업통상자원부,동일제강(주),2024,사업장,철강,18515.0,347.0,한국표준협회,,002690
418,기후에너지환경부,동일팩키지(주),2024,사업장,"펄프, 종이 및 판지 제조업",47189.0,409.0,(재)한국품질재단,,NULL
419,기후에너지환경부,동해시,2024,사업장,폐기물,18802.0,8.0,(재)한국품질재단,,NULL
420,산업통상자원부,동호칼슘(주),2024,사업장,석유화학,18229.0,284.0,한국표준협회,,NULL
421,기후에너지환경부,동화기업(주),2024,사업장,나무제품 제조업,138621.0,2700.0,한국표준협회,,025900
422,산업통상자원부,동화지앤피 주식회사,2024,사업장,유리,22290.0,343.0,(재)한국화학융합시험연구원,,NULL
423,기후에너지환경부,동희오토(주),2024,사업장,자동차용 엔진 및 자동차 제조업,40971.0,827.0,(주)한국경영인증원,,NULL
424,기후에너지환경부,두산에너빌리티(주),2024,업체,1차 철강 제조업,235252.0,4498.0,(재)한국품질재단,,034020
425,기후에너지환경부,두원중공업(주),2024,사업장,일반 목적용 기계 제조업,23166.0,497.0,(주)신화엔지니어링종합건축사사무소,,NULL
426,산업통상자원부,디아이동일 주식회사,2024,사업장,비철금속,19058.0,396.0,한국표준협회,,001530
427,기후에너지환경부,디아이지에어가스 주식회사,2024,업체,기초 화학물질 제조업,844157.0,17586.0,㈜한국품질보증원,,NULL
428,기후에너지환경부,디에스파워 주식회사,2024,업체,"증기, 냉ㆍ온수 및 공기 조절 공급업",994942.0,19769.0,(주)한국경영인증원,,NULL
429,기후에너지환경부,디엘 주식회사,2024,업체,합성고무 및 플라스틱 물질 제조업,39.0,0.0,한국가스안전공사,,NULL
430,국토교통부,디엘건설(주),2024,사업장,건설,28938.0,525.0,한국표준협회,,001880
431,기후에너지환경부,디엘모터스(주),2024,사업장,자동차 신품 부품 제조업,50711.0,1040.0,(주)한국경영인증원,,NULL
432,기후에너지환경부,디엘에프엔씨 주식회사,2024,사업장,플라스틱 제품 제조업,22822.0,472.0,한국가스안전공사,,NULL
433,국토교통부,디엘이앤씨(주),2024,업체,건설,53238.0,1015.0,한국표준협회,,NULL
434,기후에너지환경부,디엘케미칼 주식회사,2024,업체,합성고무 및 플라스틱 물질 제조업,236065.0,4532.0,한국가스안전공사,,NULL
435,기후에너지환경부,디케이동신(주),2024,사업장,1차 철강 제조업,27447.0,508.0,한국표준협회,,NULL
436,국토교통부,롯데건설(주),2024,업체,건설,52420.0,1031.0,한국표준협회,,NULL
437,국토교통부,롯데관광개발 주식회사,2024,사업장,일반 및 생활 숙박시설 운영업,32367.0,666.0,한국표준협회,,032350
438,기후에너지환경부,롯데글로벌로지스(주),2024,사업장,도로 화물 운송업,60296.0,1167.0,한국표준협회,,NULL
439,기후에너지환경부,롯데네슬레코리아(주),2024,사업장,기타 식품 제조업,29848.0,617.0,(재)한국품질재단,,NULL
440,기후에너지환경부,롯데물산(주),2024,사업장,부동산 임대 및 공급업,40273.0,773.0,(주)한국경영인증원,,NULL
441,기후에너지환경부,롯데베르살리스엘라스토머스(주),2024,사업장,합성고무 및 플라스틱 물질 제조업,143286.0,2715.0,한국표준협회,,NULL
442,기후에너지환경부,롯데쇼핑 주식회사,2024,업체,종합 소매업,717398.0,14600.0,한국표준협회,,023530
443,기후에너지환경부,롯데에너지머티리얼즈(주),2024,사업장,전자 부품 제조업,98944.0,2153.0,㈜디엔브이비즈니스어슈어런스코리아,,020150
444,기후에너지환경부,롯데엠시시 주식회사,2024,업체,기초 화학물질 제조업,285111.0,2777.0,한국표준협회,,NULL
445,기후에너지환경부,롯데웰푸드(주),2024,업체,기타 식품 제조업,206189.0,4235.0,(주)한국경영인증원,,280360
446,기후에너지환경부,롯데이네오스화학 주식회사,2024,업체,기초 화학물질 제조업,250209.0,3472.0,한국표준협회,,NULL
447,기후에너지환경부,롯데정밀화학 주식회사,2024,업체,기초 화학물질 제조업,677663.0,15626.0,로이드인증원㈜,,004000
448,산업통상자원부,롯데지에스화학주식회사,2024,사업장,석유화학,126466.0,1959.0,(재)한국품질재단,,NULL
449,기후에너지환경부,롯데칠성음료 주식회사,2024,업체,비알코올 음료 및 얼음 제조업,155782.0,2923.0,(주)한국경영인증원,,005300
450,국토교통부,롯데컬처웍스 주식회사,2024,업체,건물,49958.0,1000.0,한국표준협회,,NULL
451,기후에너지환경부,롯데케미칼 주식회사,2024,업체,기초 화학물질 제조업,5902878.0,113070.0,(재)한국품질재단,,011170
452,산업통상자원부,롯데패키징솔루션즈 주식회사,2024,업체,기계,54112.0,1034.0,(재)한국품질재단,,NULL
453,기후에너지환경부,르노코리아 주식회사,2024,사업장,자동차용 엔진 및 자동차 제조업,65292.0,1369.0,(주)한국경영인증원,,NULL
454,기후에너지환경부,리뉴랜드경주 주식회사,2024,업체,폐기물 처리업,111733.0,31.0,대일이엔씨기술(주),,NULL
455,기후에너지환경부,리뉴에너지경기 주식회사,2024,사업장,폐기물 처리업,56518.0,90.0,대일이엔씨기술(주),,NULL
456,기후에너지환경부,리뉴에너지경북 주식회사,2024,사업장,폐기물 처리업,70426.0,205.0,대일이엔씨기술(주),,NULL
457,기후에너지환경부,리뉴에너지그린 주식회사,2024,사업장,폐기물 처리업,53590.0,40.0,대일이엔씨기술(주),,NULL
458,기후에너지환경부,리뉴에너지대원 주식회사,2024,사업장,폐기물 처리업,67197.0,378.0,대일이엔씨기술(주),,NULL
459,기후에너지환경부,리뉴에너지새한 주식회사,2024,사업장,폐기물 처리업,82836.0,135.0,대일이엔씨기술(주),,NULL
460,기후에너지환경부,리뉴에너지충북(주),2024,업체,폐기물 처리업,191548.0,211.0,한국표준협회,,NULL
461,기후에너지환경부,리뉴에너지충청(주),2024,사업장,폐기물 처리업,58486.0,126.0,대일이엔씨기술(주),,NULL
462,기후에너지환경부,린데코리아 주식회사,2024,업체,기초 화학물질 제조업,938587.0,18818.0,(재)한국품질재단,,NULL
463,산업통상자원부,마이크로소프트5673코리아 유한책임회사,2024,사업장,"자료 처리, 호스팅, 포털 및 기타 인터넷 정보 매개 서비스업",62662.0,1309.0,한국표준협회,,NULL
464,기후에너지환경부,만호제강(주),2024,사업장,1차 철강 제조업,34404.0,700.0,한국표준협회,,001080
465,기후에너지환경부,매그나칩반도체(유),2024,업체,반도체 제조업,82292.0,1394.0,(주)비에스아이그룹코리아,,NULL
466,기후에너지환경부,매일유업(주),2024,사업장,낙농제품 및 식용 빙과류 제조업,110178.0,2196.0,(주)한국경영인증원,,267980
467,기후에너지환경부,명화공업(주),2024,사업장,자동차 신품 부품 제조업,39957.0,817.0,로이드인증원㈜,,NULL
468,기후에너지환경부,모나용평 주식회사,2024,사업장,일반 및 생활 숙박시설 운영업,34759.0,693.0,(재)한국품질재단,,070960
469,기후에너지환경부,목포시,2024,사업장,폐기물 처리업,57706.0,375.0,㈜한국품질보증원,,NULL
470,기후에너지환경부,무림에스피(주),2024,사업장,"펄프, 종이 및 판지 제조업",47064.0,950.0,한국표준협회,,NULL
471,기후에너지환경부,무림파워텍 주식회사,2024,업체,"증기, 냉ㆍ온수 및 공기 조절 공급업",164636.0,2228.0,한국표준협회,,NULL
472,기후에너지환경부,무림페이퍼(주),2024,업체,"펄프, 종이 및 판지 제조업",179950.0,3523.0,한국표준협회,,009200
473,기후에너지환경부,무림피앤피(주),2024,업체,"펄프, 종이 및 판지 제조업",252175.0,13867.0,한국표준협회,,NULL
474,기후에너지환경부,무안군,2024,사업장,폐기물,17472.0,110.0,㈜한국품질보증원,,NULL
475,산업통상자원부,미래나노텍(주),2024,사업장,전기전자,32578.0,572.0,(주)한국경영인증원,,095500
476,산업통상자원부,미원상사(주),2024,사업장,석유화학,64934.0,1197.0,대일이엔씨기술(주),,002840
477,기후에너지환경부,미원스페셜티케미칼(주),2024,사업장,기초 화학물질 제조업,73595.0,1432.0,(주)한국경영인증원,,NULL
478,기후에너지환경부,밀양시,2024,사업장,폐기물,5039.0,5.0,㈜한국품질보증원,,NULL
479,기후에너지환경부,바스프퍼포먼스폴리아마이드코리아 주식회사,2024,사업장,기초 화학물질 제조업,71387.0,1625.0,한국표준협회,,NULL
480,기후에너지환경부,백광산업 주식회사,2024,업체,기초 화학물질 제조업,216598.0,4310.0,한국표준협회,,NULL
481,기후에너지환경부,버슘머트리얼즈피엠코리아,2024,사업장,기초 화학물질 제조업,19678.0,410.0,로이드인증원㈜,,NULL
482,국토교통부,범일운수,2024,사업장,교통(여객),16294.0,307.0,(주)한국경영인증원,,NULL
483,기후에너지환경부,베올리아워터코리아대산(주),2024,사업장,수도업,89082.0,1859.0,(주)한국경영인증원,,NULL
484,산업통상자원부,베페사징크코리아(주),2024,사업장,1차 비철금속 제조업,106400.0,150.0,(재)한국화학융합시험연구원,,NULL
485,기후에너지환경부,보령시,2024,사업장,폐기물 처리업,51879.0,312.0,㈜한국품질보증원,,NULL
486,기후에너지환경부,보령엘엔지터미널 주식회사,2024,사업장,연료용 가스 제조 및 배관공급업,60929.0,1229.0,대일이엔씨기술(주),,NULL
487,국토교통부,보영운수(주),2024,사업장,교통(여객),12874.0,230.0,한국표준협회,,NULL
488,기후에너지환경부,보임열병합발전 주식회사,2024,업체,"증기, 냉ㆍ온수 및 공기 조절 공급업",910533.0,9795.0,로이드인증원㈜,,NULL
489,산업통상자원부,볼보그룹코리아(주),2024,사업장,기계,16157.0,318.0,한국표준협회,,NULL
490,기후에너지환경부,부경산업(주),2024,사업장,폐기물 처리업,65958.0,132.0,로이드인증원㈜,,NULL
491,기후에너지환경부,부산광역시,2024,업체,폐기물 처리업,745005.0,8114.0,지속가능인증원주식회사,,NULL
492,기후에너지환경부,부산교통공사,2024,업체,육상 여객 운송업,157182.0,3280.0,한국표준협회,,NULL
493,산업통상자원부,부산그린에너지(주),2024,사업장,발전에너지,123447.0,0.0,한국표준협회,,NULL
494,기후에너지환경부,부산그린파워(주),2024,사업장,폐기물 처리업,35650.0,12.0,(주)한국경영인증원,,NULL
495,국토교통부,부산대학교,2024,사업장,건물,28575.0,648.0,㈜한국품질보증원,,NULL
496,국토교통부,부산대학교병원,2024,사업장,건물,39331.0,819.0,한국표준협회,,NULL
497,해양수산부,부산신항국제터미널(주),2024,사업장,기타 운송관련 서비스업,29880.0,1822.0,로이드인증원㈜,,NULL
498,해양수산부,부산신항만주식회사,2024,사업장,기타 운송관련 서비스업,51412.0,1018.0,한국표준협회,,NULL
499,기후에너지환경부,부산정관에너지(주),2024,사업장,"증기, 냉ㆍ온수 및 공기 조절 공급업",70101.0,1396.0,(주)신화엔지니어링종합건축사사무소,,NULL
500,기후에너지환경부,부산주공(주),2024,사업장,자동차 신품 부품 제조업,87529.0,1637.0,㈜한국품질보증원,,005030
501,기후에너지환경부,부산패션칼라산업협동조합,2024,업체,"증기, 냉ㆍ온수 및 공기 조절 공급업",115889.0,1636.0,(주)한국경영인증원,,NULL
502,해양수산부,부산항터미널주식회사,2024,사업장,항만,47455.0,886.0,(주)한국경영인증원,,NULL
503,기후에너지환경부,부천시,2024,업체,"하수, 폐수 및 분뇨 처리업",162602.0,1595.0,㈜한국품질보증원,,NULL
504,농림축산식품부,브리티쉬아메리칸토바코코리아제조(주),2024,사업장,담배제조업,17936.0,462.0,한국표준협회,,NULL
505,기후에너지환경부,브이피에이치메탈 유한회사,2024,사업장,자동차 신품 부품 제조업,30954.0,574.0,㈜한국품질보증원,,NULL
506,기후에너지환경부,비노텍 주식회사,2024,사업장,폐기물 처리업,107519.0,63.0,(주)한국경영인증원,,NULL
507,기후에너지환경부,비를라카본코리아(주),2024,업체,기초 화학물질 제조업,124148.0,488.0,㈜디엔브이비즈니스어슈어런스코리아,,NULL
508,산업통상자원부,비테스코테크놀로지스코리아 유한책임회사,2024,사업장,자동차,17339.0,357.0,(주)한국경영인증원,,NULL
509,산업통상자원부,빛고을에코에너지 주식회사,2024,사업장,발전에너지,51369.0,0.0,한국표준협회,,NULL
510,기후에너지환경부,사천시,2024,사업장,지정외 폐기물처리업 등,33583.0,128.0,㈜한국품질보증원,,NULL
511,기후에너지환경부,사회복지법인 삼성생명공익재단,2024,사업장,병원,85651.0,1757.0,(재)한국품질재단,,NULL
512,기후에너지환경부,삼강에스앤씨(주),2024,사업장,선박 및 보트 건조업,18197.0,324.0,(재)한국품질재단,,NULL
513,기후에너지환경부,삼남석유화학주식회사,2024,업체,기초 화학물질 제조업,185782.0,2416.0,한국표준협회,,NULL
514,기후에너지환경부,삼목에스폼(주),2024,업체,1차 비철금속 제조업,32565.0,598.0,한국표준협회,,018310
515,산업통상자원부,삼미금속(주),2024,사업장,철강,15867.0,322.0,한국표준협회,,012210
516,기후에너지환경부,삼보산업 주식회사,2024,사업장,1차 비철금속 제조업,34132.0,523.0,한국표준협회,,009620
517,기후에너지환경부,삼성디스플레이 주식회사,2024,업체,전자 부품 제조업,4000544.0,61025.0,(재)한국품질재단,,NULL
518,기후에너지환경부,삼성물산 주식회사,2024,사업장,건물 건설업,93059.0,2036.0,(주)비에스아이그룹코리아,,000830
519,기후에너지환경부,삼성바이오로직스 주식회사,2024,사업장,기초 의약 물질 및 생물학적 제제 제조업,226519.0,4651.0,대일이엔씨기술(주),,207940
520,국토교통부,삼성생명보험 주식회사,2024,업체,건물,60113.0,763.0,(재)한국품질재단,,NULL
521,기후에너지환경부,삼성에스디아이 주식회사,2024,업체,일차전지 및 축전지 제조업,572209.0,11818.0,한국표준협회,,NULL
522,기후에너지환경부,삼성에스디에스(주),2024,사업장,"컴퓨터 프로그래밍, 시스템 통합 및 관리업",173674.0,3622.0,(주)한국경영인증원,,018260
523,기후에너지환경부,삼성전기 주식회사,2024,업체,전자 부품 제조업,456652.0,9783.0,(주)비에스아이그룹코리아,,009150
524,기후에너지환경부,삼성전자 주식회사,2024,업체,반도체 제조업,13594735.0,258073.0,(재)한국품질재단,,005930
525,기후에너지환경부,삼성중공업 주식회사,2024,업체,선박 및 보트 건조업,528395.0,9155.0,한국표준협회,,010140
526,기후에너지환경부,삼성코닝어드밴스드글라스 유한회사,2024,사업장,유리 및 유리제품 제조업,49859.0,1017.0,로이드인증원㈜,,NULL
527,산업통상자원부,삼신정밀(주),2024,사업장,철강,25602.0,527.0,한국표준협회,,NULL
528,산업통상자원부,삼아알미늄주식회사,2024,사업장,비철금속,20535.0,399.0,한국표준협회,,006110
529,기후에너지환경부,삼양식품(주),2024,사업장,기타 식품 제조업,72404.0,1497.0,(주)비에스아이그룹코리아,,003230
530,기후에너지환경부,삼양이노켐 주식회사,2024,사업장,기초 화학물질 제조업,99485.0,1777.0,한국표준협회,,NULL
531,기후에너지환경부,삼양화성주식회사,2024,사업장,합성고무 및 플라스틱 물질 제조업,80044.0,1853.0,한국표준협회,,NULL
532,산업통상자원부,삼양화인테크놀로지(주),2024,사업장,합성고무 및 플라스틱 물질 제조업,31163.0,364.0,한국표준협회,,NULL
533,기후에너지환경부,삼영운수(주),2024,사업장,육상 여객 운송업,20143.0,372.0,한국표준협회,,NULL
534,기후에너지환경부,삼영전자공업(주),2024,업체,기타 금속 가공제품 제조업,29094.0,668.0,(주)한국경영인증원,,005680
535,기후에너지환경부,삼정펄프(주),2024,업체,"펄프, 종이 및 판지 제조업",143169.0,1912.0,(주)비에스아이그룹코리아,,009770
536,산업통상자원부,삼지금속공업 주식회사,2024,사업장,비철금속,17930.0,193.0,한국표준협회,,NULL
537,기후에너지환경부,삼표시멘트,2024,업체,"시멘트, 석회, 플라스터 및 그 외 제품 제조업",4998174.0,31009.0,(재)한국품질재단,,038500
538,기후에너지환경부,삼표자원개발주식회사,2024,사업장,토사석 광업,29506.0,524.0,(재)한국품질재단,,NULL
539,기후에너지환경부,삼표해운주식회사,2024,사업장,해상 운송업,70239.0,969.0,(재)한국품질재단,,NULL
540,산업통상자원부,삼호제강주식회사,2024,사업장,철강,12712.0,255.0,(주)한국경영인증원,,NULL
541,산업통상자원부,삼화왕관(주),2024,사업장,기계,19197.0,387.0,한국표준협회,,004450
542,기후에너지환경부,삼화제지(주),2024,업체,"펄프, 종이 및 판지 제조업",28988.0,624.0,한국표준협회,,NULL
543,산업통상자원부,삼화콘덴서공업(주),2024,사업장,전기전자,25292.0,527.0,한국표준협회,,001820
544,기후에너지환경부,삼흥열처리,2024,사업장,기타 금속 가공제품 제조업,30191.0,622.0,(주)한국경영인증원,,NULL
545,해양수산부,상지해운(주),2024,사업장,교통(해운),19349.0,266.0,(재)한국품질재단,,NULL
546,산업통상자원부,새론오토모티브(주),2024,사업장,자동차,15659.0,317.0,(주)한국경영인증원,,075180
547,국토교통부,새한특수(주),2024,사업장,교통(화물),16865.0,239.0,한국표준협회,,NULL
548,기후에너지환경부,생고뱅이소바코리아 주식회사,2024,사업장,유리 및 유리제품 제조업,38864.0,774.0,(주)한국경영인증원,,NULL
549,기후에너지환경부,서산시,2024,사업장,하수처리업,20284.0,210.0,한국표준협회,,NULL
550,기후에너지환경부,서영주정(주),2024,사업장,알코올 음료 제조업,30156.0,412.0,한국표준협회,,NULL
551,기후에너지환경부,서울교통공사,2024,업체,육상 여객 운송업,650164.0,13575.0,대일이엔씨기술(주),,NULL
552,국토교통부,서울교통네트웍(주),2024,사업장,교통(여객),13583.0,259.0,(주)한국경영인증원,,NULL
553,산업통상자원부,서울냉열(주),2024,사업장,석유화학,17063.0,356.0,(주)한국경영인증원,,NULL
554,기후에너지환경부,서울대학교병원,2024,사업장,병원,92838.0,1935.0,한국표준협회,,NULL
555,기후에너지환경부,서울바이오시스(주),2024,사업장,반도체 제조업,61646.0,1276.0,로이드인증원㈜,,092190
556,기후에너지환경부,서울시메트로 9호선(주),2024,사업장,육상 여객 운송업,53211.0,1109.0,(주)한국경영인증원,,NULL
557,기후에너지환경부,서울에너지공사,2024,업체,"증기, 냉ㆍ온수 및 공기 조절 공급업",300444.0,6361.0,한국표준협회,,NULL
558,기후에너지환경부,서울우유협동조합,2024,업체,낙농제품 및 식용 빙과류 제조업,73904.0,1415.0,한국표준협회,,NULL
559,기후에너지환경부,서울특별시,2024,업체,폐기물 처리업,1360897.0,13003.0,(재)한국품질재단,,NULL
560,기후에너지환경부,서울특별시농수산식품공사,2024,사업장,부동산 임대 및 공급업,63908.0,1328.0,(주)한국경영인증원,,NULL
561,산업통상자원부,서진산업(주),2024,사업장,자동차,16623.0,317.0,한국표준협회,,NULL
562,기후에너지환경부,서한이앤피주식회사,2024,사업장,기타 금속 가공제품 제조업,57373.0,1141.0,(주)한국경영인증원,,NULL
563,기후에너지환경부,서해그린환경(주),2024,사업장,폐기물 처리업,93483.0,212.0,(재)한국품질재단,,NULL
564,산업통상자원부,선도화학(주),2024,사업장,기초 화학물질 제조업,23759.0,496.0,한국가스안전공사,,NULL
565,기후에너지환경부,선진버스(주),2024,사업장,육상 여객 운송업,17365.0,321.0,(주)한국경영인증원,,NULL
566,기후에너지환경부,성남시,2024,업체,폐기물 처리업,243032.0,2335.0,㈜한국품질보증원,,NULL
567,기후에너지환경부,성남시내버스(주),2024,사업장,육상 여객 운송업,24814.0,477.0,㈜한국품질보증원,,NULL
568,기후에너지환경부,성림유화 주식회사,2024,업체,폐기물 처리업,255697.0,216.0,로이드인증원㈜,,NULL
569,산업통상자원부,성보공업(주),2024,사업장,철강,15007.0,292.0,한국표준협회,,NULL
570,기후에너지환경부,성신씨엠 주식회사,2024,사업장,"시멘트, 석회, 플라스터 및 그 외 제품 제조업",16848.0,344.0,로이드인증원㈜,,NULL
571,기후에너지환경부,성신양회(주),2024,업체,"시멘트, 석회, 플라스터 및 그 외 제품 제조업",4072874.0,22552.0,한국표준협회,,004980
572,기후에너지환경부,성안합섬(주),2024,사업장,화학섬유 제조업,92.0,1.0,(주)한국경영인증원,,NULL
573,해양수산부,성우해운주식회사,2024,사업장,교통(해운),20467.0,281.0,한국표준협회,,NULL
574,산업통상자원부,성일요업주식회사,2024,사업장,요업,18605.0,323.0,한국표준협회,,NULL
575,산업통상자원부,성일하이텍(주),2024,사업장,1차 비철금속 제조업,26083.0,440.0,(주)한국경영인증원,,365340
576,기후에너지환경부,성창보드(주),2024,사업장,나무제품 제조업,30386.0,619.0,㈜한국품질보증원,,NULL
577,기후에너지환경부,성훈엔지니어링주식회사,2024,사업장,1차 비철금속 제조업,39339.0,784.0,한국가스안전공사,,NULL
578,기후에너지환경부,세메스(주),2024,사업장,특수 목적용 기계 제조업,41805.0,727.0,한국표준협회,,NULL
579,기후에너지환경부,세방(주),2024,사업장,도로 화물 운송업,27838.0,436.0,(주)한국경영인증원,,004360
580,기후에너지환경부,세방전지(주),2024,업체,일차전지 및 축전지 제조업,147941.0,3054.0,(주)한국경영인증원,,004490
581,기후에너지환경부,세종특별자치시,2024,사업장,"하수, 폐수 및 분뇨 처리업",53883.0,595.0,(재)한국품질재단,,NULL
582,기후에너지환경부,셀트리온,2024,사업장,기초 의약 물질 및 생물학적 제제 제조업,79174.0,1656.0,(주)한국경영인증원,,068270
583,기후에너지환경부,셰플러코리아 유한책임회사,2024,사업장,일반 목적용 기계 제조업,71392.0,1480.0,로이드인증원㈜,,NULL
584,기후에너지환경부,소신여객자동차(주),2024,사업장,육상 여객 운송업,15756.0,310.0,한국표준협회,,NULL
585,기후에너지환경부,속초시,2024,사업장,폐기물,35408.0,290.0,(주)한국경영인증원,,NULL
586,기후에너지환경부,솔베이실리카코리아(주),2024,사업장,기초 화학물질 제조업,35404.0,757.0,대일이엔씨기술(주),,NULL
587,산업통상자원부,솔브레인 주식회사,2024,사업장,석유화학,48230.0,1092.0,한국표준협회,,357780
588,기후에너지환경부,솔브레인에스엘디 주식회사,2024,사업장,전자 부품 제조업,30391.0,579.0,한국표준협회,,NULL
589,기후에너지환경부,송원산업(주),2024,업체,기타 화학제품 제조업,143654.0,2913.0,한국표준협회,,004430
590,기후에너지환경부,송학제지(주),2024,사업장,"펄프, 종이 및 판지 제조업",50.0,0.0,(주)한국경영인증원,,NULL
591,기후에너지환경부,수도권매립지관리공사,2024,업체,폐기물 처리업,1006395.0,4386.0,(주)한국경영인증원,,NULL
592,국토교통부,수양물류주식회사,2024,사업장,육상운송 및 파이프라인 운송업,24132.0,343.0,한국표준협회,,NULL
593,기후에너지환경부,수완에너지 주식회사,2024,업체,"증기, 냉ㆍ온수 및 공기 조절 공급업",158941.0,3154.0,대일이엔씨기술(주),,NULL
594,기후에너지환경부,수원시,2024,업체,폐기물 처리업,194918.0,2255.0,㈜한국품질보증원,,NULL
595,국토교통부,수원애경역사 주식회사,2024,사업장,건물,14845.0,306.0,한국표준협회,,NULL
596,기후에너지환경부,수원여객운수(주),2024,사업장,육상 여객 운송업,19546.0,386.0,한국표준협회,,NULL
597,국토교통부,수협노량진수산 주식회사,2024,사업장,건물,16654.0,347.0,(주)한국경영인증원,,NULL
598,기후에너지환경부,순천시,2024,사업장,"하수, 폐수 및 분뇨 처리업",57853.0,436.0,(주)한국경영인증원,,NULL
599,기후에너지환경부,스미토모세이카폴리머스코리아(주),2024,사업장,합성고무 및 플라스틱 물질 제조업,34627.0,1508.0,로이드인증원㈜,,NULL
600,기후에너지환경부,스테코(주),2024,사업장,전자 부품 제조업,42075.0,876.0,한국표준협회,,NULL
601,기후에너지환경부,스템코(주),2024,사업장,반도체 제조업,48982.0,1046.0,(주)한국경영인증원,,NULL
602,기후에너지환경부,스틸싸이클 주식회사,2024,사업장,1차 비철금속 제조업,78531.0,803.0,한국표준협회,,NULL
603,기후에너지환경부,스틸싸이클에스씨(주),2024,사업장,1차 비철금속 제조업,5884.0,80.0,한국표준협회,,NULL
604,기후에너지환경부,시그네틱스(주),2024,사업장,반도체 제조업,34225.0,710.0,(주)한국경영인증원,,033170
605,기후에너지환경부,시흥시,2024,사업장,폐기물 처리업,99448.0,1020.0,(주)비에스아이그룹코리아,,NULL
606,기후에너지환경부,신대양제지(주),2024,업체,"펄프, 종이 및 판지 제조업",241875.0,2987.0,한국표준협회,,016590
607,기후에너지환경부,신대양제지반월(주),2024,사업장,"펄프, 종이 및 판지 제조업",119528.0,1466.0,한국표준협회,,NULL
608,기후에너지환경부,신대일페이퍼 주식회사,2024,사업장,"펄프, 종이 및 판지 제조업",85611.0,904.0,(주)한국경영인증원,,NULL
609,기후에너지환경부,신대한정유산업 주식회사,2024,사업장,폐기물 처리업,96976.0,253.0,(주)한국경영인증원,,NULL
610,국토교통부,신도림테크노마트 주식회사,2024,사업장,건물,15253.0,316.0,(주)한국경영인증원,,NULL
611,기후에너지환경부,신분당선(주),2024,사업장,육상 여객 운송업,26382.0,550.0,(주)한국경영인증원,,NULL
612,기후에너지환경부,신성교통(주),2024,사업장,육상 여객 운송업,10449.0,194.0,대일이엔씨기술(주),,NULL
613,국토교통부,신안종합리조트(주),2024,사업장,건물,16252.0,326.0,(주)한국경영인증원,,NULL
614,기후에너지환경부,신창제지공업주식회사,2024,사업장,"펄프, 종이 및 판지 제조업",23065.0,556.0,한국표준협회,,NULL
615,기후에너지환경부,신평택발전(주),2024,업체,전기업,1883760.0,37400.0,(주)신화엔지니어링종합건축사사무소,,NULL
616,산업통상자원부,신화인터텍(주),2024,사업장,전기전자,14440.0,295.0,로이드인증원㈜,,056700
617,산업통상자원부,쌍용기초소재(주),2024,사업장,시멘트,20512.0,377.0,로이드인증원㈜,,NULL
618,기후에너지환경부,쌍용씨앤이(주),2024,업체,"시멘트, 석회, 플라스터 및 그 외 제품 제조업",10574492.0,62302.0,한국표준협회,,003410
619,기후에너지환경부,씨엔씨티에너지 주식회사,2024,사업장,"증기, 냉ㆍ온수 및 공기 조절 공급업",25906.0,521.0,로이드인증원㈜,,NULL
620,기후에너지환경부,씨월드고속훼리(주),2024,사업장,해상 운송업,108976.0,1498.0,(주)한국경영인증원,,NULL
621,기후에너지환경부,씨이케이 주식회사,2024,업체,폐기물 처리업,226301.0,1306.0,(재)한국품질재단,,NULL
622,국토교통부,씨제이씨지브이 주식회사,2024,업체,건물,69504.0,1397.0,(주)한국경영인증원,,NULL
623,산업통상자원부,씨지앤대산전력(주),2024,업체,전기업,15848.0,242.0,㈜한국품질보증원,,NULL
624,기후에너지환경부,씨지앤율촌전력 주식회사,2024,업체,전기업,1988171.0,39590.0,㈜한국품질보증원,,NULL
625,기후에너지환경부,아반스트레이트코리아 주식회사,2024,사업장,유리 및 유리제품 제조업,0.0,0.0,㈜한국품질보증원,,NULL
626,기후에너지환경부,아산시,2024,사업장,폐기물 처리업,108502.0,1048.0,㈜한국품질보증원,,NULL
627,기후에너지환경부,아세아시멘트 주식회사,2024,업체,"시멘트, 석회, 플라스터 및 그 외 제품 제조업",2114034.0,13832.0,한국표준협회,,183190
628,기후에너지환경부,아세아제지(주),2024,업체,"펄프, 종이 및 판지 제조업",466661.0,4339.0,한국표준협회,,002310
629,기후에너지환경부,아시아나항공,2024,업체,항공 여객 운송업,306178.0,4511.0,㈜디엔브이비즈니스어슈어런스코리아,,020560
630,기후에너지환경부,아주대학교의료원,2024,사업장,병원,28391.0,581.0,한국생산성본부인증원(주),,NULL
631,산업통상자원부,아주스틸(주),2024,사업장,기계,13780.0,255.0,한국표준협회,,139990
632,기후에너지환경부,안동시,2024,사업장,수도사업,16774.0,166.0,(재)한국화학융합시험연구원,,NULL
633,기후에너지환경부,안산도시개발(주),2024,사업장,"증기, 냉ㆍ온수 및 공기 조절 공급업",27470.0,615.0,(재)한국품질재단,,NULL
634,기후에너지환경부,안산시,2024,업체,"하수, 폐수 및 분뇨 처리업",114730.0,1443.0,㈜한국품질보증원,,NULL
635,기후에너지환경부,안양시,2024,사업장,"하수, 폐수 및 분뇨 처리업",95365.0,1059.0,㈜한국품질보증원,,NULL
636,기후에너지환경부,애경케미칼(주),2024,업체,기초 화학물질 제조업,165838.0,1828.0,(주)한국경영인증원,,161000
637,기후에너지환경부,양산시,2024,사업장,폐기물 처리업,94700.0,830.0,㈜한국품질보증원,,NULL
638,기후에너지환경부,양주시,2024,사업장,폐기물 처리업,70705.0,922.0,㈜한국품질보증원,,NULL
639,기후에너지환경부,어프로티움 주식회사,2024,업체,기초 화학물질 제조업,328313.0,3503.0,(재)한국품질재단,,NULL
640,기후에너지환경부,에너원(주),2024,사업장,"증기, 냉ㆍ온수 및 공기 조절 공급업",41855.0,484.0,(주)한국경영인증원,,NULL
641,산업통상자원부,에드워드코리아(주),2024,사업장,기계,12269.0,257.0,한국표준협회,,NULL
642,산업통상자원부,에스앤에스아이앤씨(주),2024,사업장,자동차,18223.0,380.0,(재)한국품질재단,,NULL
643,산업통상자원부,에스앤티모티브 주식회사,2024,사업장,자동차,19561.0,406.0,한국표준협회,,NULL
644,산업통상자원부,에스에스엘엠 주식회사,2024,사업장,전기전자,19323.0,395.0,한국표준협회,,NULL
645,기후에너지환경부,에스엔에프코리아(주),2024,사업장,기타 화학제품 제조업,45645.0,1063.0,(주)한국경영인증원,,NULL
646,산업통상자원부,에스엘 주식회사,2024,업체,전기전자,54187.0,1126.0,(재)한국품질재단,,005850
647,기후에너지환경부,에스와이에너지 주식회사,2024,사업장,나무제품 제조업,26030.0,800.0,(재)한국품질재단,"""SY에너지㈜"" 업체명 변경",NULL
648,기후에너지환경부,에스지씨솔루션 주식회사,2024,업체,유리 및 유리제품 제조업,161621.0,2646.0,(재)한국품질재단,,NULL
649,기후에너지환경부,에스지씨에너지 주식회사,2024,업체,유리 및 유리제품 제조업,1780408.0,46581.0,㈜디엔브이비즈니스어슈어런스코리아,,NULL
650,기후에너지환경부,에스케이 주식회사,2024,업체,"컴퓨터 프로그래밍, 시스템 통합 및 관리업",136656.0,2846.0,한국표준협회,,003600
651,산업통상자원부,에스케이가스(주),2024,사업장,발전에너지,14853.0,241.0,(재)한국품질재단,,018670
652,국토교통부,에스케이네트웍스 주식회사,2024,사업장,건물,23447.0,478.0,(주)비에스아이그룹코리아,,001740
653,기후에너지환경부,에스케이넥실리스 주식회사,2024,사업장,1차 비철금속 제조업,125554.0,2604.0,(주)한국경영인증원,,NULL
654,기후에너지환경부,에스케이마이크로웍스 주식회사,2024,업체,플라스틱 제품 제조업,154240.0,3164.0,한국표준협회,,NULL
655,기후에너지환경부,에스케이마이크로웍스솔루션즈 주식회사,2024,사업장,플라스틱 제품 제조업,38406.0,673.0,(재)한국품질재단,,NULL
656,기후에너지환경부,에스케이멀티유틸리티 주식회사,2024,업체,"증기, 냉ㆍ온수 및 공기 조절 공급업",356042.0,4286.0,(재)한국품질재단,,NULL
657,산업통상자원부,에스케이바이오사이언스(주),2024,사업장,석유화학,17352.0,356.0,(재)한국품질재단,,302440
658,기후에너지환경부,에스케이스페셜티 주식회사,2024,업체,기초 화학물질 제조업,261423.0,5416.0,한국가스안전공사,,NULL
659,기후에너지환경부,에스케이실트론 주식회사,2024,업체,반도체 제조업,410642.0,8623.0,로이드인증원㈜,,NULL
660,기후에너지환경부,에스케이씨 주식회사,2024,업체,플라스틱 제품 제조업,1437.0,28.0,한국표준협회,,NULL
661,기후에너지환경부,에스케이아이이테크놀로지주식회사,2024,사업장,일차전지 및 축전지 제조업,75145.0,1540.0,한국표준협회,,361610
662,기후에너지환경부,에스케이어드밴스드주식회사,2024,업체,기초 화학물질 제조업,529742.0,10547.0,한국표준협회,,NULL
663,기후에너지환경부,에스케이에너지 주식회사,2024,업체,석유 정제품 제조업,7146701.0,75417.0,한국표준협회,,NULL
664,기후에너지환경부,에스케이에어플러스 주식회사,2024,업체,기초 화학물질 제조업,331712.0,6936.0,한국표준협회,"""에스케이머티리얼즈 에어 플러스 주식회사"" 업체명 변경",NULL
665,기후에너지환경부,에스케이에코프라임 주식회사,2024,업체,기타 화학제품 제조업,34212.0,588.0,(재)한국품질재단,,NULL
666,국토교통부,에스케이에코플랜트(주),2024,사업장,건설,25242.0,516.0,(주)한국경영인증원,,NULL
667,기후에너지환경부,에스케이엔무브 주식회사,2024,업체,석유 정제품 제조업,169022.0,5954.0,한국표준협회,,NULL
668,기후에너지환경부,에스케이엔텀 주식회사,2024,업체,보관 및 창고업,36958.0,1729.0,한국표준협회,,NULL
669,산업통상자원부,에스케이오션플랜트(주),2024,사업장,조선,18207.0,325.0,한국표준협회,,100090
670,기후에너지환경부,에스케이온 주식회사,2024,업체,일차전지 및 축전지 제조업,160618.0,3325.0,한국표준협회,,NULL
671,기후에너지환경부,에스케이지오센트릭 주식회사,2024,업체,기초 화학물질 제조업,2541554.0,50144.0,한국표준협회,,NULL
672,기후에너지환경부,에스케이케미칼(주),2024,업체,합성고무 및 플라스틱 물질 제조업,222379.0,4056.0,(재)한국품질재단,,285130
673,기후에너지환경부,에스케이키파운드리 주식회사,2024,업체,반도체 제조업,290381.0,3648.0,(주)비에스아이그룹코리아,,NULL
674,기후에너지환경부,에스케이텔레콤 주식회사,2024,업체,전기 통신업,1166518.0,24364.0,㈜디엔브이비즈니스어슈어런스코리아,,017670
675,기후에너지환경부,에스케이피아이씨글로벌 주식회사,2024,업체,기초 화학물질 제조업,540380.0,9598.0,한국표준협회,,NULL
676,기후에너지환경부,에스케이하이닉스 시스템아이씨(주),2024,업체,반도체 제조업,125.0,2.0,(주)비에스아이그룹코리아,,NULL
677,기후에너지환경부,에스케이하이닉스 주식회사,2024,업체,반도체 제조업,4848541.0,94903.0,(주)비에스아이그룹코리아,,000660
678,기후에너지환경부,에스티엠 주식회사,2024,사업장,일차전지 및 축전지 제조업,54647.0,1141.0,한국표준협회,,NULL
679,기후에너지환경부,에스폼(주),2024,사업장,1차 비철금속 제조업,0.0,0.0,한국표준협회,,NULL
680,기후에너지환경부,에스피엘(주),2024,사업장,기타 식품 제조업,28691.0,646.0,(주)비에스아이그룹코리아,,NULL
681,기후에너지환경부,에어리퀴드코리아 주식회사,2024,업체,기초 화학물질 제조업,258580.0,3046.0,로이드인증원㈜,,NULL
682,기후에너지환경부,에어부산(주),2024,업체,항공 여객 운송업,163093.0,2341.0,한국표준협회,,298690
683,국토교통부,에어서울 주식회사,2024,사업장,항공 여객 운송업,21973.0,315.0,한국표준협회,,NULL
684,기후에너지환경부,에어프로덕츠코리아 주식회사,2024,업체,기초 화학물질 제조업,792284.0,16358.0,로이드인증원㈜,,NULL
685,기후에너지환경부,에이에스이코리아주식회사,2024,사업장,반도체 제조업,103083.0,2134.0,㈜디엔브이비즈니스어슈어런스코리아,,NULL
686,산업통상자원부,에이지씨디스플레이글라스오창주식회사,2024,사업장,유리,12558.0,262.0,㈜디엔브이비즈니스어슈어런스코리아,,NULL
687,기후에너지환경부,에이지씨화인테크노한국주식회사,2024,업체,유리 및 유리제품 제조업,200216.0,4022.0,㈜디엔브이비즈니스어슈어런스코리아,,NULL
688,국토교통부,에이치디씨아이파크몰 주식회사,2024,사업장,건물,19898.0,410.0,(주)한국경영인증원,,NULL
689,산업통상자원부,에이치디씨폴리올(주),2024,사업장,석유화학,33360.0,565.0,한국표준협회,,NULL
690,국토교통부,에이치디씨현대산업개발(주),2024,사업장,건설,24640.0,504.0,한국표준협회,,NULL
691,산업통상자원부,에이치디씨현대이피 주식회사,2024,사업장,석유화학,20719.0,388.0,한국표준협회,,NULL
692,기후에너지환경부,에이치디현대미포 주식회사,2024,업체,선박 및 보트 건조업,166913.0,3009.0,한국표준협회,,010620
693,기후에너지환경부,에이치디현대삼호 주식회사,2024,업체,선박 및 보트 건조업,276469.0,4802.0,㈜디엔브이비즈니스어슈어런스코리아,"""현대삼호중공업 주식회사"" 업체명 변경",NULL
694,기후에너지환경부,에이치디현대에너지솔루션(주),2024,사업장,반도체 제조업,19982.0,401.0,(주)한국경영인증원,,NULL
695,기후에너지환경부,에이치디현대오씨아이 주식회사,2024,업체,기초 화학물질 제조업,352618.0,3992.0,(재)한국품질재단,,NULL
696,기후에너지환경부,에이치디현대오일뱅크,2024,업체,석유 정제품 제조업,6428458.0,80865.0,(재)한국품질재단,,NULL
697,기후에너지환경부,에이치디현대인프라코어(주),2024,사업장,특수 목적용 기계 제조업,87657.0,1700.0,(주)한국경영인증원,,042670
698,기후에너지환경부,에이치디현대일렉트릭(주),2024,사업장,"전동기, 발전기 및 전기 변환ㆍ공급ㆍ제어 장치 제조업",38225.0,785.0,㈜디엔브이비즈니스어슈어런스코리아,,NULL
699,기후에너지환경부,에이치디현대중공업 주식회사,2024,업체,선박 및 보트 건조업,671156.0,11630.0,한국표준협회,,NULL
700,기후에너지환경부,에이치디현대케미칼주식회사,2024,업체,기초 화학물질 제조업,2719270.0,50104.0,(재)한국품질재단,,NULL
701,기후에너지환경부,에이치에스지성동조선 주식회사,2024,사업장,선박 및 보트 건조업,60206.0,1136.0,한국표준협회,,NULL
702,기후에너지환경부,에이치에스효성첨단소재(주),2024,업체,화학섬유 제조업,186927.0,4152.0,㈜디엔브이비즈니스어슈어런스코리아,,NULL
703,기후에너지환경부,에이치엘만도 주식회사,2024,사업장,자동차 신품 부품 제조업,68160.0,1425.0,(주)비에스아이그룹코리아,,NULL
704,기후에너지환경부,에이치엘비에너지㈜,2024,사업장,폐기물 처리업,27071.0,43.0,(주)한국경영인증원,,NULL
705,해양수산부,에이치엠엠피에스에이신항만(주),2024,사업장,기타 운송관련 서비스업,29022.0,581.0,로이드인증원㈜,,NULL
706,산업통상자원부,에이치케이이노엔(주),2024,사업장,석유화학,17964.0,369.0,(주)한국경영인증원,,NULL
707,기후에너지환경부,에코비트에너지정세,2024,사업장,폐기물 처리업,60000.0,481.0,한국표준협회,,NULL
708,산업통상자원부,에코플라스틱(주),2024,사업장,자동차,17731.0,366.0,(재)한국품질재단,,038110
709,기후에너지환경부,엘앤에프,2024,사업장,전자 부품 제조업,138295.0,2842.0,(재)한국품질재단,,066970
710,산업통상자원부,엘에스메탈 주식회사,2024,사업장,비철금속,21335.0,444.0,(주)한국경영인증원,,NULL
711,기후에너지환경부,엘에스엠앤엠 주식회사,2024,업체,1차 비철금속 제조업,493516.0,8509.0,한국표준협회,,NULL
712,산업통상자원부,엘에스일렉트릭(주),2024,사업장,전기전자,16427.0,340.0,(주)한국경영인증원,,010120
713,기후에너지환경부,엘에스전선 주식회사,2024,업체,절연선 및 케이블 제조업,99356.0,2013.0,㈜한국품질보증원,,NULL
714,기후에너지환경부,엘지디스플레이(주),2024,업체,전자 부품 제조업,3671012.0,53590.0,㈜디엔브이비즈니스어슈어런스코리아,,034220
715,산업통상자원부,엘지마그나 이파워트레인 주식회사,2024,사업장,자동차,18891.0,393.0,(주)비에스아이그룹코리아,,NULL
716,기후에너지환경부,엘지유플러스(주),2024,업체,전기 통신업,1418334.0,29633.0,한국표준협회,,032640
717,기후에너지환경부,엘지이노텍 주식회사,2024,업체,전자 부품 제조업,426341.0,8861.0,(주)비에스아이그룹코리아,,011070
718,기후에너지환경부,엘지전자 주식회사,2024,업체,반도체 제조업,257475.0,5469.0,㈜디엔브이비즈니스어슈어런스코리아,,066570
719,기후에너지환경부,엠이엠씨코리아주식회사,2024,사업장,반도체 제조업,115124.0,2429.0,(주)신화엔지니어링종합건축사사무소,,NULL
720,기후에너지환경부,엠코테크놀로지코리아(주),2024,업체,반도체 제조업,369182.0,7423.0,(주)비에스아이그룹코리아,,NULL
721,기후에너지환경부,여수시,2024,업체,폐기물,116702.0,803.0,지속가능인증원주식회사,,NULL
722,산업통상자원부,여주에너지서비스,2024,업체,발전에너지,2014575.0,40034.0,(주)한국경영인증원,,NULL
723,기후에너지환경부,여천엔씨씨 주식회사,2024,업체,기초 화학물질 제조업,3803197.0,73678.0,(재)한국품질재단,,NULL
724,기후에너지환경부,연천군,2024,사업장,폐기물,16906.0,25.0,(재)한국품질재단,,NULL
725,해양수산부,영우해운(주),2024,사업장,교통(해운),13426.0,188.0,한국표준협회,,NULL
726,기후에너지환경부,영주시,2024,사업장,폐기물 처리업,36061.0,133.0,(재)한국품질재단,,NULL
727,기후에너지환경부,영풍전자(주),2024,사업장,전자 부품 제조업,38638.0,775.0,(주)한국경영인증원,,NULL
728,기후에너지환경부,영풍제지(주),2024,사업장,"펄프, 종이 및 판지 제조업",91679.0,1329.0,한국표준협회,,NULL
729,기후에너지환경부,영화금속(주),2024,사업장,금속 주조업,87847.0,1290.0,(재)한국품질재단,,012280
730,기후에너지환경부,오뚜기라면 주식회사,2024,업체,기타 식품 제조업,47742.0,960.0,(주)비에스아이그룹코리아,,NULL
731,기후에너지환경부,오라이온코리아 주식회사,2024,업체,기초 화학물질 제조업,360685.0,542.0,㈜디엔브이비즈니스어슈어런스코리아,,NULL
732,기후에너지환경부,오비맥주(주),2024,사업장,알코올 음료 제조업,90773.0,1918.0,(주)한국경영인증원,,NULL
733,기후에너지환경부,오산시,2024,사업장,하수처리업,19899.0,263.0,㈜한국품질보증원,,NULL
734,기후에너지환경부,오성연료전지 주식회사,2024,사업장,전기업,35002.0,0.0,한국표준협회,,NULL
735,기후에너지환경부,오씨아이주식회사,2024,업체,기타 화학제품 제조업,1187244.0,18408.0,㈜디엔브이비즈니스어슈어런스코리아,,NULL
736,기후에너지환경부,오씨아이홀딩스 주식회사,2024,업체,기초 화학물질 제조업,1140.0,22.0,㈜디엔브이비즈니스어슈어런스코리아,,NULL
737,농림축산식품부,오케이에프음료(주),2024,사업장,음료제조업,20171.0,389.0,한국표준협회,,NULL
738,기후에너지환경부,옥천군,2024,사업장,지정외 폐기물처리업 등,17258.0,60.0,한국표준협회,,NULL
739,기후에너지환경부,온세미컨덕터코리아(주),2024,업체,반도체 제조업,193260.0,3199.0,(주)비에스아이그룹코리아,,NULL
740,국토교통부,와이이십이프로젝트금융투자 주식회사,2024,사업장,건물,17446.0,360.0,한국생산성본부인증원(주),,NULL
741,기후에너지환경부,와이케이스틸(주),2024,업체,1차 철강 제조업,214963.0,3861.0,한국표준협회,,NULL
742,기후에너지환경부,용남고속(주),2024,사업장,육상 여객 운송업,21173.0,372.0,(주)한국경영인증원,,NULL
743,기후에너지환경부,용산케미칼 주식회사,2024,사업장,기초 화학물질 제조업,113456.0,958.0,한국가스안전공사,,NULL
744,기후에너지환경부,용인시,2024,업체,폐기물 처리업,191023.0,1987.0,㈜한국품질보증원,,NULL
745,해양수산부,우림해운(주),2024,사업장,교통(해운),24338.0,335.0,(주)한국경영인증원,,NULL
746,산업통상자원부,우지막코리아(주),2024,사업장,요업,4201.0,85.0,한국표준협회,,NULL
747,기후에너지환경부,우진환경개발(주),2024,사업장,폐기물 처리업,67813.0,771.0,㈜한국품질보증원,,NULL
748,기후에너지환경부,울산과학기술원,2024,사업장,고등 교육기관,37607.0,786.0,한국표준협회,,NULL
749,기후에너지환경부,울산광역시,2024,업체,폐기물 처리업,315968.0,3065.0,㈜한국품질보증원,,NULL
750,기후에너지환경부,울산아로마틱스(주),2024,업체,기초 화학물질 제조업,430585.0,10023.0,㈜디엔브이비즈니스어슈어런스코리아,,NULL
751,기후에너지환경부,울산알루미늄 주식회사,2024,업체,1차 비철금속 제조업,157457.0,3196.0,(주)한국경영인증원,,NULL
752,기후에너지환경부,울산피피주식회사,2024,사업장,합성고무 및 플라스틱 물질 제조업,49134.0,1389.0,(주)한국경영인증원,,NULL
753,산업통상자원부,원강산업(주),2024,사업장,기계,21731.0,451.0,(주)한국경영인증원,,NULL
754,기후에너지환경부,원주시,2024,사업장,"하수, 폐수 및 분뇨 처리업",57836.0,732.0,(재)한국화학융합시험연구원,,NULL
755,기후에너지환경부,위드인천에너지(주),2024,업체,"증기, 냉ㆍ온수 및 공기 조절 공급업",22850.0,492.0,㈜디엔브이비즈니스어슈어런스코리아,,NULL
756,기후에너지환경부,유니온머티리얼(주),2024,사업장,"내화, 비내화 요업제품 제조업",37845.0,763.0,(재)한국품질재단,,047400
757,기후에너지환경부,유니투스 주식회사,2024,업체,자동차 신품 부품 제조업,68712.0,1426.0,(재)한국품질재단,,NULL
758,산업통상자원부,유성기업(주),2024,사업장,자동차,13596.0,279.0,(주)비에스아이그룹코리아,,002920
759,기후에너지환경부,유한킴벌리 주식회사,2024,업체,"펄프, 종이 및 판지 제조업",199589.0,3999.0,(재)한국품질재단,,NULL
760,기후에너지환경부,유한회사 사조씨피케이,2024,업체,"곡물 가공품, 전분 및 전분제품 제조업",135361.0,2432.0,(재)한국품질재단,,NULL
761,기후에너지환경부,유한회사 스태츠칩팩코리아,2024,사업장,반도체 제조업,76436.0,1572.0,(주)신화엔지니어링종합건축사사무소,,NULL
762,산업통상자원부,유한회사 클라리오스델코,2024,사업장,전기전자,52469.0,1087.0,(주)한국경영인증원,,NULL
763,기후에너지환경부,율촌화학(주),2024,사업장,플라스틱 제품 제조업,81954.0,1509.0,(주)한국경영인증원,,008730
764,산업통상자원부,음성에코파크(주),2024,사업장,발전에너지,60857.0,4.0,한국표준협회,,NULL
765,국토교통부,의료법인 길 의료재단,2024,사업장,건물,21181.0,435.0,(재)한국화학융합시험연구원,,NULL
766,기후에너지환경부,의정부시,2024,사업장,"하수, 폐수 및 분뇨 처리업",82379.0,400.0,㈜한국품질보증원,,NULL
767,산업통상자원부,이건에너지(주),2024,사업장,산업단지,15254.0,2615.0,㈜한국품질보증원,,NULL
768,기후에너지환경부,이구산업(주),2024,사업장,1차 비철금속 제조업,36264.0,748.0,한국생산성본부인증원(주),,025820
769,기후에너지환경부,이누스 주식회사,2024,사업장,"내화, 비내화 요업제품 제조업",52998.0,903.0,한국표준협회,,NULL
770,기후에너지환경부,이도에코오산(주),2024,사업장,폐기물 처리업,47492.0,33.0,(주)한국경영인증원,,NULL
771,기후에너지환경부,이도에코전주(주),2024,사업장,폐기물 처리업,42693.0,23.0,㈜한국품질보증원,,NULL
772,산업통상자원부,이래에이엠에스 주식회사,2024,사업장,자동차,24600.0,509.0,㈜한국품질보증원,,NULL
773,기후에너지환경부,이스트만화이버코리아 주식회사,2024,사업장,화학섬유 제조업,42245.0,716.0,(주)한국경영인증원,,NULL
774,국토교통부,이지스제210호전문투자형사모부동산투자회사,2024,사업장,건물,20982.0,435.0,(주)한국경영인증원,,NULL
775,기후에너지환경부,이천시,2024,사업장,폐기물 처리업,120026.0,633.0,㈜한국품질보증원,,NULL
776,기후에너지환경부,익산시,2024,사업장,폐기물 처리업,74429.0,572.0,㈜한국품질보증원,,NULL
777,기후에너지환경부,인제군,2024,사업장,폐기물,24069.0,35.0,(주)한국경영인증원,,NULL
778,산업통상자원부,인지에이엠티(주),2024,사업장,자동차,20590.0,424.0,(주)한국경영인증원,,NULL
779,기후에너지환경부,인천공항에너지,2024,업체,"증기, 냉ㆍ온수 및 공기 조절 공급업",185004.0,3674.0,㈜한국품질보증원,,NULL
780,기후에너지환경부,인천광역시,2024,업체,폐기물 처리업,398065.0,4977.0,(재)한국화학융합시험연구원,,NULL
781,기후에너지환경부,인천교통공사,2024,사업장,육상 여객 운송업,117332.0,2421.0,한국표준협회,,NULL
782,기후에너지환경부,인천국제공항공사,2024,업체,기타 운송관련 서비스업,267110.0,5157.0,(주)한국경영인증원,,NULL
783,산업통상자원부,인천연료전지(주),2024,업체,전기업,167926.0,18.0,(주)한국경영인증원,,NULL
784,기후에너지환경부,인천종합에너지(주),2024,업체,"증기, 냉ㆍ온수 및 공기 조절 공급업",397688.0,7984.0,㈜디엔브이비즈니스어슈어런스코리아,,NULL
785,기후에너지환경부,인터지스(주),2024,사업장,도로 화물 운송업,32691.0,485.0,(주)한국경영인증원,,129260
786,기후에너지환경부,인프라에어홀딩스 주식회사,2024,업체,기초 화학물질 제조업,260445.0,5441.0,한국표준협회,,NULL
787,해양수산부,일신로지스틱스주식회사,2024,사업장,교통(해운),15043.0,217.0,㈜디엔브이비즈니스어슈어런스코리아,,NULL
788,기후에너지환경부,일신방직(주),2024,사업장,방적 및 가공사 제조업,50727.0,1059.0,로이드인증원㈜,,003200
789,기후에너지환경부,일진디스플레이(주),2024,사업장,전자 부품 제조업,15664.0,326.0,한국표준협회,,NULL
790,기후에너지환경부,일진제강(주),2024,사업장,1차 철강 제조업,53130.0,1073.0,한국표준협회,,NULL
791,기후에너지환경부,재단법인 대구경북과학기술원,2024,사업장,고등 교육기관,31474.0,643.0,한국표준협회,,NULL
792,기후에너지환경부,재단법인 아산사회복지재단,2024,사업장,병원,95744.0,1928.0,한국표준협회,,NULL
793,국토교통부,재단법인 오송첨단의료산업진흥재단,2024,사업장,건물,16372.0,335.0,한국표준협회,,NULL
794,기후에너지환경부,재원산업,2024,사업장,기초 화학물질 제조업,25225.0,665.0,(재)한국품질재단,,NULL
795,기후에너지환경부,전남대학교,2024,사업장,고등 교육기관,37811.0,769.0,한국표준협회,,NULL
796,산업통상자원부,전방(주),2024,업체,섬유,17410.0,362.0,(주)한국경영인증원,,000950
797,기후에너지환경부,전북대학교,2024,사업장,고등 교육기관,35713.0,735.0,(주)한국경영인증원,,NULL
798,국토교통부,전북대학교병원,2024,사업장,건물,21845.0,458.0,(재)한국화학융합시험연구원,,NULL
799,기후에너지환경부,전북집단에너지 주식회사,2024,업체,"증기, 냉ㆍ온수 및 공기 조절 공급업",195564.0,2313.0,로이드인증원㈜,,NULL
800,기후에너지환경부,전주시,2024,업체,폐기물 처리업,168919.0,1771.0,㈜한국품질보증원,,NULL
801,국토교통부,전차연물류(주),2024,사업장,교통(화물),14359.0,204.0,㈜한국품질보증원,,NULL
802,기후에너지환경부,제이비 주식회사,2024,사업장,"증기, 냉ㆍ온수 및 공기 조절 공급업",28524.0,572.0,(재)한국품질재단,,NULL
803,기후에너지환경부,제이셋스태츠칩팩코리아(유),2024,사업장,반도체 제조업,100223.0,2090.0,(주)신화엔지니어링종합건축사사무소,,NULL
804,산업통상자원부,제이아이금속(주),2024,사업장,비철금속,19157.0,311.0,(주)한국경영인증원,,NULL
805,기후에너지환경부,제주신화월드 주식회사,2024,사업장,일반 및 생활 숙박시설 운영업,44436.0,882.0,(주)한국경영인증원,"""람정제주개발 주식회사"" 업체명 변경",NULL
806,기후에너지환경부,제주특별자치도,2024,업체,폐기물 처리업,354623.0,3359.0,한국표준협회,,NULL
807,기후에너지환경부,제주특별자치도개발공사,2024,사업장,비알코올 음료 및 얼음 제조업,32721.0,664.0,한국표준협회,,NULL
808,기후에너지환경부,제주항공(주),2024,업체,항공 여객 운송업,228618.0,3278.0,(재)한국화학융합시험연구원,,089590
809,기후에너지환경부,제천시,2024,사업장,"하수, 폐수 및 분뇨 처리업",45322.0,354.0,(재)한국품질재단,,NULL
810,산업통상자원부,조선내화(주),2024,사업장,요업,18507.0,353.0,(재)한국품질재단,,462520
811,기후에너지환경부,조일알미늄 주식회사,2024,사업장,1차 비철금속 제조업,84268.0,1706.0,(재)한국품질재단,,018470
812,산업통상자원부,존슨일렉트릭오퍼레이션스(주),2024,사업장,자동차,16579.0,328.0,한국표준협회,,NULL
813,산업통상자원부,주성엔지니어링(주),2024,사업장,기계,19662.0,406.0,㈜디엔브이비즈니스어슈어런스코리아,,036930
814,기후에너지환경부,주식회사 GS구미열병합발전,2024,업체,"증기, 냉ㆍ온수 및 공기 조절 공급업",1074616.0,12266.0,(재)한국품질재단,,NULL
815,기후에너지환경부,주식회사 GS반월열병합발전,2024,업체,"증기, 냉ㆍ온수 및 공기 조절 공급업",879990.0,10283.0,(재)한국품질재단,,NULL
816,국토교통부,주식회사 경방,2024,사업장,건물,18122.0,375.0,한국생산성본부인증원(주),,000050
817,기후에너지환경부,주식회사 고려제지,2024,업체,"펄프, 종이 및 판지 제조업",149257.0,3748.0,(주)한국경영인증원,,NULL
818,산업통상자원부,주식회사 광주글로벌모터스,2024,사업장,자동차,19065.0,388.0,(주)한국경영인증원,,NULL
819,기후에너지환경부,주식회사 구미그린,2024,사업장,폐기물 처리업,56938.0,31.0,한국표준협회,"""주식회사 에코이앤이"" 업체명 변경",NULL
820,국토교통부,주식회사 국민은행,2024,업체,건물,92871.0,1494.0,한국표준협회,,031150
821,기후에너지환경부,주식회사 그린바이로,2024,사업장,폐기물 처리업,75079.0,17.0,한국표준협회,,NULL
822,기후에너지환경부,주식회사 그린밸리,2024,사업장,폐기물 처리업,35571.0,33.0,㈜한국품질보증원,,NULL
823,국토교통부,주식회사 남성버스,2024,사업장,교통(여객),15804.0,297.0,(주)한국경영인증원,,NULL
824,산업통상자원부,주식회사 네패스 라웨,2024,사업장,반도체,6237.0,129.0,(주)한국경영인증원,,NULL
825,산업통상자원부,주식회사 녹수,2024,사업장,석유화학,28682.0,581.0,로이드인증원㈜,,NULL
826,기후에너지환경부,주식회사 농심,2024,업체,기타 식품 제조업,189047.0,3771.0,한국표준협회,,004370
827,기후에너지환경부,주식회사 뉴그린,2024,업체,폐기물 처리업,104518.0,242.0,(주)한국경영인증원,,NULL
828,기후에너지환경부,주식회사 대륜발전,2024,업체,"증기, 냉ㆍ온수 및 공기 조절 공급업",658637.0,13051.0,한국표준협회,,NULL
829,국토교통부,주식회사 대전신세계,2024,사업장,건물,21912.0,454.0,(주)한국경영인증원,,NULL
830,기후에너지환경부,주식회사 대창,2024,사업장,1차 비철금속 제조업,30155.0,617.0,한국가스안전공사,,012800
831,기후에너지환경부,주식회사 대한세라믹스,2024,사업장,"내화, 비내화 요업제품 제조업",33095.0,601.0,(주)한국경영인증원,,NULL
832,기후에너지환경부,주식회사 대호에이엘,2024,사업장,1차 비철금속 제조업,26366.0,529.0,(주)한국경영인증원,,069460
833,기후에너지환경부,주식회사 더블유티씨서울,2024,사업장,부동산 임대 및 공급업,58002.0,1195.0,(주)한국경영인증원,,NULL
834,기후에너지환경부,주식회사 덕양에너젠,2024,업체,기초 화학물질 제조업,32041.0,662.0,지속가능인증원주식회사,,0001A0
835,국토교통부,주식회사 동부고속,2024,사업장,교통(여객),21853.0,321.0,(주)한국경영인증원,,NULL
836,기후에너지환경부,주식회사 동성케미컬,2024,사업장,기초 화학물질 제조업,27046.0,535.0,한국생산성본부인증원(주),,102260
837,산업통상자원부,주식회사 동아,2024,사업장,기계,17198.0,356.0,한국표준협회,,NULL
838,기후에너지환경부,주식회사 디비메탈,2024,업체,1차 철강 제조업,180424.0,2130.0,(재)한국품질재단,,NULL
839,기후에너지환경부,주식회사 디비하이텍,2024,업체,반도체 제조업,278302.0,4069.0,(주)비에스아이그룹코리아,,NULL
840,국토교통부,주식회사 디앤오,2024,사업장,건물,16937.0,346.0,(재)한국품질재단,,NULL
841,기후에너지환경부,주식회사 디에스단석,2024,사업장,1차 비철금속 제조업,86023.0,1599.0,한국표준협회,,NULL
842,산업통상자원부,주식회사 디엔 오토모티브,2024,사업장,전기전자,21476.0,447.0,한국표준협회,,NULL
843,산업통상자원부,주식회사 메타즈,2024,사업장,기계,9327.0,192.0,㈜한국품질보증원,,NULL
844,기후에너지환경부,주식회사 명성,2024,사업장,육상 여객 운송업,23450.0,406.0,(주)한국경영인증원,,NULL
845,기후에너지환경부,주식회사 명성환경,2024,사업장,폐기물 처리업,38.0,116.0,(주)한국경영인증원,,NULL
846,국토교통부,주식회사 무주덕유산리조트,2024,사업장,건물,17943.0,331.0,(주)한국경영인증원,,NULL
847,국토교통부,주식회사 문화방송,2024,사업장,건물,15957.0,349.0,지속가능인증원주식회사,,NULL
848,기후에너지환경부,주식회사 범우,2024,사업장,폐기물 처리업,95337.0,76.0,한국표준협회,,NULL
849,기후에너지환경부,주식회사 베어링아트,2024,사업장,자동차 신품 부품 제조업,62874.0,1298.0,한국표준협회,,NULL
850,기후에너지환경부,주식회사 삼기,2024,사업장,자동차 신품 부품 제조업,63431.0,1211.0,(주)한국경영인증원,,122350
851,기후에너지환경부,주식회사 삼보광업,2024,업체,"시멘트, 석회, 플라스터 및 그 외 제품 제조업",166725.0,382.0,한국생산성본부인증원(주),,NULL
852,기후에너지환경부,주식회사 삼양사,2024,업체,"곡물 가공품, 전분 및 전분제품 제조업",264263.0,6241.0,한국표준협회,,145990
853,기후에너지환경부,주식회사 삼양패키징,2024,업체,플라스틱 제품 제조업,134673.0,2919.0,한국표준협회,,272550
854,기후에너지환경부,주식회사 삼영,2024,사업장,플라스틱 제품 제조업,32488.0,667.0,한국표준협회,,003720
855,국토교통부,주식회사 서부티엔디,2024,사업장,건물,22314.0,459.0,(주)한국경영인증원,,NULL
856,기후에너지환경부,주식회사 서원환경,2024,사업장,폐기물 처리업,31301.0,2.0,한국표준협회,"""㈜에코비트에너지청원"" 업체명 변경",NULL
857,기후에너지환경부,주식회사 세아베스틸,2024,업체,1차 철강 제조업,1155808.0,18418.0,한국표준협회,,NULL
858,기후에너지환경부,주식회사 세아베스틸지주,2024,업체,1차 철강 제조업,485.0,9.0,한국표준협회,,001430
859,기후에너지환경부,주식회사 세아창원특수강,2024,업체,1차 철강 제조업,436291.0,7917.0,한국표준협회,,NULL
860,기후에너지환경부,주식회사 세진메탈,2024,사업장,1차 비철금속 제조업,33018.0,532.0,(주)한국경영인증원,,NULL
861,기후에너지환경부,주식회사 소노인터내셔널,2024,사업장,일반 및 생활 숙박시설 운영업,136468.0,2747.0,(주)한국경영인증원,,NULL
862,기후에너지환경부,주식회사 스타필드고양,2024,사업장,부동산 임대 및 공급업,25819.0,576.0,㈜한국품질보증원,,NULL
863,국토교통부,주식회사 스타필드안성,2024,사업장,건물,18077.0,374.0,㈜한국품질보증원,,NULL
864,기후에너지환경부,주식회사 스타필드하남,2024,사업장,부동산 임대 및 공급업,24865.0,518.0,㈜한국품질보증원,,NULL
865,국토교통부,주식회사 신세계동대구복합환승센터,2024,사업장,건물,23534.0,489.0,(주)한국경영인증원,,NULL
866,국토교통부,주식회사 신한은행,2024,업체,건물,70718.0,1173.0,㈜디엔브이비즈니스어슈어런스코리아,,000010
867,기후에너지환경부,주식회사 심텍,2024,사업장,전자 부품 제조업,106014.0,2306.0,㈜디엔브이비즈니스어슈어런스코리아,,222800
868,기후에너지환경부,주식회사 심팩인더스트리,2024,업체,1차 철강 제조업,673.0,12.0,(재)한국품질재단,,005350
869,산업통상자원부,주식회사 아이유제지,2024,사업장,제지,16312.0,246.0,(주)한국경영인증원,,NULL
870,기후에너지환경부,주식회사 알테크노메탈,2024,사업장,금속 주조업,32283.0,554.0,(주)한국경영인증원,,NULL
871,기후에너지환경부,주식회사 알트론전주,2024,사업장,자동차 신품 부품 제조업,33439.0,0.0,,,NULL
872,기후에너지환경부,주식회사 에너지네트웍,2024,업체,폐기물 처리업,168841.0,317.0,(주)한국경영인증원,,NULL
873,기후에너지환경부,주식회사 에스알,2024,업체,철도 운송업,168201.0,3515.0,(주)비에스아이그룹코리아,,NULL
874,기후에너지환경부,주식회사 에스에프에이반도체,2024,사업장,반도체 제조업,30280.0,607.0,(주)신화엔지니어링종합건축사사무소,,NULL
875,기후에너지환경부,주식회사 에스엔엔씨,2024,업체,1차 비철금속 제조업,1293791.0,15686.0,(재)한국품질재단,,NULL
876,기후에너지환경부,주식회사 에스피씨삼립,2024,사업장,기타 식품 제조업,97440.0,2018.0,(주)비에스아이그룹코리아,,NULL
877,기후에너지환경부,주식회사 에스피에스엔에이,2024,사업장,"시멘트, 석회, 플라스터 및 그 외 제품 제조업",34359.0,702.0,(재)한국품질재단,,NULL
878,기후에너지환경부,주식회사 에어퍼스트,2024,업체,기초 화학물질 제조업,674270.0,13928.0,한국가스안전공사,,NULL
879,산업통상자원부,주식회사 에이팩트,2024,사업장,전기전자,28331.0,589.0,(주)한국경영인증원,,200470
880,산업통상자원부,주식회사 에이프로젠바이오로직스,2024,사업장,의약품 제조업,17335.0,356.0,로이드인증원㈜,,003060
881,기후에너지환경부,주식회사 에코라임,2024,업체,"시멘트, 석회, 플라스터 및 그 외 제품 제조업",104213.0,521.0,(주)신화엔지니어링종합건축사사무소,,NULL
882,기후에너지환경부,주식회사 에코비트에너지명성,2024,업체,폐기물 처리업,39036.0,47.0,한국표준협회,,NULL
883,기후에너지환경부,주식회사 에코비트에너지울산,2024,사업장,"증기, 냉ㆍ온수 및 공기 조절 공급업",90248.0,1075.0,한국표준협회,,NULL
884,산업통상자원부,주식회사 에코프로에이피,2024,사업장,석유화학,31849.0,665.0,(주)한국경영인증원,,NULL
885,산업통상자원부,주식회사 에코프로이엠,2024,사업장,일차전지 및 축전지 제조업,103448.0,2161.0,(주)한국경영인증원,,NULL
886,기후에너지환경부,주식회사 엘엑스하우시스,2024,업체,플라스틱 제품 제조업,113467.0,2180.0,㈜디엔브이비즈니스어슈어런스코리아,,NULL
887,기후에너지환경부,주식회사 엘지에너지솔루션,2024,업체,일차전지 및 축전지 제조업,408140.0,8860.0,한국표준협회,,373220
888,기후에너지환경부,주식회사 엘지화학,2024,업체,기초 화학물질 제조업,8351819.0,162530.0,(재)한국품질재단,,051910
889,기후에너지환경부,주식회사 영풍,2024,업체,1차 비철금속 제조업,766796.0,13573.0,(재)한국품질재단,,000670
890,기후에너지환경부,주식회사 영흥산업환경,2024,사업장,폐기물 처리업,136221.0,569.0,㈜한국품질보증원,,NULL
891,국토교통부,주식회사 우리은행,2024,업체,건물,71633.0,1090.0,(주)한국경영인증원,,000030
892,기후에너지환경부,주식회사 윈팩,2024,사업장,반도체 제조업,24045.0,500.0,한국표준협회,,097800
893,기후에너지환경부,주식회사 유니드,2024,업체,기초 화학물질 제조업,300606.0,7482.0,로이드인증원㈜,,014830
894,기후에너지환경부,주식회사 유니드비티플러스,2024,업체,나무제품 제조업,54199.0,2217.0,로이드인증원㈜,,446070
895,기후에너지환경부,주식회사 유니큰,2024,업체,폐기물 처리업,89177.0,490.0,지속가능인증원주식회사,,NULL
896,기후에너지환경부,주식회사 이랜드리테일,2024,업체,종합 소매업,155694.0,3235.0,한국표준협회,,NULL
897,기후에너지환경부,주식회사 이엠케이승경,2024,사업장,폐기물 처리업,45824.0,521.0,(주)한국경영인증원,,NULL
898,기후에너지환경부,주식회사 전주원파워,2024,사업장,전기업,42794.0,6028.0,한국표준협회,,NULL
899,기후에너지환경부,주식회사 전주페이퍼,2024,업체,"펄프, 종이 및 판지 제조업",449587.0,8181.0,한국표준협회,,NULL
900,기후에너지환경부,주식회사 정선라임,2024,사업장,"시멘트, 석회, 플라스터 및 그 외 제품 제조업",86578.0,284.0,한국표준협회,,NULL
901,기후에너지환경부,주식회사 지알엠,2024,사업장,1차 비철금속 제조업,79123.0,963.0,한국표준협회,,NULL
902,국토교통부,주식회사 지에스리테일,2024,업체,건물,52444.0,1081.0,(주)한국경영인증원,,007070
903,기후에너지환경부,주식회사 지에스이앤알,2024,업체,"증기, 냉ㆍ온수 및 공기 조절 공급업",632.0,12.0,(재)한국품질재단,,NULL
904,기후에너지환경부,주식회사 지에스포천그린에너지,2024,업체,"증기, 냉ㆍ온수 및 공기 조절 공급업",959022.0,13074.0,㈜디엔브이비즈니스어슈어런스코리아,,NULL
905,기후에너지환경부,주식회사 진로발효,2024,사업장,알코올 음료 제조업,30278.0,734.0,(재)한국품질재단,,018120
906,기후에너지환경부,주식회사 진에어,2024,업체,항공 여객 운송업,217123.0,3108.0,한국표준협회,,272450
907,기후에너지환경부,주식회사 카프로,2024,업체,기초 화학물질 제조업,12244.0,237.0,(재)한국품질재단,,006380
908,기후에너지환경부,주식회사 케이씨씨글라스,2024,업체,유리 및 유리제품 제조업,718215.0,9619.0,(재)한국품질재단,,344820
909,기후에너지환경부,주식회사 케이씨씨실리콘,2024,업체,기초 화학물질 제조업,108896.0,1765.0,(재)한국품질재단,,NULL
910,기후에너지환경부,주식회사 케이티,2024,업체,전기 통신업,1141171.0,23543.0,㈜한국품질보증원,,030200
911,기후에너지환경부,주식회사 케이티클라우드,2024,업체,"자료 처리, 호스팅, 포털 및 기타 인터넷 정보 매개 서비스업",347380.0,7406.0,㈜한국품질보증원,,NULL
912,기후에너지환경부,주식회사 케이피에프,2024,사업장,기타 금속 가공제품 제조업,43892.0,906.0,(주)한국경영인증원,,024880
913,산업통상자원부,주식회사 케이피이그린에너지,2024,사업장,전기업,58289.0,7.0,한국표준협회,,NULL
914,산업통상자원부,주식회사 켐트로닉스,2024,사업장,디스플레이,22102.0,461.0,한국표준협회,,089010
915,기후에너지환경부,주식회사 코리아에어텍,2024,사업장,기초 화학물질 제조업,59020.0,1232.0,한국가스안전공사,,NULL
916,기후에너지환경부,주식회사 코엔텍,2024,업체,폐기물 처리업,328628.0,617.0,한국표준협회,,029960
917,기후에너지환경부,주식회사 태경비케이,2024,업체,"시멘트, 석회, 플라스터 및 그 외 제품 제조업",611753.0,2532.0,(주)한국경영인증원,,014580
918,기후에너지환경부,주식회사 태영이엠씨,2024,업체,"시멘트, 석회, 플라스터 및 그 외 제품 제조업",148256.0,773.0,한국표준협회,,NULL
919,기후에너지환경부,주식회사 티웨이항공,2024,업체,항공 여객 운송업,186993.0,2683.0,(재)한국화학융합시험연구원,,091810
920,기후에너지환경부,주식회사 파라다이스세가사미,2024,사업장,일반 및 생활 숙박시설 운영업,38983.0,798.0,한국표준협회,,NULL
921,기후에너지환경부,주식회사 팜한농,2024,업체,"비료, 농약 및 살균ㆍ살충제 제조업",60012.0,1024.0,한국표준협회,,NULL
922,산업통상자원부,주식회사 페트로코너지,2024,사업장,발전에너지,22739.0,1.0,(재)한국품질재단,,NULL
923,기후에너지환경부,주식회사 포스코,2024,업체,1차 철강 제조업,71065143.0,377239.0,(재)한국품질재단,,NULL
924,기후에너지환경부,주식회사 포스코모빌리티솔루션,2024,사업장,1차 철강 제조업,54924.0,1121.0,㈜디엔브이비즈니스어슈어런스코리아,,NULL
925,기후에너지환경부,주식회사 포스코엠씨머티리얼즈,2024,사업장,기초 화학물질 제조업,83843.0,1218.0,(재)한국품질재단,,NULL
926,기후에너지환경부,주식회사 포스코인터내셔널,2024,업체,전기업,4831068.0,95999.0,(재)한국품질재단,,047050
927,기후에너지환경부,주식회사 포스코퓨처엠,2024,업체,"시멘트, 석회, 플라스터 및 그 외 제품 제조업",2298133.0,18214.0,(재)한국품질재단,,003670
928,국토교통부,주식회사 포항버스,2024,사업장,교통(여객),19454.0,373.0,(주)한국경영인증원,,NULL
929,기후에너지환경부,주식회사 풍산,2024,업체,1차 비철금속 제조업,240625.0,4946.0,한국표준협회,,103140
930,산업통상자원부,주식회사 피앤오케미칼,2024,사업장,석유화학,47914.0,871.0,(재)한국품질재단,,NULL
931,기후에너지환경부,주식회사 피에스엠,2024,사업장,기타 금속 가공제품 제조업,9293.0,170.0,로이드인증원㈜,,NULL
932,기후에너지환경부,주식회사 피엔알,2024,업체,"해체, 선별 및 원료 재생업",138340.0,1971.0,(재)한국품질재단,,NULL
933,산업통상자원부,주식회사 피케이엘,2024,사업장,전기전자,16047.0,330.0,(주)한국경영인증원,,039870
934,국토교통부,주식회사 하나은행,2024,업체,건물,65393.0,994.0,한국표준협회,,002860
935,기후에너지환경부,주식회사 하이호휠,2024,사업장,자동차 신품 부품 제조업,22577.0,458.0,지속가능인증원주식회사,,NULL
936,국토교통부,주식회사 한국거래소,2024,사업장,건물,18445.0,383.0,한국표준협회,,NULL
937,기후에너지환경부,주식회사 한국알스트롬,2024,사업장,"펄프, 종이 및 판지 제조업",46832.0,615.0,(재)한국품질재단,,NULL
938,기후에너지환경부,주식회사 호텔롯데,2024,업체,일반 및 생활 숙박시설 운영업,156449.0,3192.0,(주)한국경영인증원,,NULL
939,국토교통부,주식회사 호텔신라,2024,사업장,건물,21716.0,443.0,한국표준협회,,008770
940,기후에너지환경부,주식회사 효성,2024,사업장,기타 섬유제품 제조업,29477.0,602.0,㈜디엔브이비즈니스어슈어런스코리아,,004800
941,기후에너지환경부,주식회사 후성,2024,업체,기초 화학물질 제조업,218395.0,775.0,한국가스안전공사,,093370
942,기후에너지환경부,주식회사 휴스틸,2024,사업장,1차 철강 제조업,30450.0,620.0,(주)신화엔지니어링종합건축사사무소,,005010
943,국토교통부,주식회사경기상운,2024,사업장,교통(여객),18284.0,321.0,(주)한국경영인증원,,NULL
944,기후에너지환경부,주식회사금강고속,2024,사업장,육상 여객 운송업,23408.0,340.0,한국표준협회,,NULL
945,해양수산부,주식회사비엔씨티,2024,사업장,기타 운송관련 서비스업,33079.0,613.0,한국표준협회,,NULL
946,국토교통부,중소기업은행,2024,업체,건물,55321.0,799.0,한국표준협회,,NULL
947,산업통상자원부,지에스에코메탈 주식회사,2024,사업장,비철금속,25012.0,338.0,대일이엔씨기술(주),,NULL
948,기후에너지환경부,지에스이피에스,2024,업체,전기업,3006264.0,70079.0,로이드인증원㈜,,NULL
949,기후에너지환경부,지에스칼텍스 주식회사,2024,업체,석유 정제품 제조업,8645917.0,120164.0,(재)한국품질재단,,NULL
950,국토교통부,지엠테크니컬센터코리아 주식회사,2024,사업장,건물,14310.0,291.0,한국표준협회,,NULL
951,기후에너지환경부,진양특수강(주),2024,사업장,1차 철강 제조업,28105.0,561.0,한국표준협회,,NULL
952,기후에너지환경부,진영페이퍼 주식회사,2024,사업장,"펄프, 종이 및 판지 제조업",90152.0,875.0,(주)한국경영인증원,,NULL
953,기후에너지환경부,진주시,2024,사업장,폐기물 처리업,123714.0,605.0,지속가능인증원주식회사,,NULL
954,기후에너지환경부,진천군,2024,사업장,폐기물,19877.0,163.0,한국표준협회,,NULL
955,기후에너지환경부,창원시,2024,업체,폐기물 처리업,240936.0,2417.0,㈜한국품질보증원,,NULL
956,기후에너지환경부,천안시,2024,업체,폐기물 처리업,157838.0,1745.0,㈜한국품질보증원,,NULL
957,국토교통부,천일정기화물자동차(주),2024,사업장,교통(화물),20004.0,289.0,한국표준협회,,NULL
958,기후에너지환경부,천일제지(주),2024,사업장,"펄프, 종이 및 판지 제조업",61416.0,1000.0,(주)한국경영인증원,,NULL
959,국토교통부,청양산업 주식회사,2024,사업장,육상운송 및 파이프라인 운송업,11975.0,170.0,(주)한국경영인증원,,NULL
960,기후에너지환경부,청주시,2024,업체,폐기물 처리업,223223.0,1892.0,(재)한국화학융합시험연구원,,NULL
961,산업통상자원부,청주에코파크 주식회사,2024,사업장,전기업,55904.0,2.0,한국표준협회,,NULL
962,기후에너지환경부,초당환경(유),2024,사업장,폐기물 처리업,25578.0,72.0,(재)한국품질재단,,NULL
963,기후에너지환경부,춘천시,2024,업체,폐기물 처리업,100615.0,1559.0,(재)한국화학융합시험연구원,,NULL
964,기후에너지환경부,춘천에너지 주식회사,2024,업체,"증기, 냉ㆍ온수 및 공기 조절 공급업",876707.0,15881.0,로이드인증원㈜,,NULL
965,기후에너지환경부,충남대학교,2024,사업장,고등 교육기관,30486.0,631.0,로이드인증원㈜,,NULL
966,국토교통부,충남대학교병원,2024,사업장,건물,20156.0,418.0,한국표준협회,,NULL
967,국토교통부,충북대학교,2024,사업장,건물,20700.0,419.0,한국표준협회,,NULL
968,기후에너지환경부,충주시,2024,사업장,폐기물 처리업,74508.0,749.0,(재)한국품질재단,,NULL
969,산업통상자원부,컬러스앤이펙츠코리아(주),2024,사업장,석유화학,15990.0,551.0,(재)한국품질재단,,NULL
970,산업통상자원부,케이브이머티리얼즈 주식회사,2024,사업장,유리,17098.0,438.0,㈜한국품질보증원,,NULL
971,기후에너지환경부,케이씨글라스(주),2024,사업장,유리 및 유리제품 제조업,42720.0,709.0,(주)신화엔지니어링종합건축사사무소,,NULL
972,기후에너지환경부,케이씨씨,2024,업체,"시멘트, 석회, 플라스터 및 그 외 제품 제조업",611594.0,11491.0,(재)한국품질재단,,002380
973,기후에너지환경부,케이씨주식회사,2024,업체,기초 화학물질 제조업,181558.0,2520.0,한국표준협회,,029460
974,기후에너지환경부,케이알에너지(주),2024,사업장,"증기, 냉ㆍ온수 및 공기 조절 공급업",44016.0,472.0,한국표준협회,,NULL
975,기후에너지환경부,케이알코폴리머 유한회사,2024,사업장,합성고무 및 플라스틱 물질 제조업,28916.0,387.0,(주)한국경영인증원,,NULL
976,산업통상자원부,케이에이에프 주식회사,2024,사업장,섬유,24420.0,420.0,한국표준협회,,NULL
977,기후에너지환경부,케이엠씨해운 주식회사,2024,사업장,해상 운송업,43505.0,603.0,㈜디엔브이비즈니스어슈어런스코리아,,NULL
978,기후에너지환경부,케이오씨(주),2024,사업장,기초 화학물질 제조업,35161.0,842.0,(주)한국경영인증원,,NULL
979,기후에너지환경부,케이지모빌리티 주식회사,2024,업체,자동차용 엔진 및 자동차 제조업,117223.0,2368.0,㈜한국품질보증원,,NULL
980,기후에너지환경부,케이지스틸 주식회사,2024,업체,1차 철강 제조업,404489.0,8639.0,(재)한국품질재단,,NULL
981,기후에너지환경부,케이지에코솔루션 주식회사,2024,업체,폐기물 처리업,1562.0,28.0,로이드인증원㈜,,NULL
982,기후에너지환경부,케이지케미칼 주식회사,2024,사업장,"비료, 농약 및 살균ㆍ살충제 제조업",37313.0,457.0,(주)한국경영인증원,,NULL
983,기후에너지환경부,코닝정밀소재 주식회사,2024,업체,유리 및 유리제품 제조업,490292.0,9852.0,로이드인증원㈜,,NULL
984,기후에너지환경부,코리아PTG(주),2024,사업장,기초 화학물질 제조업,103089.0,900.0,(재)한국품질재단,,NULL
985,기후에너지환경부,코스모신소재(주),2024,사업장,기타 화학제품 제조업,62428.0,1164.0,한국표준협회,,005070
986,기후에너지환경부,코스모화학,2024,사업장,기초 화학물질 제조업,94980.0,1720.0,한국표준협회,,005420
987,기후에너지환경부,코스포영남파워 주식회사,2024,업체,전기업,850361.0,16906.0,한국표준협회,,NULL
988,기후에너지환경부,코어엔텍 주식회사,2024,업체,폐기물 처리업,293163.0,1833.0,로이드인증원㈜,,NULL
989,산업통상자원부,코오롱글로텍(주),2024,사업장,섬유,20679.0,332.0,한국표준협회,,NULL
990,기후에너지환경부,코오롱바스프이노폼 주식회사,2024,사업장,합성고무 및 플라스틱 물질 제조업,101273.0,1600.0,한국표준협회,,NULL
991,기후에너지환경부,코오롱이앤피(주),2024,업체,합성고무 및 플라스틱 물질 제조업,131361.0,2125.0,한국표준협회,,NULL
992,기후에너지환경부,코오롱인더스트리 주식회사,2024,업체,합성고무 및 플라스틱 물질 제조업,554983.0,10426.0,한국표준협회,,NULL
993,농림축산식품부,코카콜라음료(주),2024,사업장,음료제조업,20014.0,408.0,(재)한국품질재단,,NULL
994,국토교통부,쿠팡로지스틱스서비스 유한회사,2024,사업장,도로 화물 운송업,97956.0,1664.0,㈜디엔브이비즈니스어슈어런스코리아,,NULL
995,국토교통부,쿠팡풀필먼트서비스 유한회사,2024,업체,보관 및 창고업,236793.0,4930.0,㈜디엔브이비즈니스어슈어런스코리아,,NULL
996,기후에너지환경부,크나우프석고보드 주식회사,2024,업체,"시멘트, 석회, 플라스터 및 그 외 제품 제조업",110088.0,2187.0,(재)한국품질재단,,NULL
997,산업통상자원부,타타대우모빌리티 주식회사,2024,사업장,자동차,16325.0,308.0,한국생산성본부인증원(주),"""타타대우상용차 주식회사"" 업체명 변경",NULL
998,기후에너지환경부,태경산업(주),2024,업체,1차 철강 제조업,99941.0,1409.0,(주)한국경영인증원,,015890
999,기후에너지환경부,태광산업 주식회사,2024,업체,기초 화학물질 제조업,895831.0,12933.0,한국표준협회,,003240
1000,기후에너지환경부,태림페이퍼주식회사,2024,업체,"펄프, 종이 및 판지 제조업",385762.0,5760.0,㈜한국품질보증원,,019300
1001,기후에너지환경부,태봉광업 주식회사,2024,업체,"시멘트, 석회, 플라스터 및 그 외 제품 제조업",241973.0,611.0,(주)비에스아이그룹코리아,,NULL
1002,산업통상자원부,태양금속공업(주),2024,사업장,기계,20806.0,399.0,(주)한국경영인증원,,004100
1003,기후에너지환경부,태영세라믹(주),2024,사업장,"내화, 비내화 요업제품 제조업",32550.0,539.0,한국표준협회,,NULL
1004,기후에너지환경부,통영시,2024,사업장,폐기물 처리업,37643.0,354.0,(재)한국품질재단,,NULL
1005,산업통상자원부,티케이지에코머티리얼 주식회사,2024,사업장,섬유,3154.0,91.0,(재)한국품질재단,,NULL
1006,기후에너지환경부,티케이지휴켐스 주식회사,2024,업체,기초 화학물질 제조업,108678.0,1528.0,(재)한국화학융합시험연구원,,069260
1007,기후에너지환경부,티케이케미칼,2024,업체,화학섬유 제조업,61590.0,1234.0,(주)한국경영인증원,,104480
1008,국토교통부,파르나스호텔 주식회사,2024,사업장,건물,21033.0,434.0,한국표준협회,,NULL
1009,기후에너지환경부,파인트리포스마그네슘 주식회사,2024,사업장,금속 주조업,35507.0,70.0,(재)한국품질재단,,NULL
1010,기후에너지환경부,파주시,2024,업체,폐기물 처리업,162221.0,1505.0,㈜한국품질보증원,,NULL
1011,기후에너지환경부,파주에너지서비스,2024,업체,전기업,4132297.0,80560.0,대일이엔씨기술(주),,NULL
1012,산업통상자원부,파주에코에너지(주),2024,사업장,발전에너지,22169.0,0.0,(주)한국경영인증원,,NULL
1013,기후에너지환경부,파주전기초자 주식회사,2024,사업장,유리 및 유리제품 제조업,21948.0,457.0,㈜디엔브이비즈니스어슈어런스코리아,,NULL
1014,산업통상자원부,팔미금속공업(주),2024,사업장,철강,15615.0,291.0,한국표준협회,,NULL
1015,기후에너지환경부,페이퍼코리아,2024,사업장,"펄프, 종이 및 판지 제조업",88730.0,1529.0,한국표준협회,,001020
1016,기후에너지환경부,평택시,2024,업체,"하수, 폐수 및 분뇨 처리업",123716.0,1899.0,㈜한국품질보증원,,NULL
1017,기후에너지환경부,평택에너지앤파워 주식회사,2024,업체,"증기, 냉ㆍ온수 및 공기 조절 공급업",1359985.0,26586.0,㈜디엔브이비즈니스어슈어런스코리아,"""평택에너지서비스㈜"" 업체명 변경",NULL
1018,기후에너지환경부,평화산업(주),2024,사업장,고무제품 제조업,31733.0,647.0,지속가능인증원주식회사,,090080
1019,산업통상자원부,평화오일씰공업(주),2024,사업장,자동차,14542.0,303.0,지속가능인증원주식회사,,NULL
1020,기후에너지환경부,포스코스틸리온(주),2024,사업장,1차 철강 제조업,120953.0,2368.0,한국표준협회,,058430
1021,기후에너지환경부,포스코홀딩스 주식회사,2024,업체,1차 철강 제조업,10745.0,222.0,(재)한국품질재단,,005490
1022,기후에너지환경부,포천민자발전 주식회사,2024,업체,전기업,1305244.0,25898.0,(주)한국경영인증원,,NULL
1023,기후에너지환경부,포천시,2024,사업장,폐기물 처리업,59149.0,615.0,㈜한국품질보증원,,NULL
1024,기후에너지환경부,포천파워(주),2024,업체,전기업,1729578.0,34369.0,(재)한국품질재단,,NULL
1025,기후에너지환경부,포항시,2024,업체,폐기물 처리업,164383.0,2492.0,㈜한국품질보증원,,NULL
1026,기후에너지환경부,폴리미래(주),2024,사업장,합성고무 및 플라스틱 물질 제조업,100796.0,1876.0,(재)한국화학융합시험연구원,,NULL
1027,기후에너지환경부,피아이첨단소재 주식회사,2024,사업장,플라스틱 제품 제조업,106164.0,1812.0,(재)한국품질재단,,NULL
1028,산업통상자원부,피유코어 주식회사,2024,사업장,석유화학,23768.0,543.0,한국표준협회,"""에스케이피유코어 주식회사"" 업체명 변경",NULL
1029,기후에너지환경부,하나마이크론,2024,사업장,반도체 제조업,36237.0,754.0,(주)한국경영인증원,,067310
1030,산업통상자원부,하나머티리얼즈(주),2024,사업장,반도체,25908.0,540.0,한국표준협회,,166090
1031,기후에너지환경부,하남시,2024,사업장,폐기물 처리업,37725.0,496.0,(재)한국품질재단,,NULL
1032,기후에너지환경부,하이트진로(주),2024,업체,알코올 음료 제조업,110066.0,2154.0,(재)한국품질재단,,000080
1033,기후에너지환경부,하이트진로산업(주),2024,사업장,유리 및 유리제품 제조업,30886.0,483.0,(주)한국경영인증원,,NULL
1034,기후에너지환경부,하이호경금속 주식회사,2024,사업장,1차 비철금속 제조업,30048.0,495.0,㈜한국품질보증원,,NULL
1035,기후에너지환경부,학교법인 가톨릭학원,2024,사업장,병원,138419.0,2826.0,한국표준협회,,NULL
1036,기후에너지환경부,학교법인 건국대학교,2024,사업장,고등 교육기관,75442.0,1526.0,(주)한국경영인증원,,NULL
1037,국토교통부,학교법인 경희학원,2024,업체,건물,60644.0,1249.0,로이드인증원㈜,,NULL
1038,국토교통부,학교법인 계명대학교,2024,사업장,건물,21117.0,437.0,(주)한국경영인증원,,NULL
1039,기후에너지환경부,학교법인 고려중앙학원,2024,사업장,고등 교육기관,111736.0,2302.0,㈜한국품질보증원,,NULL
1040,기후에너지환경부,학교법인 성균관대학,2024,사업장,고등 교육기관,70474.0,1428.0,(주)한국경영인증원,,NULL
1041,기후에너지환경부,학교법인 연세대학교,2024,업체,고등 교육기관,203451.0,4207.0,(재)한국품질재단,,NULL
1042,국토교통부,학교법인 영남학원,2024,사업장,건물,31385.0,645.0,㈜한국품질보증원,,NULL
1043,기후에너지환경부,학교법인 이화학당,2024,사업장,고등 교육기관,74582.0,3285.0,(주)한국경영인증원,,NULL
1044,국토교통부,학교법인 중앙대학교,2024,사업장,건물,20621.0,425.0,한국표준협회,,NULL
1045,기후에너지환경부,학교법인 포항공과대학교,2024,사업장,고등 교육기관,82127.0,1855.0,㈜한국품질보증원,,NULL
1046,기후에너지환경부,학교법인 한양학원,2024,사업장,고등 교육기관,80087.0,3199.0,(주)한국경영인증원,,NULL
1047,기후에너지환경부,한국가스공사,2024,업체,연료용 가스 제조 및 배관공급업,580251.0,11045.0,(주)신화엔지니어링종합건축사사무소,,036460
1048,기후에너지환경부,한국경남태양유전(주),2024,사업장,전자 부품 제조업,91403.0,1799.0,(주)한국경영인증원,,NULL
1049,기후에너지환경부,한국공항공사,2024,사업장,기타 운송관련 서비스업,92395.0,1903.0,로이드인증원㈜,,NULL
1050,국토교통부,한국과학기술연구원,2024,사업장,건물,18403.0,381.0,(주)한국경영인증원,,NULL
1051,기후에너지환경부,한국과학기술원,2024,사업장,고등 교육기관,87144.0,1785.0,(주)한국경영인증원,,NULL
1052,국토교통부,한국과학기술정보연구원,2024,사업장,건물,21435.0,447.0,(주)신화엔지니어링종합건축사사무소,,NULL
1053,산업통상자원부,한국기초소재(주),2024,사업장,시멘트,14473.0,295.0,한국표준협회,,NULL
1054,기후에너지환경부,한국남동발전,2024,업체,전기업,30710313.0,372122.0,대일이엔씨기술(주),,NULL
1055,기후에너지환경부,한국남부발전 주식회사,2024,업체,전기업,24346135.0,321462.0,(재)한국품질재단,,NULL
1056,기후에너지환경부,한국넥슬렌유한회사,2024,업체,합성고무 및 플라스틱 물질 제조업,87186.0,1750.0,한국표준협회,,NULL
1057,기후에너지환경부,한국니토옵티칼(주),2024,사업장,플라스틱 제품 제조업,35250.0,662.0,㈜디엔브이비즈니스어슈어런스코리아,,NULL
1058,기후에너지환경부,한국도로공사,2024,업체,기타 운송관련 서비스업,257639.0,5158.0,로이드인증원㈜,,NULL
1059,기후에너지환경부,한국동서발전 주식회사,2024,업체,전기업,25977192.0,319406.0,(주)한국경영인증원,,NULL
1060,산업통상자원부,한국무브넥스(주),2024,사업장,철강,17533.0,364.0,한국표준협회,,010100
1061,기후에너지환경부,한국바스프 주식회사,2024,업체,기초 화학물질 제조업,679307.0,10140.0,(재)한국품질재단,,NULL
1062,국토교통부,한국방송공사,2024,사업장,건물,16045.0,336.0,대일이엔씨기술(주),,NULL
1063,국토교통부,한국보훈복지의료공단,2024,사업장,건물,15104.0,310.0,한국표준협회,,NULL
1064,기후에너지환경부,한국서부발전,2024,업체,전기업,26963939.0,333061.0,(주)신화엔지니어링종합건축사사무소,,NULL
1065,산업통상자원부,한국세큐리트(주),2024,사업장,유리,27085.0,564.0,(주)한국경영인증원,,NULL
1066,기후에너지환경부,한국수력원자력,2024,업체,전기업,3681792.0,73864.0,(재)한국품질재단,,NULL
1067,기후에너지환경부,한국수자원공사,2024,업체,수도업,802871.0,17454.0,(주)한국경영인증원,,NULL
1068,기후에너지환경부,한국수출포장공업(주),2024,업체,"펄프, 종이 및 판지 제조업",127017.0,1890.0,㈜디엔브이비즈니스어슈어런스코리아,,002200
1069,기후에너지환경부,한국쓰리엠(주),2024,사업장,플라스틱 제품 제조업,45247.0,928.0,한국표준협회,,NULL
1070,기후에너지환경부,한국씨엔티(주),2024,사업장,"시멘트, 석회, 플라스터 및 그 외 제품 제조업",43544.0,852.0,(주)한국경영인증원,,NULL
1071,산업통상자원부,한국알루미나(주),2024,사업장,석유화학,16483.0,244.0,한국표준협회,,NULL
1072,기후에너지환경부,한국알콜산업(주),2024,사업장,기초 화학물질 제조업,32846.0,1479.0,한국생산성본부인증원(주),,NULL
1073,기후에너지환경부,한국앤컴퍼니 주식회사,2024,업체,일차전지 및 축전지 제조업,83256.0,1718.0,(재)한국화학융합시험연구원,,000240
1074,산업통상자원부,한국야금(주),2024,사업장,기계,16100.0,332.0,(주)한국경영인증원,,NULL
1075,산업통상자원부,한국엔에스케이(주),2024,사업장,기계,19678.0,410.0,한국표준협회,,NULL
1076,기후에너지환경부,한국엔지니어링플라스틱,2024,업체,합성고무 및 플라스틱 물질 제조업,175429.0,3445.0,한국표준협회,,NULL
1077,기후에너지환경부,한국오웬스코닝(주),2024,사업장,유리 및 유리제품 제조업,83641.0,1605.0,대일이엔씨기술(주),,NULL
1078,국토교통부,한국원자력연구원,2024,사업장,건물,22817.0,471.0,로이드인증원㈜,,NULL
1079,국토교통부,한국원자력의학원,2024,사업장,건물,16174.0,332.0,로이드인증원㈜,,NULL
1080,기후에너지환경부,한국유미코아배터리머티리얼즈 유한책임회사,2024,사업장,일차전지 및 축전지 제조업,72926.0,1500.0,(재)한국품질재단,,NULL
1081,기후에너지환경부,한국이네오스스티롤루션 주식회사,2024,사업장,합성고무 및 플라스틱 물질 제조업,76298.0,1655.0,(재)한국품질재단,,NULL
1082,기후에너지환경부,한국전력공사,2024,업체,전기업,873710.0,8238.0,로이드인증원㈜,,015760
1083,국토교통부,한국전자통신연구원,2024,사업장,건물,20310.0,421.0,(주)신화엔지니어링종합건축사사무소,,NULL
1084,기후에너지환경부,한국제강 주식회사,2024,업체,1차 철강 제조업,223686.0,4126.0,한국표준협회,,NULL
1085,기후에너지환경부,한국제지 주식회사,2024,업체,"펄프, 종이 및 판지 제조업",311690.0,6433.0,(재)한국품질재단,,002300
1086,기후에너지환경부,한국주철관공업(주),2024,사업장,1차 철강 제조업,57389.0,759.0,한국표준협회,,000970
1087,기후에너지환경부,한국중부발전,2024,업체,전기업,31166623.0,395111.0,(재)한국품질재단,,NULL
1088,기후에너지환경부,한국지엠 주식회사,2024,업체,자동차용 엔진 및 자동차 제조업,238049.0,4844.0,한국표준협회,,NULL
1089,기후에너지환경부,한국지역난방공사,2024,업체,"증기, 냉ㆍ온수 및 공기 조절 공급업",5621836.0,114897.0,(주)신화엔지니어링종합건축사사무소,,NULL
1090,기후에너지환경부,한국철강,2024,업체,1차 철강 제조업,305515.0,5516.0,(주)한국경영인증원,,104700
1091,기후에너지환경부,한국철도공사,2024,업체,철도 운송업,1510796.0,30028.0,지속가능인증원주식회사,,NULL
1092,기후에너지환경부,한국타이어앤테크놀로지(주),2024,업체,고무제품 제조업,396117.0,8173.0,(재)한국품질재단,,161390
1093,기후에너지환경부,한국토지주택공사,2024,업체,"증기, 냉ㆍ온수 및 공기 조절 공급업",251252.0,5017.0,㈜디엔브이비즈니스어슈어런스코리아,,NULL
1094,국토교통부,한국표준과학연구원,2024,사업장,건물,22712.0,468.0,(주)신화엔지니어링종합건축사사무소,,NULL
1095,농림축산식품부,한국필립모리스(주),2024,사업장,담배제조업,14350.0,448.0,한국표준협회,,NULL
1096,기후에너지환경부,한국항공우주산업(주),2024,사업장,"항공기, 우주선 및 부품 제조업",67159.0,1391.0,(주)신화엔지니어링종합건축사사무소,,NULL
1097,국토교통부,한국핵융합에너지연구원,2024,사업장,건물,20157.0,420.0,(주)신화엔지니어링종합건축사사무소,,NULL
1098,해양수산부,한국허치슨터미널(주),2024,사업장,항만,19177.0,342.0,(주)한국경영인증원,,NULL
1099,기후에너지환경부,한국환경개발(주),2024,사업장,폐기물 처리업,74724.0,479.0,(주)한국경영인증원,,NULL
1100,기후에너지환경부,한라시멘트주식회사,2024,업체,"시멘트, 석회, 플라스터 및 그 외 제품 제조업",3725709.0,22386.0,한국표준협회,,NULL
1101,기후에너지환경부,한맥테코산업㈜,2024,사업장,폐기물 처리업,40340.0,27.0,㈜한국품질보증원,,NULL
1102,국토교통부,한무쇼핑 주식회사,2024,업체,건물,64007.0,1346.0,한국표준협회,,NULL
1103,기후에너지환경부,한미약품(주),2024,사업장,의약품 제조업,71770.0,1429.0,(주)한국경영인증원,,128940
1104,산업통상자원부,한미정밀화학(주),2024,사업장,석유화학,14605.0,338.0,(주)한국경영인증원,,NULL
1105,국토교통부,한성운수(주),2024,사업장,교통(여객),15905.0,305.0,(주)한국경영인증원,,NULL
1106,기후에너지환경부,한세이프에너지(주),2024,사업장,폐기물 처리업,47986.0,47.0,(재)한국품질재단,,NULL
1107,기후에너지환경부,한솔제지,2024,업체,"펄프, 종이 및 판지 제조업",923577.0,16580.0,(주)한국경영인증원,,213500
1108,기후에너지환경부,한솔페이퍼텍주식회사,2024,사업장,"펄프, 종이 및 판지 제조업",125098.0,1135.0,(주)한국경영인증원,,NULL
1109,기후에너지환경부,한온시스템 주식회사,2024,사업장,자동차 신품 부품 제조업,61700.0,1303.0,㈜디엔브이비즈니스어슈어런스코리아,,018880
1110,산업통상자원부,한융금속(주),2024,사업장,비철금속,17433.0,280.0,(주)한국경영인증원,,NULL
1111,기후에너지환경부,한일시멘트 주식회사,2024,업체,"시멘트, 석회, 플라스터 및 그 외 제품 제조업",3668271.0,24489.0,한국표준협회,,300720
1112,기후에너지환경부,한일제관(주),2024,사업장,기타 금속 가공제품 제조업,57100.0,1156.0,(주)한국경영인증원,,NULL
1113,산업통상자원부,한일캔 주식회사,2024,사업장,기계,23393.0,454.0,(주)한국경영인증원,,NULL
1114,기후에너지환경부,한일현대시멘트 주식회사,2024,업체,"시멘트, 석회, 플라스터 및 그 외 제품 제조업",3124044.0,21319.0,한국표준협회,,006390
1115,산업통상자원부,한전원자력연료 주식회사,2024,사업장,석유화학,22208.0,459.0,한국표준협회,,NULL
1116,산업통상자원부,한주라이트메탈 주식회사,2024,사업장,비철금속,20272.0,415.0,(재)한국품질재단,,198940
1117,해양수산부,한진부산컨테이너터미널,2024,사업장,기타 운송관련 서비스업,32876.0,657.0,(주)한국경영인증원,,NULL
1118,기후에너지환경부,한화솔루션 주식회사,2024,업체,기초 화학물질 제조업,2501207.0,48751.0,㈜디엔브이비즈니스어슈어런스코리아,,009830
1119,기후에너지환경부,한화에너지주식회사,2024,업체,"증기, 냉ㆍ온수 및 공기 조절 공급업",5014682.0,56941.0,한국표준협회,,NULL
1120,기후에너지환경부,한화에어로스페이스 주식회사,2024,사업장,무기 및 총포탄 제조업,114383.0,2230.0,㈜디엔브이비즈니스어슈어런스코리아,,012450
1121,기후에너지환경부,한화엔진 주식회사,2024,사업장,일반 목적용 기계 제조업,42358.0,762.0,㈜디엔브이비즈니스어슈어런스코리아,,082740
1122,기후에너지환경부,한화오션(주),2024,업체,선박 및 보트 건조업,455320.0,8160.0,㈜디엔브이비즈니스어슈어런스코리아,,042660
1123,산업통상자원부,한화오션에코텍(주),2024,사업장,조선,20912.0,321.0,(주)한국경영인증원,,NULL
1124,기후에너지환경부,한화임팩트 주식회사,2024,업체,기초 화학물질 제조업,516587.0,8995.0,㈜디엔브이비즈니스어슈어런스코리아,,NULL
1125,산업통상자원부,한화첨단소재,2024,사업장,석유화학,41748.0,858.0,㈜디엔브이비즈니스어슈어런스코리아,,NULL
1126,기후에너지환경부,한화토탈에너지스 주식회사,2024,업체,기초 화학물질 제조업,4679895.0,106381.0,한국가스안전공사,,NULL
1127,국토교통부,한화호텔앤드리조트 주식회사,2024,업체,건물,51889.0,1035.0,한국표준협회,,NULL
1128,기후에너지환경부,한황산업주식회사,2024,사업장,자동차 신품 부품 제조업,40082.0,747.0,㈜한국품질보증원,,NULL
1129,기후에너지환경부,해성디에스 주식회사,2024,사업장,반도체 제조업,66233.0,1450.0,(주)비에스아이그룹코리아,,195870
1130,농림축산식품부,해태에이치티비(주),2024,사업장,음료제조업,16119.0,474.0,(재)한국품질재단,,NULL
1131,기후에너지환경부,핸즈식스주식회사,2024,사업장,자동차 신품 부품 제조업,67612.0,1384.0,(주)한국경영인증원,,NULL
1132,기후에너지환경부,핸즈코퍼레이션주식회사,2024,사업장,자동차 신품 부품 제조업,59826.0,1214.0,(재)한국품질재단,,143210
1133,국토교통부,현대건설(주),2024,업체,건설,86306.0,1701.0,로이드인증원㈜,,000720
1134,기후에너지환경부,현대글로비스(주),2024,사업장,도로 화물 운송업,79527.0,1209.0,한국표준협회,,086280
1135,산업통상자원부,현대로템 주식회사,2024,사업장,기계,18977.0,382.0,(주)한국경영인증원,,064350
1136,기후에너지환경부,현대모비스(주),2024,업체,자동차 신품 부품 제조업,105334.0,2172.0,(재)한국품질재단,,012330
1137,기후에너지환경부,현대비앤지스틸(주),2024,사업장,1차 철강 제조업,72957.0,1494.0,㈜디엔브이비즈니스어슈어런스코리아,,004560
1138,기후에너지환경부,현대석회(주),2024,사업장,"시멘트, 석회, 플라스터 및 그 외 제품 제조업",86857.0,245.0,(주)한국경영인증원,,NULL
1139,기후에너지환경부,현대성우쏠라이트 주식회사,2024,사업장,일차전지 및 축전지 제조업,40368.0,832.0,로이드인증원㈜,,NULL
1140,기후에너지환경부,현대성우캐스팅 주식회사,2024,업체,자동차 신품 부품 제조업,194644.0,3784.0,(재)한국품질재단,,NULL
1141,기후에너지환경부,현대스틸파이프 주식회사,2024,사업장,1차 철강 제조업,38043.0,781.0,로이드인증원㈜,,NULL
1142,기후에너지환경부,현대아이에프씨 주식회사,2024,업체,1차 철강 제조업,230030.0,4250.0,로이드인증원㈜,,NULL
1143,국토교통부,현대엔지니어링(주),2024,사업장,건설,33148.0,672.0,로이드인증원㈜,,NULL
1144,산업통상자원부,현대오토에버 주식회사,2024,사업장,통신,20562.0,429.0,대일이엔씨기술(주),,307950
1145,기후에너지환경부,현대위아 주식회사,2024,업체,자동차 신품 부품 제조업,98202.0,2036.0,㈜디엔브이비즈니스어슈어런스코리아,,011210
1146,기후에너지환경부,현대자동차 주식회사,2024,업체,자동차용 엔진 및 자동차 제조업,1526375.0,31463.0,로이드인증원㈜,,005380
1147,기후에너지환경부,현대제철 주식회사,2024,업체,1차 철강 제조업,28817883.0,159662.0,로이드인증원㈜,,004020
1148,산업통상자원부,현대종합금속(주),2024,사업장,기계,18437.0,378.0,로이드인증원㈜,,NULL
1149,기후에너지환경부,현대종합특수강 주식회사,2024,사업장,1차 철강 제조업,46692.0,940.0,한국표준협회,,NULL
1150,기후에너지환경부,현대트랜시스 주식회사,2024,업체,자동차 신품 부품 제조업,190651.0,3948.0,㈜디엔브이비즈니스어슈어런스코리아,,NULL
1151,산업통상자원부,현우산업(주),2024,사업장,전기전자,15014.0,313.0,한국표준협회,,092300
1152,산업통상자원부,호스트웨이아이디씨(주),2024,사업장,통신,16431.0,343.0,로이드인증원㈜,,NULL
1153,기후에너지환경부,홈플러스 주식회사,2024,업체,종합 소매업,385477.0,7858.0,로이드인증원㈜,,NULL
1154,기후에너지환경부,홍덕산업(주),2024,사업장,1차 철강 제조업,61488.0,1374.0,한국생산성본부인증원(주),,NULL
1155,기후에너지환경부,홍원제지(주),2024,사업장,"펄프, 종이 및 판지 제조업",92212.0,1289.0,한국표준협회,,NULL
1156,기후에너지환경부,홍천군,2024,사업장,폐기물,16140.0,86.0,(재)한국품질재단,,NULL
1157,기후에너지환경부,화성시,2024,사업장,폐기물 처리업,135511.0,1207.0,㈜한국품질보증원,,NULL
1158,국토교통부,화영운수(주),2024,사업장,교통(여객),16404.0,280.0,한국표준협회,,NULL
1159,기후에너지환경부,화천군,2024,사업장,폐기물,18363.0,34.0,㈜한국품질보증원,,NULL
1160,기후에너지환경부,환영철강공업,2024,업체,1차 철강 제조업,223712.0,4076.0,㈜한국품질보증원,,NULL
1161,기후에너지환경부,효성네오켐 주식회사,2024,사업장,기초 화학물질 제조업,89671.0,1889.0,㈜디엔브이비즈니스어슈어런스코리아,,NULL
1162,기후에너지환경부,효성중공업 주식회사,2024,사업장,"전동기, 발전기 및 전기 변환ㆍ공급ㆍ제어 장치 제조업",52593.0,1093.0,㈜디엔브이비즈니스어슈어런스코리아,,298040
1163,기후에너지환경부,효성티앤씨 주식회사,2024,업체,화학섬유 제조업,244092.0,5436.0,㈜디엔브이비즈니스어슈어런스코리아,,298020
1164,기후에너지환경부,효성화학 주식회사,2024,업체,기초 화학물질 제조업,675406.0,14550.0,㈜디엔브이비즈니스어슈어런스코리아,,298000
1165,국토교통부,휘닉스중앙 주식회사,2024,사업장,건물,20879.0,417.0,(주)한국경영인증원,,NULL
1166,기후에너지환경부,휴비스,2024,업체,화학섬유 제조업,398301.0,5846.0,한국표준협회,,079980
1167,산업통상자원부,희성촉매(주),2024,사업장,석유화학,23978.0,488.0,한국표준협회,,NULL
1,환경부,(유)남해환경,2023,사업장,폐기물 처리업,29884.0,196.0,(재)한국품질재단,,NULL
3,환경부,(유)에스케이씨에보닉페록사이드코리아,2023,사업장,기초 화학물질 제조업,37721.0,773.0,(재)한국품질재단,,NULL
4,환경부,(유)청명,2023,사업장,폐기물,19665.0,392.0,㈜한국품질보증원,,NULL
6,국토교통부,(유)호남고속,2023,사업장,교통(여객),21201.0,327.0,(주)한국경영인증원,,NULL
8,국토교통부,(재)우체국물류지원단,2023,사업장,육상운송 및 파이프라인 운송업,18259.0,269.0,(주)한국경영인증원,,NULL
10,환경부,(주)HJ매그놀리아용평호텔앤리조트,2023,사업장,일반 및 생활 숙박시설 운영업,34421.0,687.0,(재)한국품질재단,,NULL
11,환경부,(주)MSC,2023,사업장,기타 식품 제조업,28764.0,578.0,(주)한국경영인증원,,NULL
12,환경부,(주)SIMPAC,2023,업체,1차 철강 제조업,232970.0,2524.0,한국표준협회,,009160
13,환경부,(주)SUN&L,2023,사업장,나무제품 제조업,60377.0,2405.0,한국표준협회,,002820
14,환경부,(주)강원랜드,2023,사업장,유원지 및 기타 오락관련 서비스업,79240.0,1598.0,로이드인증원㈜,,035250
15,환경부,(주)건화,2023,사업장,선박 및 보트 건조업,36955.0,668.0,한국표준협회,,NULL
16,환경부,(주)경기고속,2023,업체,육상 여객 운송업,119748.0,1903.0,(주)한국경영인증원,,NULL
17,환경부,(주)경동,2023,업체,석탄 광업,200831.0,389.0,(재)한국품질재단,,NULL
18,산업통상자원부,(주)경동원,2023,사업장,기계,8281.0,163.0,한국표준협회,,NULL
20,산업통상자원부,(주)경보제약,2023,사업장,석유화학,12824.0,284.0,한국표준협회,,214390
22,환경부,(주)경북고속,2023,사업장,육상 여객 운송업,28657.0,406.0,(주)한국경영인증원,,NULL
23,산업통상자원부,(주)경신전선,2023,사업장,전기전자,15452.0,320.0,로이드인증원㈜,,NULL
25,환경부,(주)그린스코,2023,사업장,폐기물 처리업,44371.0,120.0,(주)한국경영인증원,,NULL
26,환경부,(주)금남고속,2023,사업장,육상 여객 운송업,22663.0,323.0,(주)한국경영인증원,,NULL
27,환경부,(주)금비,2023,사업장,유리 및 유리제품 제조업,82890.0,1160.0,한국표준협회,,008870
28,해양수산부,(주)남해고속,2023,사업장,교통(해운),23780.0,338.0,한국표준협회,,NULL
30,산업통상자원부,(주)네오오토,2023,사업장,자동차,16828.0,348.0,(주)한국경영인증원,,212560
32,산업통상자원부,(주)네패스,2023,사업장,반도체,17017.0,351.0,(주)비에스아이그룹코리아,,033640
34,산업통상자원부,(주)넥센,2023,사업장,석유화학,17806.0,362.0,한국표준협회,,005720
36,환경부,(주)농협물류,2023,사업장,도로 화물 운송업,30046.0,434.0,한국표준협회,,NULL
37,농림축산식품부,(주)농협사료,2023,업체,식료품 제조업,88898.0,1829.0,(재)한국품질재단,,NULL
39,환경부,(주)다나에너지솔루션,2023,사업장,폐기물 처리업,61594.0,189.0,(주)한국경영인증원,,NULL
40,산업통상자원부,(주)대농,2023,사업장,섬유,9955.0,207.0,지속가능인증원주식회사,,NULL
42,환경부,(주)대동세라믹,2023,사업장,"내화, 비내화 요업제품 제조업",34712.0,624.0,(주)한국경영인증원,,NULL
43,환경부,(주)대림제지,2023,사업장,"펄프, 종이 및 판지 제조업",108392.0,1650.0,(재)한국품질재단,,017650
44,산업통상자원부,(주)대양금속,2023,사업장,기계,19503.0,386.0,(재)한국품질재단,,009190
46,국토교통부,(주)대우건설,2023,업체,건설,58077.0,1200.0,한국표준협회,,047040
48,산업통상자원부,(주)대욱케스트,2023,사업장,철강,15631.0,290.0,(주)한국경영인증원,,NULL
50,환경부,(주)대원고속,2023,업체,육상 여객 운송업,121483.0,1955.0,(주)한국경영인증원,,NULL
51,환경부,(주)대원농산,2023,사업장,폐기물,20377.0,132.0,㈜한국품질보증원,,NULL
53,환경부,(주)대원버스,2023,사업장,육상 여객 운송업,33931.0,580.0,(주)한국경영인증원,,NULL
54,국토교통부,(주)대원여객,2023,사업장,교통(여객),16542.0,317.0,(주)한국경영인증원,,NULL
56,환경부,(주)대원운수,2023,사업장,육상 여객 운송업,35334.0,589.0,(주)한국경영인증원,,NULL
57,환경부,(주)대유코아,2023,사업장,"시멘트, 석회, 플라스터 및 그 외 제품 제조업",111888.0,781.0,로이드인증원㈜,,NULL
58,산업통상자원부,(주)대천텍스타일,2023,사업장,섬유,16178.0,242.0,한국표준협회,,NULL
60,산업통상자원부,(주)대호특수강,2023,사업장,철강,38145.0,763.0,로이드인증원㈜,,021040
62,환경부,(주)대화제지,2023,사업장,"펄프, 종이 및 판지 제조업",349.0,6.0,㈜한국품질보증원,,NULL
63,산업통상자원부,(주)동광화학,2023,사업장,석유화학,23472.0,484.0,(주)한국경영인증원,,NULL
65,환경부,(주)동남,2023,사업장,1차 비철금속 제조업,56406.0,878.0,한국표준협회,,NULL
66,환경부,(주)동방,2023,사업장,도로 화물 운송업,59299.0,866.0,대일이엔씨기술(주),,004140
67,환경부,(주)동서기공,2023,사업장,자동차 신품 부품 제조업,46531.0,961.0,(주)한국경영인증원,,NULL
68,환경부,(주)동신포리마,2023,사업장,플라스틱 제품 제조업,33644.0,689.0,(주)한국경영인증원,,NULL
69,환경부,(주)동양고속,2023,사업장,육상 여객 운송업,54429.0,765.0,(주)한국경영인증원,,084670
70,환경부,(주)동양환경,2023,업체,폐기물 처리업,223315.0,833.0,(재)한국품질재단,,NULL
71,농림축산식품부,(주)동우팜투테이블,2023,사업장,식료품 제조업,14996.0,302.0,(주)한국경영인증원,,088910
73,농림축산식품부,(주)동원F&B,2023,업체,식료품 제조업,81061.0,1761.0,(주)한국경영인증원,,049770
75,산업통상자원부,(주)동진쎄미켐,2023,사업장,석유화학,24366.0,496.0,(주)한국경영인증원,,005290
77,산업통상자원부,(주)두산,2023,업체,전기전자,55566.0,1105.0,(재)한국품질재단,,000150
79,산업통상자원부,(주)두산테스나,2023,사업장,반도체,28533.0,596.0,(재)한국품질재단,,131970
81,산업통상자원부,(주)디알액시온,2023,사업장,비철금속,12929.0,263.0,(재)한국품질재단,,NULL
83,환경부,(주)디에이피,2023,사업장,전자 부품 제조업,78957.0,1637.0,(주)한국경영인증원,,066900
84,산업통상자원부,(주)디케이씨,2023,사업장,철강,19341.0,389.0,한국표준협회,,047440
86,산업통상자원부,(주)로옴코리아,2023,사업장,반도체,15399.0,321.0,㈜한국품질보증원,,NULL
88,농림축산식품부,(주)면사랑,2023,사업장,식료품 제조업,23813.0,517.0,한국표준협회,,NULL
90,환경부,(주)모나리자,2023,사업장,"펄프, 종이 및 판지 제조업",42114.0,771.0,(주)한국경영인증원,,012690
91,환경부,(주)미래페이퍼,2023,사업장,"펄프, 종이 및 판지 제조업",61595.0,1006.0,한국표준협회,,NULL
92,산업통상자원부,(주)방림,2023,사업장,섬유,21948.0,334.0,한국표준협회,,003610
94,환경부,(주)베르상스퍼시픽,2023,사업장,유리 및 유리제품 제조업,29605.0,498.0,로이드인증원㈜,,NULL
95,환경부,(주)벽산,2023,사업장,유리 및 유리제품 제조업,121756.0,2215.0,한국표준협회,,007210
96,환경부,(주)보림씨에스,2023,업체,폐기물 처리업,55285.0,22.0,(재)한국품질재단,,NULL
98,환경부,(주)부산도시가스,2023,사업장,"증기, 냉ㆍ온수 및 공기 조절 공급업",57233.0,312.0,(주)한국경영인증원,,015350
99,산업통상자원부,(주)비에이치,2023,사업장,전기전자,18487.0,357.0,한국표준협회,,090460
101,산업통상자원부,(주)비엠금속,2023,사업장,철강,14762.0,274.0,(주)한국경영인증원,,NULL
103,농림축산식품부,(주)빙그레,2023,업체,식료품 제조업,57280.0,1151.0,(주)한국경영인증원,,005180
105,환경부,(주)삼동,2023,사업장,절연선 및 케이블 제조업,46429.0,959.0,한국표준협회,,NULL
106,국토교통부,(주)삼우에프앤지,2023,사업장,교통(화물),20414.0,338.0,한국표준협회,,NULL
108,환경부,(주)삼원강재,2023,사업장,자동차 신품 부품 제조업,32353.0,656.0,(재)한국품질재단,,023000
109,환경부,(주)삼천리,2023,사업장,"증기, 냉ㆍ온수 및 공기 조절 공급업",100536.0,1787.0,한국가스안전공사,,004690
110,환경부,(주)삼표산업,2023,업체,"시멘트, 석회, 플라스터 및 그 외 제품 제조업",99894.0,1759.0,(재)한국품질재단,,NULL
111,환경부,(주)삼현,2023,사업장,"내화, 비내화 요업제품 제조업",25800.0,448.0,한국표준협회,,437730
112,국토교통부,(주)삼화고속,2023,사업장,교통(여객),11341.0,162.0,(주)한국경영인증원,,NULL
114,산업통상자원부,(주)삼화양행,2023,업체,전기전자,49166.0,1015.0,(주)한국경영인증원,,NULL
116,환경부,(주)상공에너지,2023,사업장,"증기, 냉ㆍ온수 및 공기 조절 공급업",6692.0,1653.0,㈜한국품질보증원,,NULL
117,농림축산식품부,(주)샤니,2023,사업장,식료품 제조업,34755.0,706.0,(주)비에스아이그룹코리아,,NULL
119,산업통상자원부,(주)서원,2023,사업장,비철금속,12122.0,250.0,한국가스안전공사,,021050
121,산업통상자원부,(주)서진캠 평택공장,2023,사업장,자동차,11735.0,245.0,(주)한국경영인증원,,NULL
123,환경부,(주)서흥,2023,사업장,기타 식품 제조업,36087.0,742.0,한국표준협회,,008490
124,산업통상자원부,(주)선일다이파스,2023,사업장,기계,21289.0,439.0,(주)한국경영인증원,,NULL
126,환경부,(주)선진운수,2023,사업장,육상 여객 운송업,27507.0,515.0,(재)한국품질재단,,NULL
127,산업통상자원부,(주)성신미네필드,2023,사업장,시멘트,19021.0,374.0,한국표준협회,,NULL
129,산업통상자원부,(주)성호금속,2023,사업장,철강,19150.0,344.0,(주)한국경영인증원,,NULL
131,환경부,(주)성호금속 경주2공장,2023,사업장,금속 주조업,28909.0,519.0,(주)한국경영인증원,,NULL
132,산업통상자원부,(주)성호기업,2023,사업장,철강,14213.0,278.0,(주)한국경영인증원,,NULL
134,환경부,(주)세아씨엠,2023,사업장,1차 철강 제조업,71815.0,1430.0,한국표준협회,,NULL
135,국토교통부,(주)세아엘앤에스,2023,사업장,교통(화물),15835.0,232.0,한국표준협회,,NULL
137,환경부,(주)세아제강,2023,사업장,1차 철강 제조업,70201.0,1434.0,한국표준협회,,306200
138,환경부,(주)세아특수강,2023,사업장,1차 철강 제조업,51138.0,1032.0,한국표준협회,,019440
139,농림축산식품부,(주)세우,2023,사업장,식료품 제조업,17269.0,350.0,(재)한국품질재단,,NULL
141,환경부,(주)세주,2023,사업장,해상 운송업,26609.0,365.0,㈜디엔브이비즈니스어슈어런스코리아,,NULL
142,산업통상자원부,(주)셀트리온제약,2023,사업장,석유화학,15706.0,321.0,한국표준협회,,068760
144,국토교통부,(주)시흥교통,2023,사업장,교통(여객),20710.0,376.0,한국표준협회,,NULL
146,환경부,(주)신동,2023,사업장,"시멘트, 석회, 플라스터 및 그 외 제품 제조업",80232.0,277.0,한국표준협회,,NULL
147,환경부,(주)신세계,2023,업체,종합 소매업,124752.0,2602.0,(주)한국경영인증원,,004170
148,환경부,(주)신승에너지,2023,사업장,폐기물 처리업,68279.0,339.0,(재)한국품질재단,,NULL
149,산업통상자원부,(주)신안주철,2023,사업장,철강,16681.0,313.0,한국표준협회,,NULL
151,농림축산식품부,(주)신영포르투,2023,사업장,목재,31489.0,1156.0,(재)한국품질재단,,NULL
153,산업통상자원부,(주)신우금속,2023,사업장,철강,18661.0,322.0,(재)한국품질재단,,NULL
155,산업통상자원부,(주)신한중공업,2023,사업장,조선,14047.0,223.0,㈜한국품질보증원,,NULL
157,환경부,(주)쌍용씨앤비,2023,사업장,"펄프, 종이 및 판지 제조업",66286.0,1266.0,(주)한국경영인증원,,NULL
158,환경부,(주)씨텍,2023,업체,"증기, 냉ㆍ온수 및 공기 조절 공급업",785099.0,11160.0,(주)비에스아이그룹코리아,,NULL
159,산업통상자원부,(주)아바텍,2023,사업장,유리,17146.0,356.0,한국표준협회,,149950
161,환경부,(주)아진피앤피,2023,사업장,"펄프, 종이 및 판지 제조업",145239.0,3439.0,지속가능인증원주식회사,,NULL
162,환경부,(주)애니테크,2023,사업장,폐기물 처리업,34127.0,283.0,대일이엔씨기술(주),,NULL
164,산업통상자원부,(주)에스이그린에너지,2023,사업장,발전에너지,54777.0,0.0,한국표준협회,,NULL
166,산업통상자원부,(주)에스제이금속,2023,사업장,철강,20427.0,357.0,(재)한국품질재단,,NULL
168,환경부,(주)에스파워,2023,업체,전기업,1721008.0,34079.0,(재)한국품질재단,,NULL
169,환경부,(주)에스피환경,2023,사업장,폐기물 처리업,71851.0,517.0,㈜한국품질보증원,,NULL
171,해양수산부,(주)에이치해운,2023,사업장,교통(해운),17910.0,245.0,한국표준협회,,NULL
173,환경부,(주)에이티에너지,2023,사업장,폐기물,24660.0,20.0,대일이엔씨기술(주),,NULL
175,환경부,(주)에코비트그린,2023,업체,폐기물,59465.0,18.0,한국표준협회,,NULL
177,환경부,(주)에코비트에너지세종,2023,사업장,폐기물 처리업,61044.0,432.0,한국표준협회,,NULL
178,환경부,(주)에코비트에너지청원,2023,업체,폐기물 처리업,36333.0,2.0,한국표준협회,,NULL
180,산업통상자원부,(주)에코프로머티리얼즈,2023,사업장,전기전자,67914.0,1383.0,(주)한국경영인증원,,NULL
182,환경부,(주)에코프로비엠,2023,사업장,일차전지 및 축전지 제조업,125140.0,2611.0,(주)한국경영인증원,,247540
183,환경부,(주)엔아이티,2023,업체,폐기물 처리업,149662.0,373.0,㈜한국품질보증원,,NULL
184,환경부,(주)엔이티,2023,사업장,"증기, 냉ㆍ온수 및 공기 조절 공급업",45237.0,519.0,한국표준협회,,NULL
185,환경부,(주)엘엑스글라스,2023,업체,유리 및 유리제품 제조업,298318.0,3731.0,(주)한국경영인증원,,NULL
186,환경부,(주)엘엑스판토스,2023,사업장,도로 화물 운송업,44918.0,531.0,㈜디엔브이비즈니스어슈어런스코리아,,NULL
187,산업통상자원부,(주)엘지생활건강,2023,사업장,석유화학,49545.0,1084.0,(재)한국품질재단,,051900
189,환경부,(주)엘지씨엔에스,2023,업체,"컴퓨터 프로그래밍, 시스템 통합 및 관리업",130691.0,2779.0,대일이엔씨기술(주),,064400
190,환경부,(주)영신물산,2023,사업장,"섬유제품 염색, 정리 및 마무리 가공업",28385.0,215.0,한국표준협회,,NULL
191,환경부,(주)오뚜기,2023,사업장,기타 식품 제조업,89711.0,1812.0,한국표준협회,,007310
192,환경부,(주)오리온,2023,사업장,기타 식품 제조업,71408.0,1424.0,로이드인증원㈜,,271560
193,환경부,(주)오미아코리아,2023,사업장,기초 화학물질 제조업,48969.0,997.0,㈜디엔브이비즈니스어슈어런스코리아,,NULL
194,산업통상자원부,(주)오영,2023,사업장,석유화학,12124.0,265.0,(재)한국품질재단,,NULL
196,환경부,(주)온셀텍,2023,사업장,전자 부품 제조업,21074.0,439.0,한국표준협회,,NULL
197,농림축산식품부,(주)올품,2023,사업장,식료품 제조업,22974.0,467.0,한국표준협회,,NULL
199,환경부,(주)와이에스텍,2023,업체,폐기물 처리업,129260.0,30.0,(재)한국품질재단,,NULL
200,환경부,(주)와이엔텍,2023,업체,폐기물 처리업,162220.0,95.0,(재)한국품질재단,,067900
202,산업통상자원부,(주)와이엠,2023,사업장,기계,17315.0,356.0,(재)한국품질재단,,007530
204,환경부,(주)우룡,2023,업체,"시멘트, 석회, 플라스터 및 그 외 제품 제조업",161345.0,709.0,(재)한국화학융합시험연구원,,NULL
205,산업통상자원부,(주)우신금속,2023,사업장,비철금속,21175.0,332.0,(재)한국품질재단,,NULL
207,산업통상자원부,(주)우익반도체,2023,사업장,전기전자,28931.0,600.0,한국표준협회,,NULL
209,산업통상자원부,(주)원익아이피에스,2023,사업장,기계,28756.0,560.0,한국표준협회,,NULL
211,환경부,(주)유니온,2023,업체,"시멘트, 석회, 플라스터 및 그 외 제품 제조업",144922.0,1195.0,한국표준협회,,000910
212,환경부,(주)유성티엔에스,2023,사업장,도로 화물 운송업,27400.0,399.0,(주)한국경영인증원,,024800
213,환경부,(주)유진로지스틱스,2023,사업장,도로 화물 운송업,24485.0,356.0,(재)한국품질재단,,NULL
214,산업통상자원부,(주)유한양행,2023,사업장,석유화학,17136.0,351.0,(재)한국품질재단,,000100
216,산업통상자원부,(주)유한화학,2023,사업장,석유화학,19933.0,363.0,(주)한국경영인증원,,NULL
218,환경부,(주)이녹스첨단소재,2023,사업장,전자 부품 제조업,28019.0,513.0,㈜디엔브이비즈니스어슈어런스코리아,,272290
220,환경부,(주)이마트,2023,업체,종합 소매업,490603.0,10198.0,한국표준협회,,139480
221,환경부,(주)이수페타시스,2023,사업장,전자 부품 제조업,59064.0,833.0,(주)한국경영인증원,,007660
222,환경부,(주)이수화학,2023,업체,기초 화학물질 제조업,256187.0,4617.0,한국표준협회,,005950
223,환경부,(주)이스타항공,2023,업체,항공 여객 운송업,81453.0,1165.0,(재)한국화학융합시험연구원,,NULL
224,환경부,(주)이알지서비스,2023,사업장,폐기물 처리업,73405.0,135.0,(재)한국화학융합시험연구원,,NULL
225,환경부,(주)이에스티,2023,업체,폐기물 처리업,75745.0,9.0,(재)한국품질재단,,NULL
227,산업통상자원부,(주)인지디스플레이,2023,사업장,자동차,20117.0,415.0,(주)한국경영인증원,,NULL
229,환경부,(주)인터플렉스,2023,사업장,전자 부품 제조업,34848.0,728.0,로이드인증원㈜,,051370
230,환경부,(주)일진글로벌,2023,사업장,자동차 신품 부품 제조업,120356.0,2508.0,(주)한국경영인증원,,NULL
231,환경부,(주)전북고속,2023,사업장,육상 여객 운송업,17272.0,245.0,(주)한국경영인증원,,NULL
232,농림축산식품부,(주)정·식품,2023,사업장,음료제조업,17665.0,355.0,한국표준협회,,NULL
234,국토교통부,(주)제때,2023,사업장,교통(화물),23437.0,408.0,한국표준협회,,NULL
236,환경부,(주)제양항공해운,2023,사업장,해상 운송업,691.0,10.0,로이드인증원㈜,,NULL
237,환경부,(주)제이엠씨,2023,사업장,기초 화학물질 제조업,38665.0,845.0,(주)한국경영인증원,,NULL
238,산업통상자원부,(주)젤텍,2023,사업장,석유화학,13743.0,473.0,한국표준협회,,NULL
240,농림축산식품부,(주)조흥,2023,사업장,식료품 제조업,15208.0,321.0,한국표준협회,,002600
242,산업통상자원부,(주)종근당,2023,사업장,석유화학,18547.0,513.0,(재)한국품질재단,,185750
244,환경부,(주)종근당바이오,2023,사업장,기초 의약 물질 및 생물학적 제제 제조업,90700.0,1900.0,(주)한국경영인증원,,063160
245,환경부,(주)중앙고속,2023,사업장,육상 여객 운송업,48119.0,690.0,(주)한국경영인증원,,NULL
246,환경부,(주)중일,2023,사업장,1차 비철금속 제조업,28262.0,291.0,한국표준협회,,NULL
247,환경부,(주)지에스동해전력,2023,업체,전기업,4865481.0,55380.0,대일이엔씨기술(주),,NULL
248,환경부,(주)진합,2023,사업장,자동차 신품 부품 제조업,27166.0,559.0,한국표준협회,,NULL
249,산업통상자원부,(주)진흥주물,2023,사업장,철강,33398.0,588.0,한국표준협회,,NULL
251,환경부,(주)참프레,2023,사업장,"도축, 육류 가공 및 저장 처리업",41488.0,834.0,한국표준협회,,NULL
252,환경부,(주)창원에너텍,2023,사업장,폐기물 처리업,83856.0,1129.0,(재)한국품질재단,,NULL
253,환경부,(주)천일고속,2023,사업장,육상 여객 운송업,21416.0,306.0,(주)한국경영인증원,,000650
254,환경부,(주)청송산업개발,2023,사업장,폐기물,80923.0,519.0,(재)한국품질재단,,NULL
256,농림축산식품부,(주)체리부로,2023,사업장,식료품 제조업,15291.0,311.0,(주)한국경영인증원,,066360
258,환경부,(주)충남고속,2023,사업장,육상 여객 운송업,23596.0,337.0,(주)한국경영인증원,,NULL
259,환경부,(주)충무화학,2023,업체,"시멘트, 석회, 플라스터 및 그 외 제품 제조업",152175.0,632.0,(주)한국경영인증원,,NULL
260,농림축산식품부,(주)카길애그리퓨리나,2023,사업장,식료품 제조업,21670.0,442.0,(재)한국품질재단,,NULL
262,산업통상자원부,(주)카펙발레오,2023,사업장,자동차,22411.0,451.0,한국표준협회,,NULL
264,산업통상자원부,(주)캐스텍코리아,2023,사업장,철강,17515.0,309.0,한국표준협회,,071850
266,환경부,(주)케이비아이국인산업,2023,업체,폐기물 처리업,239582.0,152.0,(재)한국품질재단,,NULL
268,환경부,(주)케이비아이텍,2023,업체,폐기물,140354.0,160.0,(재)한국품질재단,,NULL
270,산업통상자원부,(주)케이에프엔티,2023,사업장,석유화학,20638.0,393.0,한국표준협회,,NULL
272,산업통상자원부,(주)케이원전자,2023,사업장,전기전자,17318.0,361.0,한국표준협회,,NULL
274,환경부,(주)케이이씨,2023,사업장,반도체 제조업,30531.0,582.0,㈜디엔브이비즈니스어슈어런스코리아,,NULL
275,환경부,(주)케이조선,2023,사업장,선박 및 보트 건조업,65223.0,1188.0,(재)한국품질재단,,067250
276,환경부,(주)케이티앤지,2023,사업장,담배 제조업,108517.0,2206.0,(재)한국품질재단,,033780
277,산업통상자원부,(주)케이피텍,2023,사업장,석유화학,13392.0,279.0,㈜디엔브이비즈니스어슈어런스코리아,,NULL
279,산업통상자원부,(주)코넥,2023,사업장,자동차,34156.0,677.0,(주)한국경영인증원,,NULL
281,환경부,(주)코다코,2023,사업장,자동차 신품 부품 제조업,42303.0,865.0,(재)한국품질재단,,046070
282,환경부,(주)코리아써키트,2023,사업장,전자 부품 제조업,121769.0,2433.0,(주)비에스아이그룹코리아,,007810
283,국토교통부,(주)코리아와이드포항,2023,사업장,교통(여객),20460.0,391.0,(주)한국경영인증원,,NULL
285,환경부,(주)코스틸,2023,사업장,1차 철강 제조업,14608.0,292.0,(주)한국경영인증원,,NULL
286,환경부,(주)태상,2023,사업장,기타 금속 가공제품 제조업,65418.0,1276.0,(주)한국경영인증원,,NULL
287,산업통상자원부,(주)태우,2023,사업장,비철금속,18622.0,363.0,한국가스안전공사,,NULL
289,환경부,(주)태웅,2023,업체,1차 철강 제조업,164976.0,3003.0,(재)한국품질재단,,044490
290,환경부,(주)태평양금속,2023,사업장,"내화, 비내화 요업제품 제조업",33866.0,689.0,(주)한국경영인증원,,NULL
291,환경부,(주)티씨씨스틸,2023,사업장,1차 철강 제조업,34342.0,709.0,(주)한국경영인증원,,NULL
292,환경부,(주)티씨케이,2023,사업장,기타 비금속 광물제품 제조업,32586.0,672.0,(재)한국품질재단,,064760
293,산업통상자원부,(주)티엘비,2023,사업장,전기전자,22025.0,443.0,(주)한국경영인증원,,356860
295,농림축산식품부,(주)파리크라상,2023,사업장,식료품 제조업,20656.0,426.0,한국표준협회,,NULL
297,국토교통부,(주)평안운수,2023,사업장,교통(여객),13950.0,246.0,(주)한국경영인증원,,NULL
299,환경부,(주)포레스코,2023,사업장,나무제품 제조업,31860.0,760.0,한국표준협회,,NULL
300,산업통상자원부,(주)풍년그린텍,2023,사업장,제지,18788.0,383.0,(주)신화엔지니어링종합건축사사무소,,NULL
302,산업통상자원부,(주)풍농,2023,사업장,석유화학,17282.0,321.0,(주)한국경영인증원,,NULL
304,환경부,(주)풍정주공,2023,사업장,금속 주조업,31091.0,573.0,로이드인증원㈜,,NULL
305,산업통상자원부,(주)퓨렉스,2023,사업장,반도체,15948.0,329.0,(재)한국품질재단,,NULL
307,산업통상자원부,(주)피엔디티,2023,사업장,자동차,20128.0,393.0,지속가능인증원주식회사,,NULL
309,산업통상자원부,(주)피제이메탈,2023,사업장,비철금속,19909.0,353.0,(재)한국품질재단,,128660
311,환경부,(주)필맥스,2023,사업장,플라스틱 제품 제조업,20976.0,427.0,㈜한국품질보증원,,NULL
312,환경부,(주)하림,2023,사업장,"도축, 육류 가공 및 저장 처리업",100371.0,2463.0,(재)한국품질재단,,136480
313,농림축산식품부,(주)한국인삼공사 고려인삼창,2023,사업장,식료품 제조업,33074.0,672.0,(주)한국경영인증원,,NULL
315,환경부,(주)한국특강,2023,업체,1차 철강 제조업,352508.0,6306.0,(주)한국경영인증원,,007280
316,산업통상자원부,(주)한금,2023,사업장,철강,17401.0,372.0,한국표준협회,,NULL
318,환경부,(주)한솔케미칼,2023,사업장,기초 화학물질 제조업,121374.0,2879.0,대일이엔씨기술(주),,014680
319,환경부,(주)한솔홈데코,2023,사업장,나무제품 제조업,55705.0,2011.0,(주)한국경영인증원,,025750
320,산업통상자원부,(주)한양에스앤씨,2023,사업장,자동차,18401.0,328.0,(주)한국경영인증원,,NULL
322,환경부,(주)한익스프레스,2023,사업장,도로 화물 운송업,25195.0,417.0,한국표준협회,,014130
323,환경부,(주)한일고속,2023,사업장,육상 여객 운송업,88624.0,1216.0,(주)한국경영인증원,,NULL
324,환경부,(주)한주,2023,업체,"증기, 냉ㆍ온수 및 공기 조절 공급업",981032.0,11774.0,㈜디엔브이비즈니스어슈어런스코리아,,NULL
325,환경부,(주)한진,2023,업체,도로 화물 운송업,104499.0,1651.0,한국표준협회,,002320
326,환경부,(주)한창제지,2023,업체,"펄프, 종이 및 판지 제조업",192244.0,2397.0,한국표준협회,,009460
327,환경부,(주)한화,2023,업체,기타 화학제품 제조업,60576.0,1177.0,㈜디엔브이비즈니스어슈어런스코리아,,000880
328,환경부,(주)현대백화점,2023,업체,종합 소매업,165600.0,3460.0,한국표준협회,,069960
329,환경부,(주)현대엘앤씨,2023,사업장,플라스틱 제품 제조업,38157.0,772.0,로이드인증원㈜,,NULL
330,환경부,(주)현대케피코,2023,사업장,자동차 신품 부품 제조업,24838.0,514.0,로이드인증원㈜,,NULL
331,국토교통부,(주)화성여객,2023,사업장,교통(여객),23099.0,367.0,(주)한국경영인증원,,NULL
333,산업통상자원부,(주)화승알앤에이,2023,사업장,석유화학,20559.0,422.0,한국표준협회,,378850
335,환경부,(주)화승케미칼,2023,사업장,플라스틱 제품 제조업,24960.0,511.0,(주)한국경영인증원,,NULL
336,산업통상자원부,(주)화인베스틸,2023,사업장,철강,20309.0,371.0,(주)한국경영인증원,,133820
338,산업통상자원부,(주)화진철강,2023,사업장,철강,13995.0,221.0,한국표준협회,,NULL
340,환경부,(합)경남여객,2023,사업장,육상 여객 운송업,43814.0,719.0,한국표준협회,,NULL
341,환경부,CJ대한통운(주),2023,업체,도로 화물 운송업,227513.0,4037.0,(주)한국경영인증원,,000120
342,환경부,CJ제일제당(주),2023,업체,"곡물 가공품, 전분 및 전분제품 제조업",411439.0,9539.0,(재)한국화학융합시험연구원,,097950
343,국토교통부,GS건설(주),2023,업체,건설,107707.0,2048.0,로이드인증원㈜,,006360
345,환경부,GS파워,2023,업체,"증기, 냉ㆍ온수 및 공기 조절 공급업",2553387.0,49794.0,한국표준협회,,NULL
346,환경부,JW 생명과학(주),2023,사업장,의약품 제조업,26819.0,547.0,한국표준협회,,NULL
347,산업통상자원부,KPX케미칼(주),2023,사업장,석유화학,24416.0,785.0,(주)한국경영인증원,,025000
349,환경부,LB세미콘(주),2023,사업장,반도체 제조업,47657.0,990.0,한국표준협회,,061970
350,환경부,LX엠엠에이,2023,업체,기초 화학물질 제조업,321628.0,2886.0,(주)한국경영인증원,,NULL
351,환경부,NC양산(주),2023,사업장,폐기물,29744.0,23.0,한국표준협회,,NULL
353,환경부,NC울산(주),2023,업체,폐기물 처리업,78467.0,41.0,한국표준협회,,NULL
355,환경부,OCI SE 주식회사,2023,업체,"증기, 냉ㆍ온수 및 공기 조절 공급업",1354324.0,24159.0,㈜디엔브이비즈니스어슈어런스코리아,,NULL
356,환경부,S-Oil(주),2023,업체,석유 정제품 제조업,9541368.0,125063.0,한국표준협회,,010950
357,환경부,SKbroadband(주),2023,업체,전기 통신업,423632.0,8810.0,㈜디엔브이비즈니스어슈어런스코리아,,NULL
358,환경부,SK이노베이션(주),2023,업체,일차전지 및 축전지 제조업,21634.0,443.0,한국표준협회,,096770
359,환경부,SK인천석유화학(주),2023,업체,석유 정제품 제조업,1512760.0,43756.0,한국표준협회,,NULL
360,환경부,SY에너지(주),2023,사업장,나무제품 제조업,32110.0,1016.0,(재)한국품질재단,,NULL
361,산업통상자원부,Y&T파워텍(주),2023,사업장,자동차,15983.0,332.0,(주)비에스아이그룹코리아,,NULL
363,환경부,㈜토탈,2023,사업장,폐기물 처리업,65878.0,46.0,(재)한국품질재단,,NULL
364,산업통상자원부,가온전선주식회사,2023,사업장,전기전자,9413.0,193.0,(주)비에스아이그룹코리아,,000500
366,국토교통부,강남금융센터(주),2023,사업장,건물,15950.0,330.0,한국표준협회,,NULL
368,산업통상자원부,강남화성(주),2023,사업장,석유화학,19171.0,315.0,한국표준협회,,NULL
370,환경부,강릉시,2023,사업장,폐기물 처리업,79488.0,423.0,(주)비에스아이그룹코리아,,NULL
371,국토교통부,강변테크노마트 주식회사,2023,사업장,건물,13178.0,274.0,대일이엔씨기술(주),,NULL
373,환경부,강원고속,2023,사업장,육상 여객 운송업,16485.0,235.0,한국표준협회,,NULL
374,국토교통부,강원대학교,2023,사업장,건물,18769.0,387.0,한국표준협회,,NULL
376,국토교통부,강원여객자동차,2023,사업장,교통(여객),17512.0,255.0,한국표준협회,,NULL
378,환경부,거제시,2023,사업장,폐기물 처리업,58176.0,479.0,(재)한국품질재단,,NULL
379,산업통상자원부,경기그린에너지(주),2023,업체,발전에너지,147684.0,0.0,한국표준협회,,NULL
381,환경부,경기도 광주시,2023,업체,수도사업,57819.0,975.0,㈜한국품질보증원,,NULL
383,환경부,경기환경에너지(주),2023,업체,폐기물 처리업,70600.0,323.0,(재)한국품질재단,,NULL
384,환경부,경북대학교,2023,사업장,고등 교육기관,37962.0,855.0,㈜한국품질보증원,,NULL
385,국토교통부,경북대학교병원,2023,사업장,건물,21112.0,434.0,한국표준협회,,NULL
387,환경부,경북환경에너지(주),2023,업체,폐기물 처리업,82066.0,184.0,(재)한국품질재단,,NULL
388,환경부,경산시,2023,사업장,폐기물 처리업,70768.0,379.0,㈜한국품질보증원,,NULL
389,환경부,경산제지 주식회사,2023,사업장,"펄프, 종이 및 판지 제조업",108161.0,892.0,한국표준협회,,NULL
390,국토교통부,경상국립대학교,2023,사업장,건물,19537.0,405.0,한국표준협회,,NULL
392,환경부,경상북도,2023,사업장,폐기물 처리업,48529.0,388.0,㈜한국품질보증원,,NULL
395,환경부,경인환경에너지 주식회사,2023,사업장,폐기물 처리업,78186.0,16.0,(주)한국경영인증원,,NULL
396,국토교통부,경전여객자동차(주),2023,사업장,교통(여객),8383.0,119.0,한국표준협회,,NULL
398,환경부,경주시,2023,사업장,폐기물 처리업,89390.0,633.0,㈜한국품질보증원,,NULL
399,환경부,경진여객운수(주),2023,사업장,육상 여객 운송업,20428.0,349.0,(주)한국경영인증원,,NULL
400,산업통상자원부,경창산업(주),2023,사업장,자동차,20150.0,420.0,한국생산성본부인증원(주),,024910
402,산업통상자원부,고덕그린에너지(주),2023,사업장,발전에너지,29521.0,19.0,한국표준협회,,NULL
404,환경부,고려강선(주),2023,사업장,1차 철강 제조업,65237.0,1365.0,한국생산성본부인증원(주),,NULL
405,해양수산부,고려고속훼리(주),2023,사업장,교통(해운),29682.0,427.0,한국표준협회,,NULL
407,환경부,고려기초소재,2023,사업장,기타 비금속 광물제품 제조업,25064.0,436.0,로이드인증원㈜,,NULL
408,환경부,고려아연 주식회사,2023,업체,1차 비철금속 제조업,3297707.0,46574.0,(재)한국품질재단,,010130
409,산업통상자원부,고려용접봉 주식회사,2023,사업장,기계,17335.0,357.0,㈜한국품질보증원,,NULL
411,환경부,고려제강(주),2023,사업장,1차 철강 제조업,86141.0,1761.0,한국생산성본부인증원(주),,002240
412,산업통상자원부,고려특수선재(주),2023,사업장,철강,21737.0,453.0,한국생산성본부인증원(주),,NULL
414,산업통상자원부,고성그린파워 주식회사,2023,업체,발전에너지,10340097.0,115173.0,로이드인증원㈜,,NULL
416,환경부,고양시,2023,업체,폐기물 처리업,162848.0,1185.0,㈜한국품질보증원,,NULL
417,환경부,공주시,2023,사업장,폐기물,16946.0,42.0,(재)한국품질재단,,NULL
419,환경부,공항철도(주),2023,사업장,육상 여객 운송업,57970.0,1208.0,대일이엔씨기술(주),,NULL
420,환경부,과천시,2023,사업장,폐기물,19106.0,100.0,(재)한국화학융합시험연구원,,NULL
422,환경부,광명시,2023,사업장,폐기물 처리업,69857.0,327.0,㈜한국품질보증원,,NULL
423,환경부,광양시,2023,사업장,폐기물 처리업,35256.0,27.0,㈜한국품질보증원,,NULL
425,국토교통부,광주과학기술원,2023,사업장,건물,24196.0,500.0,한국표준협회,,NULL
427,환경부,광주광역시,2023,업체,폐기물 처리업,176200.0,1668.0,(재)한국품질재단,,NULL
428,국토교통부,광주광역시도시철도공사,2023,사업장,교통(철도),18466.0,385.0,한국표준협회,,NULL
430,환경부,광진산업(주),2023,사업장,"시멘트, 석회, 플라스터 및 그 외 제품 제조업",62963.0,172.0,한국생산성본부인증원(주),,NULL
431,환경부,괴산군,2023,사업장,폐기물,18461.0,117.0,대일이엔씨기술(주),,NULL
433,환경부,구리시,2023,사업장,폐기물 처리업,56022.0,926.0,㈜한국품질보증원,,NULL
434,환경부,구미시,2023,업체,폐기물 처리업,130569.0,1147.0,㈜한국품질보증원,,NULL
435,환경부,국도화학(주),2023,사업장,합성고무 및 플라스틱 물질 제조업,55575.0,1963.0,로이드인증원㈜,,007690
436,환경부,국립대학법인 서울대학교,2023,업체,고등 교육기관,146338.0,3014.0,(재)한국품질재단,,NULL
437,국토교통부,국립암센터,2023,사업장,건물,20580.0,435.0,(주)한국경영인증원,,NULL
439,국토교통부,국방과학연구소,2023,사업장,건물,22746.0,469.0,(재)한국품질재단,,NULL
441,환경부,국일제지(주),2023,사업장,"펄프, 종이 및 판지 제조업",32845.0,808.0,(주)한국경영인증원,,078130
442,국토교통부,국회사무처,2023,사업장,건물,22257.0,467.0,한국표준협회,,NULL
444,환경부,군산시,2023,사업장,폐기물 처리업,99702.0,467.0,㈜한국품질보증원,,NULL
445,환경부,군포시,2023,사업장,폐기물 처리업,50966.0,398.0,㈜한국품질보증원,,NULL
446,산업통상자원부,그린에어 주식회사,2023,업체,석유화학,578205.0,11993.0,로이드인증원㈜,,NULL
448,환경부,그린케미칼 주식회사,2023,사업장,기초 화학물질 제조업,56357.0,1143.0,한국가스안전공사,,083420
449,산업통상자원부,금강공업(주),2023,사업장,비철금속,13663.0,235.0,(주)한국경영인증원,,014280
451,해양수산부,금진해운(주),2023,사업장,교통(해운),18247.0,252.0,㈜디엔브이비즈니스어슈어런스코리아,,NULL
453,환경부,금호고속(주),2023,업체,육상 여객 운송업,6139.0,127.0,(주)한국경영인증원,,NULL
454,환경부,금호미쓰이화학 주식회사,2023,사업장,기초 화학물질 제조업,105205.0,1951.0,(재)한국품질재단,,NULL
455,환경부,금호석유화학 주식회사,2023,업체,합성고무 및 플라스틱 물질 제조업,3319747.0,40783.0,한국표준협회,,011780
456,환경부,금호익스프레스 주식회사,2023,업체,육상 여객 운송업,97270.0,1397.0,(주)한국경영인증원,,NULL
457,환경부,금호타이어(주),2023,업체,고무제품 제조업,257548.0,5256.0,지속가능인증원주식회사,,073240
458,환경부,금호폴리켐주식회사,2023,업체,합성고무 및 플라스틱 물질 제조업,292044.0,4904.0,(재)한국품질재단,,NULL
459,환경부,금호피앤비화학 주식회사,2023,업체,기초 화학물질 제조업,803393.0,10903.0,로이드인증원㈜,,NULL
460,환경부,기아(주),2023,업체,자동차용 엔진 및 자동차 제조업,699068.0,14280.0,로이드인증원㈜,,000270
461,국토교통부,기초과학연구원,2023,사업장,건물,25326.0,527.0,한국표준협회,,NULL
463,환경부,김천시,2023,사업장,"하수, 폐수 및 분뇨 처리업",42955.0,298.0,㈜한국품질보증원,,NULL
464,환경부,김천에너지서비스주식회사,2023,업체,"증기, 냉ㆍ온수 및 공기 조절 공급업",681825.0,7904.0,한국표준협회,,NULL
465,환경부,김포시,2023,사업장,폐기물 처리업,66980.0,573.0,한국표준협회,,NULL
466,환경부,김포운수(주),2023,사업장,육상 여객 운송업,16734.0,308.0,(주)한국경영인증원,,NULL
467,환경부,김해시,2023,사업장,폐기물 처리업,129001.0,1291.0,(재)한국품질재단,,NULL
468,환경부,깨끗한나라 주식회사,2023,업체,"펄프, 종이 및 판지 제조업",340694.0,4343.0,(재)한국품질재단,,004540
469,환경부,나래에너지서비스 주식회사,2023,업체,"증기, 냉ㆍ온수 및 공기 조절 공급업",1546862.0,30787.0,대일이엔씨기술(주),,NULL
470,환경부,나투라페이퍼 주식회사,2023,업체,"펄프, 종이 및 판지 제조업",167768.0,1230.0,한국표준협회,,NULL
471,환경부,남강제지(주),2023,사업장,"펄프, 종이 및 판지 제조업",27040.0,230.0,(재)한국품질재단,,NULL
472,환경부,남양금속주식회사,2023,사업장,"구조용 금속제품, 탱크 및 증기발생기 제조업",96857.0,1797.0,(재)한국화학융합시험연구원,,NULL
473,환경부,남양유업(주),2023,사업장,낙농제품 및 식용 빙과류 제조업,80029.0,1879.0,로이드인증원㈜,,003920
474,환경부,남양주시,2023,업체,폐기물,76672.0,1091.0,(재)한국품질재단,,NULL
476,환경부,남해화학(주),2023,사업장,"비료, 농약 및 살균ㆍ살충제 제조업",75805.0,1240.0,대일이엔씨기술(주),,025860
477,환경부,내포그린에너지(주),2023,사업장,"증기, 냉ㆍ온수 및 공기 조절 공급업",699331.0,13982.0,대일이엔씨기술(주),,NULL
479,환경부,네이버 주식회사,2023,사업장,"자료 처리, 호스팅, 포털 및 기타 인터넷 정보 매개 서비스업",89530.0,1866.0,한국표준협회,,NULL
480,환경부,네이처이앤티(주),2023,업체,폐기물 처리업,204996.0,323.0,(주)비에스아이그룹코리아,,NULL
481,환경부,넥센타이어(주),2023,업체,고무제품 제조업,215924.0,4334.0,(주)한국경영인증원,,002350
482,환경부,노벨리스코리아 주식회사,2023,업체,1차 비철금속 제조업,281811.0,5652.0,(주)한국경영인증원,,NULL
483,산업통상자원부,노을그린에너지 주식회사,2023,사업장,발전에너지,21018.0,4.0,(주)한국경영인증원,,NULL
485,환경부,녹십자,2023,사업장,의약품 제조업,64802.0,1593.0,(재)한국품질재단,,006280
486,환경부,논산시,2023,사업장,폐기물,26266.0,94.0,㈜한국품질보증원,,NULL
488,국토교통부,농협은행 주식회사,2023,업체,건물,94231.0,1421.0,한국표준협회,,NULL
490,환경부,능원금속공업 주식회사,2023,사업장,1차 비철금속 제조업,22988.0,474.0,(주)한국경영인증원,,NULL
491,환경부,담우물산(주),2023,사업장,"시멘트, 석회, 플라스터 및 그 외 제품 제조업",60182.0,194.0,(주)한국경영인증원,,NULL
492,환경부,당진시 자원순환센터,2023,사업장,지정외 폐기물처리업 등,13541.0,93.0,한국표준협회,,NULL
494,환경부,대구광역시,2023,업체,폐기물 처리업,471453.0,4941.0,㈜한국품질보증원,,NULL
495,환경부,대구교통공사,2023,사업장,육상 여객 운송업,98011.0,2045.0,(주)한국경영인증원,,NULL
496,환경부,대구그린파워(주),2023,업체,"증기, 냉ㆍ온수 및 공기 조절 공급업",633469.0,12594.0,(주)한국경영인증원,,NULL
497,환경부,대구염색산업단지관리공단,2023,업체,"증기, 냉ㆍ온수 및 공기 조절 공급업",610371.0,6947.0,(주)한국경영인증원,,NULL
498,환경부,대구텍 유한책임회사,2023,사업장,1차 비철금속 제조업,,,한국표준협회,비공개 결정,NULL
499,환경부,대덕전자 주식회사,2023,사업장,전자 부품 제조업,137216.0,2808.0,한국표준협회,,353200
500,환경부,대동금속(주),2023,사업장,금속 주조업,39699.0,763.0,(주)한국경영인증원,,020400
501,환경부,대동산업주식회사,2023,사업장,"내화, 비내화 요업제품 제조업",23757.0,383.0,(주)한국경영인증원,,NULL
502,환경부,대상 주식회사,2023,업체,"곡물 가공품, 전분 및 전분제품 제조업",432367.0,9437.0,한국표준협회,,001680
503,환경부,대성엠디아이(주),2023,사업장,"시멘트, 석회, 플라스터 및 그 외 제품 제조업",164999.0,809.0,(주)한국경영인증원,,NULL
504,환경부,대성지엠텍(주),2023,업체,"시멘트, 석회, 플라스터 및 그 외 제품 제조업",130338.0,346.0,(주)한국경영인증원,,NULL
505,산업통상자원부,대신염직공업(주),2023,사업장,섬유,12234.0,202.0,(주)한국경영인증원,,NULL
507,환경부,대신정기화물자동차(주),2023,사업장,도로 화물 운송업,46588.0,663.0,한국표준협회,,NULL
508,환경부,대양제지공업(주),2023,업체,"펄프, 종이 및 판지 제조업",66299.0,779.0,한국표준협회,,006580
509,산업통상자원부,대용산업,2023,사업장,기계,18011.0,371.0,한국표준협회,,NULL
511,환경부,대원강업(주),2023,사업장,자동차 신품 부품 제조업,49563.0,1007.0,로이드인증원㈜,,000430
512,산업통상자원부,대원화성(주),2023,사업장,석유화학,11416.0,204.0,한국표준협회,,024890
514,환경부,대일개발 주식회사,2023,사업장,폐기물 처리업,54209.0,154.0,로이드인증원㈜,,NULL
515,환경부,대전광역시,2023,업체,폐기물 처리업,367886.0,3104.0,한국표준협회,,NULL
516,국토교통부,대전교통공사,2023,사업장,교통(철도),18492.0,378.0,(주)신화엔지니어링종합건축사사무소,,NULL
518,환경부,대전열병합발전주식회사,2023,업체,"증기, 냉ㆍ온수 및 공기 조절 공급업",155711.0,3108.0,한국표준협회,,NULL
519,농림축산식품부,대전충남양돈농협 포크빌축산물공판장,2023,사업장,식료품 제조업,16100.0,331.0,㈜한국품질보증원,,NULL
521,산업통상자원부,대창단조(주),2023,사업장,기계,11116.0,230.0,(주)한국경영인증원,,015230
523,환경부,대창운수(주),2023,사업장,육상 여객 운송업,22778.0,427.0,한국표준협회,,NULL
524,산업통상자원부,대한광통신 주식회사,2023,사업장,전기전자,18566.0,385.0,(주)한국경영인증원,,010170
526,환경부,대한방직(주),2023,사업장,"섬유제품 염색, 정리 및 마무리 가공업",26539.0,418.0,한국표준협회,,001070
527,농림축산식품부,대한사료(주),2023,사업장,식료품 제조업,12429.0,254.0,대일이엔씨기술(주),,NULL
529,환경부,대한석탄공사,2023,업체,석탄 광업,108520.0,678.0,한국생산성본부인증원(주),,NULL
530,산업통상자원부,대한소결금속(주),2023,사업장,자동차,19210.0,392.0,로이드인증원㈜,,NULL
532,환경부,대한슬래그 주식회사,2023,사업장,기타 비금속 광물제품 제조업,34046.0,617.0,한국표준협회,,NULL
533,환경부,대한시멘트주식회사,2023,사업장,"시멘트, 석회, 플라스터 및 그 외 제품 제조업",63504.0,1154.0,한국표준협회,,NULL
534,산업통상자원부,대한약품공업(주),2023,사업장,석유화학,25733.0,434.0,(주)한국경영인증원,,NULL
536,환경부,대한유화 주식회사,2023,업체,기초 화학물질 제조업,1663032.0,33790.0,한국가스안전공사,,006650
537,환경부,대한전선 주식회사,2023,사업장,절연선 및 케이블 제조업,44892.0,906.0,(주)한국경영인증원,,001440
538,환경부,대한제강(주),2023,업체,1차 철강 제조업,313245.0,5618.0,한국표준협회,,084010
539,환경부,대한제당 주식회사,2023,사업장,기타 식품 제조업,64235.0,1282.0,㈜한국품질보증원,,001790
540,농림축산식품부,대한제분(주),2023,사업장,식료품 제조업,20921.0,436.0,대일이엔씨기술(주),,001130
542,환경부,대한제지주식회사,2023,업체,"펄프, 종이 및 판지 제조업",202055.0,2483.0,한국표준협회,,NULL
543,환경부,대한조선주식회사,2023,사업장,선박 및 보트 건조업,24100.0,392.0,(주)한국경영인증원,,439260
545,환경부,대한항공,2023,업체,항공 여객 운송업,416509.0,6355.0,㈜디엔브이비즈니스어슈어런스코리아,,003490
546,환경부,대한화섬(주),2023,사업장,화학섬유 제조업,50616.0,1088.0,한국표준협회,,003830
547,산업통상자원부,더블유스코프코리아(주),2023,사업장,석유화학,26317.0,1024.0,㈜한국품질보증원,,NULL
549,환경부,더블유씨피 주식회사,2023,사업장,플라스틱 제품 제조업,88429.0,1836.0,한국표준협회,,393890
550,환경부,도레이배터리세퍼레이터필름 한국유한회사,2023,사업장,일차전지 및 축전지 제조업,116512.0,2376.0,(주)비에스아이그룹코리아,,NULL
551,환경부,도레이비에스에프코팅한국 유한회사,2023,사업장,일차전지 및 축전지 제조업,117265.0,536.0,㈜디엔브이비즈니스어슈어런스코리아,,NULL
552,환경부,도레이첨단소재 주식회사,2023,업체,합성고무 및 플라스틱 물질 제조업,626486.0,12578.0,(주)비에스아이그룹코리아,,NULL
553,환경부,도명특송(주),2023,사업장,도로 화물 운송업,19598.0,278.0,한국표준협회,,NULL
554,환경부,동국산업(주),2023,사업장,1차 철강 제조업,37613.0,763.0,한국표준협회,,005160
555,환경부,동국씨엠 주식회사,2023,업체,1차 철강 제조업,284620.0,6151.0,(재)한국품질재단,,460850
556,환경부,동국제강 주식회사,2023,업체,1차 철강 제조업,1490788.0,25541.0,(재)한국품질재단,,460860
557,환경부,동국홀딩스 주식회사,2023,업체,부동산 임대 및 공급업,779.0,15.0,(재)한국품질재단,,001230
558,환경부,동두천드림파워,2023,업체,전기업,2993126.0,59458.0,대일이엔씨기술(주),,NULL
559,환경부,동서석유화학 주식회사,2023,업체,기초 화학물질 제조업,363121.0,2088.0,로이드인증원㈜,,NULL
560,환경부,동서식품(주),2023,사업장,기타 식품 제조업,120429.0,2621.0,(재)한국품질재단,,NULL
561,산업통상자원부,동서페더럴모굴(주),2023,사업장,자동차,19527.0,396.0,(주)비에스아이그룹코리아,,NULL
563,국토교통부,동성교통(주),2023,사업장,교통(여객),14868.0,281.0,(주)한국경영인증원,,NULL
565,국토교통부,동성화물자동차(주),2023,사업장,교통(화물),14890.0,211.0,(주)한국경영인증원,,NULL
567,산업통상자원부,동성화학공업(주),2023,사업장,석유화학,11435.0,233.0,한국표준협회,,NULL
569,국토교통부,동아운수(주),2023,사업장,교통(여객),16296.0,307.0,(주)한국경영인증원,,NULL
571,산업통상자원부,동양산업(주),2023,사업장,자동차,14643.0,304.0,(주)한국경영인증원,,NULL
572,산업통상자원부,동양산업(주) 성산지점,2023,사업장,자동차,14643.0,304.0,(주)한국경영인증원,,NULL
573,환경부,동양피스톤(주),2023,사업장,자동차 신품 부품 제조업,26794.0,551.0,(주)한국경영인증원,,NULL
574,환경부,동우화인켐주식회사,2023,업체,사진장비 및 광학 기기 제조업,308750.0,5506.0,(재)한국품질재단,,NULL
575,환경부,동원로엑스(주),2023,사업장,도로 화물 운송업,54923.0,890.0,한국표준협회,,NULL
576,환경부,동원시스템즈(주),2023,업체,유리 및 유리제품 제조업,261349.0,4573.0,(재)한국품질재단,,014820
577,환경부,동원페이퍼(주),2023,사업장,"펄프, 종이 및 판지 제조업",98474.0,1452.0,㈜한국품질보증원,,NULL
578,산업통상자원부,동은단조(주),2023,사업장,기계,34912.0,723.0,㈜한국품질보증원,,NULL
580,환경부,동일산업주식회사,2023,업체,1차 철강 제조업,251779.0,3053.0,한국표준협회,,004890
581,산업통상자원부,동일알루미늄(주),2023,사업장,비철금속,19456.0,404.0,한국표준협회,,NULL
583,산업통상자원부,동일제강(주),2023,사업장,철강,23803.0,443.0,한국표준협회,,002690
585,환경부,동일팩키지(주),2023,사업장,"펄프, 종이 및 판지 제조업",48702.0,412.0,(재)한국품질재단,,NULL
586,환경부,동해시,2023,사업장,폐기물,20090.0,7.0,(재)한국품질재단,,NULL
588,환경부,동화기업(주),2023,사업장,나무제품 제조업,144231.0,2823.0,한국표준협회,,025900
589,산업통상자원부,동화지앤피 주식회사,2023,사업장,유리,21788.0,339.0,(재)한국화학융합시험연구원,,NULL
591,환경부,동희오토(주),2023,사업장,자동차용 엔진 및 자동차 제조업,40414.0,813.0,(주)한국경영인증원,,NULL
592,환경부,두산에너빌리티(주),2023,업체,1차 철강 제조업,246289.0,4679.0,(재)한국품질재단,,034020
593,환경부,두원중공업(주),2023,사업장,일반 목적용 기계 제조업,24728.0,509.0,(주)신화엔지니어링종합건축사사무소,,NULL
594,환경부,디아이지에어가스 주식회사,2023,업체,기초 화학물질 제조업,827109.0,17231.0,㈜한국품질보증원,,NULL
595,환경부,디에스파워 주식회사,2023,업체,"증기, 냉ㆍ온수 및 공기 조절 공급업",1053003.0,20924.0,(주)한국경영인증원,,NULL
596,환경부,디엘 주식회사,2023,업체,합성고무 및 플라스틱 물질 제조업,55.0,1.0,한국가스안전공사,,NULL
597,환경부,디엘모터스(주),2023,사업장,자동차 신품 부품 제조업,55632.0,1142.0,(주)한국경영인증원,,NULL
598,환경부,디엘에프엔씨 주식회사,2023,사업장,플라스틱 제품 제조업,21155.0,438.0,한국가스안전공사,,NULL
599,국토교통부,디엘이앤씨(주),2023,업체,건설,55085.0,1048.0,한국표준협회,,NULL
601,환경부,디엘케미칼 주식회사,2023,업체,합성고무 및 플라스틱 물질 제조업,216120.0,4191.0,한국가스안전공사,,NULL
602,산업통상자원부,디케이동신(주),2023,사업장,철강,26158.0,492.0,한국표준협회,,NULL
604,환경부,람정제주개발 주식회사,2023,사업장,일반 및 생활 숙박시설 운영업,42068.0,833.0,(주)한국경영인증원,,NULL
605,국토교통부,롯데관광개발 주식회사,2023,사업장,건물,31890.0,656.0,한국표준협회,,032350
607,환경부,롯데글로벌로지스(주),2023,사업장,도로 화물 운송업,62751.0,1218.0,한국표준협회,,NULL
608,환경부,롯데네슬레코리아(주),2023,사업장,기타 식품 제조업,28007.0,835.0,(재)한국품질재단,,NULL
609,환경부,롯데물산(주),2023,사업장,부동산 임대 및 공급업,37879.0,754.0,(주)한국경영인증원,,NULL
610,환경부,롯데베르살리스엘라스토머스(주),2023,사업장,합성고무 및 플라스틱 물질 제조업,131514.0,2512.0,한국표준협회,,NULL
611,환경부,롯데쇼핑 주식회사,2023,업체,종합 소매업,709694.0,14429.0,한국표준협회,,023530
612,환경부,롯데알미늄 주식회사,2023,사업장,기타 금속 가공제품 제조업,69531.0,1376.0,(재)한국품질재단,,NULL
613,환경부,롯데에너지머티리얼즈(주),2023,사업장,전자 부품 제조업,107995.0,2336.0,㈜디엔브이비즈니스어슈어런스코리아,,020150
614,환경부,롯데엠시시 주식회사,2023,업체,기초 화학물질 제조업,285846.0,2737.0,한국표준협회,,NULL
615,환경부,롯데웰푸드(주),2023,업체,기타 식품 제조업,205393.0,4186.0,(주)한국경영인증원,,280360
616,환경부,롯데이네오스화학 주식회사,2023,업체,기초 화학물질 제조업,249027.0,3527.0,한국표준협회,,NULL
617,환경부,롯데정밀화학 주식회사,2023,업체,기초 화학물질 제조업,697615.0,16090.0,로이드인증원㈜,,004000
618,환경부,롯데정보통신(주),2023,사업장,"컴퓨터 프로그래밍, 시스템 통합 및 관리업",116877.0,2440.0,한국표준협회,,NULL
619,환경부,롯데칠성음료 주식회사,2023,업체,비알코올 음료 및 얼음 제조업,155177.0,2920.0,(주)한국경영인증원,,005300
620,국토교통부,롯데컬처웍스 주식회사,2023,업체,건물,54758.0,1093.0,한국표준협회,,NULL
622,환경부,롯데케미칼 주식회사,2023,업체,기초 화학물질 제조업,6158540.0,110395.0,(재)한국품질재단,,011170
623,환경부,르노코리아자동차(주),2023,사업장,자동차용 엔진 및 자동차 제조업,59941.0,1269.0,(주)한국경영인증원,,NULL
624,환경부,리뉴랜드경주 주식회사,2023,업체,폐기물 처리업,129260.0,30.0,(재)한국품질재단,"""(주)와이에스텍"" 업체명 변경",NULL
625,환경부,리뉴에너지경기 주식회사,2023,업체,폐기물 처리업,70600.0,323.0,(재)한국품질재단,"""경기환경에너지㈜"" 업체명 변경",NULL
626,환경부,리뉴에너지경북 주식회사,2023,업체,폐기물 처리업,82066.0,184.0,(재)한국품질재단,"""경북환경에너지㈜"" 업체명 변경",NULL
627,환경부,리뉴에너지그린 주식회사,2023,사업장,지정외 폐기물처리업,70929.0,44.0,(재)한국품질재단,,NULL
629,환경부,리뉴에너지대원 주식회사,2023,사업장,폐기물 처리업,62241.0,400.0,(재)한국품질재단,,NULL
630,환경부,리뉴에너지새한 주식회사,2023,사업장,지정외 폐기물처리업,92214.0,166.0,(재)한국품질재단,,NULL
632,환경부,리뉴에너지충북(주),2023,업체,폐기물 처리업,225259.0,221.0,한국표준협회,"""주식회사 클렌코"" 업체명 변경",NULL
633,환경부,리뉴에너지충청(주),2023,사업장,폐기물 처리업,68421.0,107.0,(재)한국품질재단,"""충청환경에너지㈜"" 업체명 변경",NULL
634,환경부,린데코리아 주식회사,2023,업체,기초 화학물질 제조업,929793.0,18745.0,(재)한국품질재단,,NULL
635,산업통상자원부,마이크로소프트5673코리아 유한책임회사,2023,사업장,통신,56002.0,1169.0,한국표준협회,,NULL
637,환경부,만호제강(주),2023,사업장,1차 철강 제조업,37251.0,761.0,한국표준협회,,001080
638,환경부,매그나칩반도체(유),2023,업체,반도체 제조업,87962.0,1399.0,(주)비에스아이그룹코리아,,NULL
639,환경부,매일유업(주),2023,사업장,낙농제품 및 식용 빙과류 제조업,115995.0,2231.0,(주)한국경영인증원,,267980
640,환경부,명화공업(주),2023,사업장,자동차 신품 부품 제조업,41565.0,850.0,로이드인증원㈜,,NULL
641,환경부,목포시,2023,사업장,폐기물 처리업,55978.0,392.0,㈜한국품질보증원,,NULL
642,환경부,무림에스피(주),2023,사업장,"펄프, 종이 및 판지 제조업",46913.0,947.0,한국표준협회,,NULL
643,환경부,무림파워텍 주식회사,2023,업체,"증기, 냉ㆍ온수 및 공기 조절 공급업",154369.0,2308.0,한국표준협회,,NULL
644,환경부,무림페이퍼(주),2023,업체,"펄프, 종이 및 판지 제조업",170955.0,3400.0,한국표준협회,,009200
645,환경부,무림피앤피(주),2023,업체,"펄프, 종이 및 판지 제조업",251659.0,13692.0,한국표준협회,,NULL
646,환경부,무안군,2023,사업장,폐기물,18801.0,105.0,㈜한국품질보증원,,NULL
648,산업통상자원부,미래나노텍(주),2023,사업장,전기전자,29938.0,552.0,(주)한국경영인증원,,095500
650,산업통상자원부,미원상사(주),2023,사업장,석유화학,23749.0,439.0,대일이엔씨기술(주),,002840
652,환경부,미원스페셜티케미칼(주),2023,사업장,기초 화학물질 제조업,67364.0,1269.0,(주)한국경영인증원,,NULL
653,환경부,밀양시,2023,사업장,폐기물,17158.0,71.0,㈜한국품질보증원,,NULL
655,환경부,바스프퍼포먼스폴리아마이드코리아 주식회사,2023,사업장,기초 화학물질 제조업,70403.0,1589.0,한국표준협회,,NULL
656,환경부,백광산업 주식회사,2023,업체,기초 화학물질 제조업,199788.0,3977.0,한국표준협회,,NULL
657,환경부,버슘머트리얼즈피엠코리아,2023,사업장,기초 화학물질 제조업,19870.0,414.0,로이드인증원㈜,,NULL
658,국토교통부,범일운수,2023,사업장,교통(여객),16345.0,308.0,(주)한국경영인증원,,NULL
660,환경부,베올리아워터코리아대산(주),2023,사업장,수도업,88739.0,1852.0,(주)한국경영인증원,,NULL
661,산업통상자원부,베페사징크코리아(주),2023,사업장,비철금속,112462.0,154.0,(재)한국화학융합시험연구원,,NULL
663,환경부,보령시,2023,사업장,폐기물 처리업,52924.0,298.0,(재)한국품질재단,,NULL
664,환경부,보령엘엔지터미널 주식회사,2023,사업장,연료용 가스 제조 및 배관공급업,53552.0,1082.0,대일이엔씨기술(주),,NULL
665,국토교통부,보영운수(주),2023,사업장,교통(여객),14244.0,252.0,한국표준협회,,NULL
667,환경부,보임열병합발전 주식회사,2023,업체,"증기, 냉ㆍ온수 및 공기 조절 공급업",1098359.0,11713.0,로이드인증원㈜,"""데이원에너지 주식회사"" 업체명 변경",NULL
668,산업통상자원부,볼보그룹코리아(주),2023,사업장,기계,19308.0,377.0,한국표준협회,,NULL
670,환경부,부경산업(주),2023,업체,폐기물 처리업,94005.0,86.0,(재)한국화학융합시험연구원,,NULL
672,환경부,부산광역시,2023,업체,폐기물 처리업,780623.0,8241.0,대일이엔씨기술(주),,NULL
673,국토교통부,부산교통(주),2023,사업장,교통(여객),12560.0,183.0,한국표준협회,,NULL
675,환경부,부산교통공사,2023,업체,육상 여객 운송업,161952.0,3380.0,한국표준협회,,NULL
676,환경부,부산그린파워(주),2023,사업장,폐기물 처리업,39552.0,16.0,(주)한국경영인증원,,NULL
678,국토교통부,부산대학교,2023,사업장,건물,27134.0,638.0,㈜한국품질보증원,,NULL
680,국토교통부,부산대학교병원,2023,사업장,건물,41435.0,858.0,한국표준협회,,NULL
682,해양수산부,부산신항국제터미널(주),2023,사업장,항만,29818.0,450.0,로이드인증원㈜,,NULL
684,해양수산부,부산신항만주식회사,2023,사업장,항만,49973.0,988.0,한국표준협회,,NULL
686,환경부,부산정관에너지(주),2023,사업장,"증기, 냉ㆍ온수 및 공기 조절 공급업",67841.0,1350.0,(주)신화엔지니어링종합건축사사무소,,NULL
687,환경부,부산주공(주),2023,사업장,자동차 신품 부품 제조업,97045.0,1807.0,㈜한국품질보증원,,005030
688,환경부,부산패션칼라산업협동조합,2023,업체,"증기, 냉ㆍ온수 및 공기 조절 공급업",127577.0,1794.0,(주)한국경영인증원,,NULL
689,해양수산부,부산항터미널주식회사,2023,사업장,항만,43306.0,801.0,(주)한국경영인증원,,NULL
691,환경부,부천시,2023,업체,"하수, 폐수 및 분뇨 처리업",163089.0,1554.0,㈜한국품질보증원,,NULL
692,국토교통부,북부운수(주),2023,사업장,교통(여객),14321.0,272.0,(주)한국경영인증원,,NULL
694,농림축산식품부,브리티쉬아메리칸토바코코리아제조(주),2023,사업장,담배제조업,15909.0,446.0,한국표준협회,,NULL
696,환경부,브이피에이치메탈 유한회사,2023,사업장,자동차 신품 부품 제조업,31664.0,589.0,㈜한국품질보증원,,NULL
697,환경부,비노텍 주식회사,2023,사업장,폐기물 처리업,64983.0,66.0,(주)한국경영인증원,,NULL
698,환경부,비를라카본코리아(주),2023,업체,기초 화학물질 제조업,125496.0,487.0,㈜디엔브이비즈니스어슈어런스코리아,,NULL
699,산업통상자원부,비테스코테크놀로지스코리아 유한책임회사,2023,사업장,자동차,16885.0,346.0,(주)한국경영인증원,,NULL
701,산업통상자원부,빛고을에코에너지 주식회사,2023,사업장,발전에너지,56358.0,0.0,한국표준협회,,NULL
703,환경부,사회복지법인 삼성생명공익재단,2023,사업장,병원,86794.0,1778.0,(재)한국품질재단,,NULL
704,환경부,삼강에스앤씨(주),2023,사업장,선박 및 보트 건조업,27328.0,476.0,(재)한국품질재단,,NULL
705,환경부,삼남석유화학주식회사,2023,업체,기초 화학물질 제조업,187338.0,2550.0,한국표준협회,,NULL
706,환경부,삼목에스폼(주),2023,업체,1차 비철금속 제조업,41683.0,757.0,한국표준협회,,018310
707,산업통상자원부,삼미금속(주),2023,사업장,철강,16314.0,332.0,한국표준협회,,012210
709,환경부,삼보산업 주식회사,2023,사업장,1차 비철금속 제조업,48843.0,490.0,한국표준협회,,009620
710,환경부,삼성디스플레이 주식회사,2023,업체,전자 부품 제조업,3963216.0,59104.0,(주)비에스아이그룹코리아,,NULL
711,환경부,삼성물산 주식회사,2023,사업장,건물 건설업,93787.0,2018.0,(주)한국경영인증원,,000830
712,환경부,삼성바이오로직스 주식회사,2023,사업장,기초 의약 물질 및 생물학적 제제 제조업,215255.0,4501.0,대일이엔씨기술(주),,207940
713,국토교통부,삼성생명보험 주식회사,2023,업체,건물,60025.0,771.0,(재)한국품질재단,,NULL
715,환경부,삼성에스디아이 주식회사,2023,업체,일차전지 및 축전지 제조업,598281.0,12442.0,한국표준협회,,NULL
716,환경부,삼성에스디에스(주),2023,사업장,"컴퓨터 프로그래밍, 시스템 통합 및 관리업",149538.0,3114.0,(주)한국경영인증원,,018260
717,환경부,삼성전기 주식회사,2023,업체,전자 부품 제조업,451100.0,9466.0,(주)비에스아이그룹코리아,,009150
718,환경부,삼성전자 주식회사,2023,업체,반도체 제조업,13290342.0,240882.0,(재)한국품질재단,,005930
719,환경부,삼성중공업 주식회사,2023,업체,선박 및 보트 건조업,351978.0,6287.0,한국표준협회,,010140
720,환경부,삼성코닝어드밴스드글라스 유한회사,2023,사업장,유리 및 유리제품 제조업,52712.0,1073.0,로이드인증원㈜,,NULL
721,산업통상자원부,삼신정밀(주),2023,사업장,철강,23004.0,474.0,한국표준협회,,NULL
723,산업통상자원부,삼아알미늄주식회사,2023,사업장,비철금속,20521.0,401.0,한국표준협회,,006110
725,환경부,삼양식품(주),2023,사업장,기타 식품 제조업,64173.0,1369.0,(주)비에스아이그룹코리아,,003230
726,환경부,삼양이노켐 주식회사,2023,사업장,기초 화학물질 제조업,94578.0,1684.0,한국표준협회,,NULL
727,산업통상자원부,삼양통상(주),2023,사업장,섬유,12071.0,245.0,(주)한국경영인증원,,002170
729,환경부,삼양화성주식회사,2023,사업장,합성고무 및 플라스틱 물질 제조업,72774.0,1894.0,한국표준협회,,NULL
730,산업통상자원부,삼양화인테크놀로지(주),2023,사업장,석유화학,31652.0,368.0,한국표준협회,,NULL
732,환경부,삼영산업,2023,사업장,"내화, 비내화 요업제품 제조업",25708.0,471.0,(주)한국경영인증원,,NULL
733,환경부,삼영운수(주),2023,사업장,육상 여객 운송업,20662.0,372.0,한국표준협회,,NULL
734,환경부,삼영전자공업(주),2023,업체,기타 금속 가공제품 제조업,67451.0,1470.0,(주)한국경영인증원,,005680
735,환경부,삼정펄프(주),2023,업체,"펄프, 종이 및 판지 제조업",147721.0,1974.0,(주)비에스아이그룹코리아,,009770
736,환경부,삼표시멘트,2023,업체,"시멘트, 석회, 플라스터 및 그 외 제품 제조업",5801581.0,34504.0,(재)한국품질재단,,038500
737,환경부,삼표자원개발주식회사,2023,사업장,토사석 광업,29914.0,534.0,(재)한국품질재단,,NULL
738,환경부,삼표해운주식회사,2023,사업장,해상 운송업,73670.0,1016.0,(재)한국품질재단,,NULL
739,산업통상자원부,삼호제강주식회사,2023,사업장,철강,18281.0,365.0,(주)한국경영인증원,,NULL
741,산업통상자원부,삼화왕관(주),2023,사업장,기계,19391.0,374.0,한국표준협회,,004450
743,환경부,삼화제지(주),2023,업체,"펄프, 종이 및 판지 제조업",19664.0,577.0,한국표준협회,,NULL
744,산업통상자원부,삼화콘덴서공업(주),2023,사업장,전기전자,24605.0,513.0,한국표준협회,,001820
746,환경부,삼흥열처리,2023,사업장,기타 금속 가공제품 제조업,30162.0,621.0,(주)한국경영인증원,,NULL
747,해양수산부,상지해운(주),2023,사업장,교통(해운),19904.0,274.0,㈜디엔브이비즈니스어슈어런스코리아,,NULL
749,산업통상자원부,새론오토모티브(주),2023,사업장,자동차,15948.0,322.0,(주)한국경영인증원,,075180
751,국토교통부,새한특수(주),2023,사업장,교통(화물),15866.0,225.0,한국표준협회,,NULL
753,환경부,생고뱅이소바코리아 주식회사,2023,사업장,유리 및 유리제품 제조업,38909.0,770.0,(주)한국경영인증원,,NULL
754,환경부,서산시,2023,사업장,하수처리업,22741.0,197.0,한국표준협회,,NULL
756,농림축산식품부,서영주정(주),2023,사업장,음료제조업,29716.0,418.0,(재)한국품질재단,,NULL
758,환경부,서울교통공사,2023,업체,육상 여객 운송업,649237.0,13555.0,(주)한국경영인증원,,NULL
759,국토교통부,서울교통네트웍(주),2023,사업장,교통(여객),14146.0,267.0,(주)한국경영인증원,,NULL
761,산업통상자원부,서울냉열(주),2023,사업장,석유화학,10525.0,219.0,(주)한국경영인증원,,NULL
763,환경부,서울대학교병원,2023,사업장,병원,93996.0,1961.0,한국표준협회,,NULL
764,환경부,서울바이오시스(주),2023,사업장,반도체 제조업,59912.0,1239.0,로이드인증원㈜,,092190
765,산업통상자원부,서울반도체,2023,사업장,반도체,6289.0,128.0,로이드인증원㈜,,046890
767,환경부,서울시메트로 9호선(주),2023,사업장,육상 여객 운송업,50038.0,1043.0,(주)한국경영인증원,,NULL
768,환경부,서울에너지공사,2023,업체,"증기, 냉ㆍ온수 및 공기 조절 공급업",319680.0,6695.0,한국표준협회,,NULL
769,농림축산식품부,서울우유협동조합,2023,업체,식료품 제조업,71579.0,1368.0,한국표준협회,,NULL
771,환경부,서울특별시,2023,업체,폐기물 처리업,1476742.0,12757.0,(재)한국품질재단,,NULL
772,환경부,서울특별시농수산식품공사,2023,사업장,부동산 임대 및 공급업,62806.0,1305.0,(주)한국경영인증원,,NULL
773,산업통상자원부,서진산업(주),2023,사업장,자동차,18927.0,362.0,한국표준협회,,NULL
775,환경부,서한이앤피주식회사,2023,사업장,기타 금속 가공제품 제조업,66864.0,1329.0,(주)한국경영인증원,,NULL
776,환경부,서해그린환경(주),2023,사업장,폐기물 처리업,79384.0,218.0,(재)한국품질재단,,NULL
777,산업통상자원부,선도화학(주),2023,사업장,석유화학,28995.0,605.0,한국가스안전공사,,NULL
779,환경부,선진버스(주),2023,사업장,육상 여객 운송업,16755.0,306.0,(주)한국경영인증원,,NULL
780,환경부,성남시,2023,업체,폐기물 처리업,255226.0,2189.0,㈜한국품질보증원,,NULL
781,환경부,성남시내버스(주),2023,사업장,육상 여객 운송업,25839.0,493.0,㈜한국품질보증원,,NULL
782,환경부,성림유화 주식회사,2023,업체,폐기물 처리업,229505.0,209.0,로이드인증원㈜,,NULL
783,산업통상자원부,성보공업(주),2023,사업장,철강,13305.0,259.0,한국표준협회,,NULL
785,환경부,성신씨엠 주식회사,2023,사업장,"시멘트, 석회, 플라스터 및 그 외 제품 제조업",21880.0,446.0,로이드인증원㈜,,NULL
786,환경부,성신양회(주),2023,업체,"시멘트, 석회, 플라스터 및 그 외 제품 제조업",4989822.0,27628.0,한국표준협회,,004980
787,환경부,성안합섬(주),2023,사업장,화학섬유 제조업,18570.0,379.0,(주)한국경영인증원,,NULL
788,해양수산부,성우해운주식회사,2023,사업장,교통(해운),20137.0,275.0,한국표준협회,,NULL
790,산업통상자원부,성일요업주식회사,2023,사업장,요업,17671.0,336.0,한국표준협회,,NULL
792,산업통상자원부,성일하이텍(주),2023,사업장,비철금속,36401.0,550.0,(주)한국경영인증원,,365340
794,환경부,성창보드(주),2023,사업장,나무제품 제조업,30148.0,614.0,㈜한국품질보증원,,NULL
795,환경부,성훈엔지니어링주식회사,2023,사업장,1차 비철금속 제조업,38801.0,774.0,한국가스안전공사,,NULL
796,환경부,세메스(주),2023,사업장,특수 목적용 기계 제조업,38477.0,737.0,한국표준협회,,NULL
797,환경부,세방(주),2023,사업장,도로 화물 운송업,28028.0,438.0,(주)한국경영인증원,,004360
798,환경부,세방전지(주),2023,업체,일차전지 및 축전지 제조업,136703.0,2822.0,(주)한국경영인증원,,004490
799,환경부,세종특별자치시,2023,사업장,하수처리업,62871.0,595.0,(재)한국품질재단,,NULL
801,환경부,셀트리온,2023,사업장,기초 의약 물질 및 생물학적 제제 제조업,64717.0,1352.0,(주)한국경영인증원,,068270
802,환경부,셰플러코리아 유한책임회사,2023,사업장,일반 목적용 기계 제조업,82674.0,1715.0,로이드인증원㈜,,NULL
803,환경부,소신여객자동차(주),2023,사업장,육상 여객 운송업,17895.0,347.0,한국표준협회,,NULL
804,환경부,속초시,2023,사업장,지정외 폐기물처리업,18598.0,279.0,(주)한국경영인증원,,NULL
806,환경부,솔베이실리카코리아(주),2023,사업장,기초 화학물질 제조업,33440.0,715.0,대일이엔씨기술(주),,NULL
807,환경부,솔브레인에스엘디 주식회사,2023,사업장,전자 부품 제조업,37047.0,711.0,한국표준협회,,NULL
808,환경부,송원산업(주),2023,업체,기타 화학제품 제조업,128812.0,2619.0,한국표준협회,,004430
809,환경부,송학제지(주),2023,사업장,"펄프, 종이 및 판지 제조업",27642.0,226.0,(주)한국경영인증원,,NULL
810,환경부,수도권매립지관리공사,2023,업체,폐기물 처리업,1163222.0,4863.0,대일이엔씨기술(주),,NULL
811,환경부,수완에너지 주식회사,2023,업체,"증기, 냉ㆍ온수 및 공기 조절 공급업",156339.0,3104.0,대일이엔씨기술(주),,NULL
812,환경부,수원시,2023,업체,폐기물 처리업,177623.0,2098.0,㈜한국품질보증원,,NULL
813,국토교통부,수원애경역사 주식회사,2023,사업장,건물,14768.0,304.0,한국표준협회,,NULL
815,환경부,수원여객운수(주),2023,사업장,육상 여객 운송업,23468.0,457.0,한국표준협회,,NULL
816,국토교통부,수협노량진수산 주식회사,2023,사업장,건물,15940.0,332.0,(주)한국경영인증원,,NULL
818,환경부,순천시,2023,사업장,"하수, 폐수 및 분뇨 처리업",71728.0,460.0,(주)한국경영인증원,,NULL
819,환경부,스미토모세이카폴리머스코리아(주),2023,사업장,합성고무 및 플라스틱 물질 제조업,43122.0,1507.0,로이드인증원㈜,,NULL
820,환경부,스테코(주),2023,사업장,전자 부품 제조업,42902.0,893.0,한국표준협회,,NULL
821,환경부,스템코(주),2023,사업장,반도체 제조업,42450.0,899.0,(주)한국경영인증원,,NULL
822,환경부,스틸싸이클 주식회사,2023,사업장,1차 비철금속 제조업,75182.0,765.0,한국표준협회,,NULL
823,산업통상자원부,스틸싸이클에스씨(주),2023,사업장,비철금속,32045.0,42.0,한국표준협회,,NULL
825,환경부,시그네틱스(주),2023,사업장,반도체 제조업,38048.0,789.0,(주)한국경영인증원,,033170
826,환경부,시흥시,2023,사업장,폐기물 처리업,98335.0,901.0,(재)한국품질재단,,NULL
827,환경부,신대양제지(주),2023,업체,"펄프, 종이 및 판지 제조업",237744.0,1659.0,한국표준협회,,016590
828,환경부,신대양제지반월(주),2023,사업장,"펄프, 종이 및 판지 제조업",100851.0,670.0,한국표준협회,,NULL
829,환경부,신대일페이퍼 주식회사,2023,사업장,"펄프, 종이 및 판지 제조업",83230.0,867.0,(주)한국경영인증원,,NULL
830,환경부,신대한정유산업 주식회사,2023,사업장,폐기물 처리업,78306.0,256.0,(주)한국경영인증원,,NULL
831,국토교통부,신도림테크노마트 주식회사,2023,사업장,건물,15184.0,315.0,(주)한국경영인증원,,NULL
833,환경부,신분당선(주),2023,사업장,육상 여객 운송업,26767.0,559.0,(주)한국경영인증원,,NULL
834,환경부,신성교통(주),2023,사업장,육상 여객 운송업,13938.0,259.0,대일이엔씨기술(주),,NULL
835,국토교통부,신안종합리조트(주),2023,사업장,건물,16252.0,326.0,(주)한국경영인증원,,NULL
837,환경부,신창제지공업주식회사,2023,사업장,"펄프, 종이 및 판지 제조업",29475.0,601.0,한국표준협회,,NULL
838,환경부,신평택발전(주),2023,업체,전기업,1857561.0,36895.0,로이드인증원㈜,,NULL
839,산업통상자원부,신화인터텍(주),2023,사업장,전기전자,14196.0,290.0,로이드인증원㈜,,056700
841,산업통상자원부,쌍용기초소재(주),2023,사업장,시멘트,25292.0,459.0,로이드인증원㈜,,NULL
843,환경부,쌍용씨앤이(주),2023,업체,"시멘트, 석회, 플라스터 및 그 외 제품 제조업",10736622.0,64449.0,한국표준협회,,003410
844,환경부,씨엔씨티에너지 주식회사,2023,사업장,"증기, 냉ㆍ온수 및 공기 조절 공급업",29286.0,575.0,로이드인증원㈜,,NULL
845,환경부,씨월드고속훼리(주),2023,사업장,해상 운송업,98988.0,1364.0,(주)한국경영인증원,,NULL
846,국토교통부,씨제이씨지브이 주식회사,2023,업체,건물,69730.0,1394.0,(주)한국경영인증원,,NULL
848,산업통상자원부,씨지앤대산전력(주),2023,업체,발전에너지,25672.0,388.0,㈜한국품질보증원,,NULL
850,환경부,씨지앤율촌전력 주식회사,2023,업체,전기업,2050099.0,40217.0,㈜한국품질보증원,,NULL
851,환경부,아반스트레이트코리아 주식회사,2023,사업장,유리 및 유리제품 제조업,13938.0,280.0,㈜한국품질보증원,,NULL
852,환경부,아산시,2023,사업장,폐기물 처리업,103499.0,1009.0,㈜한국품질보증원,,NULL
853,환경부,아세아시멘트 주식회사,2023,업체,"시멘트, 석회, 플라스터 및 그 외 제품 제조업",2403681.0,15324.0,한국표준협회,,183190
854,환경부,아세아제지(주),2023,업체,"펄프, 종이 및 판지 제조업",455531.0,4341.0,한국표준협회,,002310
855,환경부,아시아나항공,2023,업체,항공 여객 운송업,332356.0,4883.0,㈜디엔브이비즈니스어슈어런스코리아,,020560
856,환경부,아주대학교의료원,2023,사업장,병원,29091.0,595.0,한국생산성본부인증원(주),,NULL
857,산업통상자원부,아주스틸(주),2023,사업장,기계,10821.0,208.0,한국표준협회,,139990
859,환경부,안동시,2023,사업장,수도사업,15374.0,162.0,(재)한국품질재단,,NULL
861,환경부,안산도시개발(주),2023,사업장,"증기, 냉ㆍ온수 및 공기 조절 공급업",21639.0,555.0,(재)한국품질재단,,NULL
863,환경부,안산시,2023,업체,"하수, 폐수 및 분뇨 처리업",117917.0,1465.0,㈜한국품질보증원,,NULL
864,환경부,안양시,2023,사업장,"하수, 폐수 및 분뇨 처리업",97999.0,1047.0,㈜한국품질보증원,,NULL
865,환경부,애경케미칼(주),2023,업체,기초 화학물질 제조업,180260.0,1880.0,(주)한국경영인증원,,161000
866,환경부,앰코테크놀로지코리아(주),2023,업체,반도체 제조업,333053.0,6850.0,(주)비에스아이그룹코리아,,NULL
867,환경부,양산시,2023,사업장,폐기물 처리업,91005.0,797.0,㈜한국품질보증원,,NULL
868,환경부,양주시,2023,사업장,폐기물 처리업,67323.0,869.0,㈜한국품질보증원,,NULL
869,환경부,어프로티움 주식회사,2023,업체,기초 화학물질 제조업,452372.0,3492.0,(재)한국품질재단,,NULL
870,환경부,에너원(주),2023,사업장,"증기, 냉ㆍ온수 및 공기 조절 공급업",39413.0,453.0,(주)한국경영인증원,,NULL
871,산업통상자원부,에스앤티모티브 주식회사,2023,사업장,자동차,20139.0,418.0,한국표준협회,,NULL
873,산업통상자원부,에스에스엘엠 주식회사,2023,사업장,전기전자,23549.0,482.0,한국표준협회,,NULL
875,환경부,에스엔에프코리아(주),2023,사업장,기타 화학제품 제조업,30220.0,752.0,(주)한국경영인증원,,NULL
876,산업통상자원부,에스엘 주식회사,2023,업체,전기전자,55666.0,1157.0,(재)한국품질재단,,005850
878,환경부,에스지씨솔루션 주식회사,2023,업체,유리 및 유리제품 제조업,163191.0,2706.0,(재)한국품질재단,,NULL
879,환경부,에스지씨에너지 주식회사,2023,업체,유리 및 유리제품 제조업,1722152.0,43694.0,㈜디엔브이비즈니스어슈어런스코리아,,NULL
880,환경부,에스케이 주식회사,2023,업체,"컴퓨터 프로그래밍, 시스템 통합 및 관리업",126634.0,2640.0,한국표준협회,,003600
881,산업통상자원부,에스케이가스(주),2023,사업장,발전에너지,21052.0,347.0,(재)한국품질재단,,018670
883,국토교통부,에스케이네트웍스 주식회사,2023,사업장,건물,23016.0,469.0,(주)비에스아이그룹코리아,,001740
885,환경부,에스케이넥실리스 주식회사,2023,사업장,1차 비철금속 제조업,190594.0,3959.0,(주)한국경영인증원,,NULL
886,환경부,에스케이마이크로웍스 주식회사,2023,업체,플라스틱 제품 제조업,145729.0,2990.0,한국표준협회,,NULL
887,환경부,에스케이마이크로웍스솔루션즈 주식회사,2023,사업장,플라스틱 제품 제조업,35739.0,661.0,(재)한국품질재단,,NULL
888,환경부,에스케이머티리얼즈에어플러스 주식회사,2023,업체,기초 화학물질 제조업,312710.0,6541.0,한국표준협회,,NULL
889,환경부,에스케이멀티유틸리티 주식회사,2023,업체,"증기, 냉ㆍ온수 및 공기 조절 공급업",334853.0,4013.0,(재)한국품질재단,,NULL
890,산업통상자원부,에스케이바이오사이언스(주),2023,사업장,석유화학,17803.0,365.0,(재)한국품질재단,,302440
892,환경부,에스케이스페셜티 주식회사,2023,업체,기초 화학물질 제조업,249551.0,5168.0,한국가스안전공사,,NULL
893,환경부,에스케이실트론 주식회사,2023,업체,반도체 제조업,386319.0,8102.0,로이드인증원㈜,,NULL
894,환경부,에스케이씨 주식회사,2023,업체,플라스틱 제품 제조업,1911.0,38.0,한국표준협회,,NULL
895,환경부,에스케이아이이테크놀로지주식회사,2023,사업장,일차전지 및 축전지 제조업,80652.0,1654.0,한국표준협회,,361610
896,환경부,에스케이어드밴스드주식회사,2023,업체,기초 화학물질 제조업,525364.0,9465.0,한국표준협회,,NULL
897,환경부,에스케이에너지 주식회사,2023,업체,석유 정제품 제조업,7114805.0,79716.0,한국표준협회,,NULL
898,환경부,에스케이에코프라임 주식회사,2023,업체,기타 화학제품 제조업,33292.0,571.0,(재)한국품질재단,,NULL
899,환경부,에스케이엔무브 주식회사,2023,업체,석유 정제품 제조업,196078.0,6656.0,한국표준협회,,NULL
900,환경부,에스케이엔텀 주식회사,2023,업체,보관 및 창고업,26399.0,542.0,한국표준협회,,NULL
901,산업통상자원부,에스케이오션플랜트(주),2023,사업장,조선,25509.0,447.0,한국표준협회,,100090
903,환경부,에스케이온 주식회사,2023,업체,일차전지 및 축전지 제조업,169547.0,3505.0,한국표준협회,,NULL
904,환경부,에스케이이엔에스 주식회사,2023,업체,전기업,2149279.0,42714.0,대일이엔씨기술(주),,NULL
905,환경부,에스케이지오센트릭 주식회사,2023,업체,기초 화학물질 제조업,2559413.0,59471.0,한국표준협회,,NULL
906,환경부,에스케이케미칼(주),2023,업체,합성고무 및 플라스틱 물질 제조업,220838.0,3913.0,(재)한국품질재단,,285130
907,환경부,에스케이키파운드리 주식회사,2023,업체,반도체 제조업,271185.0,3594.0,(주)비에스아이그룹코리아,"""주식회사 키파운드리"" 업체명 변경",NULL
908,환경부,에스케이텔레콤 주식회사,2023,업체,전기 통신업,1149239.0,23995.0,㈜디엔브이비즈니스어슈어런스코리아,,017670
909,환경부,에스케이피아이씨글로벌 주식회사,2023,업체,기초 화학물질 제조업,359346.0,6851.0,한국표준협회,,NULL
912,환경부,에스케이하이닉스 시스템아이씨(주),2023,업체,반도체 제조업,131.0,2.0,(주)비에스아이그룹코리아,,NULL
913,환경부,에스케이하이닉스 주식회사,2023,업체,반도체 제조업,4789833.0,94584.0,(주)비에스아이그룹코리아,,000660
914,환경부,에스티엠 주식회사,2023,사업장,일차전지 및 축전지 제조업,51802.0,1072.0,한국표준협회,,NULL
915,환경부,에스폼(주),2023,사업장,1차 비철금속 제조업,1.0,0.0,한국표준협회,,NULL
916,환경부,에스피엘(주),2023,사업장,기타 식품 제조업,28309.0,642.0,(주)비에스아이그룹코리아,,NULL
917,환경부,에어리퀴드코리아 주식회사,2023,업체,기초 화학물질 제조업,241790.0,2736.0,로이드인증원㈜,,NULL
918,환경부,에어부산(주),2023,업체,항공 여객 운송업,172964.0,2480.0,한국표준협회,,298690
919,국토교통부,에어서울 주식회사,2023,업체,교통(항공),34550.0,495.0,한국표준협회,,NULL
921,환경부,에어프로덕츠코리아 주식회사,2023,업체,기초 화학물질 제조업,795152.0,16409.0,로이드인증원㈜,,NULL
922,환경부,에이에스이코리아주식회사,2023,사업장,반도체 제조업,108886.0,2255.0,㈜디엔브이비즈니스어슈어런스코리아,,NULL
923,산업통상자원부,에이지씨디스플레이글라스오창주식회사,2023,사업장,유리,11815.0,246.0,㈜디엔브이비즈니스어슈어런스코리아,,NULL
925,환경부,에이지씨화인테크노한국주식회사,2023,업체,유리 및 유리제품 제조업,197984.0,3984.0,㈜디엔브이비즈니스어슈어런스코리아,,NULL
926,산업통상자원부,에이치디 현대건설기계(주),2023,사업장,기계,13223.0,194.0,㈜디엔브이비즈니스어슈어런스코리아,,NULL
928,국토교통부,에이치디씨리조트(주),2023,사업장,건물,15057.0,305.0,한국표준협회,,NULL
930,국토교통부,에이치디씨아이파크몰 주식회사,2023,사업장,건물,19691.0,406.0,(주)한국경영인증원,,NULL
934,산업통상자원부,에이치디씨현대이피 주식회사,2023,사업장,석유화학,22948.0,423.0,한국표준협회,,NULL
936,환경부,에이치디현대에너지솔루션(주),2023,사업장,반도체 제조업,41779.0,780.0,(주)한국경영인증원,,NULL
937,환경부,에이치디현대오씨아이 주식회사,2023,업체,기초 화학물질 제조업,368689.0,4215.0,(재)한국품질재단,,NULL
938,환경부,에이치디현대인프라코어(주),2023,사업장,특수 목적용 기계 제조업,94451.0,1829.0,지속가능인증원주식회사,,042670
939,환경부,에이치디현대일렉트릭(주),2023,사업장,"전동기, 발전기 및 전기 변환ㆍ공급ㆍ제어 장치 제조업",35941.0,738.0,㈜디엔브이비즈니스어슈어런스코리아,,NULL
940,환경부,에이치디현대중공업 주식회사,2023,업체,선박 및 보트 건조업,639878.0,11284.0,한국표준협회,,NULL
941,환경부,에이치디현대케미칼주식회사,2023,업체,기초 화학물질 제조업,2146776.0,39323.0,(재)한국품질재단,,NULL
942,환경부,에이치에스지성동조선 주식회사,2023,사업장,선박 및 보트 건조업,46136.0,866.0,한국표준협회,,NULL
943,환경부,에이치엘만도 주식회사,2023,사업장,자동차 신품 부품 제조업,70598.0,1475.0,(주)비에스아이그룹코리아,,NULL
944,환경부,에이치엘비에너지㈜,2023,사업장,폐기물,31771.0,78.0,(재)한국품질재단,,NULL
946,해양수산부,에이치엠엠피에스에이신항만(주),2023,사업장,항만,28561.0,572.0,로이드인증원㈜,,NULL
948,환경부,에코비트에너지정세,2023,업체,폐기물,70701.0,487.0,한국표준협회,,NULL
950,산업통상자원부,에코플라스틱(주),2023,사업장,자동차,17728.0,366.0,(재)한국품질재단,,038110
952,환경부,엘앤에프,2023,사업장,전자 부품 제조업,151192.0,3057.0,(재)한국품질재단,,066970
953,산업통상자원부,엘에스메탈 주식회사,2023,사업장,비철금속,21168.0,440.0,(주)한국경영인증원,,NULL
955,환경부,엘에스엠앤엠 주식회사,2023,업체,1차 비철금속 제조업,508660.0,8606.0,한국표준협회,,NULL
956,산업통상자원부,엘에스일렉트릭(주),2023,사업장,전기전자,18486.0,384.0,(주)한국경영인증원,,010120
958,환경부,엘에스전선 주식회사,2023,업체,절연선 및 케이블 제조업,106681.0,2163.0,㈜한국품질보증원,,NULL
959,환경부,엘지디스플레이(주),2023,업체,전자 부품 제조업,3492475.0,55114.0,㈜디엔브이비즈니스어슈어런스코리아,,034220
960,산업통상자원부,엘지마그나 이파워트레인 주식회사,2023,사업장,자동차,20177.0,420.0,(주)비에스아이그룹코리아,,NULL
962,환경부,엘지유플러스(주),2023,업체,전기 통신업,1475170.0,30810.0,한국표준협회,,032640
963,환경부,엘지이노텍 주식회사,2023,업체,전자 부품 제조업,403790.0,8495.0,(주)비에스아이그룹코리아,,011070
964,환경부,엘지전자 주식회사,2023,업체,반도체 제조업,246433.0,5314.0,㈜디엔브이비즈니스어슈어런스코리아,,066570
965,환경부,엠이엠씨코리아주식회사,2023,사업장,반도체 제조업,111356.0,2349.0,(주)신화엔지니어링종합건축사사무소,,NULL
966,환경부,여수시,2023,업체,지정외 폐기물처리업 등,73442.0,763.0,지속가능인증원주식회사,,NULL
968,환경부,여천엔씨씨 주식회사,2023,업체,기초 화학물질 제조업,3582493.0,69070.0,(재)한국품질재단,,NULL
969,환경부,연천군,2023,사업장,폐기물,21312.0,28.0,(재)한국품질재단,,NULL
971,산업통상자원부,영보화학(주),2023,사업장,석유화학,12126.0,231.0,(주)한국경영인증원,,014440
973,해양수산부,영우해운(주),2023,사업장,교통(해운),10409.0,146.0,한국표준협회,,NULL
975,환경부,영주시,2023,사업장,폐기물 처리업,25776.0,6.0,(재)한국품질재단,,NULL
977,환경부,영풍전자(주),2023,사업장,전자 부품 제조업,81875.0,1658.0,(주)한국경영인증원,,NULL
978,환경부,영풍제지(주),2023,사업장,"펄프, 종이 및 판지 제조업",91010.0,1181.0,한국표준협회,,NULL
979,환경부,영화금속(주),2023,사업장,금속 주조업,80900.0,1156.0,한국표준협회,,012280
980,환경부,오뚜기라면 주식회사,2023,업체,기타 식품 제조업,45725.0,920.0,(주)비에스아이그룹코리아,,NULL
981,환경부,오라이온코리아 주식회사,2023,업체,기초 화학물질 제조업,424727.0,742.0,㈜디엔브이비즈니스어슈어런스코리아,,NULL
982,환경부,오비맥주(주),2023,사업장,알코올 음료 제조업,92625.0,1944.0,(주)한국경영인증원,,NULL
983,환경부,오산시,2023,사업장,하수처리업,19642.0,272.0,㈜한국품질보증원,,NULL
985,산업통상자원부,오성연료전지 주식회사,2023,사업장,발전에너지,36466.0,0.0,한국표준협회,,NULL
987,환경부,오씨아이주식회사,2023,업체,기타 화학제품 제조업,1164209.0,18039.0,㈜디엔브이비즈니스어슈어런스코리아,,NULL
988,환경부,오씨아이홀딩스 주식회사,2023,업체,기초 화학물질 제조업,1163.0,23.0,㈜디엔브이비즈니스어슈어런스코리아,,NULL
989,농림축산식품부,오케이에프음료(주),2023,사업장,음료제조업,19980.0,376.0,한국표준협회,,NULL
991,환경부,온세미컨덕터코리아(주),2023,업체,반도체 제조업,195764.0,2967.0,(주)비에스아이그룹코리아,,NULL
992,환경부,와이케이스틸(주),2023,업체,1차 철강 제조업,248073.0,4451.0,한국표준협회,,NULL
993,환경부,용남고속(주),2023,사업장,육상 여객 운송업,24545.0,426.0,(주)한국경영인증원,,NULL
994,환경부,용산화학(주),2023,사업장,기초 화학물질 제조업,111804.0,938.0,한국가스안전공사,,NULL
995,환경부,용인시,2023,업체,폐기물 처리업,178471.0,2006.0,㈜한국품질보증원,,NULL
996,산업통상자원부,우지막코리아(주),2023,사업장,요업,6793.0,138.0,한국표준협회,,NULL
998,환경부,우진환경개발(주),2023,사업장,폐기물 처리업,53661.0,774.0,㈜한국품질보증원,,NULL
999,환경부,울산과학기술원,2023,사업장,고등 교육기관,37403.0,776.0,한국표준협회,,NULL
1000,환경부,울산광역시,2023,업체,폐기물 처리업,324288.0,3100.0,㈜한국품질보증원,,NULL
1001,환경부,울산아로마틱스(주),2023,업체,기초 화학물질 제조업,432872.0,10073.0,㈜디엔브이비즈니스어슈어런스코리아,,NULL
1002,환경부,울산알루미늄 주식회사,2023,업체,1차 비철금속 제조업,151460.0,3076.0,(주)한국경영인증원,,NULL
1003,산업통상자원부,울산피피주식회사,2023,사업장,석유화학,41034.0,1087.0,(주)한국경영인증원,,NULL
1005,환경부,원주시,2023,사업장,"하수, 폐수 및 분뇨 처리업",62800.0,718.0,(재)한국화학융합시험연구원,,NULL
1006,환경부,위드인천에너지(주),2023,업체,"증기, 냉ㆍ온수 및 공기 조절 공급업",23073.0,483.0,(재)한국품질재단,,NULL
1007,환경부,유니온머티리얼(주),2023,사업장,"내화, 비내화 요업제품 제조업",38832.0,787.0,(재)한국품질재단,,047400
1008,환경부,유니투스 주식회사,2023,업체,자동차 신품 부품 제조업,68181.0,1414.0,(재)한국품질재단,,NULL
1009,산업통상자원부,유성기업(주),2023,사업장,자동차,14327.0,294.0,(주)비에스아이그룹코리아,,002920
1011,환경부,유한킴벌리 주식회사,2023,업체,"펄프, 종이 및 판지 제조업",191357.0,3865.0,(재)한국품질재단,,NULL
1012,환경부,유한회사 사조씨피케이,2023,업체,"곡물 가공품, 전분 및 전분제품 제조업",126734.0,2333.0,(재)한국품질재단,"""인그리디언코리아 유한회사"" 업체명 변경",NULL
1013,환경부,유한회사 스태츠칩팩코리아,2023,사업장,반도체 제조업,72323.0,1505.0,(주)신화엔지니어링종합건축사사무소,,NULL
1014,산업통상자원부,유한회사 클라리오스델코,2023,사업장,전기전자,46094.0,954.0,(주)한국경영인증원,,NULL
1016,환경부,율촌화학(주),2023,사업장,플라스틱 제품 제조업,84865.0,1572.0,(주)한국경영인증원,,008730
1017,국토교통부,의료법인 길 의료재단,2023,사업장,건물,22479.0,461.0,(재)한국화학융합시험연구원,,NULL
1019,환경부,의정부시,2023,사업장,"하수, 폐수 및 분뇨 처리업",72306.0,719.0,㈜한국품질보증원,,NULL
1020,산업통상자원부,이건에너지(주),2023,사업장,산업단지,15513.0,2613.0,㈜한국품질보증원,,NULL
1022,환경부,이구산업(주),2023,사업장,1차 비철금속 제조업,34607.0,713.0,한국생산성본부인증원(주),,025820
1023,환경부,이누스 주식회사,2023,사업장,"내화, 비내화 요업제품 제조업",50392.0,900.0,한국표준협회,,NULL
1024,환경부,이도에코오산(주),2023,업체,폐기물,57085.0,34.0,(재)한국품질재단,,NULL
1026,환경부,이도에코전주(주),2023,사업장,폐기물 처리업,45731.0,34.0,㈜한국품질보증원,,NULL
1028,산업통상자원부,이래에이엠에스 주식회사,2023,사업장,자동차,26130.0,540.0,㈜한국품질보증원,,NULL
1030,환경부,이스트만화이버코리아 주식회사,2023,사업장,화학섬유 제조업,37641.0,639.0,(주)한국경영인증원,,NULL
1031,환경부,이천시,2023,사업장,폐기물 처리업,124566.0,1094.0,㈜한국품질보증원,,NULL
1032,환경부,익산시,2023,사업장,폐기물 처리업,75533.0,598.0,㈜한국품질보증원,,NULL
1033,환경부,인제군,2023,사업장,폐기물,20256.0,29.0,(주)한국경영인증원,,NULL
1035,환경부,인천공항에너지,2023,업체,"증기, 냉ㆍ온수 및 공기 조절 공급업",212737.0,4221.0,㈜한국품질보증원,,NULL
1036,환경부,인천광역시,2023,업체,폐기물 처리업,400718.0,4989.0,(재)한국품질재단,,NULL
1037,환경부,인천교통공사,2023,사업장,육상 여객 운송업,114361.0,2358.0,한국표준협회,,NULL
1038,환경부,인천국제공항공사,2023,업체,기타 운송관련 서비스업,245143.0,4721.0,한국표준협회,,NULL
1039,산업통상자원부,인천연료전지(주),2023,업체,발전에너지,162666.0,23.0,(주)한국경영인증원,,NULL
1041,환경부,인천종합에너지(주),2023,업체,"증기, 냉ㆍ온수 및 공기 조절 공급업",375972.0,7549.0,㈜디엔브이비즈니스어슈어런스코리아,,NULL
1042,환경부,인터지스(주),2023,사업장,도로 화물 운송업,32986.0,490.0,(주)한국경영인증원,,129260
1043,산업통상자원부,인프라에어홀딩스 주식회사,2023,업체,석유화학,248472.0,5191.0,한국표준협회,,NULL
1045,농림축산식품부,일산실업(주) 칠서에탄올공장,2023,사업장,음료제조업,8100.0,390.0,한국표준협회,,NULL
1047,해양수산부,일신로지스틱스주식회사,2023,사업장,교통(해운),16187.0,237.0,㈜디엔브이비즈니스어슈어런스코리아,,NULL
1049,환경부,일신방직(주),2023,사업장,방적 및 가공사 제조업,50724.0,1060.0,로이드인증원㈜,,003200
1050,환경부,일진디스플레이(주),2023,사업장,전자 부품 제조업,12202.0,254.0,한국표준협회,,NULL
1051,환경부,일진제강(주),2023,사업장,1차 철강 제조업,51635.0,1046.0,한국표준협회,,NULL
1052,환경부,재단법인 대구경북과학기술원,2023,사업장,고등 교육기관,30361.0,612.0,한국표준협회,,NULL
1053,환경부,재단법인 아산사회복지재단,2023,사업장,병원,99532.0,2002.0,한국표준협회,,NULL
1054,환경부,재원산업,2023,사업장,기초 화학물질 제조업,22608.0,581.0,(재)한국품질재단,,NULL
1055,환경부,전기초자코리아(주),2023,업체,유리 및 유리제품 제조업,34307.0,697.0,한국표준협회,,NULL
1056,환경부,전남대학교,2023,사업장,고등 교육기관,36057.0,729.0,한국표준협회,,NULL
1057,산업통상자원부,전방(주),2023,업체,섬유,35256.0,733.0,(주)한국경영인증원,,000950
1059,환경부,전북대학교,2023,사업장,고등 교육기관,35859.0,739.0,(주)한국경영인증원,,NULL
1060,국토교통부,전북대학교병원,2023,사업장,건물,22519.0,461.0,(재)한국화학융합시험연구원,,NULL
1062,환경부,전북집단에너지 주식회사,2023,업체,"증기, 냉ㆍ온수 및 공기 조절 공급업",191154.0,2228.0,로이드인증원㈜,,NULL
1063,환경부,전주시,2023,업체,폐기물 처리업,177894.0,1839.0,㈜한국품질보증원,,NULL
1064,국토교통부,전차연물류(주),2023,사업장,교통(화물),17357.0,246.0,㈜한국품질보증원,,NULL
1066,환경부,제이비 주식회사,2023,사업장,"증기, 냉ㆍ온수 및 공기 조절 공급업",24507.0,595.0,(재)한국품질재단,,NULL
1067,환경부,제이셋스태츠칩팩코리아(유),2023,사업장,반도체 제조업,89434.0,1864.0,(주)신화엔지니어링종합건축사사무소,,NULL
1068,환경부,제주특별자치도,2023,업체,폐기물 처리업,385683.0,3439.0,한국표준협회,,NULL
1069,환경부,제주특별자치도개발공사,2023,사업장,비알코올 음료 및 얼음 제조업,32104.0,645.0,한국표준협회,,NULL
1070,환경부,제주항공(주),2023,업체,항공 여객 운송업,228974.0,3283.0,(재)한국화학융합시험연구원,,089590
1071,환경부,제천시,2023,사업장,"하수, 폐수 및 분뇨 처리업",53681.0,341.0,(재)한국품질재단,,NULL
1072,산업통상자원부,조선내화(주),2023,사업장,요업,19329.0,370.0,(재)한국품질재단,,462520
1074,국토교통부,조선대학교,2023,사업장,건물,14888.0,305.0,한국생산성본부인증원(주),,NULL
1076,환경부,조일알미늄 주식회사,2023,사업장,1차 비철금속 제조업,82972.0,1680.0,(재)한국품질재단,,018470
1077,산업통상자원부,존슨일렉트릭오퍼레이션스(주),2023,사업장,자동차,16415.0,324.0,한국표준협회,,NULL
1079,산업통상자원부,주성엔지니어링(주),2023,사업장,기계,3987.0,83.0,(재)한국품질재단,,036930
1081,환경부,주식회사 GS구미열병합발전,2023,업체,"증기, 냉ㆍ온수 및 공기 조절 공급업",1058705.0,12014.0,(재)한국품질재단,,NULL
1083,환경부,주식회사 GS반월열병합발전,2023,업체,"증기, 냉ㆍ온수 및 공기 조절 공급업",887504.0,10323.0,(재)한국품질재단,,NULL
1085,국토교통부,주식회사 경방,2023,사업장,건물,18160.0,375.0,한국생산성본부인증원(주),,000050
1087,환경부,주식회사 고려시멘트,2023,업체,"시멘트, 석회, 플라스터 및 그 외 제품 제조업",317492.0,2010.0,한국표준협회,,003660
1088,환경부,주식회사 고려제지,2023,업체,"펄프, 종이 및 판지 제조업",130657.0,3650.0,(주)한국경영인증원,,NULL
1089,국토교통부,주식회사 국민은행,2023,업체,건물,93481.0,1504.0,한국표준협회,,031150
1091,환경부,주식회사 그린바이로,2023,사업장,지정외 폐기물처리업,74968.0,16.0,한국표준협회,,NULL
1093,환경부,주식회사 그린밸리,2023,사업장,폐기물,38478.0,23.0,㈜한국품질보증원,,NULL
1095,국토교통부,주식회사 남성버스,2023,사업장,교통(여객),16395.0,308.0,(주)한국경영인증원,,NULL
1097,산업통상자원부,주식회사 녹수,2023,사업장,석유화학,25614.0,516.0,로이드인증원㈜,,NULL
1099,환경부,주식회사 농심,2023,업체,기타 식품 제조업,183130.0,3623.0,한국표준협회,,004370
1100,환경부,주식회사 뉴그린,2023,업체,폐기물 처리업,110785.0,230.0,(주)한국경영인증원,,NULL
1101,환경부,주식회사 대륜발전,2023,업체,"증기, 냉ㆍ온수 및 공기 조절 공급업",668733.0,13253.0,한국표준협회,,NULL
1102,환경부,주식회사 대유글로벌,2023,사업장,자동차 신품 부품 제조업,36187.0,740.0,(재)한국품질재단,,NULL
1103,국토교통부,주식회사 대전신세계,2023,사업장,건물,22161.0,460.0,(주)한국경영인증원,,NULL
1105,환경부,주식회사 대창,2023,사업장,1차 비철금속 제조업,31844.0,654.0,한국가스안전공사,,012800
1106,환경부,주식회사 대한세라믹스,2023,사업장,"내화, 비내화 요업제품 제조업",39660.0,729.0,(주)한국경영인증원,,NULL
1107,환경부,주식회사 대호에이엘,2023,사업장,1차 비철금속 제조업,30266.0,612.0,(주)한국경영인증원,,069460
1108,환경부,주식회사 더블유티씨서울,2023,사업장,부동산 임대 및 공급업,56136.0,1158.0,(주)한국경영인증원,,NULL
1109,환경부,주식회사 덕양에너젠,2023,업체,기초 화학물질 제조업,29057.0,602.0,지속가능인증원주식회사,,0001A0
1110,국토교통부,주식회사 동부고속,2023,사업장,교통(여객),22747.0,333.0,(주)한국경영인증원,,NULL
1112,환경부,주식회사 동성케미컬,2023,사업장,기초 화학물질 제조업,32141.0,624.0,한국생산성본부인증원(주),,102260
1113,산업통상자원부,주식회사 동아,2023,사업장,기계,21122.0,437.0,한국표준협회,,NULL
1115,환경부,주식회사 디비메탈,2023,업체,1차 철강 제조업,547624.0,6269.0,(재)한국품질재단,,NULL
1116,환경부,주식회사 디비하이텍,2023,업체,반도체 제조업,271448.0,3956.0,(주)비에스아이그룹코리아,,NULL
1117,국토교통부,주식회사 디앤오,2023,사업장,건물,16604.0,339.0,(재)한국품질재단,,NULL
1119,환경부,주식회사 디에스단석,2023,사업장,1차 비철금속 제조업,80850.0,1568.0,한국표준협회,,NULL
1120,산업통상자원부,주식회사 디엔 오토모티브,2023,사업장,전기전자,18582.0,386.0,한국표준협회,,NULL
1122,산업통상자원부,주식회사 메타즈,2023,사업장,기계,10564.0,218.0,㈜한국품질보증원,,NULL
1124,환경부,주식회사 명성,2023,사업장,육상 여객 운송업,23481.0,393.0,(주)한국경영인증원,,NULL
1125,환경부,주식회사 명성환경,2023,사업장,폐기물 처리업,17.0,279.0,(주)한국경영인증원,,NULL
1126,국토교통부,주식회사 무주덕유산리조트,2023,사업장,건물,16508.0,305.0,(주)한국경영인증원,,NULL
1128,국토교통부,주식회사 문화방송,2023,사업장,건물,16148.0,350.0,(주)한국경영인증원,,NULL
1130,환경부,주식회사 범우,2023,사업장,폐기물 처리업,86077.0,76.0,한국표준협회,,NULL
1131,환경부,주식회사 베어링아트,2023,사업장,자동차 신품 부품 제조업,61047.0,1263.0,한국표준협회,,NULL
1132,환경부,주식회사 삼기,2023,사업장,자동차 신품 부품 제조업,65830.0,1264.0,(주)한국경영인증원,,122350
1133,환경부,주식회사 삼보광업,2023,업체,"시멘트, 석회, 플라스터 및 그 외 제품 제조업",157529.0,401.0,한국생산성본부인증원(주),,NULL
1134,환경부,주식회사 삼양사,2023,업체,"곡물 가공품, 전분 및 전분제품 제조업",260575.0,6152.0,한국표준협회,,145990
1135,환경부,주식회사 삼양패키징,2023,업체,플라스틱 제품 제조업,135941.0,2866.0,한국표준협회,,272550
1136,환경부,주식회사 삼영,2023,사업장,플라스틱 제품 제조업,29751.0,610.0,한국표준협회,,003720
1137,국토교통부,주식회사 서부티엔디,2023,사업장,건물,21029.0,432.0,한국표준협회,,NULL
1139,환경부,주식회사 세아베스틸,2023,업체,1차 철강 제조업,1182414.0,18542.0,한국표준협회,,NULL
1140,환경부,주식회사 세아베스틸지주,2023,업체,1차 철강 제조업,467.0,9.0,한국표준협회,,001430
1141,환경부,주식회사 세아창원특수강,2023,업체,1차 철강 제조업,455763.0,8330.0,한국표준협회,,NULL
1142,환경부,주식회사 세진메탈,2023,사업장,1차 비철금속 제조업,43257.0,692.0,(주)한국경영인증원,,NULL
1143,환경부,주식회사 소노인터내셔널,2023,사업장,일반 및 생활 숙박시설 운영업,138824.0,2942.0,(주)한국경영인증원,,NULL
1144,환경부,주식회사 수석,2023,사업장,유리 및 유리제품 제조업,44995.0,767.0,(주)한국경영인증원,,NULL
1145,환경부,주식회사 스타필드고양,2023,사업장,부동산 임대 및 공급업,26746.0,608.0,㈜한국품질보증원,,NULL
1146,국토교통부,주식회사 스타필드안성,2023,사업장,건물,17633.0,364.0,한국표준협회,,NULL
1148,환경부,주식회사 스타필드하남,2023,사업장,부동산 임대 및 공급업,25608.0,533.0,㈜한국품질보증원,,NULL
1149,국토교통부,주식회사 신세계동대구복합환승센터,2023,사업장,건물,23388.0,486.0,(주)한국경영인증원,,NULL
1151,국토교통부,주식회사 신한은행,2023,업체,건물,72193.0,1178.0,㈜디엔브이비즈니스어슈어런스코리아,,000010
1153,환경부,주식회사 심텍,2023,사업장,전자 부품 제조업,104764.0,2150.0,㈜디엔브이비즈니스어슈어런스코리아,,222800
1154,환경부,주식회사 심팩인더스트리,2023,업체,1차 철강 제조업,46224.0,965.0,(재)한국품질재단,,005350
1155,산업통상자원부,주식회사 아이유제지,2023,사업장,제지,19422.0,290.0,(주)한국경영인증원,,NULL
1157,환경부,주식회사 알테크노메탈,2023,사업장,금속 주조업,44703.0,746.0,(주)한국경영인증원,,NULL
1158,산업통상자원부,주식회사 알트론김제,2023,사업장,자동차,15098.0,290.0,지속가능인증원주식회사,,NULL
1160,환경부,주식회사 알트론전주,2023,사업장,자동차 신품 부품 제조업,33439.0,642.0,지속가능인증원주식회사,,NULL
1161,환경부,주식회사 에너지네트웍,2023,업체,폐기물 처리업,173204.0,412.0,(주)한국경영인증원,,NULL
1162,환경부,주식회사 에스알,2023,업체,철도 운송업,162106.0,3387.0,(주)비에스아이그룹코리아,,NULL
1163,환경부,주식회사 에스에프에이반도체,2023,사업장,반도체 제조업,28393.0,573.0,(주)신화엔지니어링종합건축사사무소,,NULL
1164,환경부,주식회사 에스엔엔씨,2023,업체,1차 비철금속 제조업,1416717.0,15144.0,(재)한국품질재단,,NULL
1165,환경부,주식회사 에스피씨삼립,2023,사업장,기타 식품 제조업,96085.0,1981.0,(주)비에스아이그룹코리아,,NULL
1166,환경부,주식회사 에스피에스엔에이,2023,사업장,"시멘트, 석회, 플라스터 및 그 외 제품 제조업",42987.0,878.0,(재)한국품질재단,,NULL
1167,환경부,주식회사 에쓰큐씨,2023,업체,"시멘트, 석회, 플라스터 및 그 외 제품 제조업",0.0,0.0,(주)신화엔지니어링종합건축사사무소,,NULL
1168,환경부,주식회사 에어퍼스트,2023,업체,기초 화학물질 제조업,654168.0,13452.0,한국가스안전공사,,NULL
1169,산업통상자원부,주식회사 에이팩트,2023,사업장,전기전자,27695.0,576.0,한국표준협회,,200470
1171,산업통상자원부,주식회사 에이프로젠바이오로직스,2023,사업장,석유화학,21973.0,451.0,로이드인증원㈜,,003060
1173,환경부,주식회사 에코라임,2023,업체,"시멘트, 석회, 플라스터 및 그 외 제품 제조업",107704.0,654.0,(주)신화엔지니어링종합건축사사무소,,NULL
1174,환경부,주식회사 에코비트에너지명성,2023,업체,폐기물 처리업,37291.0,48.0,(주)한국경영인증원,,NULL
1175,환경부,주식회사 에코비트에너지울산,2023,사업장,"증기, 냉ㆍ온수 및 공기 조절 공급업",89865.0,1068.0,한국표준협회,,NULL
1176,환경부,주식회사 에코이앤이,2023,사업장,폐기물 처리업,45149.0,27.0,한국표준협회,,NULL
1178,산업통상자원부,주식회사 에코프로이엠,2023,사업장,전기전자,116425.0,2432.0,(주)한국경영인증원,,NULL
1180,산업통상자원부,주식회사 엘비루셈,2023,사업장,반도체,21079.0,439.0,(재)한국품질재단,,376190
1182,환경부,주식회사 엘엑스하우시스,2023,업체,플라스틱 제품 제조업,111501.0,2240.0,㈜디엔브이비즈니스어슈어런스코리아,,NULL
1183,환경부,주식회사 엘지에너지솔루션,2023,업체,일차전지 및 축전지 제조업,376451.0,8123.0,(재)한국품질재단,,373220
1184,환경부,주식회사 엘지화학,2023,업체,기초 화학물질 제조업,8129057.0,155577.0,(재)한국품질재단,,051910
1185,환경부,주식회사 영풍,2023,업체,1차 비철금속 제조업,1109762.0,18984.0,(재)한국품질재단,,000670
1186,환경부,주식회사 영흥산업환경,2023,사업장,폐기물 처리업,128979.0,642.0,㈜한국품질보증원,,NULL
1187,국토교통부,주식회사 우리은행,2023,업체,건물,72501.0,1116.0,㈜디엔브이비즈니스어슈어런스코리아,,000030
1189,환경부,주식회사 윈팩,2023,사업장,반도체 제조업,23960.0,498.0,한국표준협회,,097800
1190,환경부,주식회사 유니드,2023,업체,기초 화학물질 제조업,285162.0,7132.0,로이드인증원㈜,,014830
1191,환경부,주식회사 유니드비티플러스,2023,업체,나무제품 제조업,48546.0,1940.0,로이드인증원㈜,,446070
1192,환경부,주식회사 유니큰,2023,업체,폐기물 처리업,88277.0,611.0,지속가능인증원주식회사,,NULL
1193,환경부,주식회사 이랜드리테일,2023,업체,종합 소매업,156824.0,3253.0,한국표준협회,,NULL
1194,환경부,주식회사 이엠케이승경,2023,사업장,폐기물 처리업,47379.0,492.0,(주)한국경영인증원,,NULL
1195,환경부,주식회사 전주원파워,2023,사업장,전기업,42211.0,6052.0,한국표준협회,,NULL
1196,환경부,주식회사 전주페이퍼,2023,업체,"펄프, 종이 및 판지 제조업",523240.0,9899.0,한국표준협회,,NULL
1197,환경부,주식회사 정선라임,2023,사업장,"시멘트, 석회, 플라스터 및 그 외 제품 제조업",61762.0,211.0,한국표준협회,,NULL
1198,환경부,주식회사 지알엠,2023,사업장,1차 비철금속 제조업,83241.0,962.0,한국표준협회,,NULL
1199,환경부,주식회사 지에스이앤알,2023,업체,"증기, 냉ㆍ온수 및 공기 조절 공급업",1946859.0,12.0,(재)한국품질재단,,NULL
1200,환경부,주식회사 지에스포천그린에너지,2023,업체,"증기, 냉ㆍ온수 및 공기 조절 공급업",1051930.0,13419.0,㈜디엔브이비즈니스어슈어런스코리아,,NULL
1201,환경부,주식회사 진로발효,2023,사업장,알코올 음료 제조업,30581.0,763.0,(재)한국품질재단,,018120
1202,환경부,주식회사 진에어,2023,업체,항공 여객 운송업,224824.0,3218.0,한국표준협회,,272450
1203,환경부,주식회사 카프로,2023,업체,기초 화학물질 제조업,143088.0,875.0,(재)한국품질재단,,006380
1204,환경부,주식회사 케이씨씨글라스,2023,업체,유리 및 유리제품 제조업,730329.0,9673.0,(재)한국품질재단,,344820
1205,환경부,주식회사 케이씨씨실리콘,2023,업체,기초 화학물질 제조업,98302.0,1636.0,(재)한국품질재단,,NULL
1206,환경부,주식회사 케이티,2023,업체,전기 통신업,1127466.0,23242.0,㈜한국품질보증원,,030200
1207,환경부,주식회사 케이티클라우드,2023,업체,"자료 처리, 호스팅, 포털 및 기타 인터넷 정보 매개 서비스업",330877.0,7057.0,㈜한국품질보증원,,NULL
1208,환경부,주식회사 케이피에프,2023,사업장,기타 금속 가공제품 제조업,44995.0,929.0,(주)한국경영인증원,,024880
1209,산업통상자원부,주식회사 케이피이그린에너지,2023,사업장,발전에너지,62453.0,9.0,한국표준협회,,NULL
1211,산업통상자원부,주식회사 켐트로닉스,2023,사업장,디스플레이,15361.0,320.0,한국표준협회,,089010
1213,환경부,주식회사 코리아에어텍,2023,사업장,기초 화학물질 제조업,56634.0,1182.0,한국가스안전공사,,NULL
1214,환경부,주식회사 코엔텍,2023,업체,폐기물 처리업,325970.0,526.0,한국표준협회,,029960
1215,환경부,주식회사 태경비케이,2023,업체,"시멘트, 석회, 플라스터 및 그 외 제품 제조업",618225.0,2547.0,(주)한국경영인증원,,014580
1216,환경부,주식회사 태영이엠씨,2023,업체,"시멘트, 석회, 플라스터 및 그 외 제품 제조업",141107.0,748.0,한국표준협회,,NULL
1217,환경부,주식회사 티웨이항공,2023,업체,항공 여객 운송업,199955.0,2866.0,(재)한국화학융합시험연구원,,091810
1218,환경부,주식회사 파라다이스세가사미,2023,사업장,일반 및 생활 숙박시설 운영업,34730.0,717.0,한국표준협회,,NULL
1219,환경부,주식회사 팜한농,2023,업체,"비료, 농약 및 살균ㆍ살충제 제조업",101492.0,1393.0,한국표준협회,,NULL
1220,산업통상자원부,주식회사 페트로코너지,2023,사업장,발전에너지,22283.0,1.0,(재)한국품질재단,,NULL
1222,환경부,주식회사 포스코,2023,업체,1차 철강 제조업,71971881.0,372059.0,(재)한국품질재단,,NULL
1223,환경부,주식회사 포스코모빌리티솔루션,2023,사업장,1차 철강 제조업,58802.0,1200.0,㈜디엔브이비즈니스어슈어런스코리아,,NULL
1224,환경부,주식회사 포스코엠씨머티리얼즈,2023,사업장,기초 화학물질 제조업,92275.0,1357.0,(재)한국품질재단,,NULL
1225,환경부,주식회사 포스코인터내셔널,2023,업체,전기업,4218056.0,83814.0,(재)한국품질재단,,047050
1226,환경부,주식회사 포스코퓨처엠,2023,업체,"시멘트, 석회, 플라스터 및 그 외 제품 제조업",2388829.0,17757.0,(재)한국품질재단,,003670
1227,환경부,주식회사 풍산,2023,업체,1차 비철금속 제조업,224240.0,4600.0,한국표준협회,,103140
1228,산업통상자원부,주식회사 피앤오케미칼,2023,사업장,석유화학,50747.0,926.0,(재)한국품질재단,,NULL
1230,환경부,주식회사 피에스엠,2023,사업장,기타 금속 가공제품 제조업,21515.0,411.0,로이드인증원㈜,,NULL
1231,환경부,주식회사 피엔알,2023,업체,"해체, 선별 및 원료 재생업",134728.0,1743.0,(재)한국품질재단,,NULL
1232,산업통상자원부,주식회사 피케이엘,2023,사업장,전기전자,15821.0,325.0,(주)한국경영인증원,,039870
1234,국토교통부,주식회사 하나은행,2023,업체,건물,64830.0,977.0,한국표준협회,,002860
1236,환경부,주식회사 하이호휠,2023,사업장,자동차 신품 부품 제조업,27970.0,567.0,지속가능인증원주식회사,,NULL
1237,환경부,주식회사 한국알스트롬,2023,사업장,"펄프, 종이 및 판지 제조업",41364.0,565.0,(재)한국품질재단,"""주식회사 한국알스트롬뭉쇼"" 업체명 변경",NULL
1238,환경부,주식회사 호텔롯데,2023,업체,일반 및 생활 숙박시설 운영업,154040.0,3145.0,(주)한국경영인증원,,NULL
1239,국토교통부,주식회사 호텔신라,2023,사업장,건물,21390.0,436.0,한국표준협회,,008770
1241,환경부,주식회사 효성,2023,사업장,기타 섬유제품 제조업,29804.0,611.0,㈜디엔브이비즈니스어슈어런스코리아,,004800
1242,환경부,주식회사 후성,2023,업체,기초 화학물질 제조업,219379.0,854.0,한국가스안전공사,,093370
1243,환경부,주식회사 휴스틸,2023,사업장,1차 철강 제조업,30462.0,623.0,(주)신화엔지니어링종합건축사사무소,,005010
1244,국토교통부,주식회사경기상운,2023,사업장,교통(여객),17273.0,303.0,(주)한국경영인증원,,NULL
1246,환경부,주식회사금강고속,2023,사업장,육상 여객 운송업,23041.0,333.0,한국표준협회,,NULL
1247,해양수산부,주식회사비엔씨티,2023,사업장,항만,35541.0,658.0,한국표준협회,,NULL
1249,국토교통부,중소기업은행,2023,업체,건물,54947.0,795.0,한국표준협회,,NULL
1251,산업통상자원부,지에스에코메탈 주식회사,2023,사업장,비철금속,18471.0,254.0,대일이엔씨기술(주),,NULL
1253,환경부,지에스이피에스,2023,업체,전기업,2895414.0,70658.0,로이드인증원㈜,,NULL
1254,환경부,지에스칼텍스 주식회사,2023,업체,석유 정제품 제조업,8485606.0,120538.0,(재)한국품질재단,,NULL
1255,국토교통부,지엠테크니컬센터코리아 주식회사,2023,사업장,건물,15880.0,323.0,한국표준협회,,NULL
1257,환경부,진양특수강(주),2023,사업장,1차 철강 제조업,29224.0,584.0,한국표준협회,,NULL
1258,환경부,진영페이퍼 주식회사,2023,사업장,"펄프, 종이 및 판지 제조업",89759.0,863.0,(주)한국경영인증원,,NULL
1259,환경부,진주시,2023,사업장,폐기물 처리업,118930.0,622.0,지속가능인증원주식회사,,NULL
1260,환경부,진천군,2023,사업장,지정외 폐기물처리업,17529.0,157.0,한국표준협회,,NULL
1262,환경부,창원시,2023,업체,폐기물 처리업,246229.0,2565.0,㈜한국품질보증원,,NULL
1263,환경부,천안시,2023,업체,폐기물 처리업,148022.0,1319.0,㈜한국품질보증원,,NULL
1264,국토교통부,천일정기화물자동차(주),2023,사업장,수송,20732.0,300.0,한국표준협회,,NULL
1266,환경부,천일제지(주),2023,사업장,"펄프, 종이 및 판지 제조업",59069.0,892.0,(주)한국경영인증원,,NULL
1267,환경부,청주시,2023,업체,폐기물 처리업,231067.0,1825.0,(재)한국품질재단,,NULL
1268,산업통상자원부,청주에코파크 주식회사,2023,사업장,발전에너지,60513.0,3.0,한국표준협회,,NULL
1270,환경부,초당환경(유),2023,사업장,폐기물 처리업,23383.0,72.0,(재)한국품질재단,,NULL
1271,환경부,춘천시,2023,업체,폐기물 처리업,126959.0,683.0,(재)한국화학융합시험연구원,,NULL
1272,환경부,춘천에너지 주식회사,2023,업체,"증기, 냉ㆍ온수 및 공기 조절 공급업",814651.0,166.0,로이드인증원㈜,,NULL
1273,환경부,충남대학교,2023,사업장,고등 교육기관,29751.0,616.0,로이드인증원㈜,,NULL
1274,국토교통부,충남대학교병원,2023,사업장,건물,21654.0,448.0,한국표준협회,,NULL
1276,국토교통부,충북대학교,2023,사업장,건물,20829.0,406.0,한국표준협회,,NULL
1278,환경부,충주시,2023,사업장,폐기물 처리업,80819.0,727.0,한국표준협회,,NULL
1279,환경부,충청환경에너지(주),2023,사업장,폐기물 처리업,68421.0,107.0,(재)한국품질재단,,NULL
1280,산업통상자원부,컬러스앤이펙츠코리아(주),2023,사업장,석유화학,11071.0,348.0,(재)한국품질재단,,NULL
1282,산업통상자원부,케이브이머티리얼즈 주식회사,2023,사업장,유리,17416.0,443.0,로이드인증원㈜,,NULL
1284,환경부,케이씨글라스(주),2023,사업장,유리 및 유리제품 제조업,36745.0,601.0,(주)신화엔지니어링종합건축사사무소,,NULL
1285,환경부,케이씨씨,2023,업체,"시멘트, 석회, 플라스터 및 그 외 제품 제조업",637871.0,11914.0,(재)한국품질재단,,002380
1286,환경부,케이씨주식회사,2023,업체,기초 화학물질 제조업,181514.0,2528.0,한국표준협회,,029460
1287,환경부,케이씨환경서비스 주식회사,2023,업체,폐기물 처리업,264088.0,1725.0,(재)한국품질재단,,NULL
1288,환경부,케이알에너지(주),2023,사업장,"증기, 냉ㆍ온수 및 공기 조절 공급업",45241.0,475.0,한국표준협회,,NULL
1289,환경부,케이알코폴리머 유한회사,2023,사업장,합성고무 및 플라스틱 물질 제조업,27348.0,370.0,(주)한국경영인증원,,NULL
1290,산업통상자원부,케이에이에프 주식회사,2023,사업장,섬유,21637.0,383.0,한국표준협회,,NULL
1292,환경부,케이엠씨해운 주식회사,2023,사업장,해상 운송업,46857.0,649.0,㈜디엔브이비즈니스어슈어런스코리아,,NULL
1293,환경부,케이오씨(주),2023,사업장,기초 화학물질 제조업,40469.0,968.0,(주)한국경영인증원,,NULL
1294,환경부,케이지모빌리티 주식회사,2023,업체,자동차용 엔진 및 자동차 제조업,115698.0,2337.0,㈜한국품질보증원,,NULL
1295,환경부,케이지스틸 주식회사,2023,업체,1차 철강 제조업,401511.0,8552.0,(재)한국품질재단,,NULL
1296,환경부,케이지이티에스 주식회사,2023,업체,폐기물 처리업,1761.0,31.0,로이드인증원㈜,,NULL
1297,환경부,케이지케미칼 주식회사,2023,사업장,"비료, 농약 및 살균ㆍ살충제 제조업",25315.0,413.0,(주)한국경영인증원,,NULL
1299,환경부,코닝정밀소재 주식회사,2023,업체,유리 및 유리제품 제조업,526278.0,10579.0,로이드인증원㈜,,NULL
1300,환경부,코리아PTG(주),2023,사업장,기초 화학물질 제조업,106932.0,972.0,(재)한국품질재단,,NULL
1301,환경부,코스모신소재(주),2023,사업장,기타 화학제품 제조업,51887.0,915.0,한국표준협회,,005070
1302,환경부,코스모화학,2023,사업장,기초 화학물질 제조업,80349.0,1409.0,한국표준협회,,005420
1303,환경부,코스포영남파워 주식회사,2023,업체,전기업,680475.0,13522.0,한국표준협회,,NULL
1304,환경부,코어엔텍 주식회사,2023,업체,폐기물 처리업,307485.0,1776.0,로이드인증원㈜,,NULL
1305,산업통상자원부,코오롱글로텍(주),2023,사업장,섬유,20503.0,328.0,한국표준협회,,NULL
1307,환경부,코오롱바스프이노폼 주식회사,2023,사업장,합성고무 및 플라스틱 물질 제조업,89611.0,1421.0,한국표준협회,,NULL
1308,환경부,코오롱인더스트리 주식회사,2023,업체,합성고무 및 플라스틱 물질 제조업,555252.0,10375.0,한국표준협회,,NULL
1309,환경부,코오롱플라스틱(주),2023,업체,합성고무 및 플라스틱 물질 제조업,113843.0,1856.0,한국표준협회,,NULL
1310,농림축산식품부,코카콜라음료(주),2023,사업장,음료제조업,20829.0,426.0,(재)한국품질재단,,NULL
1316,환경부,크나우프석고보드 주식회사,2023,업체,"시멘트, 석회, 플라스터 및 그 외 제품 제조업",119896.0,2384.0,(재)한국품질재단,,NULL
1317,산업통상자원부,타타대우상용차 주식회사,2023,사업장,자동차,17278.0,325.0,한국생산성본부인증원(주),,NULL
1319,환경부,태경산업(주),2023,업체,1차 철강 제조업,109006.0,1472.0,(주)한국경영인증원,,015890
1320,환경부,태광산업 주식회사,2023,업체,기초 화학물질 제조업,955839.0,14525.0,한국표준협회,,003240
1321,환경부,태림페이퍼주식회사,2023,업체,"펄프, 종이 및 판지 제조업",355388.0,5917.0,㈜한국품질보증원,,019300
1322,환경부,태백시 환경자원센터,2023,사업장,지정외 폐기물처리업 등,10339.0,169.0,한국표준협회,,NULL
1324,환경부,태봉광업 주식회사,2023,업체,"시멘트, 석회, 플라스터 및 그 외 제품 제조업",261790.0,666.0,(주)비에스아이그룹코리아,,NULL
1325,산업통상자원부,태양금속공업(주),2023,사업장,기계,21302.0,409.0,(주)한국경영인증원,,004100
1327,환경부,태영세라믹(주),2023,사업장,"내화, 비내화 요업제품 제조업",25556.0,433.0,한국표준협회,,NULL
1328,환경부,통영시,2023,사업장,폐기물 처리업,34765.0,310.0,(재)한국품질재단,,NULL
1329,산업통상자원부,티케이지에코머티리얼 주식회사,2023,사업장,섬유,7728.0,204.0,(재)한국품질재단,,NULL
1331,환경부,티케이지휴켐스 주식회사,2023,업체,기초 화학물질 제조업,79477.0,1544.0,(재)한국화학융합시험연구원,,069260
1332,환경부,티케이케미칼,2023,업체,화학섬유 제조업,101603.0,1989.0,(주)한국경영인증원,,104480
1333,국토교통부,파르나스호텔 주식회사,2023,사업장,건물,20580.0,424.0,한국표준협회,,NULL
1335,환경부,파인트리포스마그네슘 주식회사,2023,사업장,금속 주조업,35804.0,76.0,(재)한국품질재단,,NULL
1336,환경부,파주시,2023,업체,폐기물 처리업,156399.0,1215.0,㈜한국품질보증원,,NULL
1337,환경부,파주에너지서비스,2023,업체,전기업,3885296.0,75682.0,(주)한국경영인증원,,NULL
1338,산업통상자원부,파주에코에너지(주),2023,사업장,발전에너지,21546.0,0.0,(주)한국경영인증원,,NULL
1340,환경부,파주전기초자 주식회사,2023,사업장,유리 및 유리제품 제조업,25794.0,425.0,㈜디엔브이비즈니스어슈어런스코리아,,NULL
1341,산업통상자원부,팔미금속공업(주),2023,사업장,철강,16861.0,314.0,한국표준협회,,NULL
1343,환경부,페이퍼코리아,2023,사업장,"펄프, 종이 및 판지 제조업",92403.0,1540.0,한국표준협회,,001020
1344,환경부,평택시,2023,업체,"하수, 폐수 및 분뇨 처리업",126432.0,1792.0,㈜한국품질보증원,,NULL
1345,환경부,평택에너지서비스(주),2023,업체,"증기, 냉ㆍ온수 및 공기 조절 공급업",1278920.0,25012.0,㈜디엔브이비즈니스어슈어런스코리아,,NULL
1346,환경부,평화산업(주),2023,사업장,고무제품 제조업,32191.0,656.0,지속가능인증원주식회사,,090080
1347,산업통상자원부,평화오일씰공업(주),2023,사업장,자동차,15061.0,313.0,지속가능인증원주식회사,,NULL
1349,환경부,포스코스틸리온(주),2023,사업장,1차 철강 제조업,114417.0,2330.0,한국표준협회,,058430
1350,환경부,포스코홀딩스 주식회사,2023,업체,1차 철강 제조업,6645.0,136.0,(재)한국품질재단,,005490
1351,환경부,포천민자발전 주식회사,2023,업체,전기업,1421820.0,28120.0,(재)한국품질재단,,NULL
1352,환경부,포천시,2023,사업장,폐기물 처리업,58762.0,626.0,㈜한국품질보증원,,NULL
1353,환경부,포천파워(주),2023,업체,전기업,1829843.0,36356.0,(재)한국품질재단,,NULL
1354,환경부,포항시,2023,업체,폐기물 처리업,160629.0,2401.0,㈜한국품질보증원,,NULL
1355,환경부,폴리미래(주),2023,사업장,합성고무 및 플라스틱 물질 제조업,100997.0,1882.0,(재)한국화학융합시험연구원,,NULL
1356,환경부,피아이첨단소재 주식회사,2023,사업장,플라스틱 제품 제조업,83003.0,1450.0,(재)한국품질재단,,NULL
1357,환경부,하나마이크론,2023,사업장,반도체 제조업,38134.0,794.0,(주)한국경영인증원,,067310
1358,산업통상자원부,하나머티리얼즈(주),2023,사업장,반도체,20428.0,425.0,한국표준협회,,166090
1360,환경부,하남시,2023,사업장,폐기물 처리업,36998.0,493.0,(재)한국품질재단,,NULL
1361,환경부,하이트진로(주),2023,업체,알코올 음료 제조업,116077.0,2288.0,(재)한국품질재단,,000080
1362,환경부,하이트진로산업(주),2023,사업장,유리 및 유리제품 제조업,32411.0,477.0,(주)한국경영인증원,,NULL
1363,환경부,하이호경금속 주식회사,2023,사업장,1차 비철금속 제조업,24395.0,402.0,㈜한국품질보증원,,NULL
1364,환경부,학교법인 가톨릭학원,2023,사업장,병원,140421.0,2858.0,한국표준협회,,NULL
1365,환경부,학교법인 건국대학교,2023,사업장,고등 교육기관,72202.0,1457.0,(주)한국경영인증원,,NULL
1366,국토교통부,학교법인 경희학원,2023,업체,건물,60346.0,1240.0,로이드인증원㈜,,NULL
1368,국토교통부,학교법인 계명대학교,2023,사업장,건물,21292.0,434.0,(주)한국경영인증원,,NULL
1370,환경부,학교법인 고려중앙학원,2023,사업장,고등 교육기관,108831.0,2241.0,㈜한국품질보증원,,NULL
1371,환경부,학교법인 성균관대학,2023,사업장,고등 교육기관,69922.0,1410.0,(주)한국경영인증원,,NULL
1372,환경부,학교법인 연세대학교,2023,업체,고등 교육기관,201772.0,4174.0,(재)한국품질재단,,NULL
1373,국토교통부,학교법인 영남학원,2023,사업장,건물,30794.0,633.0,㈜한국품질보증원,,NULL
1375,환경부,학교법인 이화학당,2023,사업장,고등 교육기관,73133.0,3105.0,(주)한국경영인증원,,NULL
1376,국토교통부,학교법인 중앙대학교,2023,사업장,건물,20141.0,415.0,한국표준협회,,NULL
1378,환경부,학교법인 포항공과대학교,2023,사업장,고등 교육기관,75836.0,1733.0,㈜한국품질보증원,,NULL
1379,환경부,학교법인 한양학원,2023,사업장,고등 교육기관,79289.0,1613.0,(주)한국경영인증원,,NULL
1380,환경부,한국가스공사,2023,업체,연료용 가스 제조 및 배관공급업,654218.0,12626.0,(주)신화엔지니어링종합건축사사무소,,036460
1381,환경부,한국경남태양유전(주),2023,사업장,전자 부품 제조업,84149.0,1662.0,(주)한국경영인증원,,NULL
1382,환경부,한국공항공사,2023,사업장,기타 운송관련 서비스업,94111.0,1939.0,로이드인증원㈜,,NULL
1383,국토교통부,한국과학기술연구원,2023,사업장,건물,18514.0,383.0,(주)한국경영인증원,,NULL
1385,환경부,한국과학기술원,2023,사업장,고등 교육기관,85412.0,1723.0,(주)한국경영인증원,,NULL
1386,국토교통부,한국과학기술정보연구원,2023,사업장,건물,20768.0,433.0,(주)신화엔지니어링종합건축사사무소,,NULL
1388,산업통상자원부,한국기초소재(주),2023,사업장,시멘트,20818.0,424.0,한국표준협회,,NULL
1390,환경부,한국남동발전,2023,업체,전기업,31642766.0,383625.0,한국표준협회,,NULL
1391,환경부,한국남부발전 주식회사,2023,업체,전기업,26749983.0,345098.0,(재)한국품질재단,,NULL
1392,환경부,한국넥슬렌유한회사,2023,업체,합성고무 및 플라스틱 물질 제조업,119806.0,2206.0,한국표준협회,,NULL
1393,환경부,한국니토옵티칼(주),2023,사업장,플라스틱 제품 제조업,33388.0,634.0,㈜디엔브이비즈니스어슈어런스코리아,,NULL
1394,환경부,한국도로공사,2023,업체,기타 운송관련 서비스업,264087.0,5290.0,로이드인증원㈜,,NULL
1395,환경부,한국동서발전 주식회사,2023,업체,전기업,27175504.0,327976.0,㈜한국품질보증원,,NULL
1396,산업통상자원부,한국무브넥스(주),2023,사업장,철강,17429.0,362.0,한국표준협회,,010100
1398,환경부,한국바스프 주식회사,2023,업체,기초 화학물질 제조업,642191.0,9586.0,(재)한국품질재단,,NULL
1399,국토교통부,한국방송공사,2023,사업장,건물,16960.0,355.0,대일이엔씨기술(주),,NULL
1401,국토교통부,한국보훈복지의료공단,2023,사업장,건물,15169.0,311.0,한국표준협회,,NULL
1403,환경부,한국서부발전,2023,업체,전기업,29297637.0,363987.0,(주)신화엔지니어링종합건축사사무소,,NULL
1404,산업통상자원부,한국세큐리트(주),2023,사업장,유리,31271.0,650.0,(주)한국경영인증원,,NULL
1406,환경부,한국수력원자력,2023,업체,전기업,3051212.0,62322.0,(재)한국품질재단,,NULL
1407,환경부,한국수자원공사,2023,업체,수도업,794143.0,16550.0,(주)한국경영인증원,,NULL
1408,환경부,한국수출포장공업(주),2023,업체,"펄프, 종이 및 판지 제조업",124898.0,1861.0,㈜디엔브이비즈니스어슈어런스코리아,,002200
1409,환경부,한국쓰리엠(주),2023,사업장,플라스틱 제품 제조업,43292.0,882.0,한국표준협회,,NULL
1410,환경부,한국씨엔티(주),2023,사업장,"시멘트, 석회, 플라스터 및 그 외 제품 제조업",58675.0,1147.0,(주)한국경영인증원,,NULL
1411,환경부,한국알콜산업(주),2023,사업장,기초 화학물질 제조업,35201.0,1497.0,한국생산성본부인증원(주),,NULL
1413,환경부,한국앤컴퍼니 주식회사,2023,업체,일차전지 및 축전지 제조업,76233.0,1574.0,(재)한국화학융합시험연구원,,000240
1414,산업통상자원부,한국엔에스케이(주),2023,사업장,기계,19414.0,405.0,한국표준협회,,NULL
1416,환경부,한국엔지니어링플라스틱,2023,업체,합성고무 및 플라스틱 물질 제조업,174975.0,3357.0,한국표준협회,,NULL
1417,환경부,한국오웬스코닝(주),2023,사업장,유리 및 유리제품 제조업,78110.0,1500.0,대일이엔씨기술(주),,NULL
1418,국토교통부,한국원자력연구원,2023,사업장,건물,21384.0,441.0,로이드인증원㈜,,NULL
1420,국토교통부,한국원자력의학원,2023,사업장,건물,16427.0,337.0,로이드인증원㈜,,NULL
1422,환경부,한국유미코아 유한책임회사,2023,사업장,일차전지 및 축전지 제조업,84221.0,1689.0,(재)한국품질재단,,NULL
1423,환경부,한국이네오스스티롤루션 주식회사,2023,사업장,합성고무 및 플라스틱 물질 제조업,71444.0,1568.0,(재)한국품질재단,,NULL
1424,환경부,한국전력공사,2023,업체,전기업,870499.0,7868.0,지속가능인증원주식회사,,015760
1425,국토교통부,한국전자통신연구원,2023,사업장,건물,19730.0,409.0,대일이엔씨기술(주),,NULL
1427,환경부,한국제강 주식회사,2023,업체,1차 철강 제조업,233174.0,4322.0,한국표준협회,,NULL
1428,환경부,한국제지 주식회사,2023,업체,"펄프, 종이 및 판지 제조업",310138.0,6436.0,(재)한국품질재단,,002300
1429,환경부,한국주철관공업(주),2023,사업장,1차 철강 제조업,60392.0,800.0,한국표준협회,,000970
1430,환경부,한국중부발전,2023,업체,전기업,31296813.0,400017.0,(재)한국품질재단,,NULL
1431,환경부,한국지엠 주식회사,2023,업체,자동차용 엔진 및 자동차 제조업,248449.0,5050.0,한국표준협회,,NULL
1432,환경부,한국지역난방공사,2023,업체,"증기, 냉ㆍ온수 및 공기 조절 공급업",5764532.0,115706.0,(주)신화엔지니어링종합건축사사무소,,NULL
1433,환경부,한국철강,2023,업체,1차 철강 제조업,374042.0,6713.0,㈜한국품질보증원,,104700
1434,환경부,한국철도공사,2023,업체,철도 운송업,1504017.0,29835.0,한국표준협회,,NULL
1435,환경부,한국타이어앤테크놀로지(주),2023,업체,고무제품 제조업,408777.0,8445.0,(재)한국품질재단,,161390
1436,환경부,한국토지주택공사,2023,업체,"증기, 냉ㆍ온수 및 공기 조절 공급업",236696.0,4713.0,㈜디엔브이비즈니스어슈어런스코리아,,NULL
1437,국토교통부,한국표준과학연구원,2023,사업장,건물,21175.0,437.0,(주)신화엔지니어링종합건축사사무소,,NULL
1439,농림축산식품부,한국필립모리스(주),2023,사업장,담배제조업,22872.0,468.0,한국표준협회,,NULL
1441,환경부,한국항공우주산업(주),2023,사업장,"항공기, 우주선 및 부품 제조업",65285.0,1299.0,(주)신화엔지니어링종합건축사사무소,,NULL
1442,국토교통부,한국핵융합에너지연구원,2023,사업장,건물,11740.0,245.0,(주)신화엔지니어링종합건축사사무소,,NULL
1444,환경부,한국환경개발(주),2023,업체,폐기물 처리업,96115.0,466.0,(주)한국경영인증원,,NULL
1446,환경부,한라시멘트주식회사,2023,업체,"시멘트, 석회, 플라스터 및 그 외 제품 제조업",4237627.0,24346.0,한국표준협회,,NULL
1447,환경부,한맥테코산업㈜,2023,업체,폐기물 처리업,44476.0,32.0,㈜한국품질보증원,,NULL
1449,국토교통부,한무쇼핑 주식회사,2023,업체,건물,64924.0,1365.0,한국표준협회,,NULL
1451,환경부,한미약품(주),2023,사업장,의약품 제조업,61238.0,1223.0,(주)한국경영인증원,,128940
1452,산업통상자원부,한미정밀화학(주),2023,사업장,석유화학,15842.0,366.0,(주)한국경영인증원,,NULL
1454,국토교통부,한성운수(주),2023,사업장,교통(여객),15288.0,293.0,(주)한국경영인증원,,NULL
1456,환경부,한세이프에너지(주),2023,업체,폐기물 처리업,50215.0,47.0,(재)한국품질재단,,NULL
1458,환경부,한솔제지,2023,업체,"펄프, 종이 및 판지 제조업",910726.0,14976.0,(주)한국경영인증원,,213500
1459,산업통상자원부,한솔테크닉스(주),2023,사업장,전기전자,6950.0,144.0,한국표준협회,,004710
1461,환경부,한솔페이퍼텍주식회사,2023,사업장,"펄프, 종이 및 판지 제조업",112002.0,1393.0,(주)한국경영인증원,,NULL
1462,환경부,한온시스템 주식회사,2023,사업장,자동차 신품 부품 제조업,62802.0,1321.0,㈜디엔브이비즈니스어슈어런스코리아,,018880
1463,산업통상자원부,한융금속(주),2023,사업장,비철금속,17569.0,282.0,(주)한국경영인증원,,NULL
1465,환경부,한일시멘트 주식회사,2023,업체,"시멘트, 석회, 플라스터 및 그 외 제품 제조업",4370690.0,27990.0,한국표준협회,,300720
1466,환경부,한일제관(주),2023,사업장,기타 금속 가공제품 제조업,58397.0,1188.0,(주)한국경영인증원,,NULL
1467,산업통상자원부,한일캔 주식회사,2023,사업장,기계,25169.0,442.0,(주)한국경영인증원,,NULL
1469,환경부,한일현대시멘트 주식회사,2023,업체,"시멘트, 석회, 플라스터 및 그 외 제품 제조업",2903539.0,19507.0,한국표준협회,,006390
1470,산업통상자원부,한전원자력연료 주식회사,2023,사업장,석유화학,18030.0,373.0,한국표준협회,,NULL
1472,산업통상자원부,한주라이트메탈 주식회사,2023,사업장,비철금속,17792.0,364.0,(재)한국품질재단,,198940
1474,해양수산부,한진부산컨테이너터미널,2023,사업장,항만,30913.0,616.0,(주)한국경영인증원,,NULL
1476,환경부,한화솔루션 주식회사,2023,업체,기초 화학물질 제조업,2481024.0,48414.0,㈜디엔브이비즈니스어슈어런스코리아,,009830
1477,환경부,한화에너지주식회사,2023,업체,"증기, 냉ㆍ온수 및 공기 조절 공급업",4957076.0,55185.0,한국표준협회,,NULL
1478,환경부,한화에어로스페이스 주식회사,2023,사업장,무기 및 총포탄 제조업,102289.0,1996.0,㈜디엔브이비즈니스어슈어런스코리아,,012450
1479,환경부,한화엔진 주식회사,2023,사업장,일반 목적용 기계 제조업,37488.0,670.0,㈜디엔브이비즈니스어슈어런스코리아,"""HSD엔진㈜"" 업체명 변경",082740
1480,환경부,한화오션(주),2023,업체,선박 및 보트 건조업,416679.0,7394.0,㈜디엔브이비즈니스어슈어런스코리아,,042660
1481,산업통상자원부,한화오션에코텍(주),2023,사업장,조선,21505.0,333.0,(주)한국경영인증원,,NULL
1483,환경부,한화임팩트 주식회사,2023,업체,기초 화학물질 제조업,516207.0,9002.0,㈜디엔브이비즈니스어슈어런스코리아,,NULL
1484,산업통상자원부,한화첨단소재,2023,사업장,석유화학,42977.0,885.0,㈜디엔브이비즈니스어슈어런스코리아,,NULL
1486,환경부,한화토탈에너지스 주식회사,2023,업체,기초 화학물질 제조업,4571101.0,103864.0,한국가스안전공사,,NULL
1487,국토교통부,한화호텔앤드리조트 주식회사,2023,업체,건물,56254.0,1119.0,한국표준협회,,NULL
1489,환경부,한황산업주식회사,2023,사업장,자동차 신품 부품 제조업,42468.0,790.0,㈜한국품질보증원,,NULL
1490,환경부,해성디에스 주식회사,2023,사업장,반도체 제조업,65732.0,1470.0,(주)비에스아이그룹코리아,,195870
1491,농림축산식품부,해태에이치티비(주),2023,사업장,음료제조업,18104.0,465.0,(재)한국품질재단,,NULL
1493,환경부,핸즈식스주식회사,2023,사업장,자동차 신품 부품 제조업,73037.0,1494.0,(주)한국경영인증원,,NULL
1494,환경부,핸즈코퍼레이션주식회사,2023,사업장,자동차 신품 부품 제조업,58536.0,1190.0,(재)한국품질재단,,143210
1495,국토교통부,현대건설(주),2023,업체,건설,87852.0,1722.0,로이드인증원㈜,,000720
1497,환경부,현대글로비스(주),2023,사업장,도로 화물 운송업,79275.0,1207.0,한국표준협회,,086280
1498,산업통상자원부,현대로템 주식회사,2023,사업장,기계,18055.0,364.0,(주)한국경영인증원,,064350
1500,환경부,현대모비스(주),2023,업체,자동차 신품 부품 제조업,100704.0,2074.0,(재)한국품질재단,,012330
1501,환경부,현대미포조선,2023,업체,선박 및 보트 건조업,163099.0,2905.0,한국표준협회,,NULL
1502,환경부,현대비앤지스틸(주),2023,사업장,1차 철강 제조업,82355.0,1686.0,㈜디엔브이비즈니스어슈어런스코리아,,004560
1503,환경부,현대삼호중공업 주식회사,2023,업체,선박 및 보트 건조업,266200.0,4552.0,㈜디엔브이비즈니스어슈어런스코리아,,NULL
1504,환경부,현대석회(주),2023,사업장,"시멘트, 석회, 플라스터 및 그 외 제품 제조업",84959.0,236.0,(주)한국경영인증원,,NULL
1505,환경부,현대성우쏠라이트 주식회사,2023,사업장,일차전지 및 축전지 제조업,40265.0,830.0,한국표준협회,,NULL
1506,환경부,현대성우캐스팅 주식회사,2023,업체,자동차 신품 부품 제조업,205747.0,4004.0,(재)한국품질재단,,NULL
1507,환경부,현대스틸파이프 주식회사,2023,사업장,1차 철강 제조업,33764.0,693.0,로이드인증원㈜,,NULL
1508,환경부,현대아이에프씨 주식회사,2023,업체,1차 철강 제조업,245039.0,4524.0,로이드인증원㈜,,NULL
1509,환경부,현대오일뱅크,2023,업체,석유 정제품 제조업,6049520.0,75295.0,(재)한국품질재단,,NULL
1510,산업통상자원부,현대오토에버 주식회사,2023,사업장,통신,21379.0,446.0,대일이엔씨기술(주),,307950
1512,환경부,현대위아 주식회사,2023,업체,자동차 신품 부품 제조업,138476.0,2876.0,㈜디엔브이비즈니스어슈어런스코리아,,011210
1513,환경부,현대자동차 주식회사,2023,업체,자동차용 엔진 및 자동차 제조업,1569435.0,32336.0,로이드인증원㈜,,005380
1514,환경부,현대제철 주식회사,2023,업체,1차 철강 제조업,29269107.0,167110.0,로이드인증원㈜,,004020
1515,산업통상자원부,현대종합금속(주),2023,사업장,기계,17435.0,357.0,로이드인증원㈜,,NULL
1517,환경부,현대종합특수강 주식회사,2023,사업장,1차 철강 제조업,49081.0,988.0,한국표준협회,,NULL
1518,환경부,현대트랜시스 주식회사,2023,업체,자동차 신품 부품 제조업,194917.0,4038.0,㈜디엔브이비즈니스어슈어런스코리아,,NULL
1519,산업통상자원부,현우산업(주),2023,사업장,전기전자,16564.0,345.0,한국표준협회,,092300
1521,산업통상자원부,호스트웨이아이디씨(주),2023,사업장,통신,16766.0,350.0,로이드인증원㈜,,NULL
1523,환경부,홈플러스 주식회사,2023,업체,종합 소매업,395741.0,8060.0,로이드인증원㈜,,NULL
1524,환경부,홍덕산업(주),2023,사업장,1차 철강 제조업,73375.0,1642.0,한국생산성본부인증원(주),,NULL
1525,환경부,홍원제지(주),2023,사업장,"펄프, 종이 및 판지 제조업",104008.0,1454.0,한국표준협회,,NULL
1526,환경부,홍천군,2023,사업장,폐기물,16206.0,79.0,(재)한국품질재단,,NULL
1528,환경부,화성시,2023,사업장,폐기물 처리업,131745.0,1254.0,㈜한국품질보증원,"""화성시청"" 업체명 변경",NULL
1529,국토교통부,화영운수(주),2023,사업장,교통(여객),17681.0,293.0,한국표준협회,,NULL
1531,환경부,환영철강공업,2023,업체,1차 철강 제조업,252775.0,4707.0,㈜한국품질보증원,,NULL
1532,환경부,효성중공업 주식회사,2023,사업장,"전동기, 발전기 및 전기 변환ㆍ공급ㆍ제어 장치 제조업",47870.0,1009.0,㈜디엔브이비즈니스어슈어런스코리아,,298040
1533,환경부,효성첨단소재 주식회사,2023,업체,화학섬유 제조업,168272.0,3759.0,㈜디엔브이비즈니스어슈어런스코리아,,NULL
1534,환경부,효성티앤씨 주식회사,2023,업체,화학섬유 제조업,259764.0,5961.0,㈜디엔브이비즈니스어슈어런스코리아,,298020
1535,환경부,효성화학 주식회사,2023,업체,기초 화학물질 제조업,839757.0,18333.0,㈜디엔브이비즈니스어슈어런스코리아,,298000
1536,국토교통부,휘닉스중앙 주식회사,2023,사업장,건물,21917.0,436.0,(주)한국경영인증원,,NULL
1538,환경부,휴비스,2023,업체,화학섬유 제조업,393137.0,5860.0,한국표준협회,,079980
1539,산업통상자원부,희성촉매(주),2023,사업장,석유화학,21525.0,439.0,한국표준협회,,NULL
1,환경부,(유)남해환경,2022,사업장,폐기물,30113.0,154.0,(재)한국품질재단,,NULL
2,환경부,(유)에스케이씨에보닉페록사이드코리아,2022,사업장,기초 화학물질 제조업,52658.0,1078.0,(재)한국품질재단,,NULL
3,환경부,(유)청명,2022,사업장,폐기물,13696.0,277.0,㈜한국품질보증원,,NULL
4,국토교통부,(유)호남고속,2022,사업장,교통(여객),20519.0,322.0,(주)한국경영인증원,,NULL
5,환경부,(주)HJ매그놀리아용평호텔앤리조트,2022,사업장,일반 및 생활 숙박시설 운영업,36552.0,727.0,(재)한국품질재단,,NULL
6,환경부,(주)MSC,2022,사업장,기타 식품 제조업,30048.0,605.0,한국가스안전공사,,NULL
7,환경부,(주)SIMPAC,2022,업체,1차 철강 제조업,486938.0,5248.0,한국표준협회,,009160
8,환경부,(주)SUN&L,2022,사업장,나무제품 제조업,65550.0,2349.0,한국표준협회,,002820
9,환경부,(주)강원랜드,2022,사업장,유원지 및 기타 오락관련 서비스업,75553.0,1535.0,한국표준협회,,035250
10,환경부,(주)건화,2022,사업장,선박 및 보트 건조업,39862.0,726.0,한국표준협회,,NULL
11,환경부,(주)경기고속,2022,업체,육상 여객 운송업,101864.0,1630.0,(주)한국경영인증원,,NULL
12,환경부,(주)경동,2022,업체,석탄 광업,209706.0,402.0,(재)한국품질재단,,NULL
13,산업통상자원부,(주)경동원,2022,사업장,기계,8856.0,175.0,한국표준협회,,NULL
14,산업통상자원부,(주)경보제약,2022,사업장,석유화학,12237.0,277.0,한국표준협회,,214390
15,환경부,(주)경북고속,2022,사업장,육상 여객 운송업,23197.0,329.0,(주)한국경영인증원,,NULL
16,산업통상자원부,(주)경신전선,2022,사업장,전기전자,15977.0,330.0,한국표준협회,,NULL
17,산업통상자원부,(주)국일방적 정읍공장,2022,사업장,섬유,9724.0,202.0,대일이엔씨기술(주),,NULL
18,환경부,(주)그린스코,2022,사업장,폐기물 처리업,41826.0,109.0,(주)한국경영인증원,,NULL
19,환경부,(주)그린환경기술,2022,업체,폐기물,62316.0,350.0,(재)한국품질재단,,NULL
20,환경부,(주)금남고속,2022,사업장,육상 여객 운송업,20289.0,289.0,(주)한국경영인증원,,NULL
21,환경부,(주)금비,2022,사업장,유리 및 유리제품 제조업,79965.0,1176.0,한국표준협회,,008870
22,해양수산부,(주)남해고속,2022,사업장,교통(해운),24721.0,352.0,한국표준협회,,NULL
23,산업통상자원부,(주)네오오토,2022,사업장,자동차,17045.0,353.0,(주)한국경영인증원,,212560
24,산업통상자원부,(주)네패스,2022,사업장,반도체,17833.0,368.0,(주)비에스아이그룹코리아,,033640
25,산업통상자원부,(주)넥센,2022,사업장,석유화학,18924.0,384.0,한국표준협회,,005720
26,환경부,(주)농협물류,2022,사업장,도로 화물 운송업,29867.0,431.0,한국표준협회,,NULL
27,농림축산식품부,(주)농협사료,2022,업체,식료품 제조업,87744.0,1813.0,(재)한국품질재단,,NULL
28,환경부,(주)다나에너지솔루션,2022,사업장,폐기물,71491.0,201.0,(재)한국품질재단,,NULL
29,환경부,(주)단석산업,2022,사업장,1차 비철금속 제조업,83951.0,1693.0,한국표준협회,,NULL
30,산업통상자원부,(주)대농,2022,사업장,섬유,14914.0,311.0,지속가능인증원주식회사,,NULL
31,환경부,(주)대동세라믹,2022,사업장,"내화, 비내화 요업제품 제조업",35492.0,636.0,(주)한국경영인증원,,NULL
32,환경부,(주)대림제지,2022,사업장,"펄프, 종이 및 판지 제조업",109108.0,1736.0,(재)한국품질재단,,017650
33,산업통상자원부,(주)대양금속,2022,사업장,기계,19331.0,383.0,(재)한국품질재단,,009190
34,국토교통부,(주)대우건설,2022,업체,건설,59231.0,1211.0,한국표준협회,,047040
35,산업통상자원부,(주)대욱케스트,2022,사업장,철강,19299.0,362.0,(주)한국경영인증원,,NULL
36,환경부,(주)대원고속,2022,업체,육상 여객 운송업,106278.0,1702.0,(주)한국경영인증원,,NULL
37,환경부,(주)대원버스,2022,사업장,육상 여객 운송업,30928.0,528.0,(주)한국경영인증원,,NULL
38,국토교통부,(주)대원여객,2022,사업장,교통(여객),17527.0,333.0,(주)한국경영인증원,,NULL
39,환경부,(주)대원운수,2022,사업장,육상 여객 운송업,35399.0,588.0,(주)한국경영인증원,,NULL
40,환경부,(주)대유코아,2022,사업장,"시멘트, 석회, 플라스터 및 그 외 제품 제조업",116079.0,763.0,한국표준협회,,NULL
41,해양수산부,(주)대저해운,2022,사업장,교통(해운),5174.0,75.0,한국표준협회,,NULL
42,산업통상자원부,(주)대천텍스타일,2022,사업장,섬유,17171.0,255.0,한국표준협회,,NULL
43,산업통상자원부,(주)대호특수강,2022,사업장,철강,22872.0,423.0,한국표준협회,,021040
44,환경부,(주)대화제지,2022,사업장,"펄프, 종이 및 판지 제조업",18760.0,379.0,㈜한국품질보증원,,NULL
45,환경부,(주)동남,2022,사업장,1차 비철금속 제조업,52621.0,818.0,한국표준협회,,NULL
46,환경부,(주)동방,2022,사업장,도로 화물 운송업,57159.0,834.0,대일이엔씨기술(주),,004140
47,환경부,(주)동서기공,2022,사업장,자동차 신품 부품 제조업,38752.0,800.0,(주)한국경영인증원,,NULL
48,환경부,(주)동신포리마,2022,사업장,플라스틱 제품 제조업,37727.0,778.0,(주)한국경영인증원,,NULL
49,환경부,(주)동양고속,2022,사업장,육상 여객 운송업,52142.0,746.0,(주)한국경영인증원,,084670
50,환경부,(주)동양환경,2022,업체,폐기물 처리업,217891.0,763.0,(재)한국품질재단,,NULL
51,농림축산식품부,(주)동우팜투테이블,2022,사업장,식료품 제조업,15579.0,314.0,(재)한국화학융합시험연구원,,088910
52,농림축산식품부,(주)동원F&B,2022,업체,식료품 제조업,81931.0,1796.0,(주)한국경영인증원,,049770
53,산업통상자원부,(주)동진쎄미켐,2022,사업장,석유화학,22446.0,452.0,한국가스안전공사,,005290
54,산업통상자원부,(주)두산,2022,업체,전기전자,61531.0,1190.0,(재)한국품질재단,,000150
55,산업통상자원부,(주)두산테스나,2022,사업장,반도체,23541.0,491.0,(재)한국품질재단,,131970
56,산업통상자원부,(주)디알액시온,2022,사업장,비철금속,14736.0,300.0,(재)한국품질재단,,NULL
57,환경부,(주)디에이피,2022,사업장,전자 부품 제조업,76683.0,1591.0,한국가스안전공사,,066900
58,산업통상자원부,(주)디케이씨,2022,사업장,철강,19159.0,385.0,한국표준협회,,047440
59,산업통상자원부,(주)로옴코리아,2022,사업장,반도체,17438.0,364.0,㈜한국품질보증원,,NULL
60,농림축산식품부,(주)면사랑,2022,사업장,식료품 제조업,21309.0,474.0,한국표준협회,,NULL
61,환경부,(주)모나리자,2022,사업장,"펄프, 종이 및 판지 제조업",41008.0,782.0,(주)한국경영인증원,,012690
62,환경부,(주)미래페이퍼,2022,사업장,"펄프, 종이 및 판지 제조업",62138.0,794.0,한국표준협회,,NULL
63,산업통상자원부,(주)방림,2022,사업장,섬유,22528.0,339.0,한국표준협회,,003610
64,환경부,(주)베르상스퍼시픽,2022,사업장,유리 및 유리제품 제조업,30607.0,514.0,한국표준협회,,NULL
65,환경부,(주)벽산,2022,사업장,유리 및 유리제품 제조업,94360.0,1719.0,한국표준협회,,007210
66,환경부,(주)보림씨에스,2022,업체,폐기물,60816.0,23.0,(재)한국품질재단,,NULL
67,산업통상자원부,(주)부산도시가스,2022,사업장,집단에너지,59177.0,389.0,(주)한국경영인증원,,015350
68,산업통상자원부,(주)브이샘 인천공장,2022,사업장,시멘트,15490.0,303.0,한국표준협회,,NULL
69,산업통상자원부,(주)비에이치,2022,사업장,전기전자,17646.0,368.0,한국표준협회,,090460
70,산업통상자원부,(주)비엠금속,2022,사업장,철강,17324.0,321.0,(주)한국경영인증원,,NULL
71,농림축산식품부,(주)빙그레,2022,업체,식료품 제조업,59514.0,1204.0,(주)한국경영인증원,,005180
72,환경부,(주)삼동,2022,사업장,절연선 및 케이블 제조업,44165.0,914.0,한국표준협회,,NULL
73,국토교통부,(주)삼우에프앤지,2022,사업장,교통(화물),21050.0,356.0,한국표준협회,,NULL
74,환경부,(주)삼원강재,2022,사업장,자동차 신품 부품 제조업,34165.0,693.0,(재)한국품질재단,,023000
75,환경부,(주)삼천리,2022,사업장,"증기, 냉ㆍ온수 및 공기 조절 공급업",75703.0,1301.0,한국가스안전공사,,004690
76,환경부,(주)삼표산업,2022,업체,"시멘트, 석회, 플라스터 및 그 외 제품 제조업",107062.0,1854.0,(재)한국품질재단,,NULL
77,환경부,(주)삼현,2022,사업장,"내화, 비내화 요업제품 제조업",21809.0,389.0,한국표준협회,,437730
78,국토교통부,(주)삼화고속,2022,사업장,교통(여객),10769.0,154.0,(주)한국경영인증원,,NULL
79,환경부,(주)상공에너지,2022,사업장,"증기, 냉ㆍ온수 및 공기 조절 공급업",9434.0,1495.0,㈜한국품질보증원,,NULL
80,농림축산식품부,(주)샤니,2022,사업장,식료품 제조업,36659.0,747.0,(주)비에스아이그룹코리아,,NULL
81,산업통상자원부,(주)서원,2022,사업장,비철금속,14245.0,294.0,한국가스안전공사,,021050
82,산업통상자원부,(주)서진캠 아산공장,2022,사업장,자동차,12824.0,267.0,(주)한국경영인증원,,NULL
83,산업통상자원부,(주)서진캠 평택공장,2022,사업장,자동차,12908.0,269.0,(주)한국경영인증원,,NULL
84,환경부,(주)서흥,2022,사업장,기타 식품 제조업,37405.0,771.0,한국표준협회,,008490
85,산업통상자원부,(주)선일다이파스,2022,사업장,기계,22040.0,454.0,(주)한국경영인증원,,NULL
86,환경부,(주)선진운수,2022,사업장,육상 여객 운송업,27793.0,520.0,(재)한국품질재단,,NULL
87,산업통상자원부,(주)성신미네필드,2022,사업장,시멘트,20038.0,395.0,한국표준협회,,NULL
88,산업통상자원부,(주)성호금속,2022,사업장,철강,17220.0,313.0,(주)한국경영인증원,,NULL
89,환경부,(주)성호금속 경주2공장,2022,사업장,금속 주조업,28328.0,511.0,(주)한국경영인증원,,NULL
90,산업통상자원부,(주)성호기업,2022,사업장,철강,14356.0,281.0,(주)한국경영인증원,,NULL
91,환경부,(주)세아씨엠,2022,사업장,1차 철강 제조업,62897.0,1277.0,한국표준협회,,NULL
92,국토교통부,(주)세아엘앤에스,2022,사업장,교통(화물),16244.0,239.0,한국표준협회,,NULL
93,환경부,(주)세아제강,2022,사업장,1차 철강 제조업,58090.0,1196.0,한국표준협회,,306200
94,환경부,(주)세아특수강,2022,사업장,1차 철강 제조업,54166.0,1067.0,한국표준협회,,019440
95,농림축산식품부,(주)세우,2022,사업장,식료품 제조업,17815.0,361.0,(재)한국품질재단,,NULL
96,환경부,(주)세주,2022,사업장,해상 운송업,29846.0,410.0,㈜디엔브이비즈니스어슈어런스코리아,,NULL
97,국토교통부,(주)시흥교통,2022,사업장,교통(여객),22620.0,408.0,한국표준협회,,NULL
98,환경부,(주)신동,2022,사업장,"시멘트, 석회, 플라스터 및 그 외 제품 제조업",83528.0,275.0,한국표준협회,,NULL
99,환경부,(주)신세계,2022,업체,종합 소매업,123212.0,2561.0,(주)한국경영인증원,,004170
100,환경부,(주)신승에너지,2022,사업장,폐기물 처리업,82534.0,359.0,(재)한국품질재단,,NULL
101,산업통상자원부,(주)신안주철,2022,사업장,철강,16455.0,310.0,한국표준협회,,NULL
102,농림축산식품부,(주)신영포르투,2022,사업장,목재,31188.0,989.0,(재)한국품질재단,,NULL
103,산업통상자원부,(주)신우금속,2022,사업장,철강,16834.0,291.0,(재)한국품질재단,,NULL
104,산업통상자원부,(주)신한중공업,2022,사업장,조선,12925.0,216.0,㈜한국품질보증원,,NULL
105,환경부,(주)쌍용씨앤비,2022,사업장,"펄프, 종이 및 판지 제조업",63815.0,1217.0,(주)한국경영인증원,,NULL
106,환경부,(주)씨텍,2022,업체,"증기, 냉ㆍ온수 및 공기 조절 공급업",792420.0,10862.0,(주)비에스아이그룹코리아,,NULL
107,환경부,(주)아진피앤피,2022,사업장,"펄프, 종이 및 판지 제조업",142315.0,3443.0,지속가능인증원주식회사,,NULL
108,환경부,(주)애니테크,2022,사업장,폐기물,33922.0,204.0,대일이엔씨기술(주),,NULL
109,산업통상자원부,(주)에스에이케이,2022,사업장,유리,11457.0,235.0,(주)한국경영인증원,"""(주)에스에이씨"" 업체명 변경",NULL
110,산업통상자원부,(주)에스제이금속,2022,사업장,철강,19859.0,349.0,(재)한국품질재단,,NULL
111,환경부,(주)에스파워,2022,업체,전기업,1787646.0,35412.0,(재)한국품질재단,,NULL
112,환경부,(주)에스피환경,2022,사업장,폐기물,72938.0,505.0,㈜한국품질보증원,,NULL
113,해양수산부,(주)에이치해운,2022,사업장,교통(해운),18112.0,256.0,한국표준협회,,NULL
114,환경부,(주)에이티에너지,2022,사업장,폐기물,29982.0,17.0,(재)한국화학융합시험연구원,,NULL
115,환경부,(주)에코비트그린,2022,업체,폐기물,182006.0,61.0,한국표준협회,,NULL
116,환경부,(주)에코비트에너지세종,2022,사업장,폐기물 처리업,60954.0,424.0,한국표준협회,,NULL
117,환경부,(주)에코비트에너지청원,2022,업체,폐기물,42255.0,1.0,(재)한국품질재단,,NULL
118,산업통상자원부,(주)에코프로머티리얼즈,2022,사업장,전기전자,45884.0,935.0,(주)한국경영인증원,"""에코프로지이엠"" 업체명 변경",NULL
119,산업통상자원부,(주)에코프로비엠,2022,사업장,전기전자,122737.0,2562.0,(주)한국경영인증원,,247540
120,환경부,(주)엔아이티,2022,업체,폐기물 처리업,149040.0,495.0,㈜한국품질보증원,,NULL
121,환경부,(주)엔이티,2022,사업장,"증기, 냉ㆍ온수 및 공기 조절 공급업",46133.0,541.0,한국표준협회,,NULL
122,환경부,(주)엘엑스판토스,2022,사업장,도로 화물 운송업,45540.0,557.0,㈜디엔브이비즈니스어슈어런스코리아,,NULL
123,산업통상자원부,(주)엘지생활건강,2022,사업장,석유화학,52650.0,1153.0,(재)한국품질재단,,051900
124,환경부,(주)엘지씨엔에스,2022,업체,"컴퓨터 프로그래밍, 시스템 통합 및 관리업",134043.0,2850.0,대일이엔씨기술(주),,064400
125,환경부,(주)영신물산,2022,사업장,"섬유제품 염색, 정리 및 마무리 가공업",28747.0,223.0,한국표준협회,,NULL
126,환경부,(주)오뚜기,2022,사업장,기타 식품 제조업,89065.0,1801.0,한국표준협회,,007310
127,환경부,(주)오리온,2022,사업장,기타 식품 제조업,67703.0,1370.0,한국표준협회,,271560
128,환경부,(주)오미아코리아,2022,사업장,기초 화학물질 제조업,58420.0,1195.0,㈜디엔브이비즈니스어슈어런스코리아,,NULL
129,산업통상자원부,(주)오영,2022,사업장,석유화학,13886.0,298.0,(재)한국품질재단,,NULL
130,환경부,(주)온셀텍,2022,사업장,전자 부품 제조업,26701.0,556.0,한국표준협회,,NULL
131,농림축산식품부,(주)올품,2022,사업장,식료품 제조업,22807.0,464.0,한국표준협회,,NULL
132,환경부,(주)와이에스텍,2022,업체,폐기물,130496.0,29.0,(재)한국품질재단,,NULL
133,환경부,(주)와이엔텍,2022,업체,폐기물,154121.0,120.0,(재)한국품질재단,,067900
134,산업통상자원부,(주)와이엠,2022,사업장,기계,16854.0,347.0,(재)한국품질재단,,007530
135,환경부,(주)우룡,2022,업체,"시멘트, 석회, 플라스터 및 그 외 제품 제조업",164173.0,659.0,(주)한국경영인증원,,NULL
136,산업통상자원부,(주)우신금속,2022,사업장,비철금속,21080.0,331.0,(재)한국품질재단,,NULL
137,산업통상자원부,(주)원익아이피에스,2022,사업장,기계,25105.0,499.0,한국표준협회,,NULL
138,환경부,(주)유니온,2022,업체,"시멘트, 석회, 플라스터 및 그 외 제품 제조업",153644.0,1301.0,한국표준협회,,000910
139,환경부,(주)유성티엔에스,2022,사업장,도로 화물 운송업,31436.0,457.0,(주)한국경영인증원,,024800
140,환경부,(주)유진로지스틱스,2022,사업장,도로 화물 운송업,28881.0,417.0,(재)한국품질재단,,NULL
141,산업통상자원부,(주)유한화학,2022,사업장,석유화학,19440.0,357.0,(주)한국경영인증원,,NULL
142,산업통상자원부,(주)이녹스첨단소재,2022,사업장,전기전자,27554.0,511.0,(재)한국품질재단,,272290
143,환경부,(주)이마트,2022,업체,종합 소매업,541669.0,11350.0,한국표준협회,,139480
144,환경부,(주)이수페타시스,2022,사업장,전자 부품 제조업,41275.0,741.0,(주)한국경영인증원,,007660
145,환경부,(주)이수화학,2022,업체,기초 화학물질 제조업,235526.0,4193.0,한국표준협회,,005950
146,환경부,(주)이스타항공,2022,업체,항공 여객 운송업,5234.0,76.0,(주)한국경영인증원,,NULL
147,환경부,(주)이알지서비스,2022,사업장,폐기물 처리업,78927.0,103.0,(재)한국화학융합시험연구원,,NULL
148,환경부,(주)이앤컴퍼니,2022,사업장,폐기물,42275.0,22.0,㈜한국품질보증원,,NULL
149,환경부,(주)이에스티,2022,업체,폐기물,83041.0,10.0,(재)한국품질재단,,NULL
150,산업통상자원부,(주)인지디스플레이,2022,사업장,자동차,19060.0,393.0,(주)한국경영인증원,,NULL
151,환경부,(주)인터플렉스,2022,사업장,전자 부품 제조업,33983.0,709.0,로이드인증원㈜,,051370
152,환경부,(주)일진글로벌,2022,사업장,자동차 신품 부품 제조업,124130.0,2591.0,(주)한국경영인증원,,NULL
153,환경부,(주)전북고속,2022,사업장,육상 여객 운송업,13898.0,197.0,(주)한국경영인증원,,NULL
154,농림축산식품부,(주)정·식품,2022,사업장,음료제조업,19504.0,392.0,한국표준협회,,NULL
155,국토교통부,(주)제때,2022,사업장,교통(화물),19547.0,327.0,한국표준협회,,NULL
156,환경부,(주)제양항공해운,2022,사업장,해상 운송업,11944.0,165.0,한국표준협회,,NULL
157,환경부,(주)제이엠씨,2022,사업장,기초 화학물질 제조업,39251.0,890.0,(주)한국경영인증원,,NULL
158,해양수산부,(주)제주케이라인,2022,사업장,교통(해운),9503.0,129.0,㈜디엔브이비즈니스어슈어런스코리아,,NULL
159,산업통상자원부,(주)젤텍,2022,사업장,석유화학,15305.0,515.0,한국표준협회,,NULL
160,농림축산식품부,(주)조흥,2022,사업장,식료품 제조업,17073.0,318.0,한국표준협회,,002600
161,산업통상자원부,(주)종근당,2022,사업장,석유화학,17349.0,478.0,(재)한국품질재단,,185750
162,환경부,(주)종근당바이오,2022,사업장,기초 의약 물질 및 생물학적 제제 제조업,88465.0,1843.0,(주)한국경영인증원,,063160
163,국토교통부,(주)중부고속,2022,사업장,교통(여객),7646.0,108.0,㈜한국품질보증원,,NULL
164,환경부,(주)중앙고속,2022,사업장,육상 여객 운송업,40955.0,585.0,(주)한국경영인증원,,NULL
165,환경부,(주)중일,2022,사업장,1차 비철금속 제조업,28355.0,297.0,한국표준협회,,NULL
166,환경부,(주)지에스동해전력,2022,업체,전기업,6064363.0,68000.0,대일이엔씨기술(주),,NULL
167,산업통상자원부,(주)지엠씨,2022,사업장,광업,14895.0,309.0,(주)한국경영인증원,,NULL
168,환경부,(주)진합,2022,사업장,자동차 신품 부품 제조업,26878.0,555.0,한국표준협회,,NULL
169,산업통상자원부,(주)진흥주물,2022,사업장,철강,38364.0,678.0,한국표준협회,,NULL
170,환경부,(주)참프레,2022,사업장,"도축, 육류 가공 및 저장 처리업",41216.0,830.0,한국표준협회,,NULL
171,환경부,(주)창원에너텍,2022,사업장,폐기물 처리업,79602.0,1007.0,(재)한국품질재단,,NULL
172,환경부,(주)천일고속,2022,사업장,육상 여객 운송업,19773.0,282.0,(주)한국경영인증원,,000650
173,환경부,(주)청송산업개발,2022,사업장,폐기물,45297.0,640.0,(재)한국품질재단,,NULL
174,농림축산식품부,(주)체리부로,2022,사업장,식료품 제조업,14533.0,297.0,(주)한국경영인증원,,066360
175,환경부,(주)충남고속,2022,사업장,육상 여객 운송업,21706.0,329.0,(주)한국경영인증원,,NULL
176,환경부,(주)충무화학,2022,업체,"시멘트, 석회, 플라스터 및 그 외 제품 제조업",148831.0,615.0,(주)한국경영인증원,,NULL
177,농림축산식품부,(주)카길애그리퓨리나,2022,사업장,식료품 제조업,22580.0,460.0,(재)한국품질재단,,NULL
178,산업통상자원부,(주)카펙발레오,2022,사업장,자동차,21212.0,427.0,한국표준협회,,NULL
179,환경부,(주)칼링크,2022,사업장,자동차 신품 부품 제조업,23147.0,470.0,지속가능인증원주식회사,,NULL
180,환경부,(주)케이비아이국인산업,2022,업체,폐기물,237956.0,157.0,(재)한국품질재단,,NULL
181,환경부,(주)케이비아이텍,2022,업체,폐기물,150326.0,193.0,(재)한국품질재단,,NULL
182,산업통상자원부,(주)케이에프엔티,2022,사업장,석유화학,19307.0,405.0,한국표준협회,,NULL
183,산업통상자원부,(주)케이원전자,2022,사업장,전기전자,20289.0,423.0,한국표준협회,,NULL
184,환경부,(주)케이이씨,2022,사업장,반도체 제조업,45661.0,623.0,㈜디엔브이비즈니스어슈어런스코리아,,NULL
185,환경부,(주)케이조선,2022,사업장,선박 및 보트 건조업,51838.0,949.0,(재)한국품질재단,,067250
186,환경부,(주)케이티앤지,2022,사업장,담배 제조업,108541.0,2191.0,(재)한국품질재단,,033780
187,산업통상자원부,(주)케이피텍,2022,사업장,석유화학,13643.0,284.0,㈜디엔브이비즈니스어슈어런스코리아,,NULL
188,산업통상자원부,(주)코넥,2022,사업장,자동차,30257.0,600.0,(주)한국경영인증원,,NULL
189,환경부,(주)코다코,2022,사업장,자동차 신품 부품 제조업,41251.0,844.0,(재)한국품질재단,,046070
190,환경부,(주)코리아써키트,2022,사업장,전자 부품 제조업,121397.0,2432.0,(주)비에스아이그룹코리아,,007810
191,국토교통부,(주)코리아와이드포항,2022,사업장,교통(여객),21269.0,404.0,(주)한국경영인증원,,NULL
192,환경부,(주)코스틸,2022,사업장,1차 철강 제조업,32558.0,655.0,(주)한국경영인증원,,NULL
193,환경부,(주)클렌코,2022,업체,폐기물 처리업,206016.0,181.0,한국표준협회,,NULL
194,산업통상자원부,(주)태상,2022,업체,기계,69333.0,1355.0,(주)한국경영인증원,,NULL
195,산업통상자원부,(주)태영열처리,2022,사업장,기계,15312.0,316.0,한국표준협회,,NULL
196,산업통상자원부,(주)태우,2022,사업장,비철금속,16969.0,330.0,한국가스안전공사,,NULL
197,환경부,(주)태웅,2022,업체,1차 철강 제조업,173961.0,3186.0,(재)한국품질재단,,044490
198,환경부,(주)태평양금속,2022,사업장,"내화, 비내화 요업제품 제조업",40087.0,815.0,(주)한국경영인증원,,NULL
199,환경부,(주)티씨씨스틸,2022,사업장,1차 철강 제조업,36595.0,727.0,(주)한국경영인증원,,NULL
200,산업통상자원부,(주)티씨케이,2022,사업장,전기전자,35850.0,741.0,(재)한국품질재단,,064760
201,산업통상자원부,(주)티엘비,2022,사업장,전기전자,18204.0,364.0,한국표준협회,,356860
202,농림축산식품부,(주)파리크라상,2022,사업장,식료품 제조업,21814.0,449.0,한국표준협회,,NULL
203,국토교통부,(주)평안운수,2022,사업장,교통(여객),13794.0,237.0,(주)한국경영인증원,,NULL
204,환경부,(주)포레스코,2022,사업장,나무제품 제조업,32894.0,784.0,한국표준협회,,NULL
205,산업통상자원부,(주)풍농,2022,사업장,석유화학,19083.0,355.0,(주)한국경영인증원,,NULL
206,환경부,(주)풍정주공,2022,사업장,금속 주조업,26038.0,491.0,한국표준협회,,NULL
207,산업통상자원부,(주)퓨렉스,2022,사업장,반도체,16959.0,351.0,(재)한국품질재단,,NULL
208,산업통상자원부,(주)피엔디티,2022,사업장,자동차,18742.0,367.0,지속가능인증원주식회사,,NULL
209,산업통상자원부,(주)피제이메탈,2022,사업장,비철금속,22366.0,393.0,(재)한국품질재단,,128660
210,환경부,(주)필맥스,2022,사업장,플라스틱 제품 제조업,23361.0,478.0,㈜한국품질보증원,,NULL
211,환경부,(주)하림,2022,사업장,"도축, 육류 가공 및 저장 처리업",98062.0,2351.0,(재)한국품질재단,,136480
212,농림축산식품부,(주)한국인삼공사 고려인삼창,2022,사업장,식료품 제조업,37981.0,773.0,(주)한국경영인증원,,NULL
213,환경부,(주)한국특강,2022,업체,1차 철강 제조업,306638.0,5497.0,(주)한국경영인증원,,007280
214,산업통상자원부,(주)한금,2022,사업장,철강,17816.0,383.0,한국표준협회,,NULL
215,환경부,(주)한솔케미칼,2022,사업장,기초 화학물질 제조업,154515.0,3400.0,대일이엔씨기술(주),,014680
216,환경부,(주)한솔홈데코,2022,사업장,나무제품 제조업,55402.0,1988.0,(주)한국경영인증원,,025750
217,산업통상자원부,(주)한양에스앤씨,2022,사업장,자동차,14335.0,274.0,(주)한국경영인증원,,NULL
218,산업통상자원부,(주)한영특수강,2022,사업장,철강,16227.0,326.0,한국표준협회,,NULL
219,국토교통부,(주)한익스프레스,2022,사업장,교통(화물),27424.0,447.0,한국표준협회,,014130
220,환경부,(주)한일고속,2022,사업장,육상 여객 운송업,77501.0,1054.0,(주)한국경영인증원,,NULL
221,환경부,(주)한주,2022,업체,"증기, 냉ㆍ온수 및 공기 조절 공급업",1094646.0,13460.0,㈜디엔브이비즈니스어슈어런스코리아,,NULL
222,환경부,(주)한진,2022,업체,도로 화물 운송업,104185.0,1630.0,한국표준협회,,002320
223,환경부,(주)한창제지,2022,업체,"펄프, 종이 및 판지 제조업",142810.0,1888.0,한국표준협회,,009460
224,환경부,(주)한화,2022,업체,기타 화학제품 제조업,57635.0,1119.0,㈜디엔브이비즈니스어슈어런스코리아,,000880
225,환경부,(주)현대백화점,2022,업체,종합 소매업,168609.0,3528.0,한국표준협회,,069960
226,환경부,(주)현대엘앤씨,2022,사업장,플라스틱 제품 제조업,39438.0,807.0,한국표준협회,,NULL
227,환경부,(주)현대케피코,2022,사업장,자동차 신품 부품 제조업,24242.0,501.0,한국생산성본부인증원(주),,NULL
228,국토교통부,(주)화성여객,2022,사업장,교통(여객),20076.0,307.0,(주)한국경영인증원,,NULL
229,산업통상자원부,(주)화승알앤에이,2022,사업장,석유화학,19649.0,403.0,한국표준협회,,378850
230,환경부,(주)화승케미칼,2022,사업장,플라스틱 제품 제조업,28159.0,578.0,(주)한국경영인증원,,NULL
231,산업통상자원부,(주)화인베스틸,2022,사업장,철강,20509.0,375.0,(주)한국경영인증원,,133820
232,환경부,(합)경남여객,2022,사업장,육상 여객 운송업,45450.0,730.0,한국표준협회,,NULL
233,환경부,CJ대한통운(주),2022,업체,도로 화물 운송업,228492.0,4041.0,(주)한국경영인증원,,000120
234,환경부,CJ제일제당(주),2022,업체,"곡물 가공품, 전분 및 전분제품 제조업",427319.0,9900.0,(재)한국화학융합시험연구원,,097950
235,국토교통부,GS건설(주),2022,업체,건설,100158.0,1912.0,한국표준협회,,006360
236,환경부,GS파워,2022,업체,"증기, 냉ㆍ온수 및 공기 조절 공급업",2986673.0,58361.0,(재)한국품질재단,,NULL
237,환경부,HSD엔진(주),2022,사업장,일반 목적용 기계 제조업,34669.0,615.0,㈜디엔브이비즈니스어슈어런스코리아,,NULL
238,환경부,JW 생명과학(주),2022,사업장,의약품 제조업,27261.0,556.0,한국표준협회,,NULL
239,산업통상자원부,KPX케미칼(주),2022,사업장,석유화학,24133.0,777.0,(주)한국경영인증원,,025000
240,산업통상자원부,LB세미콘(주),2022,사업장,반도체,24269.0,503.0,한국표준협회,,061970
241,환경부,LX엠엠에이,2022,업체,기초 화학물질 제조업,310504.0,2864.0,(주)한국경영인증원,,NULL
242,환경부,NC양산(주),2022,사업장,폐기물,29068.0,24.0,한국표준협회,,NULL
243,환경부,NC울산(주),2022,업체,폐기물,71902.0,43.0,한국표준협회,,NULL
244,환경부,OCI SE 주식회사,2022,업체,"증기, 냉ㆍ온수 및 공기 조절 공급업",1173454.0,23401.0,㈜디엔브이비즈니스어슈어런스코리아,,NULL
245,환경부,S-Oil(주),2022,업체,석유 정제품 제조업,9386360.0,126117.0,한국표준협회,,010950
246,환경부,SKbroadband(주),2022,업체,전기 통신업,394401.0,8233.0,㈜디엔브이비즈니스어슈어런스코리아,,NULL
247,환경부,SK이노베이션(주),2022,업체,일차전지 및 축전지 제조업,22245.0,455.0,한국표준협회,,096770
248,환경부,SK인천석유화학(주),2022,업체,석유 정제품 제조업,1280663.0,36021.0,한국표준협회,,NULL
249,농림축산식품부,SY에너지(주),2022,사업장,목재 및 나무제품 제조업;가구제외,30333.0,985.0,(재)한국품질재단,,NULL
250,산업통상자원부,Y&T파워텍(주),2022,사업장,자동차,13789.0,287.0,(주)비에스아이그룹코리아,,NULL
251,환경부,㈜토탈,2022,사업장,폐기물 처리업,55427.0,75.0,(재)한국품질재단,,NULL
252,산업통상자원부,가온전선주식회사,2022,사업장,전기전자,16145.0,327.0,(주)비에스아이그룹코리아,,000500
253,국토교통부,강남금융센터(주),2022,사업장,건물,15914.0,328.0,한국표준협회,,NULL
254,산업통상자원부,강남화성(주),2022,사업장,석유화학,19476.0,337.0,한국표준협회,,NULL
255,환경부,강릉시,2022,사업장,폐기물,53857.0,263.0,(주)비에스아이그룹코리아,,NULL
256,국토교통부,강변테크노마트 주식회사,2022,사업장,건물,14224.0,295.0,대일이엔씨기술(주),,NULL
257,환경부,강원고속,2022,사업장,육상 여객 운송업,15256.0,217.0,한국표준협회,,NULL
258,국토교통부,강원대학교,2022,사업장,건물,18864.0,389.0,한국표준협회,,NULL
259,국토교통부,강원여객자동차,2022,사업장,교통(여객),15796.0,230.0,한국표준협회,,NULL
260,환경부,거제시,2022,사업장,폐기물 처리업,57993.0,472.0,(재)한국품질재단,,NULL
261,환경부,경기도 광주시,2022,업체,수도사업,53965.0,933.0,㈜한국품질보증원,,NULL
262,환경부,경기환경에너지(주),2022,업체,폐기물,52985.0,354.0,(재)한국품질재단,,NULL
263,환경부,경북대학교,2022,사업장,고등 교육기관,37618.0,788.0,㈜한국품질보증원,,NULL
264,환경부,경북환경에너지(주),2022,업체,폐기물,87275.0,250.0,(재)한국품질재단,,NULL
265,환경부,경산시,2022,업체,지정외 폐기물처리업 등,65887.0,369.0,㈜한국품질보증원,,NULL
266,환경부,경산제지 주식회사,2022,사업장,"펄프, 종이 및 판지 제조업",108660.0,1675.0,한국표준협회,,NULL
267,환경부,경상북도,2022,업체,지정외 폐기물처리업,77820.0,613.0,㈜한국품질보증원,,NULL
270,환경부,경인환경에너지 주식회사,2022,사업장,폐기물 처리업,80835.0,54.0,(주)한국경영인증원,,NULL
271,국토교통부,경전여객자동차(주),2022,사업장,교통(여객),7762.0,110.0,한국표준협회,,NULL
272,환경부,경주시,2022,사업장,폐기물 처리업,60886.0,613.0,㈜한국품질보증원,,NULL
273,환경부,경진여객운수(주),2022,사업장,육상 여객 운송업,22195.0,367.0,(주)한국경영인증원,,NULL
274,산업통상자원부,경창산업(주),2022,사업장,자동차,17839.0,371.0,한국생산성본부인증원(주),,024910
275,환경부,고려강선(주),2022,사업장,1차 철강 제조업,72802.0,1535.0,한국생산성본부인증원(주),,NULL
276,해양수산부,고려고속훼리(주),2022,사업장,교통(해운),25904.0,373.0,한국표준협회,,NULL
277,환경부,고려기초소재,2022,사업장,기타 비금속 광물제품 제조업,22784.0,402.0,한국표준협회,,NULL
278,환경부,고려아연 주식회사,2022,업체,1차 비철금속 제조업,3472572.0,49781.0,(재)한국품질재단,,010130
279,산업통상자원부,고려용접봉 주식회사,2022,사업장,기계,17699.0,364.0,㈜한국품질보증원,,NULL
280,환경부,고려제강(주),2022,사업장,1차 철강 제조업,91713.0,1882.0,한국생산성본부인증원(주),,002240
281,산업통상자원부,고려특수선재(주),2022,사업장,철강,25055.0,522.0,한국생산성본부인증원(주),,NULL
282,산업통상자원부,고성그린파워 주식회사,2022,업체,발전에너지,10107564.0,111037.0,로이드인증원㈜,,NULL
283,환경부,고양시,2022,업체,폐기물 처리업,148389.0,1153.0,㈜한국품질보증원,,NULL
284,환경부,공주시,2022,사업장,폐기물,7784.0,5.0,(주)신화엔지니어링종합건축사사무소,,NULL
285,환경부,공항철도(주),2022,사업장,육상 여객 운송업,56081.0,1168.0,대일이엔씨기술(주),,NULL
286,환경부,광명시,2022,사업장,폐기물 처리업,63987.0,242.0,㈜한국품질보증원,,NULL
287,환경부,광양시,2022,사업장,폐기물,35638.0,28.0,(주)비에스아이그룹코리아,,NULL
288,국토교통부,광주과학기술원,2022,사업장,건물,22722.0,470.0,한국표준협회,,NULL
289,환경부,광주광역시,2022,업체,폐기물 처리업,176224.0,1642.0,(재)한국품질재단,,NULL
290,국토교통부,광주광역시도시철도공사,2022,사업장,교통(철도),18606.0,387.0,한국표준협회,,NULL
291,환경부,광진산업(주),2022,사업장,"시멘트, 석회, 플라스터 및 그 외 제품 제조업",82147.0,218.0,한국생산성본부인증원(주),,NULL
292,환경부,구리시,2022,사업장,폐기물 처리업,62256.0,603.0,㈜한국품질보증원,,NULL
293,환경부,구미시,2022,업체,폐기물 처리업,147981.0,1173.0,㈜한국품질보증원,,NULL
294,환경부,국도화학(주),2022,사업장,합성고무 및 플라스틱 물질 제조업,45276.0,1663.0,로이드인증원㈜,,007690
295,환경부,국립대학법인 서울대학교,2022,업체,고등 교육기관,144448.0,2991.0,(재)한국품질재단,,NULL
296,국토교통부,국립암센터,2022,사업장,건물,20449.0,433.0,(주)한국경영인증원,,NULL
297,국토교통부,국방과학연구소,2022,사업장,건물,20618.0,425.0,(재)한국품질재단,,NULL
298,환경부,국일제지(주),2022,사업장,"펄프, 종이 및 판지 제조업",39255.0,990.0,(주)한국경영인증원,,078130
299,국토교통부,국회사무처,2022,사업장,건물,21707.0,456.0,한국표준협회,,NULL
300,환경부,군산시,2022,사업장,폐기물 처리업,115937.0,592.0,㈜한국품질보증원,,NULL
301,환경부,군포시,2022,사업장,폐기물 처리업,44695.0,418.0,㈜한국품질보증원,,NULL
302,환경부,그린케미칼 주식회사,2022,사업장,기초 화학물질 제조업,65613.0,1268.0,한국가스안전공사,,083420
303,산업통상자원부,금강공업(주),2022,사업장,비철금속,19499.0,334.0,(주)한국경영인증원,,014280
304,해양수산부,금진해운(주),2022,사업장,교통(해운),19082.0,263.0,㈜디엔브이비즈니스어슈어런스코리아,,NULL
305,환경부,금호고속(주),2022,업체,육상 여객 운송업,5974.0,124.0,(주)한국경영인증원,,NULL
306,환경부,금호미쓰이화학 주식회사,2022,사업장,기초 화학물질 제조업,98686.0,1866.0,(재)한국품질재단,,NULL
307,환경부,금호석유화학 주식회사,2022,업체,합성고무 및 플라스틱 물질 제조업,3473213.0,42338.0,한국표준협회,,011780
308,환경부,금호익스프레스 주식회사,2022,업체,육상 여객 운송업,85398.0,1230.0,(주)한국경영인증원,,NULL
309,환경부,금호타이어(주),2022,업체,고무제품 제조업,264492.0,5409.0,지속가능인증원주식회사,,073240
310,환경부,금호폴리켐주식회사,2022,업체,합성고무 및 플라스틱 물질 제조업,315131.0,5293.0,(재)한국품질재단,,NULL
311,환경부,금호피앤비화학 주식회사,2022,업체,기초 화학물질 제조업,871851.0,11552.0,한국표준협회,,NULL
312,환경부,기아(주),2022,업체,자동차용 엔진 및 자동차 제조업,733374.0,14987.0,로이드인증원㈜,,000270
313,환경부,김천시,2022,사업장,"하수, 폐수 및 분뇨 처리업",44986.0,308.0,㈜한국품질보증원,,NULL
314,환경부,김천에너지서비스주식회사,2022,업체,"증기, 냉ㆍ온수 및 공기 조절 공급업",676779.0,8036.0,한국표준협회,,NULL
315,환경부,김포시,2022,사업장,폐기물 처리업,60878.0,553.0,한국표준협회,,NULL
316,환경부,김포운수(주),2022,사업장,육상 여객 운송업,18523.0,343.0,(주)한국경영인증원,,NULL
317,환경부,김해시,2022,사업장,폐기물 처리업,121128.0,1276.0,(재)한국품질재단,,NULL
318,환경부,깨끗한나라 주식회사,2022,업체,"펄프, 종이 및 판지 제조업",365442.0,4753.0,(재)한국품질재단,,004540
319,환경부,나래에너지서비스 주식회사,2022,업체,"증기, 냉ㆍ온수 및 공기 조절 공급업",1596831.0,31775.0,(주)한국경영인증원,,NULL
320,환경부,나투라페이퍼 주식회사,2022,업체,"펄프, 종이 및 판지 제조업",166688.0,1251.0,한국표준협회,,NULL
321,산업통상자원부,남강제지(주),2022,사업장,제지,29137.0,245.0,(재)한국품질재단,,NULL
322,환경부,남양금속주식회사,2022,사업장,"구조용 금속제품, 탱크 및 증기발생기 제조업",77856.0,1452.0,(주)한국경영인증원,,NULL
323,환경부,남양유업(주),2022,사업장,낙농제품 및 식용 빙과류 제조업,80522.0,1874.0,한국표준협회,,003920
324,환경부,남양주시,2022,업체,지정외 폐기물처리업,81697.0,1103.0,(재)한국품질재단,,NULL
325,환경부,남해화학(주),2022,사업장,"비료, 농약 및 살균ㆍ살충제 제조업",79385.0,1049.0,대일이엔씨기술(주),,025860
326,산업통상자원부,내포그린에너지(주),2022,사업장,집단에너지,27745.0,595.0,대일이엔씨기술(주),,NULL
327,환경부,네이버 주식회사,2022,사업장,"자료 처리, 호스팅, 포털 및 기타 인터넷 정보 매개 서비스업",86991.0,1822.0,한국표준협회,,NULL
328,환경부,네이처이앤티(주),2022,업체,폐기물 처리업,198288.0,309.0,(주)비에스아이그룹코리아,,NULL
329,환경부,넥센타이어(주),2022,업체,고무제품 제조업,212345.0,4285.0,(주)한국경영인증원,,002350
330,환경부,노벨리스코리아 주식회사,2022,업체,1차 비철금속 제조업,284797.0,5656.0,(주)한국경영인증원,,NULL
331,환경부,녹십자,2022,사업장,의약품 제조업,66851.0,1641.0,(재)한국품질재단,,006280
332,환경부,논산시,2022,사업장,폐기물,19168.0,69.0,㈜한국품질보증원,,NULL
333,국토교통부,농협은행 주식회사,2022,업체,건물,95933.0,1985.0,한국표준협회,,NULL
334,환경부,능원금속공업 주식회사,2022,사업장,1차 비철금속 제조업,25852.0,533.0,(주)한국경영인증원,,NULL
335,환경부,담우물산(주),2022,사업장,"시멘트, 석회, 플라스터 및 그 외 제품 제조업",61365.0,195.0,(주)한국경영인증원,,NULL
336,환경부,당진시 자원순환센터,2022,업체,지정외 폐기물처리업 등,14412.0,98.0,한국표준협회,,NULL
337,환경부,대구광역시,2022,업체,폐기물 처리업,455094.0,4917.0,㈜한국품질보증원,,NULL
338,환경부,대구교통공사,2022,사업장,육상 여객 운송업,100951.0,2106.0,(주)한국경영인증원,,NULL
339,환경부,대구그린파워(주),2022,업체,"증기, 냉ㆍ온수 및 공기 조절 공급업",793350.0,15760.0,(주)한국경영인증원,,NULL
340,환경부,대구염색산업단지관리공단,2022,업체,"증기, 냉ㆍ온수 및 공기 조절 공급업",654617.0,7392.0,(주)한국경영인증원,,NULL
341,환경부,대구텍 유한책임회사,2022,사업장,1차 비철금속 제조업,,,한국표준협회,,NULL
342,환경부,대덕전자 주식회사,2022,사업장,전자 부품 제조업,154005.0,3131.0,한국표준협회,,353200
343,환경부,대동금속(주),2022,사업장,금속 주조업,44008.0,849.0,(주)한국경영인증원,,020400
344,환경부,대동산업주식회사,2022,사업장,"내화, 비내화 요업제품 제조업",25268.0,411.0,(주)한국경영인증원,,NULL
345,환경부,대상 주식회사,2022,업체,"곡물 가공품, 전분 및 전분제품 제조업",479334.0,8856.0,한국표준협회,,001680
346,환경부,대성엠디아이(주),2022,사업장,"시멘트, 석회, 플라스터 및 그 외 제품 제조업",163933.0,813.0,(주)한국경영인증원,,NULL
347,환경부,대성지엠텍(주),2022,업체,"시멘트, 석회, 플라스터 및 그 외 제품 제조업",114270.0,297.0,(주)한국경영인증원,,NULL
348,산업통상자원부,대신염직공업(주),2022,사업장,섬유,10465.0,171.0,(주)한국경영인증원,,NULL
349,환경부,대신정기화물자동차(주),2022,사업장,도로 화물 운송업,47962.0,682.0,(주)한국경영인증원,,NULL
350,환경부,대양제지공업(주),2022,업체,"펄프, 종이 및 판지 제조업",60941.0,710.0,한국표준협회,,006580
351,산업통상자원부,대용산업,2022,사업장,기계,18273.0,375.0,한국표준협회,,NULL
352,환경부,대원강업(주),2022,사업장,자동차 신품 부품 제조업,49275.0,1002.0,로이드인증원㈜,,000430
353,환경부,대원그린에너지(주),2022,사업장,폐기물 처리업,49698.0,474.0,한국표준협회,,NULL
354,산업통상자원부,대원화성(주),2022,사업장,석유화학,16339.0,292.0,한국표준협회,,024890
355,환경부,대일개발 주식회사,2022,사업장,폐기물 처리업,50994.0,154.0,로이드인증원㈜,,NULL
356,환경부,대전광역시,2022,업체,폐기물 처리업,350897.0,2661.0,㈜한국품질보증원,,NULL
357,국토교통부,대전교통공사,2022,사업장,교통(철도),17068.0,355.0,(주)신화엔지니어링종합건축사사무소,,NULL
358,환경부,대전열병합발전주식회사,2022,업체,"증기, 냉ㆍ온수 및 공기 조절 공급업",185732.0,3786.0,한국표준협회,,NULL
359,산업통상자원부,대창단조(주),2022,사업장,기계,13182.0,273.0,(주)한국경영인증원,,015230
360,환경부,대창운수(주),2022,사업장,육상 여객 운송업,22364.0,419.0,한국표준협회,,NULL
361,산업통상자원부,대한광통신 주식회사,2022,사업장,전기전자,21204.0,437.0,(주)한국경영인증원,,010170
362,환경부,대한방직(주),2022,사업장,"섬유제품 염색, 정리 및 마무리 가공업",27472.0,428.0,한국표준협회,,001070
363,농림축산식품부,대한사료(주),2022,사업장,식료품 제조업,12914.0,264.0,대일이엔씨기술(주),,NULL
364,환경부,대한석탄공사,2022,업체,석탄 광업,165088.0,724.0,한국생산성본부인증원(주),,NULL
365,산업통상자원부,대한소결금속(주),2022,사업장,자동차,20642.0,422.0,한국표준협회,,NULL
366,환경부,대한슬래그 주식회사,2022,사업장,기타 비금속 광물제품 제조업,29697.0,543.0,한국표준협회,,NULL
367,환경부,대한시멘트주식회사,2022,사업장,"시멘트, 석회, 플라스터 및 그 외 제품 제조업",68090.0,1243.0,한국표준협회,,NULL
368,산업통상자원부,대한약품공업(주),2022,사업장,석유화학,24169.0,408.0,(주)한국경영인증원,,NULL
369,환경부,대한유화 주식회사,2022,업체,기초 화학물질 제조업,1321364.0,26711.0,한국가스안전공사,,006650
370,환경부,대한전선 주식회사,2022,사업장,절연선 및 케이블 제조업,39320.0,795.0,(주)한국경영인증원,,001440
371,환경부,대한제강(주),2022,업체,1차 철강 제조업,383770.0,6775.0,한국표준협회,,084010
372,환경부,대한제당 주식회사,2022,사업장,기타 식품 제조업,66370.0,1328.0,㈜한국품질보증원,,001790
373,농림축산식품부,대한제분(주),2022,사업장,식료품 제조업,20807.0,433.0,대일이엔씨기술(주),,001130
374,환경부,대한제지주식회사,2022,업체,"펄프, 종이 및 판지 제조업",202858.0,2439.0,한국표준협회,,NULL
375,산업통상자원부,대한조선주식회사,2022,사업장,조선,28858.0,469.0,한국표준협회,,439260
376,산업통상자원부,대한특수금속(주),2022,사업장,철강,14825.0,267.0,(주)한국경영인증원,,NULL
377,환경부,대한항공,2022,업체,항공 여객 운송업,437764.0,6664.0,㈜디엔브이비즈니스어슈어런스코리아,,003490
378,환경부,대한화섬(주),2022,사업장,화학섬유 제조업,52925.0,1150.0,한국표준협회,,003830
379,산업통상자원부,더블유스코프코리아(주),2022,사업장,석유화학,28182.0,1040.0,㈜한국품질보증원,,NULL
380,산업통상자원부,더블유씨피 주식회사,2022,사업장,전기전자,80846.0,1642.0,한국표준협회,,393890
381,환경부,데이원에너지 주식회사,2022,업체,"증기, 냉ㆍ온수 및 공기 조절 공급업",1277290.0,14031.0,한국표준협회,,NULL
382,산업통상자원부,덴소코리아 주식회사,2022,사업장,자동차,11815.0,237.0,(주)한국경영인증원,,047060
383,환경부,도레이배터리세퍼레이터필름 한국유한회사,2022,사업장,일차전지 및 축전지 제조업,120140.0,2446.0,한국표준협회,,NULL
384,환경부,도레이비에스에프코팅한국 유한회사,2022,사업장,일차전지 및 축전지 제조업,103069.0,497.0,㈜디엔브이비즈니스어슈어런스코리아,,NULL
385,환경부,도레이첨단소재 주식회사,2022,업체,합성고무 및 플라스틱 물질 제조업,644861.0,12976.0,(주)비에스아이그룹코리아,,NULL
386,환경부,도명특송(주),2022,사업장,도로 화물 운송업,19905.0,283.0,한국표준협회,,NULL
387,환경부,동국산업(주),2022,사업장,1차 철강 제조업,38353.0,764.0,한국표준협회,,005160
388,환경부,동국씨엠 주식회사,2022,업체,1차 철강 제조업,286782.0,5925.0,(재)한국품질재단,구)동국제강 권리의무승계로 인한 분할신설업체,460850
389,환경부,동국제강 주식회사,2022,업체,1차 철강 제조업,1591536.0,26767.0,(재)한국품질재단,구)동국제강 권리의무승계로 인한 분할신설업체,460860
390,환경부,동국홀딩스 주식회사,2022,업체,부동산 임대 및 공급업,1878633.0,32699.0,(재)한국품질재단,,001230
391,산업통상자원부,동남정밀 주식회사,2022,사업장,자동차,9436.0,195.0,한국표준협회,,NULL
392,환경부,동두천드림파워,2022,업체,전기업,3481350.0,69209.0,대일이엔씨기술(주),,NULL
393,환경부,동서석유화학 주식회사,2022,업체,기초 화학물질 제조업,399257.0,2222.0,로이드인증원㈜,,NULL
394,환경부,동서식품(주),2022,사업장,기타 식품 제조업,119445.0,2600.0,(재)한국품질재단,,NULL
395,산업통상자원부,동서페더럴모굴(주),2022,사업장,자동차,21023.0,426.0,(주)비에스아이그룹코리아,,NULL
396,국토교통부,동성교통(주),2022,사업장,교통(여객),15074.0,285.0,(주)한국경영인증원,,NULL
397,국토교통부,동성화물자동차(주),2022,사업장,교통(화물),15295.0,217.0,(주)한국경영인증원,,NULL
398,산업통상자원부,동성화학공업(주),2022,사업장,석유화학,13504.0,276.0,한국표준협회,,NULL
399,국토교통부,동아운수(주),2022,사업장,교통(여객),16855.0,317.0,(주)한국경영인증원,,NULL
400,산업통상자원부,동양산업(주) 성산지점,2022,사업장,자동차,14980.0,312.0,(주)한국경영인증원,,NULL
401,환경부,동양피스톤(주),2022,사업장,자동차 신품 부품 제조업,26018.0,536.0,(주)한국경영인증원,,NULL
402,환경부,동우화인켐주식회사,2022,업체,사진장비 및 광학 기기 제조업,335236.0,5968.0,(재)한국품질재단,,NULL
403,환경부,동원로엑스(주),2022,사업장,도로 화물 운송업,57935.0,938.0,한국표준협회,,NULL
404,환경부,동원시스템즈(주),2022,업체,유리 및 유리제품 제조업,279076.0,4926.0,(재)한국품질재단,,014820
405,환경부,동원페이퍼(주),2022,사업장,"펄프, 종이 및 판지 제조업",97417.0,1589.0,㈜한국품질보증원,,NULL
406,산업통상자원부,동은단조(주),2022,사업장,기계,32820.0,681.0,㈜한국품질보증원,,NULL
407,환경부,동일산업주식회사,2022,업체,1차 철강 제조업,286396.0,3397.0,한국표준협회,,004890
408,산업통상자원부,동일알루미늄(주),2022,사업장,비철금속,20161.0,418.0,한국표준협회,,NULL
409,산업통상자원부,동일제강(주),2022,사업장,철강,20314.0,385.0,한국표준협회,,002690
410,환경부,동일팩키지(주),2022,사업장,"펄프, 종이 및 판지 제조업",46530.0,409.0,(재)한국품질재단,,NULL
411,환경부,동해시,2022,사업장,폐기물,20895.0,7.0,(재)한국품질재단,,NULL
412,환경부,동화기업(주),2022,사업장,나무제품 제조업,155295.0,3040.0,한국표준협회,,025900
413,산업통상자원부,동화지앤피 주식회사,2022,사업장,유리,21140.0,327.0,(주)한국경영인증원,,NULL
414,환경부,동희오토(주),2022,사업장,자동차용 엔진 및 자동차 제조업,36589.0,737.0,(주)한국경영인증원,,NULL
415,환경부,두산에너빌리티(주),2022,업체,1차 철강 제조업,214550.0,4081.0,(재)한국품질재단,,034020
416,환경부,두원중공업(주),2022,사업장,일반 목적용 기계 제조업,26246.0,541.0,(주)신화엔지니어링종합건축사사무소,,NULL
417,환경부,디아이지에어가스 주식회사,2022,업체,기초 화학물질 제조업,817498.0,17045.0,㈜한국품질보증원,,NULL
418,환경부,디에스파워 주식회사,2022,업체,"증기, 냉ㆍ온수 및 공기 조절 공급업",1129363.0,22468.0,(주)한국경영인증원,,NULL
419,환경부,디엘 주식회사,2022,업체,합성고무 및 플라스틱 물질 제조업,429.0,8.0,한국가스안전공사,,NULL
420,환경부,디엘모터스(주),2022,사업장,자동차 신품 부품 제조업,56145.0,1150.0,(주)한국경영인증원,,NULL
421,환경부,디엘에프엔씨 주식회사,2022,사업장,플라스틱 제품 제조업,22077.0,457.0,한국가스안전공사,,NULL
422,국토교통부,디엘이앤씨(주),2022,업체,건설,56998.0,1087.0,한국표준협회,,NULL
423,환경부,디엘케미칼 주식회사,2022,업체,합성고무 및 플라스틱 물질 제조업,222822.0,4346.0,한국가스안전공사,,NULL
424,산업통상자원부,디케이동신(주),2022,사업장,철강,28980.0,503.0,한국표준협회,,NULL
425,환경부,람정제주개발 주식회사,2022,사업장,일반 및 생활 숙박시설 운영업,40798.0,805.0,한국표준협회,,NULL
426,환경부,롯데글로벌로지스(주),2022,사업장,도로 화물 운송업,67476.0,1309.0,한국표준협회,,NULL
427,환경부,롯데네슬레코리아(주),2022,사업장,기타 식품 제조업,28949.0,856.0,(재)한국품질재단,,NULL
428,환경부,롯데물산(주),2022,사업장,부동산 임대 및 공급업,37756.0,782.0,(주)한국경영인증원,,NULL
429,환경부,롯데베르살리스엘라스토머스(주),2022,사업장,합성고무 및 플라스틱 물질 제조업,139677.0,2740.0,한국표준협회,,NULL
430,환경부,롯데쇼핑 주식회사,2022,업체,종합 소매업,722214.0,14829.0,한국표준협회,,023530
431,환경부,롯데알미늄 주식회사,2022,사업장,기타 금속 가공제품 제조업,74714.0,1474.0,(재)한국품질재단,,NULL
432,환경부,롯데에너지머티리얼즈(주),2022,사업장,전자 부품 제조업,112059.0,2422.0,㈜디엔브이비즈니스어슈어런스코리아,,020150
433,환경부,롯데엠시시 주식회사,2022,업체,기초 화학물질 제조업,289811.0,2542.0,한국표준협회,,NULL
434,환경부,롯데웰푸드(주),2022,업체,기타 식품 제조업,215303.0,4463.0,(주)한국경영인증원,,280360
435,환경부,롯데이네오스화학 주식회사,2022,업체,기초 화학물질 제조업,252546.0,3512.0,한국표준협회,,NULL
436,환경부,롯데정밀화학 주식회사,2022,업체,기초 화학물질 제조업,636567.0,15005.0,로이드인증원㈜,,004000
437,환경부,롯데정보통신(주),2022,사업장,"컴퓨터 프로그래밍, 시스템 통합 및 관리업",112255.0,2344.0,한국표준협회,,NULL
438,환경부,롯데칠성음료 주식회사,2022,업체,비알코올 음료 및 얼음 제조업,159240.0,3045.0,(주)한국경영인증원,,005300
439,국토교통부,롯데컬처웍스 주식회사,2022,업체,건물,55360.0,1155.0,한국표준협회,,NULL
440,환경부,롯데케미칼 주식회사,2022,업체,기초 화학물질 제조업,6214656.0,109579.0,(재)한국품질재단,,011170
441,환경부,르노코리아자동차(주),2022,사업장,자동차용 엔진 및 자동차 제조업,76621.0,1603.0,(주)한국경영인증원,,NULL
442,환경부,린데코리아 주식회사,2022,업체,기초 화학물질 제조업,882121.0,17884.0,(재)한국품질재단,,NULL
443,환경부,만호제강(주),2022,사업장,1차 철강 제조업,40134.0,821.0,한국표준협회,,001080
444,환경부,매그나칩반도체(유),2022,업체,반도체 제조업,121384.0,1382.0,(주)비에스아이그룹코리아,,NULL
445,환경부,매일유업(주),2022,사업장,낙농제품 및 식용 빙과류 제조업,120156.0,2319.0,(주)한국경영인증원,,267980
446,산업통상자원부,명화공업(주),2022,사업장,자동차,27340.0,556.0,한국표준협회,,NULL
447,환경부,목포시,2022,사업장,폐기물 처리업,58741.0,401.0,㈜한국품질보증원,,NULL
448,환경부,무림에스피(주),2022,사업장,"펄프, 종이 및 판지 제조업",48376.0,978.0,한국표준협회,,NULL
449,환경부,무림파워텍 주식회사,2022,업체,"증기, 냉ㆍ온수 및 공기 조절 공급업",179279.0,2674.0,한국표준협회,,NULL
450,환경부,무림페이퍼(주),2022,업체,"펄프, 종이 및 판지 제조업",193734.0,3927.0,한국표준협회,,009200
451,환경부,무림피앤피(주),2022,업체,"펄프, 종이 및 판지 제조업",238946.0,13300.0,한국표준협회,,NULL
452,환경부,무안군,2022,사업장,폐기물,17025.0,102.0,㈜한국품질보증원,,NULL
453,산업통상자원부,미래나노텍(주),2022,사업장,전기전자,21708.0,445.0,(주)한국경영인증원,,095500
454,산업통상자원부,미원상사(주),2022,사업장,석유화학,24036.0,457.0,대일이엔씨기술(주),,002840
455,환경부,미원스페셜티케미칼(주),2022,사업장,기초 화학물질 제조업,72389.0,1393.0,(주)한국경영인증원,,NULL
456,환경부,밀양시,2022,사업장,폐기물,18311.0,71.0,㈜한국품질보증원,,NULL
457,환경부,바스프퍼포먼스폴리아마이드코리아 주식회사,2022,사업장,기초 화학물질 제조업,75579.0,1718.0,한국표준협회,,NULL
458,환경부,백광산업 주식회사,2022,업체,기초 화학물질 제조업,212126.0,4245.0,한국표준협회,,NULL
459,환경부,버슘머트리얼즈피엠코리아,2022,사업장,기초 화학물질 제조업,26941.0,562.0,로이드인증원㈜,,NULL
460,국토교통부,범일운수,2022,사업장,교통(여객),15976.0,301.0,(주)한국경영인증원,,NULL
461,환경부,베올리아워터코리아대산(주),2022,사업장,수도업,83215.0,1733.0,(주)한국경영인증원,,NULL
462,환경부,보령시,2022,사업장,폐기물 처리업,53601.0,317.0,(재)한국품질재단,,NULL
463,환경부,보령엘엔지터미널 주식회사,2022,사업장,연료용 가스 제조 및 배관공급업,48455.0,979.0,㈜한국품질보증원,,NULL
464,국토교통부,보영운수(주),2022,사업장,교통(여객),14432.0,251.0,한국표준협회,,NULL
465,산업통상자원부,볼보그룹코리아(주),2022,사업장,기계,21414.0,419.0,한국표준협회,,NULL
466,환경부,부경산업(주),2022,업체,폐기물,106953.0,144.0,(재)한국화학융합시험연구원,,NULL
467,환경부,부산광역시,2022,업체,폐기물 처리업,806781.0,10131.0,대일이엔씨기술(주),,NULL
468,국토교통부,부산교통(주),2022,사업장,교통(여객),12793.0,184.0,한국표준협회,,NULL
469,환경부,부산교통공사,2022,업체,육상 여객 운송업,167012.0,3486.0,(재)한국품질재단,,NULL
470,환경부,부산그린파워(주),2022,사업장,폐기물,44040.0,17.0,(재)한국품질재단,,NULL
471,국토교통부,부산대학교,2022,사업장,건물,25945.0,550.0,㈜한국품질보증원,,NULL
472,국토교통부,부산대학교병원,2022,사업장,건물,41490.0,855.0,한국표준협회,,NULL
473,환경부,부산정관에너지(주),2022,사업장,"증기, 냉ㆍ온수 및 공기 조절 공급업",73457.0,1458.0,(주)신화엔지니어링종합건축사사무소,,NULL
474,환경부,부산주공(주),2022,사업장,자동차 신품 부품 제조업,97690.0,1831.0,㈜한국품질보증원,,005030
475,환경부,부산패션칼라산업협동조합,2022,업체,"증기, 냉ㆍ온수 및 공기 조절 공급업",144479.0,2054.0,(주)한국경영인증원,,NULL
476,환경부,부천시,2022,업체,"하수, 폐수 및 분뇨 처리업",153512.0,1576.0,㈜한국품질보증원,,NULL
477,국토교통부,북부운수(주),2022,사업장,교통(여객),14155.0,268.0,(주)한국경영인증원,,NULL
478,농림축산식품부,브리티쉬아메리칸토바코코리아제조(주),2022,사업장,담배제조업,20755.0,428.0,한국표준협회,,NULL
479,환경부,브이피에이치메탈 유한회사,2022,사업장,자동차 신품 부품 제조업,33548.0,622.0,㈜한국품질보증원,,NULL
480,환경부,비노텍 주식회사,2022,사업장,폐기물 처리업,78574.0,67.0,(주)한국경영인증원,,NULL
481,환경부,비를라카본코리아(주),2022,업체,기초 화학물질 제조업,120088.0,462.0,㈜디엔브이비즈니스어슈어런스코리아,,NULL
482,산업통상자원부,비테스코테크놀로지스코리아 유한책임회사,2022,사업장,자동차,16529.0,339.0,(주)한국경영인증원,,NULL
483,환경부,사회복지법인 삼성생명공익재단,2022,사업장,병원,86115.0,1767.0,(재)한국품질재단,,NULL
484,산업통상자원부,삼강에스앤씨(주),2022,사업장,조선,21073.0,365.0,(재)한국품질재단,,NULL
485,환경부,삼남석유화학주식회사,2022,업체,기초 화학물질 제조업,184576.0,2588.0,한국표준협회,,NULL
486,환경부,삼목에스폼(주),2022,업체,1차 비철금속 제조업,44931.0,815.0,한국표준협회,,018310
487,산업통상자원부,삼미금속(주),2022,사업장,철강,18389.0,375.0,한국표준협회,,012210
488,환경부,삼보산업 주식회사,2022,사업장,1차 비철금속 제조업,49396.0,760.0,한국표준협회,,009620
489,환경부,삼성디스플레이 주식회사,2022,업체,전자 부품 제조업,4277898.0,65537.0,(주)비에스아이그룹코리아,,NULL
490,환경부,삼성물산 주식회사,2022,사업장,건물 건설업,87089.0,1879.0,(주)한국경영인증원,,000830
491,환경부,삼성바이오로직스 주식회사,2022,사업장,기초 의약 물질 및 생물학적 제제 제조업,163993.0,3357.0,대일이엔씨기술(주),,207940
492,국토교통부,삼성생명보험 주식회사,2022,업체,건물,64488.0,927.0,(재)한국품질재단,,NULL
493,환경부,삼성에스디아이 주식회사,2022,업체,일차전지 및 축전지 제조업,572395.0,12097.0,한국표준협회,,NULL
494,환경부,삼성에스디에스(주),2022,사업장,"컴퓨터 프로그래밍, 시스템 통합 및 관리업",118107.0,2464.0,(주)한국경영인증원,,018260
495,환경부,삼성전기 주식회사,2022,업체,전자 부품 제조업,474809.0,9805.0,(주)비에스아이그룹코리아,,009150
496,환경부,삼성전자 주식회사,2022,업체,반도체 제조업,14922978.0,222907.0,(재)한국품질재단,,005930
497,환경부,삼성중공업 주식회사,2022,업체,선박 및 보트 건조업,296667.0,5209.0,한국표준협회,,010140
498,환경부,삼성코닝어드밴스드글라스 유한회사,2022,사업장,유리 및 유리제품 제조업,43671.0,1160.0,로이드인증원㈜,,NULL
499,산업통상자원부,삼신정밀(주),2022,사업장,자동차,23748.0,489.0,한국표준협회,,NULL
500,산업통상자원부,삼아알미늄주식회사,2022,사업장,비철금속,20602.0,408.0,한국표준협회,,006110
501,환경부,삼양식품(주),2022,사업장,기타 식품 제조업,59376.0,1311.0,(주)비에스아이그룹코리아,,003230
502,환경부,삼양이노켐 주식회사,2022,사업장,기초 화학물질 제조업,96854.0,1752.0,한국표준협회,,NULL
503,산업통상자원부,삼양통상(주),2022,사업장,섬유,12209.0,247.0,(주)한국경영인증원,,002170
504,환경부,삼양화성주식회사,2022,사업장,합성고무 및 플라스틱 물질 제조업,77738.0,2104.0,한국표준협회,,NULL
505,산업통상자원부,삼양화인테크놀로지(주),2022,사업장,석유화학,29179.0,358.0,한국표준협회,,NULL
506,산업통상자원부,삼영산업,2022,사업장,요업,31354.0,577.0,(주)한국경영인증원,,NULL
507,환경부,삼영운수(주),2022,사업장,육상 여객 운송업,24265.0,430.0,한국표준협회,,NULL
508,환경부,삼영전자공업(주),2022,업체,기타 금속 가공제품 제조업,121215.0,2611.0,(주)한국경영인증원,,005680
509,환경부,삼영화학공업(주),2022,사업장,플라스틱 제품 제조업,30173.0,620.0,한국표준협회,,NULL
510,환경부,삼정펄프(주),2022,업체,"펄프, 종이 및 판지 제조업",156562.0,2036.0,(주)비에스아이그룹코리아,,009770
511,환경부,삼표시멘트,2022,업체,"시멘트, 석회, 플라스터 및 그 외 제품 제조업",5726965.0,34529.0,(재)한국품질재단,,038500
512,환경부,삼표자원개발주식회사,2022,사업장,토사석 광업,27321.0,499.0,(재)한국품질재단,,NULL
513,해양수산부,삼표해운주식회사,2022,업체,교통(해운),65182.0,898.0,(재)한국품질재단,,NULL
514,산업통상자원부,삼호제강주식회사,2022,사업장,철강,18902.0,378.0,(주)한국경영인증원,,NULL
515,산업통상자원부,삼화왕관(주),2022,사업장,기계,19965.0,383.0,한국표준협회,,004450
516,환경부,삼화제지(주),2022,업체,"펄프, 종이 및 판지 제조업",21587.0,714.0,한국표준협회,,NULL
517,산업통상자원부,삼화콘덴서공업(주),2022,사업장,전기전자,22845.0,476.0,한국표준협회,,001820
518,환경부,삼흥열처리,2022,사업장,기타 금속 가공제품 제조업,28931.0,596.0,(주)한국경영인증원,,NULL
519,해양수산부,상지해운(주),2022,사업장,교통(해운),19555.0,269.0,㈜디엔브이비즈니스어슈어런스코리아,,NULL
520,산업통상자원부,새론오토모티브(주),2022,사업장,자동차,20502.0,334.0,(주)한국경영인증원,,075180
521,국토교통부,새한특수(주),2022,사업장,교통(화물),16216.0,230.0,한국표준협회,,NULL
522,환경부,새한환경(주),2022,업체,폐기물,97557.0,145.0,(재)한국품질재단,,NULL
523,환경부,생고뱅이소바코리아 주식회사,2022,사업장,유리 및 유리제품 제조업,36930.0,732.0,(주)한국경영인증원,,NULL
524,환경부,서산시,2022,사업장,하수처리업,19764.0,179.0,한국표준협회,,NULL
525,농림축산식품부,서영주정(주),2022,사업장,음료제조업,29609.0,449.0,(재)한국품질재단,,NULL
526,환경부,서울교통공사,2022,업체,육상 여객 운송업,644016.0,13450.0,한국표준협회,,NULL
527,국토교통부,서울교통네트웍(주),2022,사업장,교통(여객),14142.0,267.0,(주)한국경영인증원,,NULL
528,산업통상자원부,서울냉열(주),2022,사업장,석유화학,10946.0,228.0,(주)한국경영인증원,,NULL
529,환경부,서울대학교병원,2022,사업장,병원,93144.0,1947.0,한국표준협회,,NULL
530,환경부,서울바이오시스(주),2022,사업장,반도체 제조업,66642.0,1360.0,로이드인증원㈜,,092190
531,산업통상자원부,서울반도체,2022,사업장,반도체,7845.0,160.0,로이드인증원㈜,,046890
532,환경부,서울시메트로 9호선(주),2022,사업장,육상 여객 운송업,46023.0,960.0,(주)한국경영인증원,,NULL
533,환경부,서울에너지공사,2022,업체,"증기, 냉ㆍ온수 및 공기 조절 공급업",356649.0,7368.0,한국표준협회,,NULL
534,농림축산식품부,서울우유협동조합,2022,업체,식료품 제조업,71874.0,1384.0,한국표준협회,,NULL
535,환경부,서울특별시,2022,업체,폐기물 처리업,1461116.0,13055.0,(재)한국품질재단,,NULL
536,환경부,서울특별시농수산식품공사,2022,사업장,부동산 임대 및 공급업,64068.0,1333.0,(주)한국경영인증원,,NULL
537,산업통상자원부,서진산업(주),2022,사업장,자동차,17750.0,338.0,한국표준협회,,NULL
538,환경부,서한이앤피주식회사,2022,사업장,기타 금속 가공제품 제조업,67215.0,1336.0,(주)한국경영인증원,,NULL
539,환경부,서해그린환경(주),2022,사업장,폐기물 처리업,9245.0,17.0,(재)한국품질재단,,NULL
540,산업통상자원부,선도화학(주),2022,사업장,석유화학,26829.0,560.0,한국가스안전공사,,NULL
541,환경부,선진버스(주),2022,사업장,육상 여객 운송업,16440.0,299.0,(주)한국경영인증원,,NULL
542,환경부,성남시,2022,업체,폐기물 처리업,249445.0,2396.0,㈜한국품질보증원,,NULL
543,환경부,성남시내버스(주),2022,사업장,육상 여객 운송업,26531.0,501.0,㈜한국품질보증원,,NULL
544,환경부,성림유화 주식회사,2022,업체,폐기물 처리업,233944.0,215.0,로이드인증원㈜,,NULL
545,산업통상자원부,성보공업(주),2022,사업장,철강,20395.0,396.0,한국표준협회,,NULL
546,환경부,성신씨엠 주식회사,2022,사업장,"시멘트, 석회, 플라스터 및 그 외 제품 제조업",24484.0,500.0,한국표준협회,,NULL
547,환경부,성신양회(주),2022,업체,"시멘트, 석회, 플라스터 및 그 외 제품 제조업",5113860.0,28505.0,한국표준협회,,004980
548,환경부,성안합섬(주),2022,사업장,화학섬유 제조업,68967.0,1417.0,(주)한국경영인증원,,NULL
549,산업통상자원부,성일요업주식회사,2022,사업장,요업,17747.0,336.0,한국표준협회,,NULL
550,환경부,성창보드(주),2022,사업장,나무제품 제조업,33502.0,682.0,㈜한국품질보증원,,NULL
551,환경부,성훈엔지니어링주식회사,2022,사업장,1차 비철금속 제조업,38184.0,761.0,한국가스안전공사,,NULL
552,환경부,세메스(주),2022,사업장,특수 목적용 기계 제조업,37639.0,696.0,한국표준협회,,NULL
553,환경부,세방(주),2022,사업장,도로 화물 운송업,28452.0,447.0,(주)한국경영인증원,,004360
554,환경부,세방전지(주),2022,업체,일차전지 및 축전지 제조업,128349.0,2652.0,(주)한국경영인증원,,004490
555,환경부,세종특별자치시,2022,업체,하수처리업,56304.0,612.0,(재)한국품질재단,,NULL
556,산업통상자원부,세화금속공업(주) 다산공장,2022,사업장,철강,13546.0,256.0,한국표준협회,,NULL
557,환경부,셀트리온,2022,사업장,기초 의약 물질 및 생물학적 제제 제조업,56517.0,1155.0,(주)한국경영인증원,,068270
558,환경부,셰플러코리아 유한책임회사,2022,사업장,일반 목적용 기계 제조업,86859.0,1805.0,로이드인증원㈜,,NULL
559,환경부,소신여객자동차(주),2022,사업장,육상 여객 운송업,18708.0,359.0,한국표준협회,,NULL
560,환경부,속초시,2022,사업장,지정외 폐기물처리업,19371.0,297.0,(주)한국경영인증원,,NULL
561,환경부,솔베이실리카코리아(주),2022,사업장,기초 화학물질 제조업,32779.0,720.0,대일이엔씨기술(주),,NULL
562,환경부,솔브레인에스엘디 주식회사,2022,사업장,전자 부품 제조업,46316.0,900.0,한국표준협회,,NULL
563,환경부,송원산업(주),2022,업체,기타 화학제품 제조업,137452.0,2802.0,한국표준협회,,004430
564,환경부,송학제지(주),2022,사업장,"펄프, 종이 및 판지 제조업",32402.0,387.0,(주)한국경영인증원,,NULL
565,환경부,수도권매립지관리공사,2022,업체,폐기물 처리업,1241461.0,4606.0,(재)한국품질재단,,NULL
566,환경부,수완에너지 주식회사,2022,업체,"증기, 냉ㆍ온수 및 공기 조절 공급업",178470.0,3543.0,대일이엔씨기술(주),,NULL
567,환경부,수원시,2022,업체,폐기물 처리업,191286.0,2113.0,㈜한국품질보증원,,NULL
568,국토교통부,수원애경역사 주식회사,2022,사업장,건물,15048.0,310.0,한국표준협회,,NULL
569,환경부,수원여객운수(주),2022,사업장,육상 여객 운송업,28144.0,540.0,한국표준협회,,NULL
570,국토교통부,수협노량진수산 주식회사,2022,사업장,건물,16630.0,345.0,(주)한국경영인증원,,NULL
571,환경부,순천시,2022,업체,폐기물,71876.0,490.0,(주)한국경영인증원,,NULL
572,환경부,스미토모세이카폴리머스코리아(주),2022,사업장,합성고무 및 플라스틱 물질 제조업,49629.0,1506.0,로이드인증원㈜,,NULL
573,환경부,스테코(주),2022,사업장,전자 부품 제조업,44003.0,916.0,한국표준협회,,NULL
574,환경부,스템코(주),2022,사업장,반도체 제조업,43481.0,933.0,(주)한국경영인증원,,NULL
575,환경부,스틸싸이클 주식회사,2022,사업장,1차 비철금속 제조업,75700.0,786.0,한국표준협회,,NULL
576,환경부,시그네틱스(주),2022,사업장,반도체 제조업,42881.0,889.0,(주)한국경영인증원,,033170
577,환경부,시흥시,2022,사업장,폐기물 처리업,110944.0,943.0,(재)한국품질재단,,NULL
578,환경부,신대양제지(주),2022,업체,"펄프, 종이 및 판지 제조업",213510.0,2700.0,한국표준협회,,016590
579,환경부,신대양제지반월(주),2022,사업장,"펄프, 종이 및 판지 제조업",97463.0,1238.0,한국표준협회,,NULL
580,환경부,신대일페이퍼 주식회사,2022,사업장,"펄프, 종이 및 판지 제조업",85878.0,948.0,(주)한국경영인증원,,NULL
581,환경부,신대한정유산업 주식회사,2022,사업장,폐기물 처리업,82694.0,263.0,(주)한국경영인증원,,NULL
582,국토교통부,신도림테크노마트 주식회사,2022,사업장,건물,14858.0,308.0,(주)한국경영인증원,,NULL
583,환경부,신분당선(주),2022,사업장,육상 여객 운송업,26654.0,557.0,(주)한국경영인증원,,NULL
584,환경부,신성교통(주),2022,사업장,육상 여객 운송업,17383.0,323.0,대일이엔씨기술(주),,NULL
585,국토교통부,신안종합리조트(주),2022,사업장,건물,15862.0,317.0,(주)한국경영인증원,,NULL
586,환경부,신창제지공업주식회사,2022,사업장,"펄프, 종이 및 판지 제조업",30339.0,619.0,한국표준협회,,NULL
587,환경부,신평택발전(주),2022,업체,전기업,1615139.0,32094.0,로이드인증원㈜,,NULL
588,산업통상자원부,신화인터텍(주),2022,사업장,전기전자,15153.0,309.0,로이드인증원㈜,,056700
589,산업통상자원부,쌍용기초소재(주),2022,사업장,시멘트,22336.0,410.0,한국표준협회,,NULL
590,환경부,쌍용씨앤이(주),2022,업체,"시멘트, 석회, 플라스터 및 그 외 제품 제조업",10670032.0,63534.0,한국표준협회,,003410
591,환경부,씨엔씨티에너지 주식회사,2022,사업장,"증기, 냉ㆍ온수 및 공기 조절 공급업",33845.0,679.0,로이드인증원㈜,,NULL
592,환경부,씨월드고속훼리(주),2022,사업장,해상 운송업,90381.0,1298.0,(주)한국경영인증원,,NULL
593,국토교통부,씨제이씨지브이 주식회사,2022,업체,건물,71356.0,1491.0,(주)한국경영인증원,,NULL
594,환경부,씨지앤율촌전력 주식회사,2022,업체,전기업,2325847.0,45585.0,㈜한국품질보증원,,NULL
595,환경부,아반스트레이트코리아 주식회사,2022,사업장,유리 및 유리제품 제조업,28751.0,581.0,㈜한국품질보증원,,NULL
596,산업통상자원부,아비코테크 주식회사,2022,사업장,전기전자,14745.0,305.0,(주)한국경영인증원,,NULL
597,환경부,아산시,2022,사업장,폐기물 처리업,99135.0,934.0,㈜한국품질보증원,,NULL
598,환경부,아세아시멘트 주식회사,2022,업체,"시멘트, 석회, 플라스터 및 그 외 제품 제조업",2343802.0,14488.0,한국표준협회,,183190
599,환경부,아세아제지(주),2022,업체,"펄프, 종이 및 판지 제조업",480855.0,4492.0,한국표준협회,,002310
600,환경부,아시아나항공,2022,업체,항공 여객 운송업,316892.0,4665.0,로이드인증원㈜,,020560
601,환경부,아주대학교의료원,2022,사업장,병원,29284.0,599.0,한국생산성본부인증원(주),,NULL
602,환경부,안동시,2022,업체,폐기물,14205.0,174.0,(재)한국품질재단,,NULL
603,산업통상자원부,안산도시개발(주),2022,사업장,집단에너지,49154.0,1094.0,(재)한국품질재단,,NULL
604,환경부,안산시,2022,업체,"하수, 폐수 및 분뇨 처리업",118706.0,1528.0,㈜한국품질보증원,,NULL
605,환경부,안양시,2022,사업장,"하수, 폐수 및 분뇨 처리업",97902.0,1084.0,㈜한국품질보증원,,NULL
606,환경부,애경케미칼(주),2022,업체,기초 화학물질 제조업,178597.0,1969.0,한국표준협회,,161000
607,환경부,앰코테크놀로지코리아(주),2022,업체,반도체 제조업,332380.0,6832.0,(주)비에스아이그룹코리아,,NULL
608,환경부,양산시,2022,사업장,폐기물 처리업,84191.0,729.0,㈜한국품질보증원,,NULL
609,환경부,양주시,2022,사업장,폐기물 처리업,76164.0,830.0,㈜한국품질보증원,,NULL
610,환경부,어프로티움 주식회사,2022,업체,기초 화학물질 제조업,480492.0,5385.0,(재)한국품질재단,,NULL
611,환경부,에너원(주),2022,사업장,"증기, 냉ㆍ온수 및 공기 조절 공급업",38181.0,441.0,(주)한국경영인증원,,NULL
612,산업통상자원부,에스앤티모티브 주식회사,2022,사업장,자동차,18437.0,383.0,한국표준협회,,NULL
613,산업통상자원부,에스앤티중공업 주식회사,2022,사업장,자동차,14911.0,291.0,한국표준협회,,NULL
614,산업통상자원부,에스에스엘엠 주식회사,2022,사업장,반도체,25494.0,521.0,한국표준협회,,NULL
615,환경부,에스엔에프코리아(주),2022,사업장,기타 화학제품 제조업,30844.0,765.0,(주)한국경영인증원,,NULL
616,산업통상자원부,에스엘 주식회사,2022,업체,전기전자,50877.0,1059.0,(재)한국품질재단,,005850
617,환경부,에스지씨솔루션 주식회사,2022,업체,유리 및 유리제품 제조업,165615.0,2768.0,(재)한국품질재단,,NULL
618,환경부,에스지씨에너지 주식회사,2022,업체,유리 및 유리제품 제조업,1615987.0,41266.0,㈜디엔브이비즈니스어슈어런스코리아,,NULL
619,환경부,에스케이 주식회사,2022,사업장,"컴퓨터 프로그래밍, 시스템 통합 및 관리업",109206.0,2280.0,한국표준협회,,003600
620,산업통상자원부,에스케이가스(주),2022,사업장,발전에너지,21130.0,367.0,(재)한국품질재단,,018670
621,국토교통부,에스케이네트웍스 주식회사,2022,사업장,건물,22920.0,466.0,(주)비에스아이그룹코리아,,001740
622,환경부,에스케이넥실리스 주식회사,2022,사업장,1차 비철금속 제조업,258599.0,5385.0,(주)한국경영인증원,,NULL
623,환경부,에스케이마이크로웍스 주식회사,2022,사업장,플라스틱 제품 제조업,162064.0,3332.0,한국표준협회,,NULL
624,환경부,에스케이마이크로웍스솔루션즈 주식회사,2022,사업장,플라스틱 제품 제조업,36927.0,688.0,(재)한국품질재단,,NULL
625,환경부,에스케이머티리얼즈에어플러스 주식회사,2022,업체,기초 화학물질 제조업,286208.0,5988.0,한국표준협회,,NULL
626,환경부,에스케이멀티유틸리티 주식회사,2022,업체,"증기, 냉ㆍ온수 및 공기 조절 공급업",346243.0,4693.0,(재)한국품질재단,,NULL
627,환경부,에스케이스페셜티 주식회사,2022,업체,기초 화학물질 제조업,282842.0,5867.0,한국가스안전공사,,NULL
628,환경부,에스케이실트론 주식회사,2022,업체,반도체 제조업,413408.0,8633.0,로이드인증원㈜,,NULL
629,환경부,에스케이씨 주식회사,2022,업체,플라스틱 제품 제조업,2741.0,40.0,한국표준협회,,NULL
630,환경부,에스케이아이이테크놀로지주식회사,2022,사업장,일차전지 및 축전지 제조업,96633.0,1981.0,한국표준협회,,361610
631,환경부,에스케이어드밴스드주식회사,2022,업체,기초 화학물질 제조업,491512.0,9053.0,한국표준협회,,NULL
632,환경부,에스케이에너지 주식회사,2022,업체,석유 정제품 제조업,6847471.0,76172.0,한국표준협회,,NULL
633,환경부,에스케이에코프라임 주식회사,2022,업체,기타 화학제품 제조업,37146.0,623.0,(재)한국품질재단,,NULL
634,환경부,에스케이엔무브 주식회사,2022,업체,석유 정제품 제조업,187115.0,6116.0,한국표준협회,,NULL
635,산업통상자원부,에스케이오션플랜트(주),2022,사업장,조선,23624.0,423.0,한국표준협회,"""삼강엠앤티"" 업체명 변경",100090
636,환경부,에스케이온 주식회사,2022,업체,일차전지 및 축전지 제조업,167295.0,3460.0,한국표준협회,,NULL
637,환경부,에스케이이엔에스 주식회사,2022,업체,전기업,2405156.0,47815.0,(주)한국경영인증원,,NULL
638,환경부,에스케이지오센트릭 주식회사,2022,업체,기초 화학물질 제조업,2541588.0,58979.0,한국표준협회,,NULL
639,환경부,에스케이케미칼(주),2022,업체,합성고무 및 플라스틱 물질 제조업,263601.0,4789.0,(재)한국품질재단,,285130
640,환경부,에스케이텔레콤 주식회사,2022,업체,전기 통신업,1101340.0,23007.0,㈜디엔브이비즈니스어슈어런스코리아,,017670
641,환경부,에스케이피아이씨글로벌 주식회사,2022,업체,기초 화학물질 제조업,580840.0,10131.0,한국표준협회,,NULL
642,산업통상자원부,에스케이피유코어 주식회사,2022,사업장,석유화학,24362.0,534.0,한국표준협회,"""미쓰이케미칼앤드에스케이씨폴리우레탄 주식회사"" 업체명 변경",NULL
643,환경부,에스케이하이닉스 시스템아이씨(주),2022,업체,반도체 제조업,47471.0,907.0,(주)비에스아이그룹코리아,,NULL
644,환경부,에스케이하이닉스 주식회사,2022,업체,반도체 제조업,4979251.0,98026.0,(주)비에스아이그룹코리아,,000660
645,산업통상자원부,에스티엠 주식회사,2022,사업장,전기전자,50653.0,1030.0,한국표준협회,,NULL
646,환경부,에스폼(주),2022,사업장,1차 비철금속 제조업,1.0,0.0,한국표준협회,,NULL
647,환경부,에스피엘(주),2022,사업장,기타 식품 제조업,27665.0,650.0,(주)비에스아이그룹코리아,,NULL
648,환경부,에어리퀴드코리아 주식회사,2022,업체,기초 화학물질 제조업,216377.0,2747.0,로이드인증원㈜,,NULL
649,환경부,에어부산(주),2022,업체,항공 여객 운송업,213859.0,3070.0,한국표준협회,,298690
650,환경부,에어프로덕츠코리아 주식회사,2022,업체,기초 화학물질 제조업,819256.0,16914.0,로이드인증원㈜,,NULL
651,환경부,에이에스이코리아주식회사,2022,사업장,반도체 제조업,103007.0,2131.0,(재)한국품질재단,,NULL
652,산업통상자원부,에이지씨디스플레이글라스오창주식회사,2022,사업장,유리,12564.0,262.0,㈜디엔브이비즈니스어슈어런스코리아,,NULL
653,환경부,에이지씨화인테크노한국주식회사,2022,업체,유리 및 유리제품 제조업,215500.0,4335.0,㈜디엔브이비즈니스어슈어런스코리아,,NULL
654,국토교통부,에이치디씨리조트(주),2022,사업장,건물,14321.0,290.0,한국표준협회,,NULL
655,국토교통부,에이치디씨아이파크몰 주식회사,2022,사업장,건물,19213.0,396.0,(재)한국화학융합시험연구원,,NULL
656,산업통상자원부,에이치디씨현대이피 주식회사,2022,사업장,석유화학,24224.0,446.0,한국표준협회,,NULL
657,환경부,에이치디현대에너지솔루션(주),2022,사업장,반도체 제조업,38240.0,754.0,(주)한국경영인증원,,NULL
658,환경부,에이치디현대오씨아이 주식회사,2022,업체,기초 화학물질 제조업,377163.0,4324.0,(재)한국품질재단,,NULL
659,환경부,에이치디현대일렉트릭(주),2022,사업장,"전동기, 발전기 및 전기 변환ㆍ공급ㆍ제어 장치 제조업",33163.0,681.0,㈜디엔브이비즈니스어슈어런스코리아,,NULL
660,환경부,에이치디현대중공업 주식회사,2022,업체,선박 및 보트 건조업,549552.0,9648.0,한국표준협회,,NULL
661,환경부,에이치디현대케미칼주식회사,2022,업체,기초 화학물질 제조업,2818858.0,51696.0,(재)한국품질재단,,NULL
662,환경부,에이치에스지성동조선 주식회사,2022,사업장,선박 및 보트 건조업,30425.0,552.0,한국표준협회,,NULL
663,환경부,에이치엘만도 주식회사,2022,사업장,자동차 신품 부품 제조업,71647.0,1498.0,(주)비에스아이그룹코리아,,NULL
664,환경부,에코비트에너지정세,2022,업체,폐기물,64937.0,390.0,㈜한국품질보증원,,NULL
665,산업통상자원부,에코플라스틱(주),2022,사업장,자동차,17710.0,366.0,(재)한국품질재단,,038110
666,환경부,엘앤에프,2022,사업장,전자 부품 제조업,122213.0,2466.0,(재)한국품질재단,,066970
667,산업통상자원부,엘에스메탈 주식회사,2022,사업장,비철금속,21201.0,440.0,(주)한국경영인증원,,NULL
668,환경부,엘에스엠앤엠 주식회사,2022,업체,1차 비철금속 제조업,531316.0,8796.0,한국표준협회,,NULL
669,산업통상자원부,엘에스일렉트릭(주),2022,사업장,전기전자,20547.0,426.0,(주)한국경영인증원,,010120
670,환경부,엘에스전선 주식회사,2022,업체,절연선 및 케이블 제조업,126724.0,2544.0,㈜한국품질보증원,,NULL
671,환경부,엘지디스플레이(주),2022,업체,전자 부품 제조업,3840039.0,59908.0,(재)한국품질재단,,034220
672,환경부,엘지유플러스(주),2022,업체,전기 통신업,1453477.0,30380.0,한국표준협회,,032640
673,환경부,엘지이노텍 주식회사,2022,업체,전자 부품 제조업,359716.0,8301.0,(주)비에스아이그룹코리아,,011070
674,환경부,엘지전자 주식회사,2022,업체,반도체 제조업,266222.0,5578.0,㈜디엔브이비즈니스어슈어런스코리아,,066570
675,환경부,엠이엠씨코리아주식회사,2022,사업장,반도체 제조업,116316.0,2447.0,(주)신화엔지니어링종합건축사사무소,,NULL
676,환경부,여수시,2022,업체,지정외 폐기물처리업 등,75097.0,774.0,지속가능인증원주식회사,,NULL
677,환경부,여천엔씨씨 주식회사,2022,업체,기초 화학물질 제조업,3846303.0,74325.0,(재)한국품질재단,,NULL
678,환경부,연천군,2022,사업장,폐기물,22420.0,34.0,(재)한국품질재단,,NULL
679,산업통상자원부,영보화학(주),2022,사업장,석유화학,13159.0,251.0,(주)한국경영인증원,,014440
680,환경부,영주시,2022,사업장,폐기물,27263.0,6.0,(재)한국품질재단,,NULL
681,국토교통부,영특수츄레라(주),2022,사업장,교통(화물),12190.0,173.0,대일이엔씨기술(주),,NULL
682,환경부,영풍전자(주),2022,사업장,전자 부품 제조업,95206.0,1912.0,(주)한국경영인증원,,NULL
683,환경부,영풍제지(주),2022,사업장,"펄프, 종이 및 판지 제조업",104904.0,1472.0,한국표준협회,,NULL
684,환경부,영화금속(주),2022,사업장,금속 주조업,91372.0,1334.0,한국표준협회,,012280
685,환경부,오뚜기라면 주식회사,2022,업체,기타 식품 제조업,42413.0,854.0,(주)비에스아이그룹코리아,,NULL
686,환경부,오라이온코리아 주식회사,2022,업체,기초 화학물질 제조업,391911.0,863.0,㈜디엔브이비즈니스어슈어런스코리아,,NULL
687,환경부,오비맥주(주),2022,사업장,알코올 음료 제조업,95777.0,2008.0,(주)한국경영인증원,,NULL
688,환경부,오산시,2022,사업장,하수처리업,20564.0,298.0,㈜한국품질보증원,,NULL
689,산업통상자원부,오성연료전지 주식회사,2022,사업장,발전에너지,32647.0,0.0,한국표준협회,,NULL
690,환경부,오씨아이 주식회사,2022,업체,기초 화학물질 제조업,1211015.0,18577.0,㈜디엔브이비즈니스어슈어런스코리아,,NULL
691,농림축산식품부,오케이에프음료(주),2022,사업장,음료제조업,18391.0,352.0,한국표준협회,,NULL
692,환경부,온세미컨덕터코리아(주),2022,업체,반도체 제조업,172314.0,2395.0,(주)비에스아이그룹코리아,,NULL
693,환경부,와이케이스틸(주),2022,업체,1차 철강 제조업,292505.0,5283.0,한국표준협회,,NULL
694,환경부,용남고속(주),2022,사업장,육상 여객 운송업,24092.0,418.0,(주)한국경영인증원,,NULL
695,환경부,용산화학(주),2022,사업장,기초 화학물질 제조업,118004.0,1004.0,한국가스안전공사,,NULL
696,환경부,용인시,2022,업체,폐기물 처리업,187298.0,2098.0,㈜한국품질보증원,,NULL
697,산업통상자원부,우지막코리아(주),2022,사업장,요업,8332.0,169.0,한국표준협회,,NULL
698,환경부,우진환경개발(주),2022,사업장,폐기물 처리업,50988.0,774.0,㈜한국품질보증원,,NULL
699,환경부,울산과학기술원,2022,사업장,고등 교육기관,33509.0,756.0,한국표준협회,,NULL
700,환경부,울산광역시,2022,업체,폐기물 처리업,310564.0,3024.0,㈜한국품질보증원,,NULL
701,환경부,울산아로마틱스(주),2022,업체,기초 화학물질 제조업,382972.0,9113.0,㈜디엔브이비즈니스어슈어런스코리아,,NULL
702,환경부,울산알루미늄 주식회사,2022,업체,1차 비철금속 제조업,158943.0,3227.0,(주)한국경영인증원,,NULL
703,산업통상자원부,울산피피주식회사,2022,사업장,석유화학,40843.0,1028.0,(주)한국경영인증원,,NULL
704,환경부,원주시,2022,사업장,"하수, 폐수 및 분뇨 처리업",58648.0,736.0,(재)한국화학융합시험연구원,,NULL
705,환경부,위드인천에너지(주),2022,업체,"증기, 냉ㆍ온수 및 공기 조절 공급업",34301.0,720.0,(재)한국품질재단,,NULL
706,환경부,유니온머티리얼(주),2022,사업장,"내화, 비내화 요업제품 제조업",43244.0,878.0,(재)한국품질재단,,047400
707,환경부,유니투스 주식회사,2022,업체,자동차 신품 부품 제조업,70998.0,1473.0,(재)한국품질재단,,NULL
708,산업통상자원부,유성기업(주),2022,사업장,자동차,14955.0,307.0,(주)비에스아이그룹코리아,,002920
709,환경부,유한킴벌리 주식회사,2022,업체,"펄프, 종이 및 판지 제조업",192694.0,3950.0,(재)한국품질재단,,NULL
710,환경부,유한회사 스태츠칩팩코리아,2022,사업장,반도체 제조업,84746.0,1763.0,(주)신화엔지니어링종합건축사사무소,,NULL
711,산업통상자원부,유한회사 클라리오스델코,2022,사업장,전기전자,46136.0,956.0,(주)한국경영인증원,,NULL
712,환경부,율촌화학(주),2022,사업장,플라스틱 제품 제조업,92917.0,1715.0,한국가스안전공사,,008730
713,국토교통부,의료법인 길 의료재단,2022,사업장,건물,22666.0,464.0,(재)한국화학융합시험연구원,,NULL
714,환경부,의정부시,2022,사업장,"하수, 폐수 및 분뇨 처리업",76296.0,755.0,㈜한국품질보증원,,NULL
715,산업통상자원부,이건에너지(주),2022,사업장,산업단지,16604.0,2651.0,㈜한국품질보증원,,NULL
716,환경부,이구산업(주),2022,사업장,1차 비철금속 제조업,32986.0,685.0,한국생산성본부인증원(주),,025820
717,환경부,이누스 주식회사,2022,사업장,"내화, 비내화 요업제품 제조업",61498.0,1111.0,한국표준협회,,NULL
718,환경부,이도에코오산(주),2022,업체,폐기물,53081.0,33.0,(재)한국품질재단,,NULL
719,환경부,이도에코전주(주),2022,사업장,폐기물,45711.0,28.0,㈜한국품질보증원,,NULL
720,산업통상자원부,이래에이엠에스 주식회사,2022,사업장,자동차,25755.0,532.0,㈜한국품질보증원,,NULL
721,환경부,이스트만화이버코리아 주식회사,2022,사업장,화학섬유 제조업,53485.0,864.0,(주)한국경영인증원,,NULL
722,환경부,이천시,2022,사업장,폐기물 처리업,108878.0,623.0,㈜한국품질보증원,,NULL
723,환경부,익산시,2022,사업장,폐기물 처리업,81201.0,603.0,㈜한국품질보증원,,NULL
724,환경부,인그리디언코리아 유한회사,2022,업체,"곡물 가공품, 전분 및 전분제품 제조업",134787.0,2624.0,(재)한국품질재단,,NULL
725,환경부,인제군,2022,사업장,폐기물,20864.0,29.0,(주)한국경영인증원,,NULL
726,환경부,인천공항에너지,2022,업체,"증기, 냉ㆍ온수 및 공기 조절 공급업",231023.0,4581.0,㈜한국품질보증원,,NULL
727,환경부,인천광역시,2022,업체,폐기물 처리업,419315.0,4842.0,(재)한국품질재단,,NULL
728,환경부,인천교통공사,2022,사업장,육상 여객 운송업,114129.0,2360.0,한국표준협회,,NULL
729,환경부,인천국제공항공사,2022,업체,기타 운송관련 서비스업,219208.0,4286.0,한국표준협회,,NULL
730,환경부,인천종합에너지(주),2022,업체,"증기, 냉ㆍ온수 및 공기 조절 공급업",373824.0,7496.0,㈜디엔브이비즈니스어슈어런스코리아,,NULL
731,환경부,인터지스(주),2022,사업장,도로 화물 운송업,35033.0,524.0,(주)한국경영인증원,,129260
732,산업통상자원부,인프라에어홀딩스 주식회사,2022,업체,석유화학,210397.0,4395.0,한국표준협회,,NULL
733,농림축산식품부,일산실업(주) 칠서에탄올공장,2022,사업장,음료제조업,8282.0,399.0,한국표준협회,,NULL
734,해양수산부,일신로지스틱스주식회사,2022,사업장,교통(해운),15057.0,224.0,㈜디엔브이비즈니스어슈어런스코리아,,NULL
735,환경부,일신방직(주),2022,사업장,방적 및 가공사 제조업,52688.0,1098.0,한국표준협회,,003200
736,환경부,일진디스플레이(주),2022,사업장,전자 부품 제조업,14643.0,305.0,한국표준협회,,NULL
737,환경부,일진제강(주),2022,사업장,1차 철강 제조업,54532.0,1107.0,한국표준협회,,NULL
738,환경부,재단법인 대구경북과학기술원,2022,사업장,고등 교육기관,29435.0,608.0,한국표준협회,,NULL
739,환경부,재단법인 아산사회복지재단,2022,사업장,병원,98871.0,2022.0,한국표준협회,,NULL
740,환경부,재원산업,2022,사업장,기초 화학물질 제조업,33693.0,775.0,(재)한국품질재단,,NULL
741,환경부,전기초자코리아(주),2022,업체,유리 및 유리제품 제조업,133667.0,2705.0,한국표준협회,,NULL
742,환경부,전남대학교,2022,사업장,고등 교육기관,37185.0,757.0,한국표준협회,,NULL
743,산업통상자원부,전방(주),2022,업체,섬유,40056.0,843.0,(주)한국경영인증원,,000950
744,환경부,전북대학교,2022,사업장,고등 교육기관,35240.0,740.0,(주)한국경영인증원,,NULL
745,국토교통부,전북대학교병원,2022,사업장,건물,22886.0,467.0,(재)한국화학융합시험연구원,,NULL
746,환경부,전북집단에너지 주식회사,2022,업체,"증기, 냉ㆍ온수 및 공기 조절 공급업",185013.0,2233.0,한국표준협회,,NULL
747,환경부,전주시,2022,업체,폐기물 처리업,182491.0,1179.0,㈜한국품질보증원,,NULL
748,국토교통부,전차연물류(주),2022,사업장,교통(화물),19923.0,283.0,㈜한국품질보증원,,NULL
749,환경부,제이비 주식회사,2022,사업장,"증기, 냉ㆍ온수 및 공기 조절 공급업",25169.0,507.0,(재)한국품질재단,,NULL
750,환경부,제이셋스태츠칩팩코리아(유),2022,사업장,반도체 제조업,76783.0,1598.0,(주)신화엔지니어링종합건축사사무소,,NULL
751,환경부,제주특별자치도,2022,업체,폐기물 처리업,396808.0,3581.0,한국표준협회,,NULL
752,환경부,제주특별자치도개발공사,2022,사업장,비알코올 음료 및 얼음 제조업,33905.0,695.0,한국표준협회,,NULL
753,환경부,제주항공(주),2022,업체,항공 여객 운송업,300011.0,4302.0,(재)한국화학융합시험연구원,,089590
754,환경부,제천시,2022,사업장,"하수, 폐수 및 분뇨 처리업",46170.0,292.0,한국표준협회,,NULL
755,산업통상자원부,조선내화(주),2022,사업장,요업,21341.0,405.0,(재)한국품질재단,,462520
756,국토교통부,조선대학교,2022,사업장,건물,14901.0,305.0,한국생산성본부인증원(주),,NULL
757,환경부,조일알미늄 주식회사,2022,사업장,1차 비철금속 제조업,85910.0,1739.0,(재)한국품질재단,,018470
758,산업통상자원부,주성엔지니어링(주),2022,사업장,기계,3936.0,82.0,(재)한국품질재단,,036930
759,국토교통부,주식회사 경방,2022,사업장,건물,18215.0,376.0,(재)한국품질재단,,000050
760,환경부,주식회사 고려시멘트,2022,업체,"시멘트, 석회, 플라스터 및 그 외 제품 제조업",584752.0,3741.0,한국표준협회,,003660
761,환경부,주식회사 고려제지,2022,업체,"펄프, 종이 및 판지 제조업",134131.0,2736.0,(주)한국경영인증원,,NULL
762,국토교통부,주식회사 국민은행,2022,업체,건물,95969.0,1981.0,한국표준협회,,031150
763,국토교통부,주식회사 남성버스,2022,사업장,교통(여객),16845.0,316.0,(주)한국경영인증원,,NULL
764,산업통상자원부,주식회사 녹수,2022,사업장,석유화학,29946.0,602.0,한국표준협회,,NULL
765,환경부,주식회사 농심,2022,업체,기타 식품 제조업,180380.0,3612.0,한국표준협회,,004370
766,환경부,주식회사 뉴그린,2022,업체,폐기물 처리업,101655.0,152.0,(주)한국경영인증원,,NULL
767,환경부,주식회사 대륜발전,2022,업체,"증기, 냉ㆍ온수 및 공기 조절 공급업",922014.0,22263.0,한국표준협회,,NULL
768,환경부,주식회사 대유글로벌,2022,사업장,자동차 신품 부품 제조업,31503.0,645.0,(재)한국품질재단,,NULL
769,환경부,주식회사 대창,2022,사업장,1차 비철금속 제조업,37500.0,771.0,한국가스안전공사,,012800
770,환경부,주식회사 대한세라믹스,2022,사업장,"내화, 비내화 요업제품 제조업",44334.0,824.0,(주)한국경영인증원,,NULL
771,환경부,주식회사 대호에이엘,2022,사업장,1차 비철금속 제조업,27654.0,559.0,(주)한국경영인증원,,069460
772,환경부,주식회사 더블유티씨서울,2022,사업장,부동산 임대 및 공급업,56207.0,1160.0,(주)한국경영인증원,,NULL
773,환경부,주식회사 덕양에너젠,2022,업체,기초 화학물질 제조업,30525.0,633.0,지속가능인증원주식회사,,0001A0
774,환경부,주식회사 동성케미컬,2022,사업장,기초 화학물질 제조업,40162.0,760.0,한국생산성본부인증원(주),,102260
775,산업통상자원부,주식회사 동아,2022,사업장,기계,20337.0,421.0,한국표준협회,,NULL
776,환경부,주식회사 디비메탈,2022,업체,1차 철강 제조업,777281.0,8670.0,(재)한국품질재단,,NULL
777,환경부,주식회사 디비하이텍,2022,업체,반도체 제조업,286088.0,3875.0,(주)비에스아이그룹코리아,,NULL
778,국토교통부,주식회사 디앤오,2022,사업장,건물,16508.0,337.0,(재)한국품질재단,"""(주)에스앤아이코퍼레이션"" 업체명 변경",NULL
779,산업통상자원부,주식회사 디엔 오토모티브,2022,사업장,전기전자,24408.0,505.0,한국표준협회,"""주식회사 디티알 오토모티브"" 업체명 변경",NULL
780,산업통상자원부,주식회사 메타즈,2022,사업장,기계,14048.0,289.0,㈜한국품질보증원,,NULL
781,환경부,주식회사 명성,2022,사업장,육상 여객 운송업,21042.0,355.0,(주)한국경영인증원,,NULL
782,환경부,주식회사 명성환경,2022,사업장,폐기물 처리업,17.0,300.0,(주)한국경영인증원,,NULL
783,산업통상자원부,주식회사 명신 군산공장,2022,업체,자동차,9718.0,202.0,(주)한국경영인증원,,NULL
784,국토교통부,주식회사 무주덕유산리조트,2022,사업장,건물,16791.0,309.0,(주)한국경영인증원,,NULL
785,국토교통부,주식회사 문화방송,2022,사업장,건물,16732.0,363.0,(주)한국경영인증원,,NULL
786,환경부,주식회사 범우,2022,사업장,폐기물 처리업,78882.0,190.0,한국표준협회,,NULL
787,환경부,주식회사 베어링아트,2022,사업장,자동차 신품 부품 제조업,60174.0,1246.0,한국표준협회,,NULL
788,환경부,주식회사 삼기,2022,사업장,자동차 신품 부품 제조업,56857.0,1085.0,(주)한국경영인증원,,122350
789,환경부,주식회사 삼보광업,2022,업체,"시멘트, 석회, 플라스터 및 그 외 제품 제조업",163277.0,393.0,한국생산성본부인증원(주),,NULL
790,환경부,주식회사 삼양사,2022,업체,"곡물 가공품, 전분 및 전분제품 제조업",270112.0,6307.0,한국표준협회,,145990
791,환경부,주식회사 삼양패키징,2022,업체,플라스틱 제품 제조업,145034.0,2998.0,한국표준협회,,272550
792,국토교통부,주식회사 서부티엔디,2022,사업장,건물,17904.0,368.0,(주)한국경영인증원,,NULL
793,환경부,주식회사 세아베스틸,2022,업체,1차 철강 제조업,1237482.0,19354.0,한국표준협회,,NULL
794,환경부,주식회사 세아베스틸지주,2022,업체,1차 철강 제조업,472.0,9.0,한국표준협회,,001430
795,환경부,주식회사 세아창원특수강,2022,업체,1차 철강 제조업,496863.0,9070.0,한국표준협회,,NULL
796,환경부,주식회사 세진메탈,2022,사업장,1차 비철금속 제조업,40324.0,652.0,(주)한국경영인증원,,NULL
797,환경부,주식회사 소노인터내셔널,2022,사업장,일반 및 생활 숙박시설 운영업,141739.0,2951.0,(주)한국경영인증원,,NULL
798,환경부,주식회사 수석,2022,사업장,유리 및 유리제품 제조업,43981.0,749.0,(주)한국경영인증원,,NULL
799,환경부,주식회사 스타필드고양,2022,사업장,부동산 임대 및 공급업,27865.0,627.0,㈜한국품질보증원,,NULL
800,환경부,주식회사 스타필드하남,2022,사업장,부동산 임대 및 공급업,26720.0,557.0,㈜한국품질보증원,,NULL
801,국토교통부,주식회사 신한은행,2022,업체,건물,73672.0,1502.0,㈜디엔브이비즈니스어슈어런스코리아,,000010
802,환경부,주식회사 심텍,2022,사업장,전자 부품 제조업,101502.0,2042.0,㈜디엔브이비즈니스어슈어런스코리아,,222800
803,환경부,주식회사 심팩인더스트리,2022,업체,1차 철강 제조업,141389.0,2697.0,(재)한국품질재단,,005350
804,산업통상자원부,주식회사 아이유제지,2022,사업장,제지,20456.0,320.0,(주)한국경영인증원,,NULL
805,환경부,주식회사 알테크노메탈,2022,사업장,금속 주조업,50914.0,844.0,(주)한국경영인증원,,NULL
806,산업통상자원부,주식회사 알트론김제,2022,사업장,자동차,14798.0,286.0,지속가능인증원주식회사,,NULL
807,환경부,주식회사 알트론전주,2022,사업장,자동차 신품 부품 제조업,27995.0,539.0,지속가능인증원주식회사,,NULL
808,환경부,주식회사 에너지네트웍,2022,업체,폐기물 처리업,180684.0,377.0,(주)한국경영인증원,,NULL
809,환경부,주식회사 에스알,2022,업체,철도 운송업,161639.0,3380.0,(주)비에스아이그룹코리아,,NULL
810,환경부,주식회사 에스에프에이반도체,2022,사업장,반도체 제조업,35701.0,727.0,(주)신화엔지니어링종합건축사사무소,,NULL
811,환경부,주식회사 에스엔엔씨,2022,업체,1차 비철금속 제조업,1333889.0,14985.0,(재)한국품질재단,,NULL
812,환경부,주식회사 에스피씨삼립,2022,사업장,기타 식품 제조업,92761.0,1887.0,(주)비에스아이그룹코리아,,NULL
813,환경부,주식회사 에스피에스엔에이,2022,사업장,"시멘트, 석회, 플라스터 및 그 외 제품 제조업",44762.0,916.0,(재)한국품질재단,,NULL
814,환경부,주식회사 에쓰큐씨,2022,업체,"시멘트, 석회, 플라스터 및 그 외 제품 제조업",115828.0,564.0,(주)신화엔지니어링종합건축사사무소,,NULL
815,환경부,주식회사 에어퍼스트,2022,업체,기초 화학물질 제조업,589769.0,12128.0,한국가스안전공사,,NULL
816,산업통상자원부,주식회사 에이팩트,2022,사업장,전기전자,36391.0,758.0,한국표준협회,,200470
817,산업통상자원부,주식회사 에이프로젠바이오로직스,2022,사업장,석유화학,25825.0,531.0,로이드인증원㈜,,003060
818,환경부,주식회사 에코비트에너지명성,2022,업체,폐기물 처리업,41694.0,50.0,(주)한국경영인증원,,NULL
819,환경부,주식회사 에코비트에너지울산,2022,사업장,"증기, 냉ㆍ온수 및 공기 조절 공급업",85004.0,1012.0,한국표준협회,,NULL
820,산업통상자원부,주식회사 엘비루셈,2022,사업장,반도체,20918.0,435.0,(재)한국품질재단,,376190
821,환경부,주식회사 엘엑스하우시스,2022,업체,플라스틱 제품 제조업,118534.0,2286.0,㈜디엔브이비즈니스어슈어런스코리아,,NULL
822,환경부,주식회사 엘지에너지솔루션,2022,업체,일차전지 및 축전지 제조업,358471.0,7680.0,(재)한국품질재단,,373220
823,환경부,주식회사 엘지화학,2022,업체,기초 화학물질 제조업,8616934.0,167137.0,(재)한국품질재단,,051910
824,환경부,주식회사 영풍,2022,업체,1차 비철금속 제조업,1072320.0,18799.0,(재)한국품질재단,,000670
825,환경부,주식회사 영흥산업환경,2022,사업장,폐기물 처리업,51255.0,278.0,㈜한국품질보증원,,NULL
826,국토교통부,주식회사 우리은행,2022,업체,건물,71094.0,1476.0,㈜디엔브이비즈니스어슈어런스코리아,,000030
827,산업통상자원부,주식회사 윈팩,2022,사업장,반도체,29814.0,619.0,한국표준협회,,097800
828,환경부,주식회사 유니드,2022,업체,기초 화학물질 제조업,307436.0,7580.0,로이드인증원㈜,,014830
829,환경부,주식회사 유니드비티플러스,2022,업체,나무제품 제조업,54956.0,2277.0,로이드인증원㈜,,446070
830,환경부,주식회사 유니큰,2022,업체,폐기물 처리업,91552.0,603.0,지속가능인증원주식회사,,NULL
831,환경부,주식회사 이랜드리테일,2022,업체,종합 소매업,161993.0,3386.0,한국표준협회,,NULL
832,환경부,주식회사 이엠케이승경,2022,사업장,폐기물 처리업,52772.0,238.0,(주)한국경영인증원,,NULL
833,환경부,주식회사 전주원파워,2022,사업장,전기업,46002.0,5786.0,한국표준협회,,NULL
834,환경부,주식회사 전주페이퍼,2022,업체,"펄프, 종이 및 판지 제조업",532782.0,10141.0,한국표준협회,,NULL
835,환경부,주식회사 정선라임,2022,사업장,"시멘트, 석회, 플라스터 및 그 외 제품 제조업",82241.0,278.0,한국표준협회,,NULL
836,환경부,주식회사 지알엠,2022,사업장,1차 비철금속 제조업,81022.0,940.0,한국표준협회,,NULL
837,환경부,주식회사 지에스이앤알,2022,업체,"증기, 냉ㆍ온수 및 공기 조절 공급업",2070867.0,23897.0,(재)한국품질재단,,NULL
838,산업통상자원부,주식회사 지에스포천그린에너지,2022,업체,산업단지,1118521.0,13472.0,㈜디엔브이비즈니스어슈어런스코리아,,NULL
839,환경부,주식회사 진로발효,2022,사업장,알코올 음료 제조업,28835.0,712.0,(재)한국품질재단,,018120
840,환경부,주식회사 진에어,2022,업체,항공 여객 운송업,288882.0,4138.0,한국표준협회,,272450
841,환경부,주식회사 카프로,2022,업체,기초 화학물질 제조업,576554.0,4931.0,(재)한국품질재단,,006380
842,환경부,주식회사 케이씨씨글라스,2022,업체,유리 및 유리제품 제조업,730232.0,9499.0,(재)한국품질재단,,344820
843,환경부,주식회사 케이씨씨실리콘,2022,업체,기초 화학물질 제조업,117194.0,1882.0,(재)한국품질재단,,NULL
844,환경부,주식회사 케이티,2022,업체,전기 통신업,1108634.0,22938.0,㈜한국품질보증원,,030200
845,환경부,주식회사 케이티클라우드,2022,업체,"자료 처리, 호스팅, 포털 및 기타 인터넷 정보 매개 서비스업",307705.0,6426.0,㈜한국품질보증원,,NULL
846,환경부,주식회사 케이피에프,2022,사업장,기타 금속 가공제품 제조업,50539.0,1044.0,한국표준협회,,024880
847,산업통상자원부,주식회사 켐트로닉스,2022,사업장,디스플레이,17100.0,356.0,한국표준협회,,089010
848,환경부,주식회사 코리아에어텍,2022,사업장,기초 화학물질 제조업,54187.0,1131.0,한국가스안전공사,,NULL
849,환경부,주식회사 코엔텍,2022,업체,폐기물 처리업,311988.0,465.0,한국표준협회,,029960
850,환경부,주식회사 키파운드리,2022,업체,반도체 제조업,373135.0,3625.0,(주)비에스아이그룹코리아,,NULL
851,환경부,주식회사 태경비케이,2022,업체,"시멘트, 석회, 플라스터 및 그 외 제품 제조업",557638.0,2313.0,(주)한국경영인증원,,014580
852,환경부,주식회사 태영이엠씨,2022,업체,"시멘트, 석회, 플라스터 및 그 외 제품 제조업",139094.0,785.0,한국표준협회,,NULL
853,환경부,주식회사 티웨이항공,2022,업체,항공 여객 운송업,240558.0,3451.0,(재)한국화학융합시험연구원,,091810
854,환경부,주식회사 파라다이스세가사미,2022,사업장,일반 및 생활 숙박시설 운영업,32941.0,683.0,한국표준협회,,NULL
855,환경부,주식회사 팜한농,2022,업체,"비료, 농약 및 살균ㆍ살충제 제조업",90116.0,1384.0,한국표준협회,,NULL
856,산업통상자원부,주식회사 페트로코너지,2022,사업장,발전에너지,21146.0,1.0,(재)한국품질재단,,NULL
857,환경부,주식회사 포스코,2022,업체,1차 철강 제조업,70185587.0,358503.0,(재)한국품질재단,,NULL
858,환경부,주식회사 포스코모빌리티솔루션,2022,사업장,1차 철강 제조업,62957.0,1289.0,㈜디엔브이비즈니스어슈어런스코리아,,NULL
859,환경부,주식회사 포스코엠씨머티리얼즈,2022,사업장,기초 화학물질 제조업,101099.0,1361.0,(재)한국품질재단,,NULL
860,환경부,주식회사 포스코인터내셔널,2022,사업장,전기업,4189818.0,83222.0,(재)한국품질재단,,047050
861,환경부,주식회사 포스코퓨처엠,2022,업체,"시멘트, 석회, 플라스터 및 그 외 제품 제조업",2228899.0,15868.0,(재)한국품질재단,,003670
862,산업통상자원부,주식회사 포트로닉스천안,2022,사업장,전기전자,15644.0,321.0,(주)한국경영인증원,,NULL
863,환경부,주식회사 풍산,2022,업체,1차 비철금속 제조업,228003.0,4689.0,한국표준협회,,103140
864,산업통상자원부,주식회사 피에스엠,2022,사업장,기계,23743.0,446.0,로이드인증원㈜,,NULL
865,환경부,주식회사 피엔알,2022,업체,"해체, 선별 및 원료 재생업",138891.0,1688.0,(재)한국품질재단,,NULL
866,국토교통부,주식회사 하나은행,2022,업체,건물,62313.0,1282.0,한국표준협회,,002860
867,환경부,주식회사 한국알스트롬뭉쇼,2022,사업장,"펄프, 종이 및 판지 제조업",46594.0,621.0,(재)한국품질재단,,NULL
868,환경부,주식회사 한화방산,2022,업체,무기 및 총포탄 제조업,50715.0,951.0,㈜디엔브이비즈니스어슈어런스코리아,,NULL
869,환경부,주식회사 호텔롯데,2022,업체,일반 및 생활 숙박시설 운영업,156308.0,3201.0,(주)한국경영인증원,,NULL
870,국토교통부,주식회사 호텔신라,2022,사업장,건물,20631.0,421.0,한국표준협회,,008770
871,환경부,주식회사 효성,2022,사업장,기타 섬유제품 제조업,31850.0,654.0,㈜디엔브이비즈니스어슈어런스코리아,,004800
872,환경부,주식회사 후성,2022,업체,기초 화학물질 제조업,221064.0,953.0,한국가스안전공사,,093370
873,환경부,주식회사 휴스틸,2022,사업장,1차 철강 제조업,30943.0,637.0,(주)신화엔지니어링종합건축사사무소,,005010
874,국토교통부,주식회사경기상운,2022,사업장,교통(여객),15722.0,272.0,(주)한국경영인증원,,NULL
875,환경부,주식회사금강고속,2022,사업장,육상 여객 운송업,22309.0,322.0,한국표준협회,,NULL
876,국토교통부,주식회사한양고속,2022,사업장,교통(여객),11127.0,158.0,㈜한국품질보증원,,NULL
877,국토교통부,중소기업은행,2022,업체,건물,55537.0,1144.0,한국표준협회,,NULL
878,산업통상자원부,지에스에코메탈 주식회사,2022,사업장,비철금속,19988.0,251.0,대일이엔씨기술(주),,NULL
879,환경부,지에스이피에스,2022,업체,전기업,3138025.0,65946.0,한국표준협회,,NULL
880,환경부,지에스칼텍스 주식회사,2022,업체,석유 정제품 제조업,8870672.0,126292.0,(재)한국품질재단,,NULL
881,국토교통부,지엠테크니컬센터코리아 주식회사,2022,사업장,건물,18130.0,372.0,한국표준협회,,NULL
882,환경부,진양특수강(주),2022,사업장,1차 철강 제조업,32482.0,650.0,한국표준협회,,NULL
883,환경부,진영페이퍼 주식회사,2022,사업장,"펄프, 종이 및 판지 제조업",89952.0,883.0,(주)한국경영인증원,,NULL
884,환경부,진주시,2022,사업장,폐기물 처리업,67874.0,639.0,지속가능인증원주식회사,,NULL
885,환경부,진천군,2022,사업장,지정외 폐기물처리업,20928.0,165.0,한국표준협회,,NULL
886,환경부,창원시,2022,업체,폐기물 처리업,248144.0,2528.0,㈜한국품질보증원,,NULL
887,환경부,천안시,2022,업체,폐기물 처리업,152267.0,1454.0,㈜한국품질보증원,,NULL
888,환경부,천일정기화물자동차(주),2022,사업장,도로 화물 운송업,21650.0,313.0,한국표준협회,,NULL
889,환경부,천일제지(주),2022,사업장,"펄프, 종이 및 판지 제조업",53196.0,1064.0,(주)한국경영인증원,,NULL
890,환경부,청주시,2022,업체,폐기물 처리업,229092.0,1819.0,(재)한국화학융합시험연구원,,NULL
891,환경부,초당환경(유),2022,사업장,폐기물 처리업,25126.0,71.0,(재)한국품질재단,,NULL
892,환경부,춘천시,2022,업체,폐기물 처리업,131792.0,703.0,(재)한국화학융합시험연구원,,NULL
893,환경부,춘천에너지 주식회사,2022,업체,"증기, 냉ㆍ온수 및 공기 조절 공급업",892205.0,17845.0,한국표준협회,,NULL
894,환경부,충남대학교,2022,사업장,고등 교육기관,29643.0,609.0,로이드인증원㈜,,NULL
895,국토교통부,충남대학교병원,2022,사업장,건물,21784.0,450.0,한국표준협회,,NULL
896,국토교통부,충북대학교,2022,사업장,건물,20392.0,398.0,한국표준협회,,NULL
897,환경부,충주시,2022,사업장,폐기물 처리업,76888.0,759.0,(재)한국품질재단,,NULL
898,환경부,충청환경에너지(주),2022,사업장,폐기물,76335.0,149.0,(재)한국품질재단,,NULL
899,산업통상자원부,컬러스앤이펙츠코리아(주),2022,사업장,석유화학,17537.0,551.0,(재)한국품질재단,,NULL
900,환경부,케이씨글라스(주),2022,사업장,유리 및 유리제품 제조업,32927.0,525.0,(주)신화엔지니어링종합건축사사무소,,NULL
901,환경부,케이씨씨,2022,업체,"시멘트, 석회, 플라스터 및 그 외 제품 제조업",603499.0,11223.0,(재)한국품질재단,,002380
902,환경부,케이씨주식회사,2022,업체,기초 화학물질 제조업,182989.0,2536.0,한국표준협회,,029460
903,환경부,케이씨환경서비스 주식회사,2022,업체,폐기물 처리업,252847.0,1605.0,(재)한국품질재단,,NULL
904,환경부,케이알에너지(주),2022,사업장,"증기, 냉ㆍ온수 및 공기 조절 공급업",43019.0,459.0,한국표준협회,,NULL
905,환경부,케이알코폴리머 유한회사,2022,사업장,합성고무 및 플라스틱 물질 제조업,28631.0,398.0,(주)한국경영인증원,,NULL
906,산업통상자원부,케이에이에프 주식회사,2022,사업장,섬유,19638.0,355.0,한국표준협회,,NULL
907,환경부,케이엠씨해운 주식회사,2022,사업장,해상 운송업,42516.0,589.0,㈜디엔브이비즈니스어슈어런스코리아,,NULL
908,환경부,케이오씨(주),2022,사업장,기초 화학물질 제조업,47679.0,1174.0,(주)한국경영인증원,,NULL
909,환경부,케이지모빌리티 주식회사,2022,업체,자동차용 엔진 및 자동차 제조업,113612.0,2301.0,㈜한국품질보증원,,NULL
910,환경부,케이지스틸 주식회사,2022,업체,1차 철강 제조업,377649.0,8128.0,(재)한국품질재단,,NULL
911,환경부,케이지이티에스 주식회사,2022,업체,폐기물 처리업,1800.0,32.0,로이드인증원㈜,,NULL
912,산업통상자원부,케이지케미칼 주식회사,2022,사업장,석유화학,26198.0,433.0,(주)한국경영인증원,,NULL
913,환경부,코닝정밀소재 주식회사,2022,업체,유리 및 유리제품 제조업,567274.0,11131.0,로이드인증원㈜,,NULL
914,환경부,코리아PTG(주),2022,사업장,기초 화학물질 제조업,120194.0,1066.0,(재)한국품질재단,,NULL
915,환경부,코스모신소재(주),2022,사업장,기타 화학제품 제조업,42571.0,775.0,한국표준협회,,005070
916,환경부,코스모화학,2022,사업장,기초 화학물질 제조업,90160.0,1598.0,한국표준협회,,005420
917,환경부,코스포영남파워 주식회사,2022,업체,전기업,861345.0,17118.0,한국표준협회,,NULL
918,환경부,코어엔텍 주식회사,2022,업체,폐기물 처리업,312604.0,1982.0,로이드인증원㈜,,NULL
919,산업통상자원부,코오롱글로텍(주),2022,사업장,섬유,18299.0,294.0,한국표준협회,,NULL
920,환경부,코오롱바스프이노폼 주식회사,2022,사업장,합성고무 및 플라스틱 물질 제조업,105419.0,1666.0,한국표준협회,,NULL
921,환경부,코오롱인더스트리 주식회사,2022,업체,합성고무 및 플라스틱 물질 제조업,617599.0,11543.0,한국표준협회,,NULL
922,환경부,코오롱플라스틱(주),2022,업체,합성고무 및 플라스틱 물질 제조업,130444.0,2124.0,한국표준협회,,NULL
923,농림축산식품부,코카콜라음료(주),2022,사업장,음료제조업,21177.0,433.0,(재)한국품질재단,,NULL
924,환경부,크나우프석고보드 주식회사,2022,업체,"시멘트, 석회, 플라스터 및 그 외 제품 제조업",116826.0,2326.0,(재)한국품질재단,,NULL
925,산업통상자원부,타타대우상용차 주식회사,2022,사업장,자동차,19020.0,357.0,(재)한국화학융합시험연구원,,NULL
926,환경부,태경산업(주),2022,업체,1차 철강 제조업,114229.0,1536.0,(주)한국경영인증원,,015890
927,환경부,태광산업 주식회사,2022,업체,기초 화학물질 제조업,1029297.0,15717.0,한국표준협회,,003240
928,환경부,태림페이퍼주식회사,2022,업체,"펄프, 종이 및 판지 제조업",365401.0,6021.0,㈜한국품질보증원,,019300
929,환경부,태백시 환경자원센터,2022,사업장,지정외 폐기물처리업 등,10907.0,172.0,한국표준협회,,NULL
930,환경부,태봉광업 주식회사,2022,업체,"시멘트, 석회, 플라스터 및 그 외 제품 제조업",252755.0,656.0,(주)비에스아이그룹코리아,,NULL
931,산업통상자원부,태양금속공업(주),2022,사업장,기계,22240.0,421.0,(주)한국경영인증원,,004100
932,환경부,태영세라믹(주),2022,사업장,"내화, 비내화 요업제품 제조업",28318.0,525.0,한국표준협회,,NULL
933,국토교통부,태화상운(주),2022,사업장,교통(여객),1960.0,36.0,한국표준협회,,NULL
934,환경부,통영시,2022,사업장,폐기물 처리업,36680.0,344.0,(재)한국품질재단,,NULL
935,산업통상자원부,티케이지에코머티리얼 주식회사,2022,사업장,섬유,12814.0,322.0,(재)한국품질재단,,NULL
936,환경부,티케이지휴켐스 주식회사,2022,업체,기초 화학물질 제조업,52431.0,1262.0,(주)한국경영인증원,,069260
937,환경부,티케이케미칼,2022,업체,화학섬유 제조업,175494.0,3556.0,(주)한국경영인증원,,104480
938,국토교통부,파르나스호텔 주식회사,2022,사업장,건물,20239.0,418.0,한국표준협회,,NULL
939,환경부,파인트리포스마그네슘 주식회사,2022,사업장,금속 주조업,40505.0,79.0,(재)한국품질재단,,NULL
940,환경부,파주시,2022,업체,폐기물 처리업,178568.0,1434.0,㈜한국품질보증원,,NULL
941,환경부,파주에너지서비스,2022,업체,전기업,2601046.0,50042.0,(주)한국경영인증원,,NULL
942,산업통상자원부,파주에코에너지(주),2022,사업장,발전에너지,25734.0,0.0,(주)한국경영인증원,,NULL
943,환경부,파주전기초자 주식회사,2022,사업장,유리 및 유리제품 제조업,48301.0,576.0,㈜디엔브이비즈니스어슈어런스코리아,,NULL
944,산업통상자원부,팔미금속공업(주),2022,사업장,철강,17765.0,328.0,한국표준협회,,NULL
945,환경부,페이퍼코리아,2022,사업장,"펄프, 종이 및 판지 제조업",93725.0,1534.0,한국표준협회,,001020
946,환경부,평택시,2022,업체,"하수, 폐수 및 분뇨 처리업",119387.0,1852.0,(재)한국품질재단,,NULL
947,환경부,평택에너지서비스(주),2022,업체,"증기, 냉ㆍ온수 및 공기 조절 공급업",1403699.0,27464.0,㈜디엔브이비즈니스어슈어런스코리아,,NULL
948,환경부,평화산업(주),2022,사업장,고무제품 제조업,31260.0,637.0,지속가능인증원주식회사,,090080
949,환경부,포스코스틸리온(주),2022,사업장,1차 철강 제조업,108431.0,2148.0,한국표준협회,,058430
950,환경부,포스코홀딩스 주식회사,2022,업체,1차 철강 제조업,6380.0,131.0,(재)한국품질재단,,005490
951,환경부,포천민자발전 주식회사,2022,업체,전기업,1742159.0,34513.0,(재)한국품질재단,,NULL
952,환경부,포천시,2022,업체,지정외 폐기물처리업 등,61599.0,607.0,㈜한국품질보증원,,NULL
953,환경부,포천파워(주),2022,업체,전기업,2079167.0,41346.0,(재)한국품질재단,,NULL
954,환경부,포항시,2022,업체,폐기물 처리업,175081.0,2636.0,㈜한국품질보증원,,NULL
955,환경부,폴리미래(주),2022,사업장,합성고무 및 플라스틱 물질 제조업,109305.0,2022.0,(주)한국경영인증원,,NULL
956,농림축산식품부,풍국주정공업(주),2022,사업장,음식료품,10487.0,567.0,한국표준협회,,NULL
957,환경부,피아이첨단소재 주식회사,2022,사업장,플라스틱 제품 제조업,98160.0,1775.0,(재)한국품질재단,,NULL
958,환경부,하나마이크론,2022,사업장,반도체 제조업,39899.0,830.0,(주)한국경영인증원,,067310
959,산업통상자원부,하나머티리얼즈(주),2022,사업장,반도체,28623.0,596.0,한국표준협회,,166090
960,환경부,하남시,2022,사업장,폐기물 처리업,39702.0,489.0,(재)한국품질재단,,NULL
961,환경부,하이트진로(주),2022,업체,알코올 음료 제조업,121167.0,2395.0,(재)한국품질재단,,000080
962,환경부,하이트진로산업(주),2022,사업장,유리 및 유리제품 제조업,29101.0,458.0,(주)한국경영인증원,,NULL
963,환경부,하이호경금속 주식회사,2022,사업장,1차 비철금속 제조업,34863.0,573.0,㈜한국품질보증원,,NULL
964,환경부,학교법인 가톨릭학원,2022,사업장,병원,139538.0,2843.0,한국표준협회,,NULL
965,환경부,학교법인 건국대학교,2022,사업장,고등 교육기관,75692.0,1534.0,(주)한국경영인증원,,NULL
966,국토교통부,학교법인 경희학원,2022,업체,건물,58372.0,1202.0,한국표준협회,,NULL
967,국토교통부,학교법인 계명대학교,2022,사업장,건물,20634.0,416.0,(주)한국경영인증원,,NULL
968,환경부,학교법인 고려중앙학원,2022,사업장,고등 교육기관,106939.0,2207.0,㈜한국품질보증원,,NULL
969,환경부,학교법인 성균관대학,2022,사업장,고등 교육기관,66084.0,1361.0,(주)한국경영인증원,,NULL
970,환경부,학교법인 연세대학교,2022,업체,고등 교육기관,193941.0,4017.0,(재)한국품질재단,,NULL
971,국토교통부,학교법인 영남학원,2022,사업장,건물,15810.0,326.0,㈜한국품질보증원,,NULL
972,환경부,학교법인 이화학당,2022,사업장,고등 교육기관,72086.0,1514.0,(주)한국경영인증원,,NULL
973,국토교통부,학교법인 중앙대학교,2022,사업장,건물,19989.0,411.0,한국표준협회,,NULL
974,환경부,학교법인 포항공과대학교,2022,사업장,고등 교육기관,81246.0,1848.0,㈜한국품질보증원,,NULL
975,환경부,학교법인 한양학원,2022,사업장,고등 교육기관,76858.0,1578.0,(주)한국경영인증원,,NULL
976,환경부,한국가스공사,2022,업체,연료용 가스 제조 및 배관공급업,752027.0,14511.0,(주)신화엔지니어링종합건축사사무소,,036460
977,환경부,한국경남태양유전(주),2022,사업장,전자 부품 제조업,81083.0,1598.0,(주)한국경영인증원,,NULL
978,환경부,한국공항공사,2022,사업장,기타 운송관련 서비스업,88028.0,1817.0,로이드인증원㈜,,NULL
979,국토교통부,한국과학기술연구원,2022,사업장,건물,18232.0,377.0,(주)한국경영인증원,,NULL
980,환경부,한국과학기술원,2022,사업장,고등 교육기관,84289.0,1722.0,(주)한국경영인증원,,NULL
981,국토교통부,한국과학기술정보연구원,2022,사업장,건물,20428.0,426.0,(주)신화엔지니어링종합건축사사무소,,NULL
982,산업통상자원부,한국기초소재(주),2022,사업장,시멘트,20272.0,414.0,한국표준협회,,NULL
983,환경부,한국남동발전,2022,업체,전기업,35384901.0,420229.0,한국표준협회,,NULL
984,환경부,한국남부발전 주식회사,2022,업체,전기업,35330479.0,445782.0,대일이엔씨기술(주),,NULL
985,환경부,한국넥슬렌유한회사,2022,업체,합성고무 및 플라스틱 물질 제조업,114211.0,2363.0,한국표준협회,,NULL
986,환경부,한국니토옵티칼(주),2022,사업장,플라스틱 제품 제조업,36757.0,651.0,㈜디엔브이비즈니스어슈어런스코리아,,NULL
987,환경부,한국도로공사,2022,업체,기타 운송관련 서비스업,268384.0,5418.0,한국표준협회,,NULL
988,환경부,한국동서발전 주식회사,2022,업체,전기업,29155613.0,352837.0,㈜한국품질보증원,,NULL
989,국토교통부,한국마사회,2022,사업장,건물,13292.0,267.0,한국표준협회,,NULL
990,산업통상자원부,한국무브넥스(주),2022,사업장,철강,16283.0,338.0,한국표준협회,,010100
991,환경부,한국바스프 주식회사,2022,업체,기초 화학물질 제조업,644782.0,9612.0,(재)한국품질재단,,NULL
992,국토교통부,한국방송공사,2022,사업장,건물,16977.0,355.0,(주)한국경영인증원,,NULL
993,국토교통부,한국보훈복지의료공단,2022,사업장,건물,15975.0,327.0,한국표준협회,,NULL
994,환경부,한국서부발전,2022,업체,전기업,30159229.0,379791.0,(주)신화엔지니어링종합건축사사무소,,NULL
995,산업통상자원부,한국세큐리트(주),2022,사업장,유리,33601.0,700.0,(주)한국경영인증원,,NULL
996,환경부,한국수력원자력,2022,업체,전기업,3055736.0,62679.0,(재)한국품질재단,,NULL
997,환경부,한국수자원공사,2022,업체,수도업,808742.0,16886.0,(주)한국경영인증원,,NULL
998,환경부,한국수출포장공업(주),2022,업체,"펄프, 종이 및 판지 제조업",128391.0,1935.0,㈜디엔브이비즈니스어슈어런스코리아,,002200
999,환경부,한국쓰리엠(주),2022,사업장,플라스틱 제품 제조업,46404.0,944.0,한국표준협회,,NULL
1000,환경부,한국씨엔티(주),2022,사업장,"시멘트, 석회, 플라스터 및 그 외 제품 제조업",58577.0,1148.0,(주)한국경영인증원,,NULL
1001,산업통상자원부,한국알콜산업(주),2022,사업장,석유화학,41989.0,1721.0,한국생산성본부인증원(주),,NULL
1002,환경부,한국앤컴퍼니 주식회사,2022,업체,일차전지 및 축전지 제조업,70535.0,1460.0,(재)한국화학융합시험연구원,,000240
1003,산업통상자원부,한국엔에스케이(주),2022,사업장,기계,20835.0,434.0,한국표준협회,,NULL
1004,환경부,한국엔지니어링플라스틱,2022,업체,합성고무 및 플라스틱 물질 제조업,220993.0,3932.0,한국표준협회,,NULL
1005,환경부,한국오웬스코닝(주),2022,사업장,유리 및 유리제품 제조업,83088.0,1601.0,대일이엔씨기술(주),,NULL
1006,국토교통부,한국원자력연구원,2022,사업장,건물,21611.0,446.0,한국표준협회,,NULL
1007,국토교통부,한국원자력의학원,2022,사업장,건물,17130.0,352.0,한국표준협회,,NULL
1008,환경부,한국유리공업 주식회사,2022,업체,유리 및 유리제품 제조업,226376.0,3101.0,(주)한국경영인증원,,NULL
1009,환경부,한국유미코아 유한책임회사,2022,사업장,일차전지 및 축전지 제조업,111402.0,2257.0,(재)한국품질재단,,NULL
1010,환경부,한국이네오스스티롤루션 주식회사,2022,사업장,합성고무 및 플라스틱 물질 제조업,89867.0,1822.0,(재)한국품질재단,,NULL
1011,환경부,한국전력공사,2022,업체,전기업,927766.0,7938.0,지속가능인증원주식회사,,015760
1012,국토교통부,한국전자통신연구원,2022,사업장,건물,18965.0,393.0,(주)신화엔지니어링종합건축사사무소,,NULL
1013,환경부,한국제강 주식회사,2022,업체,1차 철강 제조업,241192.0,4339.0,한국표준협회,,NULL
1014,환경부,한국제지 주식회사,2022,업체,"펄프, 종이 및 판지 제조업",340590.0,13166.0,(재)한국품질재단,,002300
1015,환경부,한국주철관공업(주),2022,사업장,1차 철강 제조업,49409.0,695.0,한국표준협회,,000970
1016,환경부,한국중부발전,2022,업체,전기업,31840511.0,402300.0,(재)한국품질재단,,NULL
1017,환경부,한국지엠 주식회사,2022,업체,자동차용 엔진 및 자동차 제조업,221946.0,4528.0,한국표준협회,,NULL
1018,환경부,한국지역난방공사,2022,업체,"증기, 냉ㆍ온수 및 공기 조절 공급업",6186055.0,123067.0,(주)신화엔지니어링종합건축사사무소,,NULL
1019,환경부,한국철강,2022,업체,1차 철강 제조업,395747.0,7302.0,㈜한국품질보증원,,104700
1020,환경부,한국철도공사,2022,업체,철도 운송업,1539412.0,30481.0,한국표준협회,,NULL
1021,환경부,한국타이어앤테크놀로지(주),2022,업체,고무제품 제조업,462752.0,9786.0,(재)한국품질재단,,161390
1022,환경부,한국토지주택공사,2022,업체,"증기, 냉ㆍ온수 및 공기 조절 공급업",249919.0,4974.0,㈜디엔브이비즈니스어슈어런스코리아,,NULL
1023,국토교통부,한국표준과학연구원,2022,사업장,건물,23110.0,475.0,(주)신화엔지니어링종합건축사사무소,,NULL
1024,농림축산식품부,한국필립모리스 주식회사 양산공장,2022,사업장,담배제조업,20384.0,417.0,한국표준협회,,NULL
1025,환경부,한국항공우주산업(주),2022,사업장,"항공기, 우주선 및 부품 제조업",61701.0,1249.0,(주)신화엔지니어링종합건축사사무소,,NULL
1026,국토교통부,한국핵융합에너지연구원,2022,사업장,건물,18914.0,395.0,(주)신화엔지니어링종합건축사사무소,,NULL
1027,환경부,한국환경개발(주),2022,업체,폐기물,108932.0,569.0,㈜한국품질보증원,,NULL
1028,산업통상자원부,한라스택폴(주),2022,사업장,자동차,15568.0,307.0,한국표준협회,,NULL
1029,환경부,한라시멘트주식회사,2022,업체,"시멘트, 석회, 플라스터 및 그 외 제품 제조업",4298662.0,23928.0,한국표준협회,,NULL
1030,환경부,한맥테코산업㈜,2022,업체,폐기물,47092.0,31.0,㈜한국품질보증원,,NULL
1031,국토교통부,한무쇼핑 주식회사,2022,업체,건물,67324.0,1417.0,한국표준협회,,NULL
1032,환경부,한미약품(주),2022,사업장,의약품 제조업,60118.0,1200.0,(주)한국경영인증원,,128940
1033,산업통상자원부,한미정밀화학(주),2022,사업장,석유화학,16750.0,378.0,(주)한국경영인증원,,NULL
1034,국토교통부,한성운수(주),2022,사업장,교통(여객),15170.0,290.0,(주)한국경영인증원,,NULL
1035,환경부,한세이프에너지(주),2022,업체,폐기물,42887.0,52.0,(재)한국품질재단,,NULL
1036,환경부,한솔제지,2022,업체,"펄프, 종이 및 판지 제조업",959037.0,16969.0,(주)한국경영인증원,,213500
1037,산업통상자원부,한솔테크닉스(주),2022,사업장,전기전자,8378.0,174.0,한국표준협회,,004710
1038,환경부,한솔페이퍼텍주식회사,2022,사업장,"펄프, 종이 및 판지 제조업",110119.0,1449.0,(주)한국경영인증원,,NULL
1039,환경부,한온시스템 주식회사,2022,사업장,자동차 신품 부품 제조업,61601.0,1298.0,㈜디엔브이비즈니스어슈어런스코리아,,018880
1040,산업통상자원부,한융금속(주),2022,사업장,비철금속,17849.0,286.0,(주)한국경영인증원,,NULL
1041,환경부,한일시멘트 주식회사,2022,업체,"시멘트, 석회, 플라스터 및 그 외 제품 제조업",4359627.0,29006.0,한국표준협회,,300720
1042,환경부,한일제관(주),2022,사업장,기타 금속 가공제품 제조업,53019.0,1080.0,(주)한국경영인증원,,NULL
1043,산업통상자원부,한일캔 주식회사,2022,사업장,기계,19633.0,403.0,(주)한국경영인증원,,NULL
1044,환경부,한일현대시멘트 주식회사,2022,업체,"시멘트, 석회, 플라스터 및 그 외 제품 제조업",3688223.0,23322.0,한국표준협회,,006390
1045,산업통상자원부,한주라이트메탈 주식회사,2022,사업장,비철금속,28571.0,584.0,(재)한국품질재단,"""한주금속"" 업체명 변경",198940
1046,환경부,한화솔루션 주식회사,2022,업체,기초 화학물질 제조업,2523378.0,48752.0,㈜디엔브이비즈니스어슈어런스코리아,,009830
1047,환경부,한화에너지주식회사,2022,업체,"증기, 냉ㆍ온수 및 공기 조절 공급업",4636528.0,52374.0,한국표준협회,,NULL
1048,환경부,한화에어로스페이스 주식회사,2022,사업장,무기 및 총포탄 제조업,75014.0,1446.0,㈜디엔브이비즈니스어슈어런스코리아,,012450
1049,환경부,한화오션(주),2022,업체,선박 및 보트 건조업,317725.0,5731.0,㈜디엔브이비즈니스어슈어런스코리아,,042660
1050,산업통상자원부,한화오션에코텍(주),2022,사업장,조선,16613.0,261.0,(주)한국경영인증원,,NULL
1051,환경부,한화임팩트 주식회사,2022,업체,기초 화학물질 제조업,520289.0,9124.0,㈜디엔브이비즈니스어슈어런스코리아,,NULL
1052,환경부,한화토탈에너지스 주식회사,2022,업체,기초 화학물질 제조업,4848698.0,108568.0,한국가스안전공사,,NULL
1053,국토교통부,한화호텔앤드리조트 주식회사,2022,업체,건물,57256.0,1174.0,한국표준협회,,NULL
1054,환경부,한황산업주식회사,2022,사업장,자동차 신품 부품 제조업,41227.0,769.0,㈜한국품질보증원,,NULL
1055,환경부,해성디에스 주식회사,2022,사업장,반도체 제조업,66854.0,1495.0,(주)비에스아이그룹코리아,,195870
1056,농림축산식품부,해태에이치티비(주),2022,사업장,음료제조업,23793.0,484.0,(재)한국품질재단,,NULL
1057,환경부,핸즈식스주식회사,2022,사업장,자동차 신품 부품 제조업,75839.0,1551.0,(주)한국경영인증원,,NULL
1058,환경부,핸즈코퍼레이션주식회사,2022,사업장,자동차 신품 부품 제조업,50631.0,1030.0,(재)한국품질재단,,143210
1059,국토교통부,현대건설(주),2022,업체,건설,79964.0,1539.0,로이드인증원㈜,,000720
1060,산업통상자원부,현대건설기계(주) 울산공장,2022,사업장,산업,15937.0,237.0,㈜디엔브이비즈니스어슈어런스코리아,,NULL
1061,환경부,현대글로비스(주),2022,사업장,도로 화물 운송업,79781.0,1220.0,한국표준협회,,086280
1062,환경부,현대두산인프라코어(주),2022,사업장,특수 목적용 기계 제조업,104220.0,2041.0,지속가능인증원주식회사,,NULL
1063,산업통상자원부,현대로템 주식회사,2022,사업장,기계,20361.0,411.0,(주)한국경영인증원,,064350
1064,환경부,현대모비스(주),2022,업체,자동차 신품 부품 제조업,107204.0,2217.0,(재)한국품질재단,,012330
1065,환경부,현대미포조선,2022,업체,선박 및 보트 건조업,160950.0,2902.0,한국표준협회,,NULL
1066,환경부,현대비앤지스틸(주),2022,사업장,1차 철강 제조업,86228.0,1771.0,㈜디엔브이비즈니스어슈어런스코리아,,004560
1067,환경부,현대삼호중공업 주식회사,2022,업체,선박 및 보트 건조업,239869.0,4097.0,㈜디엔브이비즈니스어슈어런스코리아,,NULL
1068,환경부,현대석회(주),2022,사업장,"시멘트, 석회, 플라스터 및 그 외 제품 제조업",86917.0,255.0,한국생산성본부인증원(주),,NULL
1069,환경부,현대성우쏠라이트 주식회사,2022,사업장,일차전지 및 축전지 제조업,37763.0,779.0,한국표준협회,,NULL
1070,환경부,현대성우캐스팅 주식회사,2022,업체,자동차 신품 부품 제조업,199562.0,3893.0,(재)한국품질재단,,NULL
1071,환경부,현대아이에프씨 주식회사,2022,업체,1차 철강 제조업,221535.0,4111.0,로이드인증원㈜,,NULL
1072,환경부,현대오일뱅크,2022,업체,석유 정제품 제조업,6453281.0,77054.0,(재)한국품질재단,,NULL
1073,산업통상자원부,현대오토에버 주식회사,2022,사업장,통신,21789.0,455.0,(주)한국경영인증원,,307950
1074,환경부,현대위아 주식회사,2022,업체,자동차 신품 부품 제조업,155623.0,3216.0,㈜디엔브이비즈니스어슈어런스코리아,,011210
1075,환경부,현대자동차 주식회사,2022,업체,자동차용 엔진 및 자동차 제조업,1540499.0,31730.0,로이드인증원㈜,,005380
1076,환경부,현대제철 주식회사,2022,업체,1차 철강 제조업,28500741.0,164476.0,로이드인증원㈜,,004020
1077,산업통상자원부,현대종합금속(주),2022,사업장,기계,18659.0,363.0,로이드인증원㈜,,NULL
1078,환경부,현대종합특수강 주식회사,2022,사업장,1차 철강 제조업,51601.0,976.0,한국표준협회,,NULL
1079,환경부,현대트랜시스 주식회사,2022,업체,자동차 신품 부품 제조업,194089.0,4022.0,㈜디엔브이비즈니스어슈어런스코리아,,NULL
1080,산업통상자원부,현우산업(주),2022,사업장,전기전자,17012.0,354.0,한국표준협회,,092300
1081,산업통상자원부,현진소재(주) 2공장,2022,사업장,기계,500.0,10.0,(주)한국경영인증원,,NULL
1082,산업통상자원부,호스트웨이아이디씨(주),2022,사업장,통신,16766.0,350.0,한국표준협회,,NULL
1083,환경부,홈플러스 주식회사,2022,업체,종합 소매업,414548.0,8635.0,로이드인증원㈜,,NULL
1084,환경부,홍덕산업(주),2022,사업장,1차 철강 제조업,80656.0,1813.0,한국생산성본부인증원(주),,NULL
1085,환경부,홍원제지(주),2022,사업장,"펄프, 종이 및 판지 제조업",110995.0,1539.0,한국표준협회,,NULL
1086,환경부,홍천군,2022,사업장,폐기물,17609.0,122.0,(재)한국품질재단,,NULL
1087,환경부,화성시,2022,사업장,폐기물 처리업,135406.0,1216.0,㈜한국품질보증원,,NULL
1088,국토교통부,화영운수(주),2022,사업장,교통(여객),19694.0,309.0,한국표준협회,,NULL
1089,환경부,환영철강공업,2022,업체,1차 철강 제조업,270685.0,5034.0,㈜한국품질보증원,,NULL
1090,환경부,효성중공업 주식회사,2022,사업장,"전동기, 발전기 및 전기 변환ㆍ공급ㆍ제어 장치 제조업",51832.0,1090.0,㈜디엔브이비즈니스어슈어런스코리아,,298040
1091,환경부,효성첨단소재 주식회사,2022,업체,화학섬유 제조업,178541.0,3999.0,㈜디엔브이비즈니스어슈어런스코리아,,NULL
1093,환경부,효성티앤씨 주식회사,2022,업체,화학섬유 제조업,297685.0,6848.0,㈜디엔브이비즈니스어슈어런스코리아,,298020
1095,환경부,효성화학 주식회사,2022,업체,기초 화학물질 제조업,862233.0,18757.0,㈜디엔브이비즈니스어슈어런스코리아,,298000
1097,국토교통부,휘닉스중앙 주식회사,2022,사업장,건물,20920.0,416.0,(주)한국경영인증원,,NULL
1099,환경부,휴비스,2022,업체,화학섬유 제조업,384776.0,5892.0,한국표준협회,,079980
1101,산업통상자원부,희성촉매(주),2022,사업장,석유화학,21319.0,428.0,한국표준협회,,NULL
1,환경부,(유)에스케이씨에보닉페록사이드코리아,2021,업체,산업,57349.0,1147.0,(재)한국품질재단,,NULL
2,국토교통부,(유)호남고속,2021,사업장,교통(여객),19358.0,304.0,(주)한국경영인증원,,NULL
3,환경부,(주)HJ매그놀리아용평호텔앤리조트,2021,사업장,건물,33424.0,661.0,(재)한국품질재단,,NULL
4,농림축산식품부,(주)MH에탄올,2021,사업장,음료제조업,9451.0,304.0,(재)한국화학융합시험연구원,,023150
5,환경부,(주)MSC,2021,사업장,산업,29558.0,594.0,한국가스안전공사,,NULL
6,환경부,(주)SIMPAC,2021,업체,산업,545704.0,5679.0,한국표준협회,,009160
7,환경부,(주)SUN&L,2021,업체,산업,59370.0,2046.0,한국표준협회,,002820
8,환경부,(주)강원랜드,2021,업체,건물,65276.0,1330.0,이큐에이㈜,,035250
9,환경부,(주)건화,2021,사업장,산업,34052.0,612.0,한국표준협회,,NULL
10,환경부,(주)경기고속,2021,업체,수송,100992.0,1614.0,(주)한국경영인증원,,NULL
11,환경부,(주)경남고속,2021,사업장,수송,4332.0,61.0,(주)한국경영인증원,,NULL
12,환경부,(주)경동,2021,업체,산업,209932.0,405.0,(재)한국품질재단,,NULL
13,산업통상자원부,(주)경동원,2021,사업장,기계,13190.0,265.0,한국표준협회,,NULL
14,국토교통부,(주)경방,2021,사업장,건물,17081.0,353.0,한국생산성본부인증원(주),,000050
15,산업통상자원부,(주)경보제약,2021,사업장,석유화학,14648.0,276.0,한국표준협회,,214390
16,산업통상자원부,(주)경신전선,2021,사업장,전기전자,15512.0,321.0,한국표준협회,,NULL
17,환경부,(주)공항리무진,2021,사업장,수송,234.0,4.0,(주)한국경영인증원,,NULL
18,국토교통부,(주)국민은행,2021,업체,건물,100491.0,1549.0,한국표준협회,,031150
19,산업통상자원부,(주)국일방적 정읍공장,2021,사업장,섬유,13510.0,282.0,대일이엔씨기술(주),,NULL
20,환경부,(주)그린스코,2021,사업장,폐기물,44243.0,119.0,(주)한국경영인증원,,NULL
21,환경부,(주)금남고속,2021,사업장,수송,17758.0,253.0,(주)한국경영인증원,,NULL
22,환경부,(주)금비,2021,업체,산업,82933.0,1184.0,한국표준협회,,008870
23,해양수산부,(주)남해고속,2021,사업장,교통(해운),22768.0,324.0,㈜한국품질보증원,,NULL
24,산업통상자원부,(주)네오오토 예산공장,2021,사업장,자동차,16887.0,349.0,(주)한국경영인증원,,NULL
25,산업통상자원부,(주)넥센,2021,사업장,석유화학,19568.0,376.0,한국표준협회,,005720
26,환경부,(주)농협물류,2021,사업장,수송,30584.0,441.0,한국표준협회,,NULL
27,농림축산식품부,(주)농협사료,2021,업체,식료품 제조업,85204.0,1754.0,(재)한국품질재단,,NULL
28,환경부,(주)다나에너지솔루션,2021,사업장,폐기물,75268.0,213.0,한국표준협회,,NULL
29,환경부,(주)단석산업,2021,사업장,산업,81591.0,1666.0,한국표준협회,,NULL
30,산업통상자원부,(주)대농청원공장,2021,사업장,섬유,16211.0,338.0,지속가능인증원주식회사,,NULL
31,산업통상자원부,(주)대동세라믹,2021,사업장,요업,26866.0,510.0,이큐에이㈜,,NULL
32,환경부,(주)대림제지,2021,업체,산업,108829.0,1790.0,이큐에이㈜,,017650
33,국토교통부,(주)대우건설,2021,업체,건설,60416.0,1230.0,한국표준협회,,047040
34,산업통상자원부,(주)대욱케스트,2021,사업장,철강,21622.0,410.0,이큐에이㈜,,NULL
35,환경부,(주)대원고속,2021,업체,수송,104748.0,1675.0,(주)한국경영인증원,,NULL
36,환경부,(주)대원버스,2021,사업장,수송,31566.0,541.0,(주)한국경영인증원,,NULL
37,국토교통부,(주)대원여객,2021,사업장,교통(여객),19187.0,364.0,(주)한국경영인증원,,NULL
38,환경부,(주)대원운수,2021,사업장,수송,36006.0,601.0,(주)한국경영인증원,,NULL
39,환경부,(주)대유코아,2021,사업장,산업,116601.0,794.0,한국표준협회,,NULL
40,해양수산부,(주)대저해운,2021,사업장,교통(해운),6598.0,95.0,한국표준협회,,NULL
41,산업통상자원부,(주)대천텍스타일,2021,사업장,섬유,12998.0,280.0,한국표준협회,,NULL
42,산업통상자원부,(주)대호특수강 포항공장,2021,사업장,철강,23425.0,446.0,한국표준협회,,NULL
43,환경부,(주)대화제지,2021,사업장,산업,28552.0,577.0,㈜한국품질보증원,,NULL
44,산업통상자원부,(주)동남 울산공장,2021,사업장,비철금속,55575.0,826.0,한국표준협회,,NULL
45,환경부,(주)동방,2021,업체,수송,55300.0,804.0,대일이엔씨기술(주),,004140
46,환경부,(주)동서기공 당진지점,2021,사업장,산업,37146.0,764.0,(주)한국경영인증원,,NULL
47,환경부,(주)동신포리마,2021,사업장,산업,35253.0,728.0,(주)한국경영인증원,,NULL
48,환경부,(주)동양고속,2021,업체,수송,49096.0,702.0,(주)한국경영인증원,,084670
49,환경부,(주)동양환경,2021,사업장,폐기물,171588.0,424.0,(재)한국품질재단,,NULL
50,농림축산식품부,(주)동우팜투테이블,2021,사업장,식료품 제조업,16159.0,325.0,(재)한국화학융합시험연구원,,088910
51,농림축산식품부,(주)동원F&B,2021,업체,식료품 제조업,82004.0,1781.0,(주)한국경영인증원,,049770
52,산업통상자원부,(주)동진쎄미켐,2021,사업장,석유화학,21702.0,438.0,한국가스안전공사,,005290
53,산업통상자원부,(주)두산,2021,업체,전기전자,63425.0,1270.0,(재)한국품질재단,,000150
54,산업통상자원부,(주)디알액시온 원산공장,2021,사업장,비철금속,15035.0,307.0,(재)한국품질재단,,NULL
55,환경부,(주)디에이피,2021,사업장,산업,79586.0,1649.0,한국가스안전공사,,066900
56,산업통상자원부,(주)디케이씨,2021,사업장,철강,18535.0,372.0,한국표준협회,,047440
57,산업통상자원부,(주)로옴코리아,2021,사업장,반도체,17368.0,362.0,㈜한국품질보증원,,NULL
58,환경부,(주)만도,2021,업체,산업,70744.0,1477.0,(주)비에스아이그룹코리아,,NULL
59,농림축산식품부,(주)면사랑,2021,사업장,식료품 제조업,20461.0,459.0,한국표준협회,,NULL
60,환경부,(주)모나리자,2021,사업장,산업,40006.0,728.0,(주)한국경영인증원,,012690
61,국토교통부,(주)무주덕유산리조트,2021,사업장,건물,14234.0,263.0,(주)한국경영인증원,,NULL
62,환경부,(주)미래엔인천에너지,2021,업체,전환,17091.0,339.0,(재)한국품질재단,,NULL
63,환경부,(주)미래페이퍼,2021,업체,산업,60913.0,763.0,한국표준협회,,NULL
64,산업통상자원부,(주)방림,2021,사업장,섬유,19015.0,406.0,한국표준협회,,003610
65,환경부,(주)베르상스퍼시픽,2021,사업장,산업,33066.0,560.0,한국표준협회,,NULL
66,환경부,(주)벽산,2021,업체,산업,88096.0,1601.0,한국표준협회,,007210
67,산업통상자원부,(주)부산도시가스,2021,사업장,집단에너지,55041.0,421.0,(주)한국경영인증원,,015350
68,국토교통부,(주)부산롯데호텔,2021,사업장,건물,10589.0,216.0,(주)한국경영인증원,,NULL
69,산업통상자원부,(주)브이샘 인천공장,2021,사업장,시멘트,14441.0,293.0,한국표준협회,,NULL
70,산업통상자원부,(주)비에이치 제2공장,2021,사업장,전기전자,17511.0,365.0,한국표준협회,,NULL
71,산업통상자원부,(주)비엠금속,2021,사업장,철강,18397.0,340.0,이큐에이㈜,,NULL
72,농림축산식품부,(주)빙그레,2021,업체,식료품 제조업,60993.0,1227.0,(주)한국경영인증원,,005180
73,환경부,(주)삼동 문경공장,2021,사업장,산업,40641.0,840.0,한국표준협회,,NULL
74,국토교통부,(주)삼우에프앤지,2021,사업장,교통(화물),20955.0,343.0,한국표준협회,,NULL
75,환경부,(주)삼원강재,2021,사업장,산업,34034.0,690.0,(재)한국품질재단,,023000
76,환경부,(주)삼천리,2021,업체,전환,73196.0,1250.0,한국가스안전공사,,004690
77,환경부,(주)삼표산업,2021,업체,산업,125680.0,2121.0,(재)한국품질재단,,NULL
78,산업통상자원부,(주)삼한씨원,2021,사업장,요업,9614.0,190.0,한국생산성본부인증원(주),,NULL
79,환경부,(주)삼현,2021,사업장,산업,24069.0,425.0,한국표준협회,,437730
80,국토교통부,(주)삼화고속,2021,사업장,교통(여객),11137.0,159.0,(주)한국경영인증원,,NULL
81,환경부,(주)상공에너지,2021,업체,전환,6108.0,1535.0,이큐에이㈜,,NULL
82,농림축산식품부,(주)샤니 대구공장,2021,사업장,식료품 제조업,16485.0,335.0,(주)비에스아이그룹코리아,,NULL
83,농림축산식품부,(주)샤니 성남공장,2021,사업장,식료품 제조업,18826.0,383.0,(주)비에스아이그룹코리아,,NULL
84,국토교통부,(주)서부티엔디,2021,사업장,건물,14854.0,306.0,한국표준협회,,NULL
85,산업통상자원부,(주)서원,2021,사업장,비철금속,15384.0,317.0,한국가스안전공사,,021050
86,산업통상자원부,(주)서진캠 아산공장,2021,사업장,자동차,13707.0,286.0,(주)한국경영인증원,,NULL
87,산업통상자원부,(주)서진캠 평택공장,2021,사업장,자동차,13780.0,287.0,㈜한국품질보증원,,NULL
88,환경부,(주)서흥,2021,사업장,산업,43537.0,893.0,한국표준협회,,008490
89,산업통상자원부,(주)선일다이파스,2021,사업장,기계,18372.0,379.0,(주)한국경영인증원,,NULL
90,환경부,(주)선진운수,2021,사업장,수송,26998.0,506.0,(재)한국품질재단,,NULL
91,산업통상자원부,(주)성신미네필드,2021,사업장,시멘트,18994.0,373.0,한국표준협회,,NULL
92,환경부,(주)성호금속 경주2공장,2021,사업장,산업,28551.0,517.0,이큐에이㈜,,NULL
93,산업통상자원부,(주)성호금속 영천공장,2021,사업장,철강,18827.0,347.0,이큐에이㈜,,NULL
94,산업통상자원부,(주)성호기업,2021,사업장,철강,16586.0,317.0,이큐에이㈜,,NULL
95,환경부,(주)세아씨엠,2021,사업장,산업,62245.0,1261.0,한국표준협회,,NULL
96,국토교통부,(주)세아엘앤에스,2021,사업장,교통(화물),16516.0,242.0,한국표준협회,,NULL
97,환경부,(주)세아제강,2021,사업장,산업,58932.0,1165.0,한국표준협회,,306200
98,환경부,(주)세아특수강,2021,사업장,산업,54939.0,1080.0,한국표준협회,,019440
99,농림축산식품부,(주)세우,2021,사업장,식료품 제조업,17593.0,356.0,(재)한국품질재단,,NULL
100,환경부,(주)세주,2021,사업장,수송,28716.0,392.0,㈜디엔브이비즈니스어슈어런스코리아,,NULL
101,산업통상자원부,(주)스타플렉스,2021,사업장,석유화학,9543.0,196.0,이큐에이㈜,,115570
102,국토교통부,(주)시흥교통,2021,사업장,교통(여객),26166.0,470.0,한국표준협회,,NULL
103,환경부,(주)신동,2021,업체,산업,95134.0,311.0,한국표준협회,,NULL
104,환경부,(주)신세계,2021,업체,건물,118980.0,2463.0,(주)한국경영인증원,,004170
105,환경부,(주)신승에너지,2021,업체,지정외 폐기물처리업,77990.0,318.0,(재)한국품질재단,,NULL
106,산업통상자원부,(주)신안주철,2021,사업장,철강,19021.0,359.0,한국표준협회,,NULL
107,산업통상자원부,(주)신우금속,2021,사업장,철강,16845.0,292.0,(재)한국품질재단,,NULL
108,국토교통부,(주)신한은행,2021,업체,건물,73782.0,1171.0,㈜디엔브이비즈니스어슈어런스코리아,,000010
109,환경부,(주)쌍용씨앤비,2021,업체,산업,70917.0,1233.0,(주)한국경영인증원,,NULL
110,환경부,(주)씨텍,2021,업체,전환,644876.0,8772.0,(주)비에스아이그룹코리아,,NULL
111,국토교통부,(주)아라리오,2021,사업장,건물,12045.0,248.0,(주)한국경영인증원,,NULL
112,환경부,(주)아진피앤피,2021,업체,산업,138183.0,2135.0,한국산업기술시험원,,NULL
113,국토교통부,(주)에스앤아이코퍼레이션,2021,사업장,건물,14640.0,299.0,(재)한국품질재단,,NULL
114,산업통상자원부,(주)에스에이씨,2021,사업장,유리,11916.0,244.0,(주)한국경영인증원,,NULL
115,산업통상자원부,(주)에스에이치에너지화학,2021,사업장,석유화학,14524.0,245.0,㈜한국품질보증원,,NULL
116,산업통상자원부,(주)에스제이금속,2021,사업장,철강,19960.0,350.0,(재)한국품질재단,,NULL
117,환경부,(주)에스파워,2021,업체,전환,1930850.0,38311.0,(재)한국품질재단,,NULL
118,해양수산부,(주)에이치해운,2021,사업장,교통(해운),26521.0,378.0,한국표준협회,,NULL
119,산업통상자원부,(주)에이티세미콘,2021,사업장,반도체,17628.0,366.0,한국표준협회,,089530
120,산업통상자원부,(주)에이프로젠바이오로직스,2021,사업장,석유화학,27471.0,564.0,한국표준협회,,003060
121,환경부,(주)에코비트에너지세종,2021,사업장,폐기물,49770.0,452.0,한국표준협회,,NULL
122,산업통상자원부,(주)에코프로비엠,2021,사업장,전기전자,79997.0,1668.0,(주)한국경영인증원,,247540
123,산업통상자원부,(주)에코프로비엠 1공장,2021,사업장,전기전자,19750.0,411.0,(주)한국경영인증원,,NULL
124,환경부,(주)엔아이티,2021,업체,폐기물,144933.0,314.0,㈜한국품질보증원,,NULL
125,환경부,(주)엔이티,2021,사업장,전환,49401.0,580.0,한국표준협회,,NULL
126,환경부,(주)엘엑스판토스,2021,사업장,수송,44289.0,687.0,㈜디엔브이비즈니스어슈어런스코리아,,NULL
127,산업통상자원부,(주)엘지생활건강 울산공장,2021,사업장,석유화학,17679.0,365.0,(재)한국품질재단,,NULL
128,환경부,(주)엘지씨엔에스,2021,사업장,산업,123812.0,2631.0,대일이엔씨기술(주),,064400
129,환경부,(주)영신물산,2021,사업장,산업,36024.0,262.0,한국표준협회,,NULL
130,환경부,(주)오뚜기,2021,사업장,산업,94342.0,1901.0,한국표준협회,,007310
131,환경부,(주)오리온,2021,업체,산업,65129.0,1295.0,한국표준협회,,271560
132,환경부,(주)오미아코리아,2021,업체,산업,59633.0,1220.0,㈜디엔브이비즈니스어슈어런스코리아,,NULL
133,산업통상자원부,(주)오영,2021,사업장,석유화학,17149.0,368.0,(재)한국품질재단,,NULL
134,환경부,(주)온셀텍,2021,사업장,산업,34120.0,711.0,한국표준협회,,NULL
135,농림축산식품부,(주)올품,2021,사업장,식료품 제조업,22443.0,457.0,한국표준협회,,NULL
136,환경부,(주)우룡,2021,업체,산업,159767.0,624.0,(주)한국경영인증원,,NULL
137,국토교통부,(주)우리은행,2021,업체,건물,74425.0,1094.0,㈜디엔브이비즈니스어슈어런스코리아,,000030
138,산업통상자원부,(주)우신금속,2021,사업장,비철금속,19844.0,311.0,(재)한국품질재단,,NULL
139,산업통상자원부,(주)원익아이피에스,2021,사업장,기계,25375.0,502.0,한국표준협회,,NULL
140,환경부,(주)유니온,2021,업체,산업,160634.0,1301.0,한국표준협회,,000910
141,국토교통부,(주)유성티엔에스,2021,사업장,교통(화물),33424.0,484.0,(주)한국경영인증원,,024800
142,환경부,(주)유진로지스틱스,2021,사업장,수송,28716.0,411.0,(재)한국품질재단,,NULL
143,산업통상자원부,(주)유한화학,2021,사업장,석유화학,17103.0,362.0,(주)한국경영인증원,,NULL
144,산업통상자원부,(주)이녹스첨단소재,2021,사업장,전기전자,25783.0,526.0,(재)한국품질재단,,272290
145,환경부,(주)이마트,2021,업체,건물,527716.0,10958.0,한국표준협회,,139480
146,환경부,(주)이수페타시스,2021,사업장,산업,51187.0,696.0,이큐에이㈜,,007660
147,환경부,(주)이수화학,2021,업체,산업,340851.0,5369.0,한국표준협회,,005950
148,환경부,(주)이스타항공,2021,업체,수송,38.0,0.0,(주)한국경영인증원,,NULL
149,환경부,(주)이알지서비스,2021,사업장,폐기물,75225.0,81.0,(재)한국화학융합시험연구원,,NULL
150,산업통상자원부,(주)인지디스플레이,2021,사업장,자동차,16329.0,337.0,(주)한국경영인증원,,NULL
151,환경부,(주)인터플렉스,2021,사업장,산업,37985.0,797.0,한국표준협회,,051370
152,환경부,(주)일진글로벌,2021,사업장,산업,120370.0,2508.0,이큐에이㈜,,NULL
153,환경부,(주)전북고속,2021,사업장,수송,12736.0,181.0,(주)한국경영인증원,,NULL
154,농림축산식품부,(주)정·식품,2021,사업장,음료제조업,20053.0,403.0,한국표준협회,,NULL
155,국토교통부,(주)제때,2021,사업장,교통(화물),18080.0,293.0,한국표준협회,,NULL
156,환경부,(주)제양항공해운,2021,사업장,수송,27940.0,382.0,한국표준협회,,NULL
157,산업통상자원부,(주)제이앤티씨,2021,사업장,전기전자,8066.0,167.0,한국표준협회,,204270
158,환경부,(주)제이엠씨,2021,사업장,산업,38412.0,891.0,이큐에이㈜,,NULL
159,해양수산부,(주)제주케이라인,2021,사업장,교통(해운),15304.0,208.0,㈜디엔브이비즈니스어슈어런스코리아,,NULL
160,산업통상자원부,(주)젤텍,2021,사업장,석유화학,15403.0,527.0,한국표준협회,,NULL
161,산업통상자원부,(주)종근당 천안공장,2021,사업장,석유화학,16551.0,450.0,(재)한국품질재단,,NULL
162,환경부,(주)종근당바이오,2021,업체,산업,90364.0,1882.0,이큐에이㈜,,063160
163,국토교통부,(주)중부고속,2021,사업장,교통(여객),6959.0,103.0,㈜한국품질보증원,,NULL
164,환경부,(주)중앙고속,2021,업체,수송,40001.0,571.0,(주)한국경영인증원,,NULL
165,환경부,(주)중일,2021,사업장,산업,29171.0,301.0,한국표준협회,,NULL
166,환경부,(주)지에스동해전력,2021,업체,전환,6394070.0,71324.0,대일이엔씨기술(주),,NULL
167,산업통상자원부,(주)지엠씨,2021,사업장,광업,15927.0,330.0,(주)한국경영인증원,,NULL
168,환경부,(주)진합,2021,사업장,산업,27907.0,575.0,한국표준협회,,NULL
169,산업통상자원부,(주)진흥주물 군산공장,2021,사업장,철강,21915.0,387.0,한국표준협회,,NULL
170,산업통상자원부,(주)진흥주물 인천공장,2021,사업장,철강,17403.0,304.0,한국표준협회,,NULL
171,환경부,(주)참프레,2021,사업장,산업,43237.0,862.0,한국표준협회,,NULL
172,환경부,(주)창원에너텍,2021,업체,폐기물,89517.0,1021.0,(재)한국품질재단,,NULL
173,환경부,(주)천일고속,2021,사업장,수송,18243.0,260.0,(주)한국경영인증원,,000650
174,농림축산식품부,(주)체리부로,2021,사업장,식료품 제조업,15174.0,310.0,(주)한국경영인증원,,066360
175,환경부,(주)충남고속,2021,사업장,수송,19409.0,278.0,(주)한국경영인증원,,NULL
176,환경부,(주)충무화학정선,2021,업체,산업,149214.0,595.0,이큐에이㈜,,NULL
177,농림축산식품부,(주)카길애그리퓨리나 평택공장,2021,사업장,식료품 제조업,21326.0,434.0,(재)한국품질재단,,NULL
178,산업통상자원부,(주)카펙발레오,2021,사업장,자동차,20345.0,409.0,한국표준협회,,NULL
179,환경부,(주)칼링크,2021,사업장,산업,23694.0,480.0,지속가능인증원주식회사,,NULL
180,환경부,(주)캐스텍코리아,2021,업체,산업,30596.0,553.0,한국표준협회,,071850
181,산업통상자원부,(주)케이에프엔티,2021,사업장,석유화학,19711.0,421.0,한국표준협회,,NULL
182,산업통상자원부,(주)케이원전자,2021,사업장,전기전자,22306.0,465.0,한국표준협회,,NULL
183,환경부,(주)케이이씨,2021,사업장,산업,53209.0,618.0,㈜디엔브이비즈니스어슈어런스코리아,,NULL
184,환경부,(주)케이조선,2021,업체,산업,29489.0,543.0,(재)한국품질재단,,067250
185,환경부,(주)케이티앤지,2021,업체,산업,109139.0,2184.0,(재)한국품질재단,,033780
186,환경부,(주)케이피켐텍,2021,사업장,산업,32188.0,719.0,(재)한국품질재단,,NULL
187,환경부,(주)코다코,2021,사업장,산업,40677.0,831.0,(재)한국품질재단,,046070
188,환경부,(주)코리아써키트,2021,업체,산업,109491.0,2221.0,(주)비에스아이그룹코리아,,007810
189,환경부,(주)코리아와이드경북고속,2021,업체,수송,19869.0,281.0,(주)한국경영인증원,,NULL
190,국토교통부,(주)코리아와이드포항,2021,사업장,교통(여객),22266.0,421.0,(주)한국경영인증원,,NULL
191,환경부,(주)코스틸,2021,업체,산업,46801.0,939.0,이큐에이㈜,,NULL
192,환경부,(주)클렌코,2021,사업장,폐기물,190007.0,169.0,한국표준협회,,NULL
193,산업통상자원부,(주)태상,2021,업체,기계,61401.0,1203.0,(주)한국경영인증원,,NULL
194,산업통상자원부,(주)태영열처리,2021,사업장,기계,15060.0,310.0,한국표준협회,,NULL
195,산업통상자원부,(주)태우,2021,사업장,비철금속,17064.0,331.0,한국가스안전공사,,NULL
196,환경부,(주)태웅,2021,업체,산업,155237.0,2866.0,(재)한국품질재단,,044490
197,환경부,(주)태평양금속,2021,사업장,산업,47651.0,963.0,이큐에이㈜,,NULL
198,환경부,(주)티씨씨스틸,2021,사업장,산업,34007.0,660.0,이큐에이㈜,,NULL
199,산업통상자원부,(주)티씨케이,2021,사업장,전기전자,33660.0,695.0,(재)한국품질재단,,064760
200,농림축산식품부,(주)파리크라상 성남공장,2021,사업장,식료품 제조업,21942.0,453.0,한국표준협회,,NULL
201,국토교통부,(주)평안운수,2021,사업장,교통(여객),15505.0,265.0,(주)한국경영인증원,,NULL
202,환경부,(주)포레스코,2021,사업장,산업,32494.0,778.0,한국표준협회,,NULL
203,산업통상자원부,(주)풍농장항공장,2021,사업장,석유화학,18060.0,351.0,이큐에이㈜,,NULL
204,환경부,(주)풍정주공,2021,사업장,산업,20524.0,385.0,한국표준협회,,NULL
205,산업통상자원부,(주)피엔디티,2021,사업장,자동차,17262.0,339.0,지속가능인증원주식회사,,NULL
206,산업통상자원부,(주)피제이메탈,2021,사업장,비철금속,23792.0,422.0,(재)한국품질재단,,128660
207,환경부,(주)필맥스,2021,사업장,산업,24921.0,510.0,㈜한국품질보증원,,NULL
208,환경부,(주)하림,2021,업체,산업,99442.0,2338.0,(재)한국품질재단,,136480
209,환경부,(주)한국알스트롬,2021,사업장,산업,49649.0,663.0,(재)한국품질재단,,NULL
210,농림축산식품부,(주)한국인삼공사 고려인삼창(부여공장),2021,사업장,식료품 제조업,18125.0,368.0,(주)한국경영인증원,,NULL
211,농림축산식품부,(주)한국인삼공사 고려인삼창(원주공장),2021,사업장,식료품 제조업,19099.0,389.0,(주)한국경영인증원,,NULL
212,환경부,(주)한국특강,2021,업체,산업,298973.0,5357.0,이큐에이㈜,,007280
213,산업통상자원부,(주)한금포항공장,2021,사업장,철강,19510.0,414.0,한국표준협회,,NULL
214,환경부,(주)한솔케미칼,2021,업체,산업,161618.0,3121.0,대일이엔씨기술(주),,014680
215,환경부,(주)한솔홈데코,2021,업체,산업,61769.0,2974.0,(주)한국경영인증원,,025750
216,산업통상자원부,(주)한양에스앤씨 함안지점,2021,사업장,자동차,12809.0,245.0,지속가능인증원주식회사,,NULL
217,산업통상자원부,(주)한영특수강,2021,사업장,철강,16731.0,336.0,한국표준협회,,NULL
218,국토교통부,(주)한익스프레스,2021,사업장,교통(화물),26090.0,412.0,한국표준협회,,014130
219,환경부,(주)한일고속,2021,업체,수송,82281.0,1136.0,(주)한국경영인증원,,NULL
220,환경부,(주)한주,2021,업체,전환,1247802.0,15952.0,㈜디엔브이비즈니스어슈어런스코리아,,NULL
221,환경부,(주)한진,2021,업체,수송,108796.0,1683.0,한국표준협회,,002320
222,환경부,(주)한창제지,2021,업체,산업,123139.0,1644.0,한국표준협회,,009460
223,환경부,(주)한화,2021,업체,산업,99766.0,1721.0,㈜디엔브이비즈니스어슈어런스코리아,,000880
224,환경부,(주)현대백화점,2021,업체,건물,166188.0,3467.0,한국표준협회,,069960
225,환경부,(주)현대엘앤씨,2021,사업장,산업,38225.0,776.0,한국표준협회,,NULL
226,환경부,(주)현대케피코,2021,사업장,산업,24237.0,501.0,한국생산성본부인증원(주),,NULL
227,국토교통부,(주)호텔신라,2021,사업장,건물,19300.0,393.0,한국표준협회,,008770
228,산업통상자원부,(주)화승알앤에이,2021,사업장,석유화학,19572.0,401.0,한국표준협회,,378850
229,환경부,(주)화승케미칼,2021,사업장,산업,29493.0,604.0,이큐에이㈜,,NULL
230,환경부,(합)경남여객,2021,업체,수송,40237.0,644.0,한국표준협회,,NULL
231,환경부,CJ대한통운(주),2021,업체,수송,228274.0,3979.0,(주)한국경영인증원,,000120
232,환경부,CJ제일제당(주),2021,업체,산업,426590.0,9806.0,(재)한국화학융합시험연구원,,097950
233,국토교통부,GS건설(주),2021,업체,건설,95088.0,1807.0,한국표준협회,,006360
234,환경부,GS파워,2021,업체,전환,2198430.0,42045.0,(재)한국품질재단,,NULL
235,환경부,HSD엔진(주),2021,사업장,산업,25770.0,465.0,㈜디엔브이비즈니스어슈어런스코리아,,NULL
236,환경부,JW 생명과학(주),2021,사업장,산업,28519.0,582.0,한국표준협회,,NULL
237,산업통상자원부,KPX 케미칼(주),2021,사업장,석유화학,21876.0,704.0,(주)한국경영인증원,,NULL
238,산업통상자원부,LB세미콘(주),2021,사업장,반도체,24435.0,507.0,한국표준협회,,061970
239,환경부,LX엠엠에이,2021,업체,산업,328403.0,3003.0,(주)한국경영인증원,,NULL
240,환경부,OCI SE 주식회사,2021,업체,전환,1320267.0,23603.0,㈜디엔브이비즈니스어슈어런스코리아,,NULL
241,산업통상자원부,S&T모티브(주),2021,사업장,자동차,17698.0,367.0,한국표준협회,,NULL
242,환경부,S-Oil(주),2021,업체,산업,10036497.0,130029.0,한국표준협회,,010950
243,환경부,SKbroadband(주),2021,업체,산업,370190.0,7694.0,㈜디엔브이비즈니스어슈어런스코리아,,NULL
244,국토교통부,SK네트웍스(주) 워커힐,2021,사업장,건물,21757.0,442.0,(주)비에스아이그룹코리아,,NULL
245,환경부,SK이노베이션(주),2021,업체,산업,20491.0,418.0,한국표준협회,,096770
246,환경부,SK인천석유화학(주),2021,업체,산업,1489495.0,41101.0,한국표준협회,,NULL
247,농림축산식품부,SY에너지(주),2021,사업장,목재 및 나무제품 제조업;가구제외,31034.0,1055.0,(재)한국품질재단,,NULL
248,산업통상자원부,Y&T파워텍(주),2021,사업장,자동차,14868.0,309.0,(주)비에스아이그룹코리아,,NULL
249,환경부,㈜토탈,2021,사업장,폐기물,59162.0,105.0,(재)한국품질재단,,NULL
250,산업통상자원부,가온전선주식회사,2021,사업장,전기전자,14963.0,303.0,(주)비에스아이그룹코리아,,000500
251,국토교통부,강남금융센터(주),2021,사업장,건물,16449.0,339.0,한국표준협회,,NULL
252,산업통상자원부,강남화성(주),2021,사업장,석유화학,17815.0,365.0,한국표준협회,,NULL
253,환경부,강릉시,2021,업체,폐기물,60230.0,250.0,(주)비에스아이그룹코리아,,NULL
254,국토교통부,강변테크노마트 주식회사,2021,사업장,건물,14996.0,311.0,대일이엔씨기술(주),,NULL
255,환경부,강원고속,2021,사업장,수송,14014.0,200.0,한국표준협회,,NULL
256,국토교통부,강원대학교 춘천캠퍼스,2021,사업장,건물,17812.0,368.0,한국표준협회,,NULL
257,국토교통부,강원여객자동차,2021,사업장,교통(여객),11586.0,170.0,한국표준협회,,NULL
258,환경부,거제시,2021,업체,폐기물,56826.0,491.0,(재)한국품질재단,,NULL
259,환경부,건국대학교,2021,사업장,건물,72691.0,1464.0,(재)한국품질재단,,NULL
260,환경부,경기도 광주시,2021,업체,수도사업,55226.0,914.0,㈜한국품질보증원,,NULL
261,환경부,경북대학교,2021,업체,건물,35680.0,737.0,㈜한국품질보증원,,NULL
262,환경부,경산시,2021,업체,지정외 폐기물처리업 등,60208.0,350.0,㈜한국품질보증원,,NULL
263,환경부,경산제지 주식회사,2021,업체,산업,107788.0,1033.0,한국표준협회,,NULL
266,환경부,경인환경에너지 주식회사,2021,사업장,폐기물,63100.0,166.0,이큐에이㈜,,NULL
267,국토교통부,경전여객자동차(주),2021,사업장,교통(여객),7873.0,112.0,한국표준협회,,NULL
268,환경부,경주시,2021,업체,폐기물,74694.0,603.0,㈜한국품질보증원,,NULL
269,환경부,경진여객운수(주),2021,사업장,수송,22013.0,357.0,(주)한국경영인증원,,NULL
270,산업통상자원부,경창산업(주) 본사,2021,사업장,자동차,17073.0,355.0,한국생산성본부인증원(주),,NULL
271,국토교통부,계명대학교동산의료원,2021,사업장,건물,21454.0,437.0,(주)한국경영인증원,,NULL
272,환경부,고려강선(주),2021,업체,산업,87940.0,1857.0,한국생산성본부인증원(주),,NULL
273,해양수산부,고려고속훼리(주),2021,사업장,교통(해운),21510.0,309.0,한국표준협회,,NULL
274,환경부,고려기초소재,2021,사업장,산업,25234.0,445.0,한국표준협회,,NULL
275,환경부,고려아연 주식회사,2021,업체,산업,3553283.0,50368.0,(재)한국품질재단,,010130
276,산업통상자원부,고려용접봉 주식회사 창원공장,2021,사업장,기계,19131.0,393.0,㈜한국품질보증원,,NULL
277,환경부,고려제강(주),2021,업체,산업,100518.0,2054.0,한국생산성본부인증원(주),,002240
278,산업통상자원부,고려특수선재(주),2021,사업장,철강,24615.0,513.0,한국생산성본부인증원(주),,NULL
279,산업통상자원부,고성그린파워 주식회사,2021,업체,발전에너지,7414927.0,80558.0,로이드인증원㈜,,NULL
280,환경부,고양시,2021,업체,폐기물,151912.0,1102.0,㈜한국품질보증원,,NULL
281,환경부,공항철도(주),2021,업체,수송,57356.0,1195.0,대일이엔씨기술(주),,NULL
282,환경부,광명시,2021,업체,폐기물,68379.0,316.0,㈜한국품질보증원,,NULL
283,국토교통부,광주과학기술원,2021,사업장,건물,22175.0,458.0,한국표준협회,,NULL
284,환경부,광주광역시,2021,업체,폐기물,187462.0,1553.0,(재)한국품질재단,,NULL
285,국토교통부,광주광역시도시철도공사,2021,사업장,교통(철도),18540.0,386.0,한국표준협회,,NULL
286,환경부,광진산업(주),2021,업체,산업,75022.0,223.0,한국생산성본부인증원(주),,NULL
287,환경부,구리시,2021,업체,폐기물,64211.0,705.0,㈜한국품질보증원,,NULL
288,환경부,구미시,2021,업체,폐기물,199382.0,1210.0,㈜한국품질보증원,,NULL
289,환경부,국도화학(주),2021,업체,산업,40980.0,1634.0,로이드인증원㈜,,007690
290,환경부,국립대학법인 서울대학교,2021,업체,건물,141334.0,2905.0,(재)한국품질재단,,NULL
291,국토교통부,국립암센터,2021,사업장,건물,20130.0,426.0,이큐에이㈜,,NULL
292,국토교통부,국방과학연구소,2021,사업장,건물,20056.0,413.0,(재)한국품질재단,,NULL
293,환경부,국일제지(주),2021,사업장,산업,43962.0,1133.0,이큐에이㈜,,078130
294,국토교통부,국회사무처,2021,사업장,건물,20989.0,442.0,한국표준협회,,NULL
295,환경부,군산시,2021,업체,폐기물,122989.0,541.0,㈜한국품질보증원,,NULL
296,환경부,군포시,2021,사업장,폐기물,42342.0,202.0,㈜한국품질보증원,,NULL
297,환경부,그린케미칼 주식회사,2021,사업장,산업,53766.0,1242.0,한국가스안전공사,,083420
298,산업통상자원부,금강공업(주) 음성 제2공장,2021,사업장,비철금속,19034.0,327.0,(주)한국경영인증원,,NULL
299,해양수산부,금진해운(주),2021,사업장,교통(해운),17764.0,246.0,㈜디엔브이비즈니스어슈어런스코리아,,NULL
300,환경부,금호고속(주),2021,업체,수송,5973.0,123.0,(주)한국경영인증원,,NULL
301,환경부,금호미쓰이화학 주식회사,2021,업체,산업,104461.0,1967.0,(재)한국품질재단,,NULL
302,환경부,금호석유화학 주식회사,2021,업체,산업,3445054.0,42721.0,한국표준협회,,011780
303,환경부,금호익스프레스 주식회사,2021,사업장,수송,83002.0,1193.0,(주)한국경영인증원,,NULL
304,환경부,금호타이어(주),2021,업체,산업,258334.0,5273.0,지속가능인증원주식회사,,073240
305,환경부,금호폴리켐주식회사,2021,업체,산업,325294.0,5500.0,(재)한국품질재단,,NULL
306,환경부,금호피앤비화학 주식회사,2021,업체,산업,959566.0,12608.0,한국표준협회,,NULL
307,환경부,기아(주),2021,업체,산업,730585.0,14913.0,로이드인증원㈜,,000270
308,환경부,김천시,2021,업체,폐기물,49185.0,302.0,㈜한국품질보증원,,NULL
309,환경부,김천에너지서비스주식회사,2021,업체,전환,676144.0,8156.0,한국표준협회,,NULL
310,환경부,김포시,2021,업체,폐기물,55150.0,688.0,한국표준협회,,NULL
311,환경부,김포운수(주),2021,사업장,수송,18898.0,350.0,(주)한국경영인증원,,NULL
312,환경부,김해시,2021,업체,폐기물,119627.0,1282.0,(재)한국품질재단,,NULL
313,환경부,깨끗한나라 주식회사,2021,업체,산업,348370.0,4667.0,(재)한국품질재단,,004540
314,환경부,나래에너지서비스 주식회사,2021,업체,전환,1814797.0,36160.0,(주)한국경영인증원,,NULL
315,환경부,나투라페이퍼 주식회사,2021,업체,산업,162595.0,1243.0,한국표준협회,,NULL
316,산업통상자원부,남강제지(주),2021,사업장,제지,29059.0,231.0,(재)한국품질재단,,NULL
317,환경부,남양금속주식회사,2021,업체,산업,67487.0,1261.0,(주)한국경영인증원,,NULL
318,환경부,남양유업(주),2021,업체,산업,84889.0,1970.0,한국표준협회,,003920
319,환경부,남양주시,2021,업체,지정외 폐기물처리업,79487.0,1059.0,(재)한국품질재단,,NULL
320,환경부,남해화학(주),2021,업체,산업,65613.0,917.0,대일이엔씨기술(주),,025860
321,산업통상자원부,내포그린에너지(주),2021,사업장,집단에너지,24498.0,526.0,대일이엔씨기술(주),,NULL
322,환경부,네이버 주식회사,2021,사업장,산업,78884.0,1646.0,한국표준협회,,NULL
323,환경부,네이처이앤티(주),2021,업체,폐기물,206349.0,358.0,(주)비에스아이그룹코리아,,NULL
324,산업통상자원부,네패스,2021,사업장,반도체,15542.0,321.0,(주)비에스아이그룹코리아,,033640
325,환경부,넥센타이어(주),2021,업체,산업,205464.0,4124.0,(주)한국경영인증원,,002350
326,환경부,노벨리스코리아 주식회사,2021,업체,산업,286981.0,5684.0,(주)한국경영인증원,,NULL
327,환경부,녹십자,2021,사업장,산업,68162.0,1618.0,(재)한국품질재단,,006280
328,국토교통부,농협은행(주),2021,업체,건물,95692.0,1443.0,한국표준협회,,NULL
329,환경부,능원금속공업 주식회사,2021,사업장,산업,25944.0,535.0,(주)한국경영인증원,,NULL
330,환경부,담우물산(주),2021,업체,산업,63372.0,201.0,(주)한국경영인증원,,NULL
331,환경부,당진시 자원순환센터,2021,사업장,지정외 폐기물처리업 등,14576.0,91.0,한국표준협회,,NULL
332,환경부,대구광역시,2021,업체,폐기물,604219.0,4788.0,㈜한국품질보증원,,NULL
333,환경부,대구그린파워(주),2021,업체,전환,902650.0,17964.0,이큐에이㈜,,NULL
334,환경부,대구도시철도공사,2021,업체,수송,100150.0,2089.0,(주)한국경영인증원,,NULL
335,환경부,대구염색산업단지관리공단,2021,업체,전환,691588.0,7794.0,이큐에이㈜,,NULL
336,환경부,대구텍 유한책임회사,2021,사업장,산업,,,한국표준협회,,NULL
337,환경부,대덕전자 주식회사,2021,업체,산업,142823.0,2917.0,한국표준협회,,353200
338,환경부,대동금속(주),2021,사업장,산업,42559.0,825.0,(주)한국경영인증원,,020400
339,환경부,대동산업주식회사,2021,업체,산업,24918.0,403.0,이큐에이㈜,,NULL
340,환경부,대상 주식회사,2021,업체,산업,525562.0,11194.0,(주)한국경영인증원,,001680
341,환경부,대성목재공업(주),2021,사업장,산업,30751.0,607.0,한국표준협회,,NULL
342,환경부,대성엠디아이(주),2021,업체,산업,172310.0,788.0,(주)한국경영인증원,,NULL
343,환경부,대성지엠텍(주),2021,업체,산업,129756.0,334.0,(주)한국경영인증원,,NULL
344,산업통상자원부,대신염직공업(주),2021,사업장,섬유,13870.0,291.0,이큐에이㈜,,NULL
345,환경부,대신정기화물자동차(주),2021,업체,수송,53198.0,757.0,(주)한국경영인증원,,NULL
346,산업통상자원부,대양금속(주),2021,사업장,기계,20013.0,397.0,(재)한국품질재단,,009190
347,환경부,대양제지공업(주),2021,업체,산업,58589.0,680.0,한국표준협회,,006580
348,산업통상자원부,대용산업 시흥 제2공장,2021,사업장,기계,17678.0,363.0,한국표준협회,,NULL
349,환경부,대우조선해양(주),2021,업체,산업,296766.0,5416.0,(재)한국품질재단,,NULL
350,환경부,대원강업(주),2021,사업장,산업,47680.0,966.0,로이드인증원㈜,,000430
351,환경부,대원그린에너지(주),2021,사업장,폐기물,56072.0,457.0,한국표준협회,,NULL
352,산업통상자원부,대원화성(주),2021,사업장,석유화학,17816.0,320.0,한국표준협회,,024890
353,환경부,대일개발 주식회사,2021,사업장,폐기물,54901.0,168.0,로이드인증원㈜,,NULL
354,환경부,대전광역시,2021,업체,폐기물,314720.0,3029.0,한국표준협회,,NULL
355,국토교통부,대전교통공사,2021,사업장,교통(철도),16981.0,353.0,(주)신화엔지니어링종합건축사사무소,,NULL
356,환경부,대전열병합발전주식회사,2021,업체,전환,171233.0,3360.0,한국표준협회,,NULL
357,산업통상자원부,대창단조(주),2021,사업장,기계,13870.0,287.0,이큐에이㈜,,015230
358,환경부,대창운수(주),2021,사업장,수송,21561.0,404.0,한국표준협회,,NULL
359,산업통상자원부,대한광통신 주식회사,2021,사업장,전기전자,15069.0,314.0,(주)한국경영인증원,,010170
360,환경부,대한방직(주),2021,사업장,산업,34431.0,518.0,한국표준협회,,001070
361,농림축산식품부,대한사료(주),2021,사업장,식료품 제조업,13332.0,272.0,대일이엔씨기술(주),,NULL
362,환경부,대한석탄공사,2021,사업장,산업,200128.0,791.0,한국생산성본부인증원(주),,NULL
363,산업통상자원부,대한소결금속(주),2021,사업장,자동차,21638.0,441.0,한국표준협회,,NULL
364,환경부,대한슬래그 주식회사,2021,사업장,산업,31916.0,580.0,한국표준협회,,NULL
365,환경부,대한시멘트주식회사,2021,사업장,산업,76546.0,1390.0,한국표준협회,,NULL
366,산업통상자원부,대한약품공업(주),2021,사업장,석유화학,17002.0,363.0,(주)한국경영인증원,,NULL
367,환경부,대한유화 주식회사,2021,업체,산업,1730375.0,35091.0,한국가스안전공사,,006650
368,환경부,대한전선 주식회사,2021,사업장,산업,38996.0,787.0,이큐에이㈜,,001440
369,환경부,대한제강(주),2021,업체,산업,403216.0,7179.0,한국표준협회,,084010
370,환경부,대한제당 주식회사,2021,업체,산업,73001.0,1456.0,(재)한국품질재단,,001790
371,농림축산식품부,대한제분(주),2021,사업장,식료품 제조업,21130.0,440.0,대일이엔씨기술(주),,001130
372,환경부,대한제지주식회사,2021,업체,산업,202977.0,2464.0,한국표준협회,,NULL
373,산업통상자원부,대한조선주식회사,2021,사업장,조선,22520.0,373.0,한국표준협회,,439260
374,산업통상자원부,대한특수금속(주),2021,사업장,철강,15370.0,277.0,이큐에이㈜,,NULL
375,환경부,대한항공,2021,업체,수송,388230.0,5915.0,㈜디엔브이비즈니스어슈어런스코리아,,003490
376,환경부,대한화섬(주),2021,업체,산업,49005.0,1094.0,한국표준협회,,003830
377,산업통상자원부,더블유스코프코리아(주) 1공장,2021,사업장,석유화학,15742.0,562.0,㈜한국품질보증원,,NULL
378,산업통상자원부,더블유스코프코리아(주) 2공장,2021,사업장,석유화학,19077.0,534.0,㈜한국품질보증원,,NULL
379,산업통상자원부,더블유씨피 주식회사,2021,사업장,전기전자,70591.0,1434.0,한국표준협회,,393890
380,환경부,데이원에너지 주식회사,2021,업체,전환,1303693.0,14137.0,한국표준협회,,NULL
381,산업통상자원부,덴소코리아 주식회사,2021,사업장,자동차,11913.0,242.0,이큐에이㈜,,047060
382,환경부,도레이배터리세퍼레이터필름 한국유한회사,2021,사업장,산업,119525.0,2431.0,한국표준협회,,NULL
383,산업통상자원부,도레이비에스에프코팅한국 유한회사,2021,업체,전기전자,106275.0,475.0,㈜디엔브이비즈니스어슈어런스코리아,,NULL
384,환경부,도레이첨단소재 주식회사,2021,업체,산업,691597.0,13918.0,(주)비에스아이그룹코리아,,NULL
385,환경부,도명특송(주),2021,사업장,수송,21298.0,303.0,한국표준협회,,NULL
386,환경부,동국산업(주),2021,사업장,산업,41422.0,823.0,한국표준협회,,005160
387,환경부,동국제강 주식회사,2021,업체,산업,1877157.0,32413.0,(재)한국품질재단,,460860
388,산업통상자원부,동남정밀 주식회사,2021,사업장,자동차,9887.0,204.0,한국표준협회,,NULL
389,환경부,동두천드림파워,2021,업체,전환,2277236.0,45315.0,대일이엔씨기술(주),,NULL
390,환경부,동두천시공공하수처리장,2021,사업장,폐기물,6706.0,113.0,(재)한국품질재단,,NULL
391,환경부,동서석유화학 주식회사,2021,업체,산업,412906.0,2379.0,로이드인증원㈜,,NULL
392,환경부,동서식품(주),2021,업체,산업,125973.0,2719.0,(재)한국품질재단,,NULL
393,산업통상자원부,동서페더럴모굴(주),2021,사업장,자동차,21345.0,441.0,(주)비에스아이그룹코리아,,NULL
394,국토교통부,동성교통(주),2021,사업장,교통(여객),15215.0,287.0,(주)한국경영인증원,,NULL
395,국토교통부,동성화물자동차(주),2021,사업장,교통(화물),16239.0,231.0,(주)한국경영인증원,,NULL
396,산업통상자원부,동성화학공업(주),2021,사업장,석유화학,17785.0,363.0,한국표준협회,,NULL
397,국토교통부,동아운수(주),2021,사업장,교통(여객),16863.0,317.0,(주)한국경영인증원,,NULL
398,산업통상자원부,동양산업(주) 성산지점,2021,사업장,자동차,15455.0,322.0,(주)한국경영인증원,,NULL
399,환경부,동양피스톤(주),2021,사업장,산업,25771.0,530.0,이큐에이㈜,,NULL
400,환경부,동우화인켐주식회사,2021,업체,산업,409925.0,6465.0,(재)한국품질재단,,NULL
401,환경부,동원로엑스(주),2021,사업장,수송,60644.0,974.0,한국표준협회,,NULL
402,환경부,동원시스템즈(주),2021,사업장,비철금속,278117.0,4887.0,(재)한국품질재단,,014820
403,환경부,동원페이퍼(주),2021,업체,산업,99991.0,1654.0,(재)한국화학융합시험연구원,,NULL
404,산업통상자원부,동은단조(주) 밀양공장,2021,사업장,자동차,20772.0,431.0,㈜한국품질보증원,,NULL
405,산업통상자원부,동은단조(주) 부산공장,2021,사업장,기계,14605.0,302.0,㈜한국품질보증원,,NULL
406,환경부,동일산업주식회사,2021,업체,산업,292082.0,3483.0,한국표준협회,,004890
407,산업통상자원부,동일알루미늄(주),2021,사업장,비철금속,20124.0,417.0,한국표준협회,,NULL
408,산업통상자원부,동일제강(주),2021,사업장,철강,23167.0,439.0,한국표준협회,,002690
409,환경부,동일팩키지(주)진주공장,2021,사업장,산업,48628.0,421.0,(재)한국품질재단,,NULL
410,환경부,동화기업(주),2021,업체,산업,117179.0,2304.0,한국표준협회,,025900
411,산업통상자원부,동화지앤피 주식회사,2021,사업장,유리,19572.0,304.0,(주)한국경영인증원,,NULL
412,환경부,동희오토(주),2021,사업장,산업,31706.0,640.0,(주)한국경영인증원,,NULL
413,산업통상자원부,두산메카텍 주식회사,2021,사업장,기계,12571.0,218.0,(주)한국경영인증원,,NULL
414,환경부,두산에너빌리티(주),2021,업체,산업,200301.0,3837.0,(재)한국품질재단,,034020
415,환경부,두원중공업(주),2021,사업장,산업,28023.0,578.0,(주)신화엔지니어링종합건축사사무소,,NULL
416,환경부,디아이지에어가스 주식회사,2021,업체,산업,828720.0,17265.0,㈜한국품질보증원,,NULL
417,환경부,디에스파워 주식회사,2021,업체,전환,1066341.0,21265.0,이큐에이㈜,,NULL
418,환경부,디엘 주식회사,2021,업체,산업,2062.0,42.0,한국가스안전공사,,NULL
419,환경부,디엘모터스(주),2021,사업장,산업,53424.0,1094.0,(주)한국경영인증원,,NULL
420,환경부,디엘에프엔씨 주식회사,2021,사업장,산업,22406.0,464.0,한국가스안전공사,,NULL
421,국토교통부,디엘이앤씨(주),2021,업체,건설,49944.0,944.0,한국표준협회,,NULL
422,환경부,디엘케미칼 주식회사,2021,업체,산업,267675.0,4899.0,한국가스안전공사,,NULL
423,산업통상자원부,디케이동신(주),2021,사업장,철강,28513.0,510.0,한국표준협회,,NULL
424,국토교통부,람정제주개발 주식회사,2021,사업장,건물,34388.0,679.0,(주)한국경영인증원,,NULL
425,국토교통부,롯데글로벌로지스(주),2021,사업장,교통(화물),54121.0,1045.0,한국표준협회,,NULL
426,환경부,롯데네슬레코리아(주),2021,사업장,산업,32269.0,630.0,(재)한국품질재단,,NULL
427,환경부,롯데물산(주),2021,사업장,건물,35817.0,741.0,이큐에이㈜,,NULL
428,환경부,롯데베르살리스엘라스토머스(주),2021,업체,산업,155989.0,2816.0,한국표준협회,,NULL
429,환경부,롯데쇼핑 주식회사,2021,업체,건물,679969.0,13542.0,한국표준협회,,023530
430,환경부,롯데알미늄 주식회사,2021,업체,산업,72329.0,1408.0,(재)한국품질재단,,NULL
431,환경부,롯데엠시시 주식회사,2021,업체,산업,332670.0,2693.0,한국표준협회,,NULL
432,환경부,롯데이네오스화학 주식회사,2021,업체,산업,252233.0,3675.0,한국표준협회,,NULL
433,환경부,롯데정밀화학 주식회사,2021,업체,산업,687673.0,15975.0,로이드인증원㈜,,004000
434,환경부,롯데정보통신(주),2021,사업장,산업,93362.0,1947.0,한국표준협회,,NULL
435,환경부,롯데제과 주식회사,2021,업체,산업,238376.0,4801.0,(주)한국경영인증원,,NULL
436,환경부,롯데칠성음료 주식회사,2021,업체,산업,162748.0,3131.0,(주)한국경영인증원,,005300
437,국토교통부,롯데컬처웍스(주),2021,업체,건물,48476.0,962.0,한국표준협회,,NULL
438,환경부,롯데케미칼 주식회사,2021,업체,산업,7059734.0,125886.0,(재)한국품질재단,,011170
439,환경부,롯데푸드(주),2021,업체,산업,114086.0,2250.0,(주)한국경영인증원,,002270
440,환경부,르노코리아자동차(주),2021,업체,산업,73264.0,1528.0,(주)한국경영인증원,,NULL
441,환경부,린데코리아 주식회사,2021,업체,산업,796453.0,16199.0,(재)한국품질재단,,NULL
442,환경부,만호제강(주),2021,사업장,산업,42608.0,870.0,한국표준협회,,001080
443,환경부,맑은누리파크,2021,업체,지정외 폐기물처리업,93671.0,532.0,한국산업기술시험원,,NULL
444,환경부,매그나칩반도체(유),2021,업체,산업,144287.0,1328.0,(주)비에스아이그룹코리아,,NULL
445,환경부,매일유업(주),2021,업체,산업,120934.0,2330.0,(주)한국경영인증원,,267980
446,환경부,명성운수(주),2021,사업장,수송,20822.0,334.0,이큐에이㈜,,NULL
447,산업통상자원부,명화공업(주) 아산공장,2021,사업장,자동차,26789.0,544.0,한국표준협회,,NULL
448,환경부,목포시,2021,업체,폐기물,67078.0,372.0,이큐에이㈜,,NULL
449,환경부,무림에스피(주),2021,업체,산업,48449.0,979.0,한국표준협회,,NULL
450,환경부,무림파워텍 주식회사,2021,업체,전환,191170.0,2958.0,한국표준협회,,NULL
451,환경부,무림페이퍼(주),2021,업체,산업,212197.0,4358.0,한국표준협회,,009200
452,환경부,무림피앤피(주),2021,업체,산업,244396.0,13793.0,한국표준협회,,NULL
453,환경부,문경시 하수도사업소,2021,사업장,폐기물,9737.0,141.0,(재)한국화학융합시험연구원,,NULL
454,국토교통부,문화방송,2021,사업장,건물,16633.0,361.0,(주)한국경영인증원,,NULL
455,산업통상자원부,미래나노텍(주),2021,사업장,전기전자,21744.0,443.0,(주)한국경영인증원,,095500
456,산업통상자원부,미쓰이케미칼앤드에스케이씨폴리우레탄 주식회사,2021,사업장,석유화학,23789.0,533.0,한국표준협회,,NULL
457,산업통상자원부,미원상사(주) 전주2공장,2021,사업장,석유화학,23671.0,450.0,대일이엔씨기술(주),,NULL
458,환경부,미원스페셜티케미칼(주)충주공장,2021,사업장,산업,59468.0,1348.0,이큐에이㈜,,NULL
459,환경부,바스프퍼포먼스폴리아마이드코리아 주식회사,2021,업체,산업,82643.0,1844.0,한국표준협회,,NULL
460,환경부,백광산업 주식회사,2021,업체,산업,208823.0,4193.0,한국표준협회,,NULL
461,환경부,버슘머트리얼즈피엠코리아,2021,사업장,산업,28280.0,590.0,로이드인증원㈜,,NULL
462,국토교통부,범일운수,2021,사업장,교통(여객),16695.0,314.0,(주)한국경영인증원,,NULL
463,환경부,베올리아워터코리아대산(주),2021,업체,공공·기타,79389.0,1653.0,(주)한국경영인증원,,NULL
464,환경부,별내에너지 주식회사,2021,업체,전환,184048.0,3648.0,한국표준협회,,NULL
465,환경부,보령시 생활폐기물처리장,2021,사업장,폐기물,51013.0,311.0,(재)한국품질재단,,NULL
466,환경부,보령엘엔지터미널 주식회사,2021,사업장,전환,49489.0,1002.0,㈜한국품질보증원,,NULL
467,국토교통부,보영운수(주),2021,사업장,교통(여객),15714.0,264.0,한국표준협회,,NULL
468,산업통상자원부,볼보그룹코리아(주),2021,사업장,기계,21141.0,413.0,한국표준협회,,NULL
469,환경부,부산광역시,2021,업체,폐기물,865313.0,9808.0,지속가능인증원주식회사,,NULL
470,국토교통부,부산교통(주),2021,사업장,교통(여객),13102.0,189.0,한국표준협회,,NULL
471,환경부,부산교통공사,2021,업체,수송,163780.0,3418.0,(재)한국품질재단,,NULL
472,국토교통부,부산대학교,2021,사업장,건물,24381.0,508.0,㈜한국품질보증원,,NULL
473,국토교통부,부산대학교병원,2021,사업장,건물,18305.0,378.0,한국표준협회,,NULL
474,환경부,부산정관에너지(주),2021,사업장,전환,73917.0,1466.0,(주)신화엔지니어링종합건축사사무소,,NULL
475,환경부,부산주공(주),2021,업체,산업,96841.0,1821.0,㈜한국품질보증원,,005030
476,환경부,부산패션칼라산업협동조합,2021,업체,전환,143153.0,2051.0,이큐에이㈜,,NULL
477,환경부,부천시,2021,업체,폐기물,150815.0,1537.0,㈜한국품질보증원,,NULL
478,국토교통부,북부운수(주),2021,사업장,교통(여객),14191.0,268.0,(주)한국경영인증원,,NULL
479,농림축산식품부,브리티쉬아메리칸토바코코리아제조(주),2021,사업장,담배제조업,22734.0,469.0,한국표준협회,,NULL
480,환경부,브이피에이치메탈 유한회사,2021,사업장,산업,34100.0,630.0,㈜한국품질보증원,,NULL
481,환경부,비노텍 주식회사,2021,사업장,폐기물,92199.0,66.0,이큐에이㈜,,NULL
482,환경부,비를라카본코리아(주),2021,업체,산업,130409.0,476.0,㈜디엔브이비즈니스어슈어런스코리아,,NULL
483,산업통상자원부,비테스코테크놀로지스코리아 주식회사,2021,사업장,자동차,15655.0,321.0,(주)한국경영인증원,,NULL
484,환경부,사회복지법인 삼성생명공익재단,2021,업체,건물,86504.0,1771.0,(재)한국품질재단,,NULL
485,산업통상자원부,삼강에스앤씨(주),2021,사업장,조선,24773.0,398.0,(재)한국품질재단,,NULL
486,산업통상자원부,삼강엠앤티,2021,사업장,조선,21299.0,377.0,한국표준협회,,NULL
487,환경부,삼남석유화학주식회사,2021,업체,산업,195838.0,2624.0,한국표준협회,,NULL
488,환경부,삼목에스폼(주),2021,사업장,산업,44991.0,817.0,한국표준협회,,018310
489,산업통상자원부,삼미금속(주),2021,사업장,철강,18407.0,375.0,한국표준협회,,012210
490,환경부,삼보산업 주식회사,2021,사업장,산업,48535.0,748.0,한국표준협회,,009620
491,환경부,삼성디스플레이 주식회사,2021,업체,산업,4675858.0,71875.0,(주)비에스아이그룹코리아,,NULL
492,환경부,삼성물산 주식회사,2021,업체,산업,85736.0,1830.0,(주)한국경영인증원,,000830
493,환경부,삼성바이오로직스 주식회사,2021,사업장,산업,130867.0,2678.0,대일이엔씨기술(주),,207940
494,국토교통부,삼성생명보험 주식회사,2021,업체,건물,62086.0,889.0,(재)한국품질재단,,NULL
495,환경부,삼성에스디아이 주식회사,2021,업체,산업,587846.0,12182.0,한국표준협회,,NULL
496,환경부,삼성에스디에스(주),2021,업체,산업,101882.0,2117.0,(주)한국경영인증원,,018260
497,환경부,삼성전기 주식회사,2021,업체,산업,458723.0,9568.0,(주)비에스아이그룹코리아,,009150
498,환경부,삼성전자 주식회사,2021,업체,산업,14494447.0,200500.0,(재)한국품질재단,,005930
499,환경부,삼성중공업 주식회사,2021,업체,산업,370768.0,6509.0,한국표준협회,,010140
500,환경부,삼성코닝어드밴스드글라스 유한회사,2021,사업장,산업,40849.0,834.0,로이드인증원㈜,,NULL
501,산업통상자원부,삼신정밀(주),2021,사업장,자동차,23177.0,477.0,한국표준협회,,NULL
502,산업통상자원부,삼아알미늄주식회사,2021,사업장,비철금속,19453.0,398.0,한국표준협회,,006110
503,환경부,삼양식품(주) 원주공장,2021,사업장,산업,49583.0,1061.0,(주)비에스아이그룹코리아,,NULL
504,환경부,삼양이노켐 주식회사,2021,업체,산업,116119.0,1672.0,한국표준협회,,NULL
505,산업통상자원부,삼양통상(주),2021,사업장,섬유,13533.0,274.0,이큐에이㈜,,002170
506,환경부,삼양화성주식회사,2021,업체,산업,94450.0,2318.0,한국표준협회,,NULL
507,산업통상자원부,삼양화인테크놀로지(주),2021,사업장,석유화학,21973.0,348.0,한국표준협회,,NULL
508,산업통상자원부,삼영산업,2021,사업장,요업,32577.0,594.0,이큐에이㈜,,NULL
509,환경부,삼영운수(주),2021,사업장,수송,27081.0,467.0,한국표준협회,,NULL
510,환경부,삼영전자공업(주),2021,업체,산업,124612.0,2680.0,한국산업기술시험원,,005680
511,환경부,삼영화학공업(주),2021,사업장,산업,31827.0,653.0,한국표준협회,,NULL
512,산업통상자원부,삼우중공업 주식회사,2021,사업장,조선,13514.0,215.0,(주)한국경영인증원,,NULL
513,환경부,삼정펄프(주),2021,업체,산업,145995.0,1362.0,(주)비에스아이그룹코리아,,009770
514,환경부,삼표시멘트,2021,업체,산업,5912105.0,33733.0,(재)한국품질재단,,038500
515,환경부,삼표자원개발주식회사,2021,사업장,산업,29238.0,542.0,(재)한국품질재단,,NULL
516,해양수산부,삼표해운주식회사,2021,업체,교통(해운),71985.0,987.0,(재)한국품질재단,,NULL
517,산업통상자원부,삼호제강주식회사,2021,사업장,철강,19227.0,385.0,이큐에이㈜,,NULL
518,산업통상자원부,삼화왕관(주),2021,사업장,기계,17841.0,362.0,한국표준협회,,004450
519,환경부,삼화제지(주),2021,사업장,산업,23220.0,781.0,한국표준협회,,NULL
520,산업통상자원부,삼화콘덴서공업(주),2021,사업장,전기전자,22981.0,479.0,한국표준협회,,001820
521,환경부,삼흥열처리,2021,사업장,산업,28185.0,580.0,이큐에이㈜,,NULL
522,해양수산부,상지해운(주),2021,사업장,교통(해운),20342.0,279.0,㈜디엔브이비즈니스어슈어런스코리아,,NULL
523,산업통상자원부,새론오토모티브(주),2021,사업장,자동차,21933.0,347.0,이큐에이㈜,,075180
524,국토교통부,새한특수(주),2021,사업장,교통(화물),16847.0,239.0,한국표준협회,,NULL
525,환경부,생고뱅이소바코리아 주식회사,2021,사업장,산업,36613.0,723.0,이큐에이㈜,,NULL
526,환경부,서산시 공공하수처리장,2021,사업장,하수처리업,16981.0,165.0,한국표준협회,,NULL
527,농림축산식품부,서안주정(주),2021,사업장,음료제조업,8235.0,273.0,한국표준협회,,NULL
528,농림축산식품부,서영주정(주),2021,사업장,음료제조업,21571.0,426.0,(재)한국품질재단,,NULL
529,환경부,서울교통공사,2021,업체,수송,642327.0,13408.0,대일이엔씨기술(주),,NULL
530,국토교통부,서울교통네트웍(주),2021,사업장,교통(여객),14491.0,273.0,(주)한국경영인증원,,NULL
531,환경부,서울대학교병원,2021,업체,건물,91756.0,1910.0,한국표준협회,,NULL
532,환경부,서울바이오시스(주),2021,사업장,산업,76153.0,1501.0,로이드인증원㈜,,092190
533,산업통상자원부,서울반도체,2021,사업장,반도체,9273.0,193.0,로이드인증원㈜,,046890
534,환경부,서울시메트로 9호선(주),2021,사업장,수송,45248.0,943.0,이큐에이㈜,,NULL
535,환경부,서울에너지공사,2021,업체,전환,277589.0,5529.0,한국표준협회,,NULL
536,농림축산식품부,서울우유협동조합,2021,업체,식료품 제조업,70000.0,1434.0,한국표준협회,,NULL
537,환경부,서울특별시,2021,업체,폐기물,1517172.0,12837.0,(재)한국품질재단,,NULL
538,환경부,서울특별시농수산식품공사,2021,사업장,건물,63707.0,1326.0,(주)한국경영인증원,,NULL
539,국토교통부,서울파이낸스센터(주),2021,사업장,건물,10874.0,224.0,한국생산성본부인증원(주),,NULL
540,산업통상자원부,서진산업(주) 경주공장,2021,사업장,자동차,17553.0,342.0,한국표준협회,,NULL
541,환경부,서한이앤피주식회사,2021,업체,산업,57643.0,1145.0,이큐에이㈜,,NULL
542,환경부,서해그린환경(주),2021,사업장,폐기물,23128.0,82.0,(재)한국품질재단,,NULL
543,산업통상자원부,선도화학(주),2021,사업장,석유화학,22549.0,470.0,한국가스안전공사,,NULL
544,환경부,선진버스(주),2021,사업장,수송,17348.0,315.0,(주)한국경영인증원,,NULL
545,환경부,성남시,2021,업체,폐기물,255574.0,1548.0,㈜한국품질보증원,,NULL
546,환경부,성남시내버스(주),2021,사업장,수송,29526.0,538.0,㈜한국품질보증원,,NULL
547,환경부,성림유화 주식회사,2021,업체,폐기물,223083.0,154.0,로이드인증원㈜,,NULL
548,산업통상자원부,성보공업(주),2021,사업장,철강,21694.0,422.0,한국표준협회,,NULL
549,환경부,성신씨엠 주식회사,2021,사업장,산업,26733.0,545.0,한국표준협회,,NULL
550,환경부,성신양회(주),2021,업체,산업,4948818.0,27795.0,한국표준협회,,004980
551,환경부,성안합섬(주),2021,업체,산업,71101.0,1455.0,이큐에이㈜,,NULL
552,산업통상자원부,성일요업주식회사,2021,사업장,요업,18779.0,353.0,한국표준협회,,NULL
553,환경부,성창보드(주),2021,사업장,산업,32368.0,660.0,㈜한국품질보증원,,NULL
554,환경부,성훈엔지니어링주식회사,2021,사업장,산업,40483.0,806.0,한국가스안전공사,,NULL
555,산업통상자원부,세메스(주),2021,사업장,기계,33825.0,608.0,한국표준협회,,NULL
556,환경부,세방(주),2021,사업장,수송,29289.0,459.0,(주)한국경영인증원,,004360
557,환경부,세방전지(주),2021,업체,산업,137550.0,2841.0,이큐에이㈜,,004490
558,환경부,세종시 수질복원센터A,2021,사업장,하수처리업,49879.0,577.0,(재)한국품질재단,,NULL
559,환경부,세하(주),2021,업체,산업,157368.0,1849.0,이큐에이㈜,,NULL
560,산업통상자원부,세화금속공업(주) 다산공장,2021,사업장,철강,13746.0,254.0,이큐에이㈜,,NULL
561,환경부,셀트리온,2021,사업장,산업,54615.0,1117.0,(주)한국경영인증원,,068270
562,환경부,셰플러코리아 유한책임회사,2021,업체,산업,95959.0,1992.0,로이드인증원㈜,,NULL
563,환경부,소신여객자동차(주),2021,사업장,수송,20730.0,388.0,한국표준협회,,NULL
564,환경부,속초시 환경자원사업소,2021,사업장,지정외 폐기물처리업,19236.0,337.0,(주)한국경영인증원,,NULL
565,산업통상자원부,솔베이실리카코리아(주),2021,사업장,석유화학,38189.0,830.0,이큐에이㈜,,NULL
566,환경부,솔브레인에스엘디 주식회사,2021,사업장,산업,56909.0,1116.0,한국표준협회,,NULL
567,환경부,송원산업(주),2021,업체,산업,161905.0,3224.0,한국표준협회,,004430
568,환경부,송학제지(주),2021,사업장,산업,37142.0,466.0,이큐에이㈜,,NULL
569,환경부,수도권매립지관리공사,2021,업체,폐기물,1594044.0,4693.0,한국산업기술시험원,,NULL
570,환경부,수완에너지 주식회사,2021,업체,전환,171322.0,3401.0,(주)한국경영인증원,,NULL
571,환경부,수원시,2021,업체,폐기물,185611.0,1576.0,㈜한국품질보증원,,NULL
572,국토교통부,수원애경역사 주식회사,2021,사업장,건물,14789.0,305.0,한국표준협회,,NULL
573,환경부,수원여객운수(주),2021,사업장,수송,33198.0,627.0,한국표준협회,,NULL
574,국토교통부,수협노량진수산 주식회사,2021,사업장,건물,16392.0,342.0,(주)한국경영인증원,,NULL
575,환경부,순천시,2021,업체,폐기물,75917.0,477.0,한국산업기술시험원,,NULL
576,산업통상자원부,스미토모세이카폴리머스코리아(주),2021,사업장,석유화학,42689.0,1534.0,한국표준협회,,NULL
577,환경부,스테코(주),2021,사업장,산업,41914.0,872.0,한국표준협회,,NULL
578,환경부,스템코(주),2021,사업장,산업,54850.0,1198.0,(주)한국경영인증원,,NULL
579,환경부,시그네틱스(주),2021,사업장,산업,41264.0,854.0,(주)한국경영인증원,,033170
580,환경부,시흥시,2021,업체,폐기물,112490.0,1109.0,(재)한국품질재단,,NULL
581,환경부,신대양제지(주),2021,업체,산업,210095.0,1800.0,한국표준협회,,016590
582,환경부,신대양제지반월(주),2021,업체,산업,102511.0,872.0,한국표준협회,,NULL
583,환경부,신대일페이퍼 주식회사,2021,업체,산업,87848.0,376.0,이큐에이㈜,,NULL
584,환경부,신대한정유산업 주식회사,2021,사업장,폐기물,103266.0,271.0,(주)한국경영인증원,,NULL
585,국토교통부,신도림테크노마트 주식회사,2021,사업장,건물,14115.0,292.0,(주)한국경영인증원,,NULL
586,환경부,신분당선(주),2021,사업장,수송,26060.0,544.0,(주)한국경영인증원,,NULL
587,국토교통부,신성교통(주),2021,사업장,교통(여객),18314.0,322.0,대일이엔씨기술(주),,NULL
588,국토교통부,신안종합리조트(주),2021,사업장,건물,14010.0,280.0,(주)한국경영인증원,,NULL
589,환경부,신창제지공업주식회사,2021,사업장,산업,27409.0,559.0,한국표준협회,,NULL
590,산업통상자원부,신평택발전(주),2021,업체,발전에너지,2012607.0,40065.0,한국표준협회,,NULL
591,산업통상자원부,신한방직 주식회사,2021,사업장,섬유,9679.0,201.0,이큐에이㈜,,NULL
592,산업통상자원부,신한중공업(주),2021,사업장,조선,9245.0,151.0,㈜한국품질보증원,,NULL
593,산업통상자원부,신화인터텍(주),2021,사업장,전기전자,16785.0,342.0,한국표준협회,,056700
594,산업통상자원부,쌍용기초소재(주),2021,사업장,시멘트,22253.0,403.0,한국표준협회,,NULL
595,환경부,쌍용머티리얼(주),2021,사업장,산업,47345.0,960.0,(재)한국품질재단,,NULL
596,환경부,쌍용씨앤이(주),2021,업체,산업,10610902.0,61361.0,한국표준협회,,003410
597,환경부,쌍용자동차(주),2021,업체,산업,96890.0,1950.0,㈜한국품질보증원,,NULL
598,환경부,씨엔씨티에너지 주식회사,2021,사업장,전환,47459.0,946.0,로이드인증원㈜,,NULL
599,환경부,씨월드고속훼리(주),2021,업체,수송,83932.0,1181.0,(주)한국경영인증원,,NULL
600,국토교통부,씨제이씨지브이(주),2021,업체,건물,60684.0,1210.0,(주)한국경영인증원,,NULL
601,환경부,씨지앤율촌전력 주식회사,2021,업체,전환,2622763.0,51204.0,㈜한국품질보증원,,NULL
602,산업통상자원부,아름일렉트로닉스 주식회사,2021,사업장,전기전자,13161.0,273.0,(주)한국경영인증원,,NULL
603,환경부,아반스트레이트코리아 주식회사,2021,업체,산업,30176.0,607.0,㈜한국품질보증원,,NULL
604,산업통상자원부,아비코테크 주식회사,2021,사업장,전기전자,10891.0,226.0,(주)한국경영인증원,,NULL
605,환경부,아산시,2021,사업장,폐기물,96393.0,914.0,㈜한국품질보증원,,NULL
606,환경부,아세아시멘트 주식회사,2021,업체,산업,2374957.0,12234.0,한국표준협회,,183190
607,환경부,아세아제지(주),2021,업체,산업,502240.0,4447.0,한국표준협회,,002310
608,환경부,아시아나항공,2021,업체,수송,307634.0,4517.0,로이드인증원㈜,,020560
609,환경부,아주대학교의료원,2021,사업장,건물,29403.0,601.0,한국생산성본부인증원(주),,NULL
610,환경부,안동시 공공하수처리장,2021,사업장,폐기물,15916.0,180.0,(재)한국품질재단,,NULL
611,산업통상자원부,안산도시개발(주),2021,사업장,집단에너지,23741.0,591.0,(재)한국품질재단,,NULL
612,환경부,안산시,2021,업체,폐기물,119657.0,1457.0,㈜한국품질보증원,,NULL
613,환경부,안양시,2021,업체,폐기물,110467.0,1101.0,㈜한국품질보증원,,NULL
614,환경부,애경케미칼(주),2021,업체,산업,164957.0,1702.0,한국표준협회,,161000
615,환경부,앰코테크놀로지코리아(주),2021,업체,산업,289065.0,5905.0,(주)비에스아이그룹코리아,,NULL
616,국토교통부,양산부산대학교병원,2021,사업장,건물,23457.0,484.0,한국산업기술시험원,,NULL
617,환경부,양산시,2021,업체,폐기물,99988.0,803.0,㈜한국품질보증원,,NULL
618,환경부,양주시,2021,업체,폐기물,74304.0,792.0,㈜한국품질보증원,,NULL
619,환경부,에너원(주),2021,업체,전환,40018.0,460.0,(주)한국경영인증원,,NULL
620,산업통상자원부,에스앤티중공업 주식회사,2021,사업장,자동차,13828.0,269.0,한국표준협회,,NULL
621,산업통상자원부,에스에스엘엠 주식회사,2021,사업장,전기전자,24170.0,494.0,한국표준협회,,NULL
622,환경부,에스엔에프코리아(주) 울산공장,2021,사업장,산업,33499.0,777.0,이큐에이㈜,,NULL
623,산업통상자원부,에스엘 주식회사,2021,업체,전기전자,49817.0,1032.0,(재)한국품질재단,,005850
624,환경부,에스지씨솔루션 주식회사,2021,업체,산업,165774.0,2712.0,(재)한국품질재단,,NULL
625,환경부,에스지씨에너지 주식회사,2021,업체,산업,2220543.0,42975.0,㈜디엔브이비즈니스어슈어런스코리아,,NULL
626,환경부,에스케이 주식회사,2021,사업장,산업,86103.0,1791.0,한국표준협회,,003600
627,산업통상자원부,에스케이가스(주),2021,사업장,발전에너지,20965.0,376.0,(재)한국품질재단,,018670
628,환경부,에스케이넥실리스 주식회사,2021,사업장,산업,211448.0,4401.0,(주)한국경영인증원,,NULL
629,환경부,에스케이루브리컨츠 주식회사,2021,업체,산업,143018.0,4777.0,한국표준협회,,NULL
630,환경부,에스케이머티리얼즈에어플러스 주식회사,2021,업체,산업,443899.0,9281.0,한국표준협회,,NULL
631,환경부,에스케이멀티유틸리티 주식회사,2021,업체,전환,358057.0,4270.0,(재)한국품질재단,,NULL
632,환경부,에스케이스페셜티 주식회사,2021,업체,산업,255819.0,5303.0,한국가스안전공사,,NULL
633,환경부,에스케이실트론 주식회사,2021,업체,산업,394863.0,8242.0,로이드인증원㈜,,NULL
634,환경부,에스케이씨 주식회사,2021,업체,산업,189622.0,3887.0,한국표준협회,,NULL
635,환경부,에스케이씨하이테크앤마케팅(주),2021,사업장,산업,39345.0,722.0,(재)한국품질재단,,NULL
636,환경부,에스케이아이이테크놀로지주식회사,2021,업체,산업,124966.0,2561.0,한국표준협회,,361610
637,환경부,에스케이어드밴스드주식회사,2021,업체,산업,687887.0,12880.0,한국표준협회,,NULL
638,환경부,에스케이에너지 주식회사,2021,업체,산업,6704092.0,73746.0,한국표준협회,,NULL
639,환경부,에스케이에코프라임 주식회사,2021,사업장,산업,39770.0,677.0,(재)한국품질재단,,NULL
640,환경부,에스케이온 주식회사,2021,업체,산업,168412.0,3482.0,한국표준협회,,NULL
641,환경부,에스케이이엔에스 주식회사,2021,업체,전환,2876784.0,57207.0,(주)한국경영인증원,,NULL
642,환경부,에스케이지오센트릭 주식회사,2021,업체,산업,2560008.0,58377.0,한국표준협회,,NULL
643,환경부,에스케이케미칼(주),2021,업체,산업,296162.0,5754.0,(재)한국품질재단,,285130
644,환경부,에스케이텔레콤 주식회사,2021,업체,산업,1051380.0,21932.0,㈜디엔브이비즈니스어슈어런스코리아,,017670
645,환경부,에스케이피아이씨글로벌 주식회사,2021,업체,산업,635929.0,10292.0,한국표준협회,,NULL
646,환경부,에스케이하이닉스 시스템아이씨(주),2021,업체,산업,208463.0,3856.0,(주)비에스아이그룹코리아,,NULL
647,환경부,에스케이하이닉스 주식회사,2021,업체,산업,4521594.0,87061.0,(주)비에스아이그룹코리아,,000660
648,산업통상자원부,에스티엠 주식회사,2021,사업장,전기전자,53267.0,1085.0,한국표준협회,,NULL
649,환경부,에스폼(주),2021,사업장,산업,1.0,0.0,한국표준협회,,NULL
650,환경부,에스피엘(주),2021,사업장,산업,27379.0,641.0,(주)비에스아이그룹코리아,,NULL
651,환경부,에어리퀴드코리아 주식회사,2021,업체,산업,243206.0,3181.0,로이드인증원㈜,,NULL
652,환경부,에어부산(주),2021,업체,수송,217656.0,3122.0,한국표준협회,,298690
653,환경부,에어프로덕츠코리아 주식회사,2021,업체,산업,795380.0,16485.0,로이드인증원㈜,,NULL
654,환경부,에이에스이코리아주식회사,2021,업체,산업,97067.0,2008.0,(재)한국품질재단,,NULL
655,산업통상자원부,에이지씨디스플레이글라스오창주식회사,2021,사업장,유리,17457.0,364.0,㈜디엔브이비즈니스어슈어런스코리아,,NULL
656,환경부,에이지씨화인테크노한국주식회사,2021,업체,산업,210502.0,4243.0,㈜디엔브이비즈니스어슈어런스코리아,,NULL
657,국토교통부,에이치디씨리조트(주),2021,사업장,건물,13188.0,268.0,한국표준협회,,NULL
658,국토교통부,에이치디씨아이파크몰 주식회사,2021,사업장,건물,17307.0,357.0,(재)한국화학융합시험연구원,,NULL
659,산업통상자원부,에이치디씨현대이피 주식회사,2021,사업장,석유화학,23885.0,458.0,한국표준협회,,NULL
660,환경부,에이치에스지성동조선주식회사,2021,업체,산업,23040.0,426.0,한국표준협회,,NULL
661,산업통상자원부,에코플라스틱(주)1공장,2021,사업장,자동차,17044.0,352.0,(재)한국품질재단,,NULL
662,환경부,엘앤에프,2021,사업장,산업,92047.0,1858.0,(재)한국품질재단,,066970
663,환경부,엘에스니꼬 동제련 주식회사,2021,업체,산업,536219.0,8664.0,한국표준협회,,NULL
664,산업통상자원부,엘에스메탈 주식회사,2021,사업장,비철금속,21400.0,444.0,(주)한국경영인증원,,NULL
665,산업통상자원부,엘에스일렉트릭(주) 청주사업장,2021,사업장,전기전자,22586.0,469.0,(주)한국경영인증원,,NULL
666,환경부,엘에스전선 주식회사,2021,업체,산업,126625.0,2530.0,㈜한국품질보증원,,NULL
667,환경부,엘지디스플레이(주),2021,업체,산업,4783715.0,60927.0,이큐에이㈜,,034220
668,환경부,엘지유플러스(주),2021,업체,산업,1398814.0,29214.0,한국표준협회,,032640
669,환경부,엘지이노텍 주식회사,2021,업체,산업,325816.0,6917.0,(주)비에스아이그룹코리아,,011070
670,환경부,엘지전자 주식회사,2021,업체,산업,407528.0,7389.0,㈜디엔브이비즈니스어슈어런스코리아,,066570
671,환경부,엠이엠씨코리아주식회사,2021,업체,산업,113160.0,2362.0,(주)신화엔지니어링종합건축사사무소,,NULL
672,환경부,여수시,2021,업체,지정외 폐기물처리업 등,77044.0,702.0,한국산업기술시험원,,NULL
673,환경부,여천엔씨씨 주식회사,2021,업체,산업,4222990.0,84268.0,(재)한국품질재단,,NULL
674,국토교통부,영남대학교,2021,사업장,건물,14768.0,303.0,㈜한국품질보증원,,NULL
675,산업통상자원부,영보화학(주),2021,사업장,석유화학,13978.0,265.0,(주)한국경영인증원,,014440
676,산업통상자원부,영신금속공업(주),2021,사업장,기계,16512.0,340.0,(재)한국품질재단,,NULL
677,국토교통부,영특수츄레라(주),2021,사업장,교통(화물),12452.0,177.0,대일이엔씨기술(주),,NULL
678,환경부,영풍전자(주),2021,사업장,산업,100869.0,2007.0,(주)한국경영인증원,,NULL
679,환경부,영풍제지(주),2021,업체,산업,115395.0,1091.0,한국표준협회,,NULL
680,환경부,영화금속(주),2021,업체,산업,95331.0,1408.0,한국표준협회,,012280
681,환경부,오뚜기라면 주식회사,2021,사업장,산업,39873.0,801.0,(주)비에스아이그룹코리아,,NULL
682,환경부,오리온엔지니어드카본즈코리아 주식회사,2021,업체,산업,518121.0,1687.0,㈜디엔브이비즈니스어슈어런스코리아,,NULL
683,환경부,오비맥주(주),2021,업체,산업,90396.0,1841.0,(주)한국경영인증원,,NULL
684,환경부,오산시 환경사업소,2021,사업장,하수처리업,21789.0,306.0,㈜한국품질보증원,,NULL
685,환경부,오씨아이 주식회사,2021,업체,산업,1309200.0,18160.0,㈜디엔브이비즈니스어슈어런스코리아,,NULL
686,농림축산식품부,오케이에프음료(주),2021,사업장,음료제조업,18002.0,333.0,한국표준협회,,NULL
687,환경부,온세미컨덕터코리아(주),2021,업체,산업,159518.0,2183.0,(주)비에스아이그룹코리아,,NULL
688,환경부,와이케이스틸 주식회사,2021,업체,산업,320847.0,6048.0,한국표준협회,,NULL
689,환경부,용남고속(주),2021,사업장,수송,23738.0,412.0,(주)한국경영인증원,,NULL
690,환경부,용산화학(주),2021,업체,산업,108703.0,907.0,한국가스안전공사,,NULL
691,환경부,용인시,2021,업체,폐기물,183465.0,2072.0,㈜한국품질보증원,,NULL
692,산업통상자원부,우지막코리아(주),2021,사업장,요업,16477.0,333.0,한국표준협회,,NULL
693,환경부,우진환경개발(주),2021,사업장,폐기물,65017.0,791.0,㈜한국품질보증원,,NULL
694,환경부,울산과학기술원,2021,사업장,건물,34395.0,715.0,한국표준협회,,NULL
695,환경부,울산광역시,2021,업체,폐기물,323923.0,2820.0,㈜한국품질보증원,,NULL
696,환경부,울산아로마틱스(주),2021,업체,산업,420845.0,9981.0,㈜디엔브이비즈니스어슈어런스코리아,,NULL
697,환경부,울산알루미늄 주식회사,2021,업체,산업,160710.0,3263.0,(주)한국경영인증원,,NULL
698,환경부,웅진에너지 주식회사,2021,업체,산업,49196.0,1027.0,한국표준협회,,103130
699,환경부,원주시,2021,업체,폐기물,62102.0,704.0,(재)한국화학융합시험연구원,,NULL
700,환경부,유니드,2021,업체,산업,351589.0,9781.0,로이드인증원㈜,,014830
701,산업통상자원부,유성기업(주) 영동공장,2021,사업장,자동차,15673.0,322.0,(주)비에스아이그룹코리아,,NULL
702,환경부,유한킴벌리 주식회사,2021,업체,산업,216390.0,3958.0,(재)한국품질재단,,NULL
703,환경부,유한회사 스태츠칩팩코리아,2021,업체,산업,80136.0,1668.0,(주)신화엔지니어링종합건축사사무소,,NULL
704,산업통상자원부,유한회사클라리오스델코제1공장,2021,사업장,전기전자,23620.0,486.0,(주)한국경영인증원,,NULL
705,산업통상자원부,유한회사클라리오스델코제2공장,2021,사업장,전기전자,24463.0,510.0,(주)한국경영인증원,,NULL
706,환경부,율촌화학(주),2021,사업장,산업,99514.0,1846.0,한국가스안전공사,,008730
707,국토교통부,의료법인 길의료재단,2021,사업장,건물,22731.0,466.0,(재)한국화학융합시험연구원,,NULL
708,환경부,의정부시,2021,업체,폐기물,74860.0,788.0,㈜한국품질보증원,,NULL
709,산업통상자원부,이건에너지(주),2021,사업장,산업단지,15020.0,2367.0,㈜한국품질보증원,,NULL
710,환경부,이구산업(주),2021,사업장,산업,33795.0,700.0,한국생산성본부인증원(주),,025820
711,환경부,이누스 주식회사,2021,사업장,산업,60933.0,1119.0,한국표준협회,,NULL
712,산업통상자원부,이래에이엠에스 주식회사,2021,사업장,자동차,21430.0,442.0,㈜한국품질보증원,,NULL
713,환경부,이스트만화이버코리아 주식회사,2021,업체,산업,55264.0,922.0,(주)한국경영인증원,,NULL
714,환경부,이천시,2021,업체,폐기물,111332.0,617.0,이큐에이㈜,,NULL
715,환경부,익산시,2021,업체,폐기물,88299.0,608.0,㈜한국품질보증원,,NULL
716,환경부,인그리디언코리아 유한회사,2021,업체,산업,140102.0,2666.0,(재)한국품질재단,,NULL
717,환경부,인천공항에너지,2021,업체,전환,229460.0,4550.0,㈜한국품질보증원,,NULL
718,환경부,인천광역시,2021,업체,폐기물,415230.0,4791.0,(재)한국품질재단,,NULL
719,환경부,인천교통공사,2021,업체,수송,108860.0,2247.0,한국표준협회,,NULL
720,환경부,인천국제공항공사,2021,업체,건물,196985.0,3918.0,한국표준협회,,NULL
721,환경부,인천종합에너지(주),2021,업체,전환,382327.0,7578.0,㈜디엔브이비즈니스어슈어런스코리아,,NULL
722,환경부,인터지스(주),2021,사업장,수송,35322.0,521.0,(주)한국경영인증원,,129260
723,농림축산식품부,일산실업(주) 칠서에탄올공장,2021,사업장,음료제조업,9184.0,366.0,한국표준협회,,NULL
724,해양수산부,일신로지스틱스주식회사,2021,사업장,교통(해운),16980.0,248.0,㈜디엔브이비즈니스어슈어런스코리아,,NULL
725,환경부,일신방직(주),2021,업체,산업,53148.0,1112.0,한국표준협회,,003200
726,환경부,일진디스플레이(주),2021,사업장,산업,25567.0,532.0,한국표준협회,,NULL
727,환경부,일진머티리얼즈 주식회사,2021,업체,산업,112770.0,2424.0,㈜디엔브이비즈니스어슈어런스코리아,,NULL
728,환경부,일진제강(주),2021,사업장,산업,60027.0,1215.0,한국표준협회,,NULL
729,환경부,재단법인 대구경북과학기술원,2021,사업장,건물,28529.0,590.0,한국표준협회,,NULL
730,환경부,재단법인 아산사회복지재단,2021,업체,건물,95034.0,1939.0,한국표준협회,,NULL
731,환경부,재원산업,2021,사업장,산업,34624.0,735.0,(재)한국품질재단,,NULL
732,환경부,전기초자코리아(주),2021,업체,산업,148795.0,3008.0,한국표준협회,,NULL
733,환경부,전남대학교,2021,업체,건물,35308.0,717.0,한국표준협회,,NULL
734,산업통상자원부,전방(주),2021,업체,섬유,45205.0,984.0,이큐에이㈜,,000950
735,환경부,전북대학교,2021,사업장,건물,33225.0,694.0,이큐에이㈜,,NULL
736,국토교통부,전북대학교병원,2021,사업장,건물,21688.0,443.0,(재)한국화학융합시험연구원,,NULL
737,환경부,전북집단에너지 주식회사,2021,업체,전환,198546.0,2441.0,한국표준협회,,NULL
738,환경부,전주시,2021,업체,폐기물,191012.0,1838.0,㈜한국품질보증원,,NULL
739,국토교통부,전차연물류(주),2021,사업장,교통(화물),21388.0,304.0,㈜한국품질보증원,,NULL
740,환경부,제이비 주식회사 청수에너지,2021,사업장,전환,28730.0,682.0,(재)한국품질재단,,NULL
741,환경부,제이셋스태츠칩팩코리아(유),2021,사업장,산업,69472.0,1447.0,(주)신화엔지니어링종합건축사사무소,,NULL
742,환경부,제주특별자치도,2021,업체,폐기물,390097.0,3448.0,한국표준협회,,NULL
743,환경부,제주특별자치도개발공사,2021,사업장,산업,32054.0,657.0,한국표준협회,,NULL
744,환경부,제주항공(주),2021,업체,수송,306835.0,4396.0,(재)한국화학융합시험연구원,,089590
745,환경부,제천시,2021,업체,폐기물,46476.0,334.0,한국표준협회,,NULL
746,산업통상자원부,조선내화(주),2021,사업장,요업,18537.0,367.0,(재)한국품질재단,,462520
747,국토교통부,조선대학교,2021,사업장,건물,14612.0,300.0,한국생산성본부인증원(주),,NULL
748,환경부,조일알미늄 주식회사,2021,업체,산업,89611.0,1812.0,(재)한국품질재단,,018470
749,산업통상자원부,주성엔지니어링(주),2021,사업장,기계,3095.0,64.0,(재)한국품질재단,,036930
750,환경부,주식회사 고려시멘트,2021,업체,산업,587708.0,3608.0,한국표준협회,,003660
751,환경부,주식회사 고려제지,2021,업체,산업,151314.0,2360.0,(주)한국경영인증원,,NULL
752,국토교통부,주식회사 남성버스,2021,사업장,교통(여객),17209.0,323.0,(주)한국경영인증원,,NULL
753,산업통상자원부,주식회사 녹수 고덕공장,2021,사업장,석유화학,19725.0,393.0,한국표준협회,,NULL
754,산업통상자원부,주식회사 녹수 봉산공장,2021,사업장,석유화학,15335.0,314.0,한국표준협회,,NULL
755,환경부,주식회사 농심,2021,업체,산업,176034.0,3490.0,한국표준협회,,004370
756,환경부,주식회사 뉴그린,2021,사업장,폐기물,119914.0,155.0,이큐에이㈜,,NULL
757,환경부,주식회사 대륜발전,2021,업체,전환,477560.0,9489.0,한국표준협회,,NULL
758,산업통상자원부,주식회사 대보세라믹스,2021,사업장,요업,17297.0,296.0,한국표준협회,,NULL
759,환경부,주식회사 대유글로벌,2021,사업장,산업,32810.0,672.0,(재)한국품질재단,,NULL
760,환경부,주식회사 대창,2021,사업장,산업,39235.0,807.0,한국가스안전공사,,012800
761,환경부,주식회사 대한세라믹스,2021,사업장,산업,45870.0,852.0,이큐에이㈜,,NULL
762,환경부,주식회사 대호에이엘,2021,사업장,산업,29337.0,592.0,(주)한국경영인증원,,069460
763,환경부,주식회사 더블유티씨서울,2021,업체,건물,55818.0,1153.0,(주)한국경영인증원,,NULL
764,환경부,주식회사 덕양,2021,업체,산업,196112.0,985.0,(재)한국품질재단,,NULL
765,환경부,주식회사 덕양에너젠,2021,사업장,석유화학,29468.0,603.0,한국산업기술시험원,,0001A0
766,산업통상자원부,주식회사 덕양케미칼,2021,업체,석유화학,221686.0,1675.0,(재)한국품질재단,,NULL
767,환경부,주식회사 동성케미컬,2021,사업장,산업,45802.0,669.0,한국생산성본부인증원(주),,102260
768,산업통상자원부,주식회사 동아,2021,사업장,기계,21261.0,440.0,한국표준협회,,NULL
769,환경부,주식회사 디비메탈,2021,업체,산업,745316.0,8083.0,(재)한국품질재단,,NULL
770,환경부,주식회사 디비하이텍,2021,업체,산업,284400.0,3768.0,(주)비에스아이그룹코리아,,NULL
771,산업통상자원부,주식회사 디티알 오토모티브,2021,사업장,전기전자,22789.0,471.0,한국표준협회,,NULL
772,산업통상자원부,주식회사 메타즈,2021,사업장,기계,16910.0,348.0,㈜한국품질보증원,,NULL
773,환경부,주식회사 명성환경,2021,업체,폐기물,28.0,251.0,이큐에이㈜,,NULL
774,산업통상자원부,주식회사 명신 군산공장,2021,사업장,자동차,11040.0,229.0,(주)한국경영인증원,,NULL
775,환경부,주식회사 범우,2021,업체,폐기물,95322.0,83.0,한국표준협회,,NULL
776,환경부,주식회사 베어링아트,2021,사업장,산업,58809.0,37428072.0,한국표준협회,,NULL
777,환경부,주식회사 삼기,2021,사업장,산업,62887.0,1203.0,이큐에이㈜,,122350
778,환경부,주식회사 삼보광업,2021,업체,산업,149709.0,390.0,한국생산성본부인증원(주),,NULL
779,환경부,주식회사 삼양사,2021,업체,산업,292151.0,6252.0,한국표준협회,,145990
780,환경부,주식회사 삼양패키징,2021,업체,산업,144577.0,2986.0,한국표준협회,,272550
781,산업통상자원부,주식회사 세아베스틸,2021,업체,철강,1270834.0,20285.0,한국표준협회,,NULL
782,환경부,주식회사 세아베스틸지주,2021,업체,산업,441.0,9.0,한국표준협회,,001430
783,환경부,주식회사 세아창원특수강,2021,업체,산업,528433.0,9473.0,한국표준협회,,NULL
784,환경부,주식회사 세진메탈,2021,사업장,산업,40220.0,651.0,(주)한국경영인증원,,NULL
785,환경부,주식회사 소노인터내셔널,2021,사업장,건물,121782.0,2446.0,(주)한국경영인증원,,NULL
786,환경부,주식회사 수석,2021,사업장,산업,45869.0,776.0,(주)한국경영인증원,,NULL
787,환경부,주식회사 스타필드고양,2021,사업장,건물,25375.0,563.0,㈜한국품질보증원,,NULL
788,환경부,주식회사 스타필드하남,2021,사업장,건물,23561.0,492.0,㈜한국품질보증원,,NULL
789,환경부,주식회사 심텍,2021,업체,산업,101910.0,2070.0,㈜디엔브이비즈니스어슈어런스코리아,,222800
790,환경부,주식회사 심팩인더스트리,2021,업체,산업,110009.0,1884.0,(재)한국품질재단,,005350
791,산업통상자원부,주식회사 아이유제지,2021,사업장,제지,13506.0,250.0,(주)한국경영인증원,,NULL
792,환경부,주식회사 알테크노메탈,2021,사업장,산업,53964.0,889.0,이큐에이㈜,,NULL
793,산업통상자원부,주식회사 알트론김제공장,2021,사업장,자동차,14028.0,271.0,지속가능인증원주식회사,,NULL
794,환경부,주식회사 알트론전주,2021,사업장,산업,26277.0,505.0,지속가능인증원주식회사,,NULL
795,환경부,주식회사 에너지네트웍,2021,업체,폐기물,161670.0,433.0,이큐에이㈜,,NULL
796,환경부,주식회사 에스알,2021,업체,수송,160188.0,3349.0,(주)비에스아이그룹코리아,,NULL
797,환경부,주식회사 에스에프에이반도체,2021,사업장,산업,37317.0,761.0,(주)신화엔지니어링종합건축사사무소,,NULL
798,환경부,주식회사 에스엔엔씨,2021,업체,산업,1530838.0,16301.0,(재)한국품질재단,,NULL
799,환경부,주식회사 에스피씨삼립,2021,사업장,산업,87940.0,1788.0,(주)비에스아이그룹코리아,,NULL
800,환경부,주식회사 에스피에스엔에이,2021,사업장,산업,44084.0,900.0,(재)한국품질재단,,NULL
801,환경부,주식회사 에쓰큐씨,2021,업체,산업,113006.0,678.0,(주)신화엔지니어링종합건축사사무소,,NULL
802,환경부,주식회사 에어퍼스트,2021,업체,산업,572030.0,11721.0,한국가스안전공사,,NULL
803,산업통상자원부,주식회사 에이팩트,2021,사업장,전기전자,18605.0,388.0,한국표준협회,,200470
804,환경부,주식회사 에코비트에너지명성,2021,사업장,폐기물,39932.0,136.0,이큐에이㈜,,NULL
805,환경부,주식회사 에코비트에너지울산,2021,업체,전환,83279.0,989.0,한국표준협회,,NULL
806,산업통상자원부,주식회사 에코프로지이엠,2021,사업장,전기전자,29582.0,603.0,한국표준협회,,NULL
807,산업통상자원부,주식회사 엘비루셈,2021,사업장,반도체,20455.0,425.0,(재)한국품질재단,,376190
808,환경부,주식회사 엘엑스하우시스,2021,업체,산업,131279.0,2501.0,㈜디엔브이비즈니스어슈어런스코리아,,NULL
809,환경부,주식회사 엘지에너지솔루션,2021,업체,산업,301282.0,6574.0,(재)한국품질재단,,373220
810,환경부,주식회사 엘지화학,2021,업체,산업,9018983.0,169092.0,(재)한국품질재단,,051910
811,환경부,주식회사 영풍,2021,업체,산업,1201539.0,19211.0,(재)한국품질재단,,000670
812,환경부,주식회사 영흥산업환경,2021,사업장,폐기물,45561.0,145.0,㈜한국품질보증원,,NULL
813,산업통상자원부,주식회사 윈팩,2021,사업장,반도체,26448.0,549.0,한국표준협회,,097800
814,환경부,주식회사 유니큰,2021,업체,폐기물,104984.0,617.0,한국산업기술시험원,,NULL
815,환경부,주식회사 이랜드리테일,2021,업체,건물,157958.0,3255.0,한국표준협회,,NULL
816,환경부,주식회사 이엠케이승경,2021,사업장,폐기물,48539.0,170.0,(주)한국경영인증원,,NULL
817,환경부,주식회사 전주원파워,2021,업체,전환,50546.0,5828.0,한국표준협회,,NULL
818,환경부,주식회사 전주페이퍼,2021,업체,산업,517281.0,9111.0,한국표준협회,,NULL
819,환경부,주식회사 정선라임,2021,업체,산업,95857.0,331.0,한국표준협회,,NULL
820,환경부,주식회사 지알엠,2021,업체,산업,89374.0,1037.0,한국표준협회,,NULL
821,환경부,주식회사 지에스이앤알,2021,업체,전환,2101054.0,24261.0,이큐에이㈜,,NULL
822,산업통상자원부,주식회사 지에스포천그린에너지,2021,업체,산업단지,985961.0,11496.0,㈜디엔브이비즈니스어슈어런스코리아,,NULL
823,환경부,주식회사 진로발효,2021,사업장,산업,30553.0,755.0,(재)한국품질재단,,018120
824,환경부,주식회사 진에어,2021,업체,수송,294326.0,4212.0,한국표준협회,,272450
825,환경부,주식회사 징크옥사이드코퍼레이션,2021,업체,산업,83180.0,835.0,한국표준협회,,NULL
826,환경부,주식회사 카프로,2021,업체,산업,862826.0,7399.0,(재)한국품질재단,,006380
827,환경부,주식회사 케이씨씨글라스,2021,업체,산업,678641.0,8874.0,(재)한국품질재단,,344820
828,환경부,주식회사 케이씨씨실리콘,2021,사업장,산업,121871.0,1857.0,(재)한국품질재단,,NULL
829,환경부,주식회사 케이티,2021,업체,산업,1072375.0,22162.0,㈜한국품질보증원,,030200
830,환경부,주식회사 케이티클라우드,2021,업체,산업,271574.0,5666.0,㈜한국품질보증원,,NULL
831,환경부,주식회사 케이피에프,2021,사업장,산업,53174.0,1096.0,한국표준협회,,024880
832,산업통상자원부,주식회사 켐트로닉스,2021,사업장,디스플레이,19882.0,414.0,한국표준협회,,089010
833,환경부,주식회사 코리아에어텍,2021,사업장,산업,64407.0,1344.0,이큐에이㈜,,NULL
834,환경부,주식회사 코엔텍,2021,업체,폐기물,341979.0,268.0,한국표준협회,,029960
835,환경부,주식회사 키파운드리,2021,업체,산업,384693.0,3859.0,(주)비에스아이그룹코리아,,NULL
836,환경부,주식회사 태경비케이,2021,업체,산업,532541.0,2165.0,이큐에이㈜,,014580
837,환경부,주식회사 태영이엠씨,2021,업체,산업,143810.0,785.0,한국표준협회,,NULL
838,환경부,주식회사 티웨이항공,2021,업체,수송,237752.0,3407.0,(재)한국화학융합시험연구원,,091810
839,환경부,주식회사 파라다이스세가사미,2021,사업장,건물,27192.0,567.0,한국표준협회,,NULL
840,환경부,주식회사 팜한농,2021,업체,산업,197368.0,1433.0,한국표준협회,,NULL
841,환경부,주식회사 포스코,2021,업체,산업,78483858.0,398283.0,(재)한국품질재단,,NULL
842,환경부,주식회사 포스코모빌리티솔루션,2021,사업장,산업,58778.0,1201.0,㈜디엔브이비즈니스어슈어런스코리아,,NULL
843,환경부,주식회사 포스코케미칼,2021,업체,산업,2441598.0,15971.0,(재)한국품질재단,,NULL
844,산업통상자원부,주식회사 포트로닉스천안,2021,사업장,전기전자,15976.0,328.0,이큐에이㈜,,NULL
845,환경부,주식회사 풍산,2021,업체,산업,230310.0,4756.0,한국표준협회,,103140
846,산업통상자원부,주식회사 피에스엠,2021,사업장,기계,29361.0,554.0,한국표준협회,,NULL
847,환경부,주식회사 피엔알,2021,업체,폐기물,152920.0,1802.0,(재)한국품질재단,,NULL
848,환경부,주식회사 피엠씨텍,2021,업체,산업,95558.0,1601.0,(재)한국품질재단,,NULL
849,국토교통부,주식회사 하나은행,2021,업체,건물,63623.0,946.0,한국표준협회,,002860
850,환경부,주식회사 호텔롯데,2021,업체,건물,138062.0,2812.0,(주)한국경영인증원,,NULL
851,환경부,주식회사 효성,2021,업체,산업,33364.0,683.0,㈜디엔브이비즈니스어슈어런스코리아,,004800
852,환경부,주식회사 후성,2021,업체,산업,215324.0,882.0,한국가스안전공사,,093370
853,환경부,주식회사 휴스틸,2021,사업장,산업,31119.0,635.0,(주)신화엔지니어링종합건축사사무소,,005010
854,국토교통부,주식회사경기상운,2021,사업장,교통(여객),16744.0,289.0,(주)한국경영인증원,,NULL
855,국토교통부,주식회사금강고속,2021,사업장,교통(여객),21769.0,313.0,한국표준협회,,NULL
856,국토교통부,주식회사한양고속,2021,사업장,교통(여객),9569.0,136.0,㈜한국품질보증원,,NULL
857,국토교통부,중소기업은행,2021,업체,건물,56797.0,815.0,한국표준협회,,NULL
858,국토교통부,중앙대학교,2021,사업장,건물,17706.0,365.0,한국표준협회,,NULL
859,산업통상자원부,지에스에코메탈 주식회사,2021,사업장,비철금속,18950.0,262.0,대일이엔씨기술(주),,NULL
860,환경부,지에스이피에스,2021,업체,전환,3166693.0,73277.0,한국표준협회,,NULL
861,환경부,지에스칼텍스 주식회사,2021,업체,산업,8456147.0,116029.0,(재)한국품질재단,,NULL
862,국토교통부,지엠테크니컬센터코리아,2021,사업장,건물,17841.0,364.0,한국표준협회,,NULL
863,환경부,진양특수강(주),2021,사업장,산업,36503.0,729.0,한국표준협회,,NULL
864,산업통상자원부,진영산업(주),2021,사업장,기계,8223.0,171.0,한국표준협회,,NULL
865,환경부,진영페이퍼 주식회사,2021,업체,산업,91491.0,884.0,이큐에이㈜,,NULL
866,환경부,진주시,2021,업체,폐기물,112641.0,582.0,한국산업기술시험원,,NULL
867,환경부,진천음성광역폐기물처리장,2021,사업장,지정외 폐기물처리업,23414.0,171.0,한국표준협회,,NULL
868,환경부,창원시,2021,업체,폐기물,264382.0,2523.0,㈜한국품질보증원,,NULL
869,환경부,천안시,2021,업체,폐기물,177210.0,1637.0,㈜한국품질보증원,,NULL
870,국토교통부,천일정기화물자동차(주),2021,사업장,수송,22085.0,320.0,한국표준협회,,NULL
871,환경부,천일제지(주),2021,업체,산업,63443.0,1182.0,이큐에이㈜,,NULL
872,환경부,청주시,2021,업체,폐기물,200382.0,1830.0,(재)한국화학융합시험연구원,,NULL
873,환경부,초당환경(유),2021,사업장,폐기물,33181.0,69.0,(재)한국품질재단,,NULL
874,환경부,춘천시,2021,업체,폐기물,141726.0,715.0,(재)한국화학융합시험연구원,,NULL
875,환경부,춘천에너지 주식회사,2021,업체,전환,1038958.0,20714.0,한국표준협회,,NULL
876,환경부,충남대학교,2021,사업장,건물,27327.0,561.0,로이드인증원㈜,,NULL
877,국토교통부,충남대학교병원,2021,사업장,건물,21653.0,447.0,한국표준협회,,NULL
878,국토교통부,충북대학교,2021,사업장,건물,17841.0,346.0,한국표준협회,,NULL
879,환경부,충주시,2021,업체,폐기물,85521.0,698.0,(재)한국품질재단,,NULL
880,산업통상자원부,컬러스앤이펙츠코리아(주),2021,사업장,석유화학,19154.0,596.0,(재)한국품질재단,,NULL
881,환경부,케이씨글라스(주),2021,사업장,산업,32977.0,525.0,(주)신화엔지니어링종합건축사사무소,,NULL
882,환경부,케이씨씨,2021,업체,산업,577066.0,10727.0,(재)한국품질재단,,002380
883,환경부,케이씨주식회사,2021,업체,산업,170879.0,2477.0,한국표준협회,,029460
884,환경부,케이씨환경서비스 주식회사,2021,업체,폐기물,256402.0,1851.0,(재)한국품질재단,,NULL
885,환경부,케이알에너지(주),2021,업체,전환,42070.0,450.0,한국표준협회,,NULL
886,환경부,케이알코폴리머 유한회사,2021,사업장,산업,31145.0,421.0,(주)한국경영인증원,,NULL
887,산업통상자원부,케이에이에프 주식회사,2021,사업장,섬유,18894.0,341.0,한국표준협회,,NULL
888,환경부,케이엠씨해운 주식회사,2021,업체,수송,44437.0,612.0,㈜디엔브이비즈니스어슈어런스코리아,,NULL
889,환경부,케이오씨(주),2021,업체,산업,48642.0,1202.0,(주)한국경영인증원,,NULL
890,환경부,케이지스틸 주식회사,2021,업체,산업,401326.0,8550.0,(재)한국품질재단,,NULL
891,환경부,케이지이티에스 주식회사,2021,업체,폐기물,1686.0,30.0,로이드인증원㈜,,NULL
892,산업통상자원부,케이지케미칼 주식회사,2021,사업장,석유화학,25396.0,425.0,이큐에이㈜,,NULL
893,산업통상자원부,코넥,2021,사업장,자동차,28411.0,562.0,(주)한국경영인증원,,NULL
894,환경부,코닝정밀소재 주식회사,2021,업체,산업,571914.0,11517.0,로이드인증원㈜,,NULL
895,환경부,코리아PTG(주),2021,업체,산업,123425.0,1029.0,(재)한국품질재단,,NULL
896,산업통상자원부,코리아니켈(주),2021,사업장,비철금속,6793.0,101.0,한국표준협회,,NULL
897,환경부,코스모신소재(주),2021,사업장,산업,48252.0,886.0,한국표준협회,,005070
898,환경부,코스모화학,2021,업체,산업,96411.0,1756.0,한국표준협회,,005420
899,환경부,코스포영남파워 주식회사,2021,업체,전환,975583.0,19415.0,한국표준협회,,NULL
900,환경부,코어엔텍 주식회사,2021,업체,폐기물,296149.0,1452.0,로이드인증원㈜,,NULL
901,산업통상자원부,코오롱글로텍(주) 구미공장,2021,사업장,섬유,14778.0,289.0,한국표준협회,,NULL
902,산업통상자원부,코오롱바스프이노폼 주식회사,2021,업체,석유화학,110114.0,1628.0,한국표준협회,,NULL
903,환경부,코오롱인더스트리 주식회사,2021,업체,산업,682618.0,12211.0,한국표준협회,,NULL
904,환경부,코오롱플라스틱(주),2021,업체,산업,176836.0,2191.0,한국표준협회,,NULL
905,농림축산식품부,코카콜라음료(주) 여주공장,2021,사업장,음료제조업,19943.0,409.0,(재)한국품질재단,,NULL
906,환경부,크나우프석고보드 주식회사,2021,업체,산업,116964.0,2331.0,(재)한국품질재단,,NULL
907,산업통상자원부,타타대우상용차 주식회사,2021,사업장,자동차,19153.0,360.0,한국생산성본부인증원(주),,NULL
908,환경부,태경산업(주),2021,업체,산업,89966.0,1222.0,이큐에이㈜,,015890
909,환경부,태광산업 주식회사,2021,업체,산업,1097863.0,16296.0,한국표준협회,,003240
910,환경부,태림페이퍼주식회사,2021,업체,산업,363117.0,6200.0,(재)한국화학융합시험연구원,,019300
911,환경부,태백시 환경자원센터,2021,사업장,지정외 폐기물처리업 등,9987.0,169.0,한국표준협회,,NULL
912,환경부,태봉광업 주식회사,2021,업체,산업,273070.0,695.0,(주)비에스아이그룹코리아,,NULL
913,산업통상자원부,태양금속공업(주),2021,사업장,기계,19999.0,413.0,(주)한국경영인증원,,004100
914,환경부,태영세라믹(주),2021,사업장,산업,28259.0,525.0,한국표준협회,,NULL
915,산업통상자원부,태원물산(주) 울산공장,2021,사업장,시멘트,14276.0,208.0,한국표준협회,,NULL
916,국토교통부,태화상운(주),2021,사업장,교통(여객),2736.0,48.0,한국표준협회,,NULL
917,환경부,통영시 환경자원화센터,2021,사업장,폐기물,33618.0,312.0,(재)한국품질재단,,NULL
918,산업통상자원부,티케이지에코머티리얼 주식회사,2021,사업장,섬유,12586.0,332.0,(재)한국품질재단,,NULL
919,환경부,티케이지휴켐스 주식회사,2021,업체,산업,140022.0,1316.0,(주)한국경영인증원,,069260
920,환경부,티케이케미칼,2021,업체,산업,194332.0,3934.0,이큐에이㈜,,104480
921,국토교통부,파르나스호텔(주),2021,사업장,건물,18287.0,378.0,한국표준협회,,NULL
922,환경부,파인트리포스마그네슘 주식회사,2021,업체,산업,32414.0,77.0,(재)한국품질재단,,NULL
923,환경부,파주시,2021,업체,폐기물,171212.0,1668.0,㈜한국품질보증원,,NULL
924,환경부,파주에너지서비스,2021,업체,전환,3894734.0,76259.0,(주)한국경영인증원,,NULL
925,환경부,파주전기초자 주식회사,2021,사업장,산업,51029.0,639.0,㈜디엔브이비즈니스어슈어런스코리아,,NULL
926,산업통상자원부,팔미금속공업(주),2021,사업장,철강,19011.0,352.0,한국표준협회,,NULL
927,환경부,페이퍼코리아,2021,업체,산업,98319.0,1470.0,한국표준협회,,001020
928,환경부,평택시,2021,업체,폐기물,125460.0,1702.0,(재)한국품질재단,,NULL
929,환경부,평택에너지서비스(주),2021,업체,전환,1256586.0,24679.0,㈜디엔브이비즈니스어슈어런스코리아,,NULL
930,환경부,평화산업(주),2021,사업장,산업,27993.0,570.0,한국생산성본부인증원(주),,090080
931,환경부,포스코스틸리온(주),2021,업체,산업,127366.0,2539.0,한국표준협회,,058430
932,환경부,포스코에너지(주),2021,업체,전환,5132914.0,101946.0,(재)한국품질재단,,NULL
933,환경부,포스코홀딩스 주식회사,2021,업체,산업,6349.0,130.0,(재)한국품질재단,,005490
934,환경부,포천민자발전 주식회사,2021,업체,전환,1708411.0,33957.0,(재)한국품질재단,,NULL
935,환경부,포천시,2021,업체,지정외 폐기물처리업 등,62863.0,597.0,㈜한국품질보증원,,NULL
936,환경부,포천파워(주),2021,업체,전환,1643976.0,32719.0,(재)한국품질재단,,NULL
937,환경부,포항시,2021,업체,폐기물,231928.0,2804.0,㈜한국품질보증원,,NULL
938,환경부,폴리미래(주),2021,업체,산업,128521.0,2316.0,(주)한국경영인증원,,NULL
939,농림축산식품부,풍국주정공업(주),2021,사업장,음식료품,7846.0,466.0,한국표준협회,,NULL
940,환경부,피아이첨단소재 주식회사,2021,사업장,산업,94915.0,1598.0,(재)한국품질재단,,NULL
941,환경부,하나마이크론,2021,사업장,산업,33359.0,693.0,(주)한국경영인증원,,067310
942,산업통상자원부,하나머티리얼즈(주),2021,사업장,반도체,23869.0,497.0,한국표준협회,,166090
943,환경부,하남시 환경기초시설,2021,사업장,폐기물,39871.0,466.0,(재)한국품질재단,,NULL
944,환경부,하이트진로(주),2021,업체,산업,131208.0,2520.0,(재)한국품질재단,,000080
945,환경부,하이트진로산업(주),2021,사업장,산업,28943.0,452.0,이큐에이㈜,,NULL
946,환경부,하이호경금속 주식회사,2021,사업장,산업,38770.0,640.0,㈜한국품질보증원,,NULL
947,환경부,학교법인 가톨릭학원,2021,사업장,건물,136145.0,2764.0,한국표준협회,,NULL
948,국토교통부,학교법인 경희학원,2021,업체,건물,55162.0,1131.0,한국표준협회,,NULL
949,환경부,학교법인 고려중앙학원,2021,업체,건물,101769.0,2090.0,㈜한국품질보증원,,NULL
950,환경부,학교법인 성균관대학,2021,사업장,건물,62402.0,1272.0,이큐에이㈜,,NULL
951,환경부,학교법인 연세대학교,2021,업체,건물,178114.0,3674.0,(재)한국품질재단,,NULL
952,환경부,학교법인 이화학당,2021,사업장,건물,67477.0,1416.0,이큐에이㈜,,NULL
953,환경부,학교법인 포항공과대학교,2021,사업장,건물,76989.0,1730.0,㈜한국품질보증원,,NULL
954,환경부,학교법인 한양학원,2021,업체,건물,73028.0,1494.0,이큐에이㈜,,NULL
955,산업통상자원부,한국NSK(주),2021,사업장,기계,22426.0,467.0,한국표준협회,,NULL
956,환경부,한국가스공사,2021,업체,전환,687660.0,13254.0,(주)신화엔지니어링종합건축사사무소,,036460
957,환경부,한국경남태양유전(주),2021,업체,산업,81121.0,1579.0,이큐에이㈜,,NULL
958,환경부,한국공항공사,2021,사업장,건물,82441.0,1687.0,이큐에이㈜,,NULL
959,국토교통부,한국과학기술연구원,2021,사업장,건물,18416.0,381.0,㈜한국품질보증원,,NULL
960,환경부,한국과학기술원,2021,업체,건물,80675.0,1632.0,이큐에이㈜,,NULL
961,국토교통부,한국과학기술정보연구원,2021,사업장,건물,19592.0,408.0,(주)신화엔지니어링종합건축사사무소,,NULL
962,산업통상자원부,한국기초소재(주),2021,사업장,시멘트,21143.0,431.0,한국표준협회,,NULL
963,환경부,한국남동발전,2021,업체,전환,37228227.0,436365.0,한국표준협회,,NULL
964,환경부,한국남부발전 주식회사,2021,업체,전환,34457856.0,437848.0,대일이엔씨기술(주),,NULL
965,환경부,한국넥슬렌유한회사,2021,업체,산업,127345.0,2565.0,한국표준협회,,NULL
966,환경부,한국니토옵티칼(주),2021,사업장,산업,38329.0,695.0,㈜디엔브이비즈니스어슈어런스코리아,,NULL
967,환경부,한국도로공사,2021,업체,건물,265886.0,5339.0,한국표준협회,,NULL
968,환경부,한국동서발전 주식회사,2021,업체,전환,32808320.0,403325.0,㈜한국품질보증원,,NULL
969,국토교통부,한국마사회,2021,사업장,건물,10521.0,210.0,한국표준협회,,NULL
970,환경부,한국바스프 주식회사,2021,업체,산업,673287.0,9880.0,(재)한국품질재단,,NULL
971,국토교통부,한국방송공사,2021,사업장,건물,17084.0,357.0,(주)한국경영인증원,,NULL
972,국토교통부,한국보훈복지의료공단 중앙보훈병원,2021,사업장,건물,15888.0,325.0,한국표준협회,,NULL
973,환경부,한국서부발전,2021,업체,전환,33358236.0,414093.0,(주)신화엔지니어링종합건축사사무소,,NULL
974,산업통상자원부,한국세큐리트(주) 군산공장,2021,사업장,유리,16517.0,343.0,이큐에이㈜,,NULL
975,산업통상자원부,한국세큐리트(주) 익산공장,2021,사업장,유리,17022.0,354.0,이큐에이㈜,,NULL
976,환경부,한국수력원자력,2021,업체,전환,3113579.0,63900.0,(재)한국품질재단,,NULL
977,환경부,한국수자원공사,2021,업체,공공·기타,771080.0,16032.0,(주)한국경영인증원,,NULL
978,환경부,한국수출포장공업(주),2021,업체,산업,130890.0,2003.0,㈜디엔브이비즈니스어슈어런스코리아,,002200
979,산업통상자원부,한국쓰리엠(주),2021,사업장,석유화학,30445.0,613.0,한국표준협회,,NULL
980,환경부,한국씨엔티(주),2021,업체,산업,61339.0,1202.0,이큐에이㈜,,NULL
981,산업통상자원부,한국알콜산업(주),2021,사업장,석유화학,33981.0,1692.0,한국생산성본부인증원(주),,NULL
982,환경부,한국앤컴퍼니 주식회사,2021,업체,산업,73078.0,1510.0,(재)한국화학융합시험연구원,,000240
983,환경부,한국엔지니어링플라스틱,2021,업체,산업,211529.0,3775.0,한국표준협회,,NULL
984,환경부,한국오웬스코닝(주),2021,업체,산업,82858.0,1620.0,대일이엔씨기술(주),,NULL
985,국토교통부,한국원자력연구원,2021,사업장,건물,22149.0,457.0,한국표준협회,,NULL
986,국토교통부,한국원자력의학원,2021,사업장,건물,17101.0,351.0,한국표준협회,,NULL
987,환경부,한국유리공업 주식회사,2021,업체,산업,257200.0,3562.0,이큐에이㈜,,NULL
988,환경부,한국유미코아 유한책임회사,2021,사업장,산업,121499.0,2399.0,(재)한국품질재단,,NULL
989,환경부,한국이네오스스티롤루션 주식회사,2021,업체,산업,97228.0,1877.0,(재)한국품질재단,,NULL
990,환경부,한국전력공사,2021,업체,전환,1009744.0,7481.0,지속가능인증원주식회사,,015760
991,국토교통부,한국전자통신연구원,2021,사업장,건물,18474.0,383.0,(주)신화엔지니어링종합건축사사무소,,NULL
992,환경부,한국제강 주식회사,2021,업체,산업,251247.0,4385.0,한국표준협회,,NULL
993,산업통상자원부,한국제이씨씨(주),2021,사업장,전기전자,11785.0,245.0,한국표준협회,,NULL
994,환경부,한국제지 주식회사,2021,업체,산업,173765.0,4919.0,(재)한국품질재단,,002300
995,환경부,한국주철관공업(주),2021,업체,산업,62273.0,792.0,한국표준협회,,000970
996,환경부,한국중부발전,2021,업체,전환,33093129.0,417826.0,(재)한국품질재단,,NULL
997,환경부,한국지엠 주식회사,2021,업체,산업,199982.0,4072.0,한국표준협회,,NULL
998,환경부,한국지역난방공사,2021,업체,전환,5918107.0,117661.0,(주)신화엔지니어링종합건축사사무소,,NULL
999,환경부,한국철강,2021,업체,산업,392071.0,7277.0,㈜한국품질보증원,,104700
1000,환경부,한국철도공사,2021,업체,수송,1542665.0,30231.0,한국표준협회,,NULL
1001,환경부,한국타이어앤테크놀로지(주),2021,업체,산업,436988.0,9223.0,(재)한국품질재단,,161390
1002,환경부,한국토지주택공사,2021,업체,전환,220418.0,4368.0,㈜디엔브이비즈니스어슈어런스코리아,,NULL
1003,국토교통부,한국표준과학연구원,2021,사업장,건물,22939.0,471.0,(주)신화엔지니어링종합건축사사무소,,NULL
1004,산업통상자원부,한국프랜지공업(주) 제2공장,2021,사업장,철강,16477.0,342.0,한국표준협회,,NULL
1005,농림축산식품부,한국필립모리스 주식회사 양산공장,2021,사업장,담배제조업,17530.0,359.0,한국표준협회,,NULL
1006,환경부,한국항공우주산업(주),2021,사업장,산업,58148.0,1181.0,(주)신화엔지니어링종합건축사사무소,,NULL
1007,국토교통부,한국핵융합에너지연구원,2021,사업장,건물,21267.0,444.0,(주)신화엔지니어링종합건축사사무소,,NULL
1008,산업통상자원부,한라스택폴(주),2021,사업장,자동차,15530.0,306.0,한국표준협회,,NULL
1009,환경부,한라시멘트주식회사,2021,업체,산업,4523552.0,24627.0,한국표준협회,,NULL
1010,국토교통부,한무쇼핑(주),2021,업체,건물,68472.0,1440.0,한국표준협회,,NULL
1011,환경부,한미약품(주),2021,업체,산업,59541.0,1185.0,이큐에이㈜,,128940
1012,산업통상자원부,한미정밀화학(주),2021,사업장,석유화학,17469.0,398.0,이큐에이㈜,,NULL
1013,국토교통부,한성운수(주),2021,사업장,교통(여객),15428.0,294.0,(주)한국경영인증원,,NULL
1014,환경부,한솔제지,2021,업체,산업,923192.0,16488.0,(주)한국경영인증원,,213500
1015,산업통상자원부,한솔테크닉스(주),2021,사업장,전기전자,8899.0,185.0,한국표준협회,,004710
1016,환경부,한솔페이퍼텍주식회사,2021,업체,산업,113250.0,1234.0,(주)한국경영인증원,,NULL
1017,환경부,한온시스템 주식회사,2021,업체,산업,59679.0,1249.0,㈜디엔브이비즈니스어슈어런스코리아,,018880
1018,산업통상자원부,한융금속(주),2021,사업장,비철금속,20069.0,320.0,(주)한국경영인증원,,NULL
1019,환경부,한일시멘트 주식회사,2021,업체,산업,4277252.0,27837.0,한국표준협회,,300720
1020,환경부,한일제관(주),2021,업체,산업,51349.0,1052.0,이큐에이㈜,,NULL
1021,산업통상자원부,한일캔 주식회사,2021,사업장,기계,20644.0,424.0,이큐에이㈜,,NULL
1022,환경부,한일현대시멘트 주식회사,2021,업체,시멘트,3820963.0,23411.0,한국표준협회,,006390
1023,산업통상자원부,한주금속(주) 본사,2021,사업장,비철금속,11135.0,227.0,(재)한국품질재단,,NULL
1024,산업통상자원부,한주금속(주) 엔진공장,2021,사업장,비철금속,17199.0,351.0,(재)한국품질재단,,NULL
1025,산업통상자원부,한진중공업(주),2021,사업장,조선,18700.0,340.0,한국표준협회,,NULL
1026,환경부,한화솔루션 주식회사,2021,업체,산업,2690533.0,49970.0,㈜디엔브이비즈니스어슈어런스코리아,,009830
1027,환경부,한화에너지주식회사,2021,업체,전환,4859243.0,55675.0,한국표준협회,,NULL
1028,산업통상자원부,한화에어로스페이스(주),2021,사업장,기계,24253.0,495.0,(주)비에스아이그룹코리아,,012450
1029,환경부,한화임팩트 주식회사,2021,업체,산업,500578.0,8710.0,㈜디엔브이비즈니스어슈어런스코리아,,NULL
1030,환경부,한화토탈에너지스 주식회사,2021,업체,산업,4892541.0,107697.0,한국가스안전공사,,NULL
1031,국토교통부,한화호텔앤드리조트(주),2021,업체,건물,53381.0,1065.0,(주)비에스아이그룹코리아,,NULL
1032,환경부,한황산업주식회사,2021,사업장,산업,40177.0,751.0,㈜한국품질보증원,,NULL
1033,환경부,해성디에스 주식회사,2021,사업장,산업,62321.0,1380.0,(주)비에스아이그룹코리아,,195870
1034,농림축산식품부,해태에이치티비(주) 천안공장,2021,사업장,음료제조업,24119.0,490.0,(재)한국품질재단,,NULL
1035,환경부,핸즈식스주식회사,2021,업체,산업,71439.0,1461.0,이큐에이㈜,,NULL
1036,환경부,핸즈코퍼레이션주식회사,2021,업체,산업,63161.0,1281.0,(재)한국품질재단,,143210
1037,국토교통부,현대건설(주),2021,업체,건설,78177.0,1560.0,로이드인증원㈜,,000720
1038,산업통상자원부,현대건설기계(주) 울산공장,2021,사업장,기계,15085.0,238.0,㈜디엔브이비즈니스어슈어런스코리아,,NULL
1039,환경부,현대글로비스(주),2021,업체,수송,79854.0,1218.0,한국표준협회,,086280
1040,환경부,현대두산인프라코어(주),2021,업체,산업,105125.0,2038.0,지속가능인증원주식회사,,NULL
1041,산업통상자원부,현대로템 주식회사 창원공장,2021,사업장,기계,20483.0,412.0,(주)한국경영인증원,,NULL
1042,환경부,현대모비스(주),2021,업체,산업,173416.0,3563.0,(재)한국품질재단,,012330
1043,환경부,현대미포조선,2021,업체,산업,155876.0,2860.0,한국표준협회,,NULL
1044,환경부,현대비앤지스틸(주),2021,업체,산업,80708.0,1659.0,㈜디엔브이비즈니스어슈어런스코리아,,004560
1045,환경부,현대삼호중공업 주식회사,2021,업체,산업,255232.0,4395.0,㈜디엔브이비즈니스어슈어런스코리아,,NULL
1046,환경부,현대석회(주),2021,업체,산업,88310.0,258.0,한국생산성본부인증원(주),,NULL
1047,환경부,현대성우쏠라이트 주식회사,2021,업체,산업,41144.0,848.0,한국표준협회,,NULL
1048,환경부,현대성우캐스팅 주식회사,2021,업체,산업,188111.0,3667.0,(재)한국품질재단,,NULL
1049,환경부,현대아이에프씨 주식회사,2021,업체,산업,195918.0,3636.0,로이드인증원㈜,,NULL
1050,환경부,현대에너지솔루션(주),2021,사업장,산업,27366.0,538.0,한국표준협회,,NULL
1051,산업통상자원부,현대오씨아이 주식회사,2021,업체,석유화학,409871.0,5043.0,(재)한국품질재단,,NULL
1052,환경부,현대오일뱅크,2021,업체,산업,7510609.0,80729.0,(재)한국품질재단,,NULL
1053,산업통상자원부,현대오토에버 주식회사,2021,사업장,통신,21650.0,452.0,대일이엔씨기술(주),,307950
1054,환경부,현대위아 주식회사,2021,업체,산업,181938.0,3665.0,㈜디엔브이비즈니스어슈어런스코리아,,011210
1055,환경부,현대일렉트릭앤에너지시스템(주),2021,사업장,산업,30547.0,626.0,㈜디엔브이비즈니스어슈어런스코리아,,NULL
1056,환경부,현대자동차 주식회사,2021,업체,산업,1508866.0,31043.0,로이드인증원㈜,,005380
1057,환경부,현대제철 주식회사,2021,업체,산업,28489305.0,168099.0,로이드인증원㈜,,004020
1058,산업통상자원부,현대종합금속(주),2021,사업장,기계,21588.0,431.0,로이드인증원㈜,,NULL
1059,환경부,현대종합특수강 주식회사,2021,사업장,산업,59286.0,1154.0,한국표준협회,,NULL
1060,환경부,현대중공업주식회사,2021,업체,산업,536701.0,9186.0,한국표준협회,,NULL
1061,환경부,현대케미칼주식회사,2021,업체,산업,1244838.0,21970.0,(재)한국품질재단,,NULL
1062,환경부,현대트랜시스 주식회사,2021,업체,산업,187229.0,3878.0,㈜디엔브이비즈니스어슈어런스코리아,,NULL
1063,산업통상자원부,현우산업,2021,사업장,전기전자,17893.0,372.0,한국표준협회,,092300
1064,산업통상자원부,현진소재(주) 2공장,2021,사업장,기계,4158.0,83.0,(주)한국경영인증원,,NULL
1065,산업통상자원부,호스트웨이아이디씨(주),2021,사업장,통신,15545.0,324.0,한국표준협회,,NULL
1066,환경부,홈플러스 주식회사,2021,업체,건물,415110.0,8444.0,로이드인증원㈜,,NULL
1067,환경부,홍덕산업(주),2021,업체,산업,87778.0,1963.0,한국생산성본부인증원(주),,NULL
1068,환경부,홍원제지(주),2021,업체,산업,115762.0,1662.0,한국표준협회,,NULL
1069,환경부,화성시,2021,업체,폐기물,144139.0,1058.0,(재)한국화학융합시험연구원,,NULL
1070,국토교통부,화영운수(주),2021,사업장,교통(여객),20191.0,297.0,한국표준협회,,NULL
1071,산업통상자원부,화인베스틸,2021,사업장,철강,19091.0,349.0,(주)한국경영인증원,,133820
1072,환경부,환영철강공업,2021,업체,산업,300811.0,5604.0,㈜한국품질보증원,,NULL
1073,환경부,효성중공업 주식회사,2021,업체,산업,54101.0,1132.0,㈜디엔브이비즈니스어슈어런스코리아,,298040
1074,환경부,효성첨단소재 주식회사,2021,업체,산업,202512.0,4210.0,㈜디엔브이비즈니스어슈어런스코리아,,NULL
1075,환경부,효성티앤씨 주식회사,2021,업체,산업,365131.0,8403.0,㈜디엔브이비즈니스어슈어런스코리아,,298020
1076,환경부,효성화학 주식회사,2021,업체,산업,887229.0,18850.0,㈜디엔브이비즈니스어슈어런스코리아,,298000
1077,국토교통부,휘닉스중앙평창(주),2021,사업장,건물,18265.0,364.0,(주)한국경영인증원,,NULL
1078,환경부,휴비스,2021,업체,산업,465851.0,7089.0,한국표준협회,,079980
1079,산업통상자원부,희성촉매(주),2021,사업장,석유화학,21146.0,423.0,한국표준협회,,NULL
1,환경부,(유)에스케이씨에보닉페록사이드코리아,2020,업체,석유화학,57056.0,1118.0,(재)한국품질재단,,NULL
2,국토교통부,(유)호남고속,2020,사업장,교통(여객),21850.0,341.0,(주)한국경영인증원,,NULL
3,환경부,(주)HJ매그놀리아용평호텔앤리조트,2020,사업장,건물,32772.0,649.0,(재)한국품질재단,,NULL
4,환경부,(주)HM금속,2020,사업장,산업,28355.0,536.0,한국표준협회,,NULL
5,농림축산식품부,(주)MH에탄올,2020,사업장,음료제조업,10345.0,306.0,(재)한국화학융합시험연구원,,023150
6,환경부,(주)MSC,2020,사업장,음식료품,28476.0,568.0,한국가스안전공사,,NULL
7,환경부,(주)SIMPAC,2020,업체,산업,408138.0,4761.0,한국표준협회,,009160
8,환경부,(주)SUN&L,2020,업체,산업,47062.0,2003.0,한국표준협회,,002820
9,환경부,(주)강원랜드,2020,업체,건물,58273.0,1177.0,한국표준협회,,035250
10,환경부,(주)건화,2020,사업장,조선,22139.0,399.0,한국표준협회,,NULL
11,국토교통부,(주)경기고속,2020,업체,교통(여객),109380.0,1727.0,산림조합중앙회,,NULL
12,국토교통부,(주)경남고속,2020,사업장,교통(여객),14747.0,208.0,(주)한국경영인증원,,NULL
13,환경부,(주)경동,2020,업체,광업,226979.0,407.0,(재)한국품질재단,,NULL
14,산업통상자원부,(주)경동원,2020,사업장,기계,16844.0,333.0,한국표준협회,,NULL
15,국토교통부,(주)경방,2020,사업장,건물,17866.0,364.0,한국생산성본부인증원(주),,000050
16,산업통상자원부,(주)경보제약,2020,사업장,석유화학,18313.0,302.0,한국표준협회,,214390
17,산업통상자원부,(주)경신전선,2020,사업장,전기전자,15281.0,312.0,한국표준협회,,NULL
18,국토교통부,(주)공항리무진,2020,사업장,교통(여객),6755.0,96.0,(주)한국경영인증원,,NULL
19,국토교통부,(주)국민은행,2020,업체,건물,111658.0,1697.0,한국표준협회,,031150
20,산업통상자원부,(주)국일방적 정읍공장,2020,사업장,섬유,12725.0,261.0,대일이엔씨기술(주),,NULL
21,환경부,(주)그린스코,2020,사업장,폐기물,55543.0,119.0,(주)한국경영인증원,,NULL
22,국토교통부,(주)금남고속,2020,사업장,교통(여객),19848.0,282.0,(주)한국경영인증원,,NULL
23,환경부,(주)금비,2020,업체,유리,77829.0,1137.0,한국표준협회,,008870
24,해양수산부,(주)남해고속,2020,사업장,교통(해운),21911.0,311.0,㈜한국품질보증원,,NULL
25,산업통상자원부,(주)네오오토 예산공장,2020,사업장,자동차,16275.0,332.0,(주)한국경영인증원,,NULL
26,산업통상자원부,(주)넥센,2020,사업장,석유화학,17210.0,310.0,한국표준협회,,005720
27,국토교통부,(주)농협물류,2020,사업장,교통(화물),30429.0,437.0,한국표준협회,,NULL
28,농림축산식품부,(주)농협사료,2020,업체,식료품 제조업,84755.0,1703.0,(재)한국품질재단,,NULL
29,환경부,(주)단석산업,2020,사업장,비철금속,38773.0,660.0,한국표준협회,,NULL
30,산업통상자원부,(주)대농청원공장,2020,사업장,섬유,14852.0,305.0,지속가능인증원주식회사,,NULL
31,산업통상자원부,(주)대동세라믹,2020,사업장,요업,32276.0,638.0,이큐에이㈜,,NULL
32,환경부,(주)대림제지,2020,업체,제지,105598.0,1699.0,이큐에이㈜,,017650
33,산업통상자원부,(주)대승프론티어,2020,사업장,유리,23957.0,447.0,이큐에이㈜,,NULL
34,국토교통부,(주)대우건설,2020,업체,건설,58980.0,1174.0,(주)비에스아이그룹코리아,,047040
35,산업통상자원부,(주)대욱케스트,2020,사업장,철강,21036.0,380.0,이큐에이㈜,,NULL
36,국토교통부,(주)대원고속,2020,업체,교통(여객),115574.0,1822.0,산림조합중앙회,,NULL
37,국토교통부,(주)대원버스,2020,사업장,교통(여객),28153.0,477.0,산림조합중앙회,,NULL
38,국토교통부,(주)대원여객,2020,사업장,교통(여객),21099.0,399.0,산림조합중앙회,,NULL
39,국토교통부,(주)대원운수,2020,사업장,교통(여객),35681.0,595.0,산림조합중앙회,,NULL
40,환경부,(주)대유코아,2020,사업장,시멘트,66206.0,654.0,한국표준협회,,NULL
41,해양수산부,(주)대저해운,2020,사업장,교통(해운),6574.0,94.0,한국표준협회,,NULL
42,산업통상자원부,(주)대천텍스타일,2020,사업장,섬유,14578.0,289.0,한국표준협회,,NULL
43,산업통상자원부,(주)대호특수강 포항공장,2020,사업장,철강,18654.0,354.0,한국표준협회,,NULL
44,환경부,(주)대화제지,2020,사업장,산업,28972.0,581.0,㈜한국품질보증원,,NULL
45,산업통상자원부,(주)동남 울산공장,2020,사업장,비철금속,50354.0,732.0,한국표준협회,,NULL
46,국토교통부,(주)동방,2020,업체,교통(화물),43317.0,625.0,대일이엔씨기술(주),,004140
47,산업통상자원부,(주)동서기공 당진지점,2020,사업장,자동차,30575.0,624.0,(주)한국경영인증원,,NULL
48,환경부,(주)동신포리마,2020,사업장,산업,28532.0,582.0,(주)한국경영인증원,,NULL
49,국토교통부,(주)동양고속,2020,업체,수송,51363.0,731.0,(주)한국경영인증원,,084670
50,환경부,(주)동양환경,2020,사업장,폐기물,191241.0,593.0,(재)한국품질재단,,NULL
51,농림축산식품부,(주)동원F&B,2020,업체,식료품 제조업,79289.0,1706.0,(주)한국경영인증원,,049770
52,산업통상자원부,(주)동진쎄미켐,2020,사업장,석유화학,21070.0,400.0,한국가스안전공사,,005290
53,산업통상자원부,(주)두산,2020,업체,전기전자,72274.0,1453.0,(재)한국품질재단,,000150
54,산업통상자원부,(주)디알액시온 원산공장,2020,사업장,비철금속,17658.0,356.0,(재)한국품질재단,,NULL
55,환경부,(주)디에이피,2020,사업장,전기전자,43031.0,879.0,한국가스안전공사,,066900
56,산업통상자원부,(주)디케이씨,2020,사업장,철강,18811.0,375.0,한국표준협회,,047440
57,산업통상자원부,(주)로옴코리아,2020,사업장,반도체,15846.0,326.0,㈜한국품질보증원,,NULL
58,환경부,(주)만도,2020,업체,자동차,78569.0,1620.0,(주)비에스아이그룹코리아,,NULL
59,농림축산식품부,(주)면사랑,2020,사업장,식료품 제조업,18249.0,413.0,한국표준협회,,NULL
60,환경부,(주)모나리자,2020,사업장,제지,42046.0,734.0,(주)한국경영인증원,,012690
61,국토교통부,(주)무주덕유산리조트,2020,사업장,건물,18237.0,328.0,(주)한국경영인증원,,NULL
62,환경부,(주)미래엔인천에너지,2020,업체,집단에너지,11331.0,224.0,(재)한국품질재단,,NULL
63,환경부,(주)미래페이퍼,2020,업체,제지,62425.0,807.0,한국표준협회,,NULL
64,산업통상자원부,(주)방림,2020,사업장,섬유,19625.0,384.0,한국표준협회,,003610
65,환경부,(주)베르상스퍼시픽,2020,사업장,산업,30313.0,513.0,한국표준협회,,NULL
66,환경부,(주)벽산,2020,업체,유리,85481.0,1557.0,한국표준협회,,007210
67,산업통상자원부,(주)부산도시가스,2020,사업장,집단에너지,31252.0,616.0,(주)한국경영인증원,,015350
68,국토교통부,(주)부산롯데호텔,2020,사업장,건물,10010.0,203.0,(주)한국경영인증원,,NULL
69,산업통상자원부,(주)브이샘 인천공장,2020,사업장,시멘트,10641.0,214.0,한국표준협회,,NULL
70,산업통상자원부,(주)비에이치 제2공장,2020,사업장,전기전자,16603.0,341.0,한국표준협회,,NULL
71,산업통상자원부,(주)비엠금속,2020,사업장,철강,16015.0,292.0,이큐에이㈜,,NULL
72,농림축산식품부,(주)빙그레,2020,업체,식료품 제조업,59763.0,1187.0,(주)한국경영인증원,,005180
73,환경부,(주)삼동 문경공장,2020,사업장,전기전자,40910.0,835.0,한국표준협회,,NULL
74,국토교통부,(주)삼우에프앤지,2020,사업장,교통(화물),19103.0,307.0,한국표준협회,,NULL
75,환경부,(주)삼원강재,2020,사업장,자동차,26718.0,536.0,(재)한국품질재단,,023000
76,환경부,(주)삼천리,2020,업체,집단에너지,58269.0,948.0,한국가스안전공사,,004690
77,환경부,(주)삼표산업,2020,업체,산업,124401.0,2083.0,(재)한국품질재단,,NULL
78,산업통상자원부,(주)삼한씨원,2020,사업장,유리 · 요업,12765.0,246.0,한국생산성본부인증원(주),,NULL
79,환경부,(주)삼현,2020,사업장,요업,21761.0,384.0,한국표준협회,,437730
80,국토교통부,(주)삼화고속,2020,사업장,교통(여객),12121.0,172.0,(주)한국경영인증원,,NULL
81,환경부,(주)상공에너지,2020,업체,산업단지,4506.0,1420.0,이큐에이㈜,,NULL
82,농림축산식품부,(주)샤니 대구공장,2020,사업장,식료품 제조업,16324.0,329.0,(주)비에스아이그룹코리아,,NULL
83,농림축산식품부,(주)샤니 성남공장,2020,사업장,식료품 제조업,19175.0,387.0,(주)비에스아이그룹코리아,,NULL
84,산업통상자원부,(주)서원,2020,사업장,비철금속,14899.0,303.0,한국가스안전공사,,021050
85,산업통상자원부,(주)서진캠 아산공장,2020,사업장,자동차,13891.0,285.0,(주)한국경영인증원,,NULL
86,산업통상자원부,(주)서진캠 평택공장,2020,사업장,자동차,13860.0,285.0,㈜한국품질보증원,,NULL
87,환경부,(주)서흥,2020,사업장,석유화학,35082.0,715.0,한국표준협회,,008490
88,산업통상자원부,(주)선일다이파스,2020,사업장,기계,17217.0,350.0,(주)한국경영인증원,,NULL
89,국토교통부,(주)선진운수,2020,사업장,교통(여객),27228.0,509.0,(재)한국품질재단,,NULL
90,산업통상자원부,(주)성신미네필드,2020,사업장,시멘트,18280.0,354.0,한국표준협회,,NULL
91,환경부,(주)성호금속 경주2공장,2020,사업장,산업,26975.0,484.0,이큐에이㈜,,NULL
92,산업통상자원부,(주)성호금속 영천공장,2020,사업장,철강,15485.0,281.0,이큐에이㈜,,NULL
93,산업통상자원부,(주)성호기업,2020,사업장,철강,14086.0,264.0,이큐에이㈜,,NULL
94,환경부,(주)세아베스틸,2020,업체,철강,1038986.0,16303.0,한국표준협회,,NULL
95,환경부,(주)세아씨엠,2020,사업장,철강,61028.0,1227.0,한국표준협회,,NULL
96,국토교통부,(주)세아엘앤에스,2020,사업장,교통(화물),15637.0,228.0,한국표준협회,,NULL
97,환경부,(주)세아제강,2020,사업장,산업,57273.0,1159.0,한국표준협회,,306200
98,환경부,(주)세아특수강,2020,사업장,철강,24445.0,468.0,한국표준협회,,019440
99,농림축산식품부,(주)세우,2020,사업장,식료품 제조업,17774.0,357.0,(재)한국품질재단,,NULL
100,해양수산부,(주)세주,2020,사업장,교통(해운),28280.0,385.0,㈜디엔브이비즈니스어슈어런스코리아,,NULL
101,산업통상자원부,(주)스타플렉스,2020,사업장,석유화학,9624.0,195.0,이큐에이㈜,,115570
102,국토교통부,(주)시흥교통,2020,사업장,교통(여객),25508.0,455.0,한국표준협회,,NULL
103,환경부,(주)신동,2020,업체,시멘트,84380.0,285.0,한국표준협회,,NULL
104,산업통상자원부,(주)신성이엔지,2020,사업장,반도체,10657.0,157.0,로이드인증원㈜,,104110
105,환경부,(주)신세계,2020,업체,건물,122985.0,2510.0,(주)한국경영인증원,,004170
106,환경부,(주)신승에너지,2020,업체,지정외 폐기물처리업,95448.0,410.0,(재)한국품질재단,,NULL
107,산업통상자원부,(주)신안주철,2020,사업장,철강,20010.0,368.0,한국표준협회,,NULL
108,산업통상자원부,(주)신우금속,2020,사업장,철강,15157.0,257.0,(재)한국품질재단,,NULL
109,국토교통부,(주)신한은행,2020,업체,건물,71819.0,1109.0,㈜디엔브이비즈니스어슈어런스코리아,,000010
110,환경부,(주)쌍용씨앤비,2020,업체,제지,65467.0,1155.0,(주)한국경영인증원,,NULL
111,환경부,(주)씨텍,2020,업체,산업단지,438380.0,6111.0,㈜한국품질보증원,,NULL
112,국토교통부,(주)아라리오,2020,사업장,건물,12193.0,248.0,(주)한국경영인증원,,NULL
113,환경부,(주)아진피앤피,2020,업체,제지,131948.0,1939.0,한국산업기술시험원,,NULL
114,국토교통부,(주)에스앤아이코퍼레이션,2020,사업장,건물,14399.0,290.0,(재)한국품질재단,,NULL
115,산업통상자원부,(주)에스에이씨,2020,사업장,유리,11064.0,224.0,(주)한국경영인증원,,NULL
116,산업통상자원부,(주)에스에이치에너지화학,2020,사업장,석유화학,13354.0,225.0,㈜한국품질보증원,,NULL
117,산업통상자원부,(주)에스제이금속,2020,사업장,철강,18113.0,313.0,(재)한국품질재단,,NULL
118,환경부,(주)에스파워,2020,업체,발전 · 에너지,1561951.0,30835.0,(재)한국품질재단,,NULL
119,산업통상자원부,(주)에이에스에이 김제공장,2020,사업장,자동차,15289.0,293.0,지속가능인증원주식회사,,NULL
120,환경부,(주)에이에스에이 전주공장,2020,사업장,자동차,27922.0,531.0,지속가능인증원주식회사,,NULL
121,해양수산부,(주)에이치해운,2020,사업장,교통(해운),18092.0,257.0,한국표준협회,,NULL
122,산업통상자원부,(주)에코프로비엠 1공장,2020,사업장,산업,17258.0,354.0,(재)한국품질재단,,NULL
123,환경부,(주)엔아이티,2020,업체,폐기물,194658.0,564.0,㈜한국품질보증원,,NULL
124,환경부,(주)엔이티,2020,사업장,전환,54331.0,632.0,한국표준협회,,NULL
125,산업통상자원부,(주)엘지생활건강 울산공장,2020,사업장,석유화학,18806.0,378.0,(재)한국품질재단,,NULL
126,환경부,(주)엘지씨엔에스,2020,사업장,통신,27655.0,612.0,대일이엔씨기술(주),,064400
127,환경부,(주)영신물산,2020,사업장,섬유,31505.0,220.0,한국표준협회,,NULL
128,환경부,(주)오뚜기,2020,사업장,산업,58050.0,1167.0,한국표준협회,,007310
129,환경부,(주)오리온,2020,업체,음식료품,67947.0,1335.0,한국표준협회,,271560
130,환경부,(주)오미아코리아,2020,업체,석유화학,61218.0,1237.0,㈜디엔브이비즈니스어슈어런스코리아,,NULL
131,산업통상자원부,(주)오영,2020,사업장,석유화학,16497.0,356.0,(재)한국품질재단,,NULL
132,환경부,(주)온셀텍,2020,사업장,산업,33087.0,680.0,한국표준협회,,NULL
133,농림축산식품부,(주)올품,2020,사업장,식료품 제조업,22084.0,445.0,한국표준협회,,NULL
134,환경부,(주)우룡,2020,업체,시멘트,153572.0,616.0,(주)한국경영인증원,,NULL
135,국토교통부,(주)우리은행,2020,업체,건물,78551.0,1147.0,㈜디엔브이비즈니스어슈어런스코리아,,000030
136,산업통상자원부,(주)우신금속,2020,사업장,비철금속,20953.0,326.0,(재)한국품질재단,,NULL
137,환경부,(주)유니온,2020,업체,산업,170797.0,1399.0,한국표준협회,,000910
138,국토교통부,(주)유성티엔에스,2020,사업장,교통(화물),36018.0,518.0,(주)한국경영인증원,,024800
139,국토교통부,(주)유진로지스틱스,2020,사업장,교통(화물),28979.0,412.0,(재)한국품질재단,,NULL
140,산업통상자원부,(주)유한화학,2020,사업장,석유화학,17465.0,355.0,(주)한국경영인증원,,NULL
141,산업통상자원부,(주)이녹스첨단소재,2020,사업장,전기전자,24193.0,470.0,(재)한국품질재단,,272290
142,환경부,(주)이마트,2020,업체,건물,520557.0,10650.0,한국표준협회,,139480
143,환경부,(주)이수페타시스,2020,사업장,전기전자,52566.0,712.0,이큐에이㈜,,007660
144,환경부,(주)이수화학,2020,업체,석유화학,299652.0,5136.0,한국표준협회,,005950
145,환경부,(주)이알지서비스,2020,사업장,폐기물,76844.0,59.0,(재)한국화학융합시험연구원,,NULL
146,환경부,(주)이에스지세종,2020,사업장,폐기물,54289.0,486.0,한국표준협회,,NULL
147,산업통상자원부,(주)인지디스플레이,2020,사업장,자동차,17914.0,365.0,(주)한국경영인증원,,NULL
148,환경부,(주)인터플렉스,2020,사업장,전기전자,47926.0,980.0,한국표준협회,,051370
149,환경부,(주)일진글로벌,2020,사업장,산업,38377.0,789.0,이큐에이㈜,,NULL
150,국토교통부,(주)전북고속,2020,사업장,교통(여객),15540.0,220.0,(주)한국경영인증원,,NULL
151,농림축산식품부,(주)정·식품,2020,사업장,음료제조업,20214.0,403.0,한국표준협회,,NULL
152,국토교통부,(주)제때,2020,사업장,교통(화물),17499.0,276.0,한국표준협회,,NULL
153,해양수산부,(주)제양항공해운,2020,사업장,교통(해운),34847.0,477.0,한국표준협회,,NULL
154,산업통상자원부,(주)제이앤티씨,2020,사업장,반도체.디스플레이.전기전자,8692.0,177.0,한국표준협회,,204270
155,환경부,(주)제이엠씨,2020,사업장,석유화학,36590.0,845.0,이큐에이㈜,,NULL
156,해양수산부,(주)제주케이라인,2020,사업장,교통(해운),15825.0,216.0,㈜디엔브이비즈니스어슈어런스코리아,,NULL
157,산업통상자원부,(주)젤텍,2020,사업장,석유화학,14714.0,514.0,한국표준협회,,NULL
158,산업통상자원부,(주)종근당 천안공장,2020,사업장,석유화학,15180.0,414.0,(재)한국품질재단,,NULL
159,환경부,(주)종근당바이오,2020,업체,석유화학,92454.0,1853.0,이큐에이㈜,,063160
160,국토교통부,(주)중부고속,2020,사업장,교통(여객),7604.0,112.0,㈜한국품질보증원,,NULL
161,국토교통부,(주)중앙고속,2020,업체,교통(여객),40450.0,569.0,(주)한국경영인증원,,NULL
162,산업통상자원부,(주)중일,2020,사업장,비철금속,24715.0,260.0,한국표준협회,,NULL
163,환경부,(주)지에스동해전력,2020,업체,전환,6797741.0,76329.0,대일이엔씨기술(주),,NULL
164,산업통상자원부,(주)지엠씨,2020,사업장,광업,13707.0,279.0,(주)한국경영인증원,,NULL
165,환경부,(주)진합,2020,사업장,자동차,25730.0,525.0,한국표준협회,,NULL
166,산업통상자원부,(주)진흥주물 군산공장,2020,사업장,철강,19950.0,348.0,한국표준협회,,NULL
167,산업통상자원부,(주)진흥주물 인천공장,2020,사업장,철강,14997.0,258.0,한국표준협회,,NULL
168,환경부,(주)참프레,2020,사업장,음식료품,30094.0,602.0,한국표준협회,,NULL
169,환경부,(주)창원에너텍,2020,사업장,지정외 폐기물처리업 등,82146.0,769.0,(재)한국품질재단,,NULL
170,국토교통부,(주)천일고속,2020,사업장,교통(여객),19302.0,274.0,(주)한국경영인증원,,000650
171,농림축산식품부,(주)체리부로,2020,사업장,식료품 제조업,15462.0,313.0,(주)한국경영인증원,,066360
172,국토교통부,(주)충남고속,2020,사업장,교통(여객),20425.0,291.0,(주)한국경영인증원,,NULL
173,환경부,(주)충무화학정선,2020,업체,시멘트,106207.0,454.0,(재)한국품질재단,,NULL
174,농림축산식품부,(주)카길애그리퓨리나 평택공장,2020,사업장,식료품 제조업,20251.0,409.0,(재)한국품질재단,,NULL
175,산업통상자원부,(주)카펙 발레오,2020,사업장,자동차,18802.0,373.0,한국표준협회,,NULL
176,환경부,(주)칼링크,2020,사업장,자동차,19025.0,382.0,지속가능인증원주식회사,,NULL
177,환경부,(주)캐스텍코리아,2020,업체,자동차,30657.0,548.0,한국표준협회,,071850
178,산업통상자원부,(주)케이에프엔티,2020,사업장,석유화학,19650.0,423.0,한국표준협회,,NULL
179,산업통상자원부,(주)케이원전자,2020,사업장,전기전자,20229.0,416.0,한국표준협회,,NULL
180,환경부,(주)케이이씨,2020,사업장,반도체,41922.0,534.0,(주)신화엔지니어링종합건축사사무소,,NULL
181,환경부,(주)케이조선,2020,업체,산업,36153.0,654.0,(재)한국품질재단,,067250
182,환경부,(주)케이티앤지,2020,업체,음식료품,113784.0,2206.0,(재)한국품질재단,,033780
183,환경부,(주)케이피켐텍,2020,사업장,섬유,23774.0,679.0,(재)한국품질재단,,NULL
184,환경부,(주)코다코,2020,사업장,자동차,20813.0,420.0,(재)한국품질재단,,046070
185,환경부,(주)코리아써키트,2020,업체,전기전자,93862.0,1876.0,(주)비에스아이그룹코리아,,007810
186,국토교통부,(주)코리아와이드경북고속,2020,업체,교통(여객),18640.0,262.0,(주)한국경영인증원,,NULL
187,국토교통부,(주)코리아와이드포항,2020,사업장,교통(여객),22909.0,430.0,(주)한국경영인증원,,NULL
188,환경부,(주)코스틸,2020,업체,철강,50147.0,997.0,이큐에이㈜,,NULL
189,환경부,(주)클렌코,2020,사업장,폐기물,190062.0,177.0,한국표준협회,,NULL
190,산업통상자원부,(주)태상,2020,업체,기계,58847.0,1147.0,(주)한국경영인증원,,NULL
191,산업통상자원부,(주)태영열처리,2020,사업장,기계,12911.0,262.0,한국표준협회,,NULL
192,산업통상자원부,(주)태우,2020,사업장,비철금속,16658.0,323.0,한국가스안전공사,,NULL
193,환경부,(주)태웅,2020,업체,산업,168023.0,3104.0,(재)한국품질재단,,044490
194,환경부,(주)태평양금속,2020,사업장,요업,44227.0,885.0,이큐에이㈜,,NULL
195,환경부,(주)티씨씨스틸,2020,사업장,철강,29387.0,563.0,이큐에이㈜,,NULL
196,산업통상자원부,(주)티씨케이,2020,사업장,전기전자,26302.0,536.0,(재)한국품질재단,,064760
197,농림축산식품부,(주)파리크라상 성남공장,2020,사업장,식료품 제조업,23342.0,464.0,한국표준협회,,NULL
198,국토교통부,(주)판토스,2020,사업장,교통(화물),43993.0,676.0,㈜디엔브이비즈니스어슈어런스코리아,,NULL
199,국토교통부,(주)평안운수,2020,사업장,교통(여객),14542.0,245.0,산림조합중앙회,,NULL
200,환경부,(주)포레스코,2020,사업장,목재,32598.0,772.0,한국표준협회,,NULL
201,산업통상자원부,(주)풍농장항공장,2020,사업장,석유화학,18855.0,367.0,이큐에이㈜,,NULL
202,환경부,(주)풍정주공,2020,사업장,철강,18766.0,346.0,한국표준협회,,NULL
203,산업통상자원부,(주)피엔디티,2020,사업장,자동차,17366.0,337.0,지속가능인증원주식회사,,NULL
204,산업통상자원부,(주)피제이메탈,2020,사업장,비철금속,18188.0,323.0,(재)한국품질재단,,128660
205,환경부,(주)필맥스,2020,사업장,석유화학,25951.0,524.0,㈜한국품질보증원,,NULL
206,환경부,(주)하림,2020,업체,음식료품,102068.0,2374.0,(재)한국품질재단,,136480
207,환경부,(주)한국알스트롬,2020,사업장,제지,45433.0,607.0,(재)한국품질재단,,NULL
208,농림축산식품부,(주)한국인삼공사 고려인삼창(부여공장),2020,사업장,식료품 제조업,18324.0,368.0,(주)한국경영인증원,,NULL
209,농림축산식품부,(주)한국인삼공사 고려인삼창(원주공장),2020,사업장,식료품 제조업,20501.0,413.0,(주)한국경영인증원,,NULL
210,환경부,(주)한국특강,2020,업체,산업,243916.0,4374.0,이큐에이㈜,,007280
211,산업통상자원부,(주)한금포항공장,2020,사업장,철강,15927.0,345.0,한국표준협회,,NULL
212,환경부,(주)한솔케미칼,2020,업체,석유화학,137675.0,2631.0,대일이엔씨기술(주),,014680
213,환경부,(주)한솔홈데코,2020,업체,목재,61799.0,2862.0,(주)한국경영인증원,,025750
214,산업통상자원부,(주)한양에스앤씨 함안지점,2020,사업장,자동차,15725.0,297.0,지속가능인증원주식회사,,NULL
215,산업통상자원부,(주)한영특수강,2020,사업장,철강,15784.0,315.0,한국표준협회,,NULL
216,국토교통부,(주)한익스프레스,2020,사업장,교통(화물),25961.0,408.0,한국표준협회,,014130
217,해양수산부,(주)한일고속,2020,업체,교통(해운),87442.0,1207.0,(주)한국경영인증원,,NULL
218,환경부,(주)한주,2020,업체,산업단지,1187315.0,14821.0,㈜디엔브이비즈니스어슈어런스코리아,,NULL
219,국토교통부,(주)한진,2020,업체,수송,108104.0,1642.0,한국표준협회,,002320
220,환경부,(주)한창제지,2020,업체,제지,122294.0,1622.0,한국표준협회,,009460
221,환경부,(주)한화,2020,업체,산업,95602.0,1781.0,㈜디엔브이비즈니스어슈어런스코리아,,000880
222,환경부,(주)현대백화점,2020,업체,건물,144529.0,2987.0,한국표준협회,,069960
223,환경부,(주)현대엘앤씨,2020,사업장,석유화학,28957.0,586.0,한국표준협회,,NULL
224,환경부,(주)현대케피코,2020,사업장,자동차,25684.0,523.0,한국생산성본부인증원(주),,NULL
225,국토교통부,(주)호텔신라,2020,사업장,건물,19762.0,399.0,한국표준협회,,008770
226,산업통상자원부,(주)화승알앤에이,2020,사업장,석유화학,19814.0,401.0,한국표준협회,,378850
227,환경부,(주)화승케미칼,2020,사업장,산업,28320.0,576.0,이큐에이㈜,,NULL
228,국토교통부,(합)경남여객,2020,업체,교통(여객),42977.0,683.0,한국표준협회,,NULL
229,국토교통부,CJ대한통운(주),2020,업체,교통(화물),227703.0,3891.0,(주)한국경영인증원,,000120
230,환경부,CJ제일제당(주),2020,업체,산업,405352.0,9241.0,(재)한국화학융합시험연구원,,097950
231,국토교통부,GS건설(주),2020,업체,건설,108677.0,2023.0,한국표준협회,,006360
232,환경부,GS파워,2020,업체,집단에너지,1953049.0,37296.0,(재)한국품질재단,,NULL
233,환경부,HSD엔진(주),2020,사업장,기계,26438.0,476.0,㈜디엔브이비즈니스어슈어런스코리아,,NULL
234,산업통상자원부,JW 생명과학(주),2020,사업장,석유화학,28205.0,570.0,한국표준협회,,NULL
235,산업통상자원부,KPX 케미칼(주),2020,사업장,석유화학,20679.0,644.0,(주)한국경영인증원,,NULL
236,산업통상자원부,LB세미콘(주),2020,사업장,반도체,25689.0,526.0,한국표준협회,,061970
237,환경부,LX엠엠에이,2020,업체,산업,325107.0,2857.0,(주)한국경영인증원,,NULL
238,환경부,OCI SE 주식회사,2020,업체,산업,1267292.0,22512.0,㈜디엔브이비즈니스어슈어런스코리아,,NULL
239,산업통상자원부,S&T모티브(주),2020,사업장,자동차,18812.0,385.0,한국표준협회,,NULL
240,환경부,S-Oil(주),2020,업체,정유,9579378.0,125785.0,한국표준협회,,010950
241,산업통상자원부,SK(주) 대덕 데이터센터,2020,사업장,통신,19012.0,391.0,대일이엔씨기술(주),,NULL
242,환경부,SKbroadband(주),2020,업체,통신,337966.0,6921.0,㈜디엔브이비즈니스어슈어런스코리아,,NULL
243,환경부,SK네트웍스(주) 워커힐,2020,사업장,건물,21002.0,423.0,(주)비에스아이그룹코리아,,NULL
244,환경부,SK이노베이션(주),2020,업체,전기전자,20133.0,406.0,한국표준협회,,096770
245,환경부,SK인천석유화학(주),2020,업체,산업,1584513.0,44618.0,한국표준협회,,NULL
246,산업통상자원부,Y&T파워텍(주),2020,사업장,자동차,15583.0,319.0,(주)비에스아이그룹코리아,,NULL
247,환경부,㈜토탈,2020,사업장,지정외 폐기물처리업 등,93651.0,101.0,(재)한국품질재단,,NULL
248,산업통상자원부,가온전선주식회사,2020,사업장,전기전자,15924.0,319.0,(주)비에스아이그룹코리아,,000500
249,국토교통부,강남금융센터(주),2020,사업장,건물,16755.0,341.0,한국표준협회,,NULL
250,산업통상자원부,강남화성(주),2020,사업장,석유화학,18372.0,361.0,한국표준협회,,NULL
251,환경부,강릉시,2020,사업장,폐기물,21093.0,103.0,(주)비에스아이그룹코리아,,NULL
252,국토교통부,강변테크노마트 주식회사,2020,사업장,건물,15192.0,311.0,대일이엔씨기술(주),,NULL
253,국토교통부,강원고속,2020,사업장,교통(여객),19009.0,270.0,한국표준협회,,NULL
254,국토교통부,강원대학교 춘천캠퍼스,2020,사업장,건물,16452.0,335.0,한국표준협회,,NULL
255,국토교통부,강원여객자동차,2020,사업장,교통(여객),12444.0,181.0,한국표준협회,,NULL
256,환경부,거제시,2020,업체,폐기물,59991.0,434.0,(재)한국품질재단,,NULL
257,환경부,건국대학교,2020,사업장,건물,23765.0,482.0,이큐에이㈜,,NULL
258,환경부,경북대학교,2020,업체,건물,30125.0,615.0,㈜한국품질보증원,,NULL
259,환경부,경산제지 주식회사,2020,업체,산업,100089.0,881.0,한국표준협회,,NULL
262,환경부,경인환경에너지 주식회사,2020,사업장,폐기물,67678.0,175.0,이큐에이㈜,,NULL
263,국토교통부,경전여객자동차(주),2020,사업장,교통(여객),10073.0,143.0,한국표준협회,,NULL
264,환경부,경주시,2020,업체,폐기물,77733.0,571.0,㈜한국품질보증원,,NULL
265,국토교통부,경진여객운수(주),2020,사업장,교통(여객),22942.0,377.0,(주)한국경영인증원,,NULL
266,산업통상자원부,경창산업(주) 본사,2020,사업장,자동차,15284.0,314.0,한국생산성본부인증원(주),,NULL
267,환경부,고려강선(주),2020,업체,철강,76651.0,1593.0,한국생산성본부인증원(주),,NULL
268,환경부,고려기초소재,2020,사업장,시멘트,20488.0,362.0,한국표준협회,,NULL
269,환경부,고려아연 주식회사,2020,업체,산업,3534549.0,50347.0,(재)한국품질재단,,010130
270,산업통상자원부,고려용접봉(주),2020,사업장,기계,17751.0,361.0,㈜한국품질보증원,,NULL
271,환경부,고려제강(주),2020,업체,철강,101547.0,2053.0,한국생산성본부인증원(주),,002240
272,산업통상자원부,고려특수선재(주),2020,사업장,철강,23295.0,479.0,한국생산성본부인증원(주),,NULL
273,환경부,고양시,2020,업체,폐기물,164832.0,1139.0,㈜한국품질보증원,,NULL
274,국토교통부,공항철도(주),2020,업체,교통(철도),51935.0,1066.0,대일이엔씨기술(주),,NULL
275,환경부,광명시,2020,업체,폐기물,72337.0,322.0,㈜한국품질보증원,,NULL
276,국토교통부,광주과학기술원,2020,사업장,건물,21883.0,446.0,한국표준협회,,NULL
277,환경부,광주광역시,2020,업체,폐기물,173567.0,1475.0,(재)한국품질재단,,NULL
278,국토교통부,광주광역시도시철도공사,2020,사업장,교통(철도),18376.0,377.0,한국표준협회,,NULL
279,환경부,광진산업(주),2020,업체,시멘트,79968.0,237.0,한국생산성본부인증원(주),,NULL
280,환경부,구리시,2020,업체,폐기물,62661.0,620.0,㈜한국품질보증원,,NULL
281,환경부,구미시,2020,업체,폐기물,137340.0,980.0,㈜한국품질보증원,,NULL
282,환경부,국도화학(주),2020,업체,석유화학,36266.0,1552.0,로이드인증원㈜,,007690
283,환경부,국립대학법인 서울대학교,2020,업체,건물,136345.0,2768.0,(재)한국품질재단,,NULL
284,국토교통부,국립암센터,2020,사업장,건물,18270.0,383.0,이큐에이㈜,,NULL
285,국토교통부,국방과학연구소,2020,사업장,건물,20439.0,414.0,(재)한국품질재단,,NULL
286,환경부,국일제지(주),2020,사업장,산업,44363.0,1127.0,이큐에이㈜,,078130
287,국토교통부,국회사무처,2020,사업장,건물,21203.0,441.0,한국표준협회,,NULL
288,환경부,군산시,2020,업체,폐기물,91676.0,423.0,㈜한국품질보증원,,NULL
289,환경부,군포시,2020,사업장,폐기물,47369.0,85.0,한국표준협회,,NULL
290,환경부,그린케미칼 주식회사,2020,사업장,석유화학,55537.0,1245.0,한국가스안전공사,,083420
291,산업통상자원부,금강공업(주) 음성 제2공장,2020,사업장,비철금속,14638.0,252.0,(주)한국경영인증원,,NULL
292,해양수산부,금진해운(주),2020,사업장,교통(해운),17474.0,242.0,㈜디엔브이비즈니스어슈어런스코리아,,NULL
293,국토교통부,금호고속(주),2020,업체,수송,1502.0,30.0,(주)한국경영인증원,,NULL
294,환경부,금호미쓰이화학 주식회사,2020,업체,석유화학,101643.0,1881.0,(재)한국품질재단,,NULL
295,환경부,금호석유화학 주식회사,2020,업체,산업,3556650.0,43210.0,한국표준협회,,011780
296,국토교통부,금호익스프레스 주식회사,2020,사업장,교통(여객),104884.0,1496.0,(주)한국경영인증원,,NULL
297,환경부,금호타이어(주),2020,업체,산업,242244.0,4890.0,지속가능인증원주식회사,,073240
298,환경부,금호폴리켐주식회사,2020,업체,석유화학,222933.0,3648.0,(재)한국품질재단,,NULL
299,환경부,금호피앤비화학 주식회사,2020,업체,석유화학,893634.0,11788.0,한국표준협회,,NULL
300,환경부,기아(주),2020,업체,산업,697887.0,14066.0,로이드인증원㈜,,000270
301,환경부,김천시,2020,업체,폐기물,49776.0,295.0,㈜한국품질보증원,,NULL
302,환경부,김천에너지서비스주식회사,2020,업체,산업단지,681254.0,8079.0,한국표준협회,,NULL
303,환경부,김포시,2020,사업장,지정외 폐기물처리업,28046.0,226.0,한국표준협회,,NULL
304,국토교통부,김포운수(주),2020,사업장,교통(여객),17490.0,324.0,(주)한국경영인증원,,NULL
305,환경부,김해시,2020,업체,폐기물,121159.0,1321.0,(재)한국품질재단,,NULL
306,환경부,깨끗한나라 주식회사,2020,업체,제지,383458.0,4843.0,(재)한국품질재단,,004540
307,환경부,나래에너지서비스 주식회사,2020,업체,전환,1799605.0,35781.0,(주)한국경영인증원,,NULL
308,환경부,나투라페이퍼 주식회사,2020,업체,제지,155850.0,1200.0,한국표준협회,,NULL
309,환경부,남양금속주식회사,2020,업체,기계,64300.0,1185.0,(주)한국경영인증원,,NULL
310,환경부,남양유업(주),2020,업체,음식료품,88784.0,2038.0,한국표준협회,,003920
311,환경부,남양주시,2020,업체,지정외 폐기물처리업,72082.0,1075.0,(재)한국품질재단,,NULL
312,환경부,남해화학(주),2020,업체,석유화학,67525.0,958.0,대일이엔씨기술(주),,025860
313,산업통상자원부,내포그린에너지(주),2020,사업장,집단에너지,25391.0,500.0,대일이엔씨기술(주),,NULL
314,환경부,네이버 주식회사,2020,사업장,산업,73176.0,1506.0,한국표준협회,,NULL
315,환경부,네이처이앤티(주),2020,업체,폐기물,232429.0,357.0,한국표준협회,,NULL
316,산업통상자원부,네패스,2020,사업장,반도체,13193.0,268.0,(주)비에스아이그룹코리아,,033640
317,환경부,넥센타이어(주),2020,업체,석유화학,177538.0,3524.0,(주)한국경영인증원,,002350
318,환경부,노벨리스코리아 주식회사,2020,업체,비철금속,284589.0,5628.0,(주)한국경영인증원,,NULL
319,환경부,녹십자,2020,사업장,석유화학,41824.0,1036.0,(재)한국품질재단,,006280
320,국토교통부,농협은행(주),2020,업체,건물,94128.0,1373.0,한국표준협회,,NULL
321,환경부,능원금속공업 주식회사,2020,사업장,비철금속,26864.0,547.0,산림조합중앙회,,NULL
322,환경부,담우물산(주),2020,업체,시멘트,56374.0,181.0,(주)한국경영인증원,,NULL
323,환경부,당진시 자원순환센터,2020,업체,지정외 폐기물처리업 등,35802.0,242.0,한국표준협회,,NULL
324,환경부,대구광역시,2020,업체,폐기물,586705.0,4741.0,㈜한국품질보증원,,NULL
325,환경부,대구그린파워(주),2020,업체,집단에너지,829427.0,16510.0,이큐에이㈜,,NULL
326,국토교통부,대구도시철도공사,2020,업체,교통(철도),98774.0,2030.0,(주)한국경영인증원,,NULL
327,환경부,대구염색산업단지관리공단,2020,업체,산업단지,656181.0,7367.0,이큐에이㈜,,NULL
328,환경부,대구텍 유한책임회사,2020,사업장,비철금속,,,한국표준협회,,NULL
329,환경부,대덕전자 주식회사,2020,업체,전기전자,125142.0,2541.0,한국표준협회,,353200
330,환경부,대동금속(주),2020,사업장,철강,36877.0,699.0,(주)한국경영인증원,,020400
331,환경부,대동산업주식회사,2020,업체,요업,22919.0,373.0,이큐에이㈜,,NULL
332,환경부,대상 주식회사,2020,업체,음식료품,508708.0,10902.0,(주)한국경영인증원,,001680
333,환경부,대성목재공업(주),2020,사업장,목재,29595.0,579.0,한국표준협회,,NULL
334,산업통상자원부,대성엠디아이(주),2020,업체,시멘트,172714.0,798.0,(주)한국경영인증원,,NULL
335,환경부,대성지엠텍(주),2020,업체,광업,118906.0,318.0,(주)한국경영인증원,,NULL
336,산업통상자원부,대신염직공업(주),2020,사업장,섬유,14611.0,290.0,이큐에이㈜,,NULL
337,국토교통부,대신정기화물자동차(주),2020,업체,교통(화물),53953.0,764.0,(주)한국경영인증원,,NULL
338,산업통상자원부,대양금속(주),2020,사업장,기계,20080.0,394.0,(재)한국품질재단,,009190
339,환경부,대양제지공업(주),2020,업체,제지,138767.0,1536.0,한국표준협회,,006580
340,산업통상자원부,대용산업 시흥 제2공장,2020,사업장,기계,14479.0,294.0,한국표준협회,,NULL
341,환경부,대우조선해양(주),2020,업체,조선,360403.0,6434.0,(재)한국품질재단,,NULL
342,환경부,대원강업(주),2020,사업장,자동차,21896.0,440.0,로이드인증원㈜,,000430
343,환경부,대원그린에너지(주),2020,사업장,폐기물,55748.0,404.0,한국표준협회,,NULL
344,산업통상자원부,대원화성(주),2020,사업장,석유화학,17724.0,319.0,한국표준협회,,024890
345,환경부,대일개발 주식회사,2020,사업장,폐기물,51461.0,189.0,로이드인증원㈜,,NULL
346,환경부,대전광역시,2020,업체,폐기물,305276.0,2687.0,한국산업기술시험원,,NULL
347,국토교통부,대전광역시도시철도공사,2020,사업장,교통(철도),17398.0,357.0,(주)신화엔지니어링종합건축사사무소,,NULL
348,환경부,대전열병합발전주식회사,2020,업체,산업단지,121671.0,2641.0,한국표준협회,,NULL
349,산업통상자원부,대창단조(주),2020,사업장,기계,14212.0,290.0,이큐에이㈜,,015230
350,국토교통부,대창운수(주),2020,사업장,교통(여객),21620.0,404.0,한국표준협회,,NULL
351,산업통상자원부,대한광통신 주식회사,2020,사업장,전기전자,20671.0,425.0,(주)한국경영인증원,,010170
352,환경부,대한방직(주),2020,사업장,산업,34789.0,511.0,한국표준협회,,001070
353,농림축산식품부,대한사료(주),2020,사업장,식료품 제조업,16614.0,334.0,대일이엔씨기술(주),,NULL
354,환경부,대한석탄공사,2020,사업장,광업,237994.0,911.0,한국생산성본부인증원(주),,NULL
355,산업통상자원부,대한소결금속(주),2020,사업장,자동차,21043.0,424.0,한국표준협회,,NULL
356,환경부,대한슬래그 주식회사,2020,사업장,산업,29115.0,529.0,한국표준협회,,NULL
357,환경부,대한시멘트주식회사,2020,사업장,시멘트,74094.0,1335.0,한국표준협회,,NULL
358,산업통상자원부,대한약품공업(주),2020,사업장,석유화학,17113.0,346.0,(주)한국경영인증원,,NULL
359,환경부,대한유화 주식회사,2020,업체,석유화학,1680813.0,33987.0,한국가스안전공사,,006650
360,환경부,대한전선 주식회사,2020,사업장,전기전자,34901.0,699.0,이큐에이㈜,,001440
361,환경부,대한제강(주),2020,업체,철강,356509.0,6152.0,한국표준협회,,084010
362,환경부,대한제당 주식회사,2020,업체,음식료품,74673.0,1487.0,(재)한국품질재단,,001790
363,농림축산식품부,대한제분(주),2020,사업장,식료품 제조업,20932.0,430.0,대일이엔씨기술(주),,001130
364,환경부,대한제지주식회사,2020,업체,제지,184222.0,2279.0,한국표준협회,,NULL
365,산업통상자원부,대한조선주식회사,2020,사업장,조선,25780.0,409.0,한국표준협회,,439260
366,산업통상자원부,대한특수금속(주),2020,사업장,철강,11429.0,207.0,이큐에이㈜,,NULL
367,환경부,대한항공,2020,업체,항공,366820.0,5592.0,㈜디엔브이비즈니스어슈어런스코리아,,003490
368,환경부,대한화섬(주),2020,업체,섬유,39543.0,863.0,한국표준협회,,003830
369,산업통상자원부,더블유스코프코리아(주) 1공장,2020,사업장,석유화학,15469.0,586.0,㈜한국품질보증원,,NULL
370,산업통상자원부,더블유씨피 주식회사,2020,사업장,전기전자,,,한국표준협회,,393890
371,환경부,데이원에너지 주식회사,2020,업체,산업단지,1078306.0,11750.0,한국표준협회,,NULL
372,산업통상자원부,덴소코리아 주식회사,2020,사업장,자동차,11072.0,221.0,이큐에이㈜,,047060
373,환경부,도레이배터리세퍼레이터필름 한국유한회사,2020,사업장,전기전자,118364.0,2391.0,한국표준협회,,NULL
374,산업통상자원부,도레이비에스에프코팅한국 유한회사,2020,업체,전기전자,119416.0,488.0,㈜디엔브이비즈니스어슈어런스코리아,,NULL
375,환경부,도레이첨단소재 주식회사,2020,업체,섬유,627335.0,12488.0,(주)비에스아이그룹코리아,,NULL
376,국토교통부,도명특송(주),2020,사업장,교통(화물),25931.0,367.0,한국표준협회,,NULL
377,환경부,동국산업(주),2020,사업장,철강,31246.0,614.0,한국표준협회,,005160
378,환경부,동국제강 주식회사,2020,업체,철강,1830697.0,31355.0,(재)한국품질재단,,460860
379,산업통상자원부,동남정밀 주식회사,2020,사업장,자동차,8903.0,181.0,한국표준협회,,NULL
380,환경부,동두천드림파워,2020,업체,전환,1928364.0,38371.0,(주)신화엔지니어링종합건축사사무소,,NULL
381,환경부,동두천시공공하수처리장,2020,사업장,폐기물,7417.0,115.0,(재)한국품질재단,,NULL
382,환경부,동서석유화학 주식회사,2020,업체,석유화학,391471.0,2055.0,로이드인증원㈜,,NULL
383,환경부,동서식품(주),2020,업체,음식료품,123249.0,2657.0,(재)한국품질재단,,NULL
384,산업통상자원부,동서페더럴모굴(주),2020,사업장,자동차,20019.0,408.0,(주)비에스아이그룹코리아,,NULL
385,국토교통부,동성교통(주),2020,사업장,교통(여객),15820.0,298.0,(주)한국경영인증원,,NULL
386,국토교통부,동아운수(주),2020,사업장,교통(여객),17824.0,334.0,산림조합중앙회,,NULL
387,산업통상자원부,동아타이어공업(주),2020,사업장,석유화학,11361.0,229.0,한국표준협회,,282690
388,산업통상자원부,동양산업(주) 성산지점,2020,사업장,자동차,12857.0,264.0,(주)한국경영인증원,,NULL
389,산업통상자원부,동양주공(주),2020,사업장,철강,14482.0,273.0,이큐에이㈜,,NULL
390,환경부,동양피스톤(주),2020,사업장,자동차,25793.0,524.0,이큐에이㈜,,NULL
391,환경부,동우화인켐주식회사,2020,업체,석유화학,405552.0,6814.0,(재)한국품질재단,,NULL
392,국토교통부,동원로엑스(주),2020,사업장,교통(화물),56509.0,885.0,한국표준협회,,NULL
393,산업통상자원부,동원시스템즈(주),2020,사업장,비철금속,229767.0,3928.0,(재)한국품질재단,,014820
394,환경부,동원페이퍼(주),2020,업체,제지,105506.0,1622.0,(재)한국화학융합시험연구원,,NULL
395,산업통상자원부,동은단조(주) 밀양공장,2020,사업장,자동차,17356.0,355.0,㈜한국품질보증원,,NULL
396,산업통상자원부,동은단조(주) 부산공장,2020,사업장,기계,15295.0,312.0,㈜한국품질보증원,,NULL
397,환경부,동일산업주식회사,2020,업체,철강,286433.0,3327.0,한국표준협회,,004890
398,산업통상자원부,동일알루미늄(주),2020,사업장,비철금속,19723.0,403.0,한국표준협회,,NULL
399,산업통상자원부,동일제강(주),2020,사업장,철강,20830.0,408.0,한국표준협회,,002690
400,산업통상자원부,동일팩키지(주)진주공장,2020,사업장,제지,48676.0,372.0,(재)한국품질재단,,NULL
401,환경부,동화기업(주),2020,업체,목재,115303.0,2236.0,한국표준협회,,025900
402,산업통상자원부,동화지앤피 주식회사,2020,사업장,유리,22941.0,352.0,(주)한국경영인증원,,NULL
403,환경부,동희오토(주),2020,사업장,자동차,30052.0,604.0,(주)한국경영인증원,,NULL
404,산업통상자원부,두산메카텍 주식회사,2020,사업장,기계,14495.0,256.0,(주)한국경영인증원,,NULL
405,환경부,두산중공업 주식회사,2020,업체,기계,229499.0,4375.0,(재)한국품질재단,,NULL
406,환경부,두원중공업(주),2020,사업장,산업,26943.0,549.0,(주)신화엔지니어링종합건축사사무소,,NULL
407,환경부,디아이지에어가스 주식회사,2020,업체,산업,809729.0,16612.0,㈜한국품질보증원,,NULL
408,환경부,디에스파워 주식회사,2020,업체,집단에너지,1132208.0,22564.0,한국표준협회,,NULL
409,환경부,디엘 주식회사,2020,업체,석유화학,3260.0,65.0,한국가스안전공사,,NULL
410,환경부,디엘모터스(주),2020,사업장,자동차,39822.0,802.0,(주)한국경영인증원,,NULL
411,환경부,디엘에프엔씨 주식회사,2020,사업장,산업,24842.0,508.0,한국가스안전공사,,NULL
412,산업통상자원부,디엘케미칼 주식회사,2020,업체,산업,163650.0,3093.0,한국가스안전공사,,NULL
413,산업통상자원부,디케이동신(주),2020,사업장,철강,19054.0,350.0,한국표준협회,,NULL
414,국토교통부,람정제주개발 주식회사,2020,사업장,건물,31886.0,621.0,(주)한국경영인증원,,NULL
415,국토교통부,롯데글로벌로지스(주),2020,사업장,교통(화물),48249.0,910.0,한국표준협회,,NULL
416,환경부,롯데네슬레코리아(주),2020,사업장,음식료품,35870.0,699.0,(재)한국품질재단,,NULL
417,환경부,롯데물산(주),2020,사업장,건물,35464.0,721.0,(주)한국경영인증원,,NULL
418,산업통상자원부,롯데베르살리스엘라스토머스(주),2020,업체,석유화학,85905.0,1810.0,한국표준협회,,NULL
419,환경부,롯데쇼핑 주식회사,2020,업체,건물,672445.0,13265.0,한국표준협회,,023530
420,환경부,롯데알미늄 주식회사,2020,업체,산업,71423.0,1321.0,(재)한국품질재단,,NULL
421,환경부,롯데엠시시 주식회사,2020,업체,석유화학,321775.0,2648.0,한국표준협회,,NULL
422,환경부,롯데이네오스화학 주식회사,2020,업체,산업,213079.0,3063.0,한국표준협회,,NULL
423,환경부,롯데정밀화학 주식회사,2020,업체,석유화학,627987.0,14495.0,로이드인증원㈜,,004000
424,환경부,롯데정보통신(주),2020,사업장,산업,77266.0,1589.0,한국표준협회,,NULL
425,환경부,롯데제과 주식회사,2020,업체,음식료품,122723.0,2496.0,(재)한국품질재단,,NULL
426,환경부,롯데칠성음료 주식회사,2020,업체,산업,161274.0,2975.0,(주)한국경영인증원,,005300
427,국토교통부,롯데컬처웍스(주),2020,업체,건물,48200.0,939.0,한국표준협회,,NULL
428,환경부,롯데케미칼 주식회사,2020,업체,석유화학,5574267.0,95478.0,(재)한국품질재단,,011170
429,환경부,롯데푸드(주),2020,업체,음식료품,112779.0,2252.0,(주)한국경영인증원,,002270
430,환경부,르노삼성자동차(주),2020,업체,자동차,79194.0,1630.0,(주)한국경영인증원,,NULL
431,환경부,린데코리아 주식회사,2020,업체,석유화학,726481.0,14469.0,(재)한국품질재단,,NULL
432,환경부,만호제강(주),2020,사업장,철강,28907.0,587.0,한국표준협회,,001080
433,환경부,매그나칩반도체(유),2020,업체,산업,160747.0,1256.0,(주)비에스아이그룹코리아,,NULL
434,환경부,매일유업(주),2020,업체,음식료품,121163.0,2314.0,(주)한국경영인증원,,267980
435,국토교통부,명성운수(주),2020,사업장,교통(여객),23413.0,372.0,이큐에이㈜,,NULL
436,산업통상자원부,명화공업(주) 아산공장,2020,사업장,자동차,26175.0,526.0,한국표준협회,,NULL
437,환경부,목포시,2020,사업장,지정외 폐기물처리업,59763.0,146.0,(재)한국품질재단,,NULL
438,환경부,무림에스피(주),2020,업체,제지,47804.0,959.0,한국표준협회,,NULL
439,환경부,무림파워텍 주식회사,2020,업체,산업단지,180614.0,2817.0,한국표준협회,,NULL
440,환경부,무림페이퍼(주),2020,업체,제지,200121.0,4109.0,한국표준협회,,009200
441,환경부,무림피앤피(주),2020,업체,산업,235768.0,13015.0,한국표준협회,,NULL
442,환경부,문경시 하수도사업소,2020,사업장,폐기물,7812.0,130.0,(재)한국화학융합시험연구원,,NULL
443,국토교통부,문화방송,2020,사업장,건물,16391.0,350.0,(주)한국경영인증원,,NULL
444,산업통상자원부,미래나노텍(주),2020,사업장,전기전자,23570.0,454.0,(주)한국경영인증원,,095500
445,산업통상자원부,미쓰이케미칼앤드에스케이씨폴리우레탄 주식회사,2020,사업장,석유화학,21242.0,449.0,한국표준협회,,NULL
446,산업통상자원부,미원상사(주) 전주2공장,2020,사업장,석유화학,21412.0,427.0,대일이엔씨기술(주),,NULL
447,산업통상자원부,미원스페셜티케미칼(주)충주공장,2020,사업장,석유화학,32270.0,645.0,이큐에이㈜,,NULL
448,산업통상자원부,바스프컬러스앤이펙츠코리아(주),2020,사업장,석유화학,19029.0,554.0,(재)한국품질재단,,NULL
449,환경부,바스프퍼포먼스폴리아마이드코리아 주식회사,2020,업체,산업,76057.0,1633.0,한국표준협회,,NULL
450,환경부,백광산업 주식회사,2020,업체,석유화학,209613.0,4171.0,한국표준협회,,NULL
451,환경부,버슘머트리얼즈피엠코리아,2020,사업장,산업,27763.0,571.0,로이드인증원㈜,,NULL
452,국토교통부,범일운수,2020,사업장,교통(여객),18029.0,337.0,(주)한국경영인증원,,NULL
453,환경부,베올리아워터코리아대산(주),2020,업체,수도,88535.0,1817.0,(주)한국경영인증원,,NULL
454,환경부,별내에너지 주식회사,2020,업체,집단에너지,148820.0,2978.0,한국표준협회,,NULL
455,환경부,보령시 생활폐기물처리장,2020,사업장,지정외 폐기물처리업 등,42351.0,135.0,한국표준협회,,NULL
456,산업통상자원부,보령엘엔지터미널 주식회사,2020,사업장,발전에너지,43461.0,865.0,㈜한국품질보증원,,NULL
457,국토교통부,보영운수(주),2020,사업장,교통(여객),15507.0,257.0,한국표준협회,,NULL
458,산업통상자원부,볼보그룹코리아(주),2020,사업장,기계,20606.0,399.0,한국표준협회,,NULL
459,환경부,부산광역시,2020,업체,폐기물,878152.0,7683.0,(주)신화엔지니어링종합건축사사무소,,NULL
460,국토교통부,부산교통(주),2020,사업장,교통(여객),13843.0,199.0,한국표준협회,,NULL
461,국토교통부,부산교통공사,2020,업체,교통(철도),166412.0,3421.0,한국표준협회,,NULL
462,국토교통부,부산대학교,2020,사업장,건물,23120.0,474.0,㈜한국품질보증원,,NULL
463,국토교통부,부산대학교병원,2020,사업장,건물,18392.0,375.0,한국표준협회,,NULL
464,환경부,부산정관에너지(주),2020,사업장,집단에너지,75920.0,1505.0,(주)신화엔지니어링종합건축사사무소,,NULL
465,환경부,부산주공(주),2020,업체,자동차,82405.0,1526.0,㈜한국품질보증원,,005030
466,환경부,부산패션칼라산업협동조합,2020,업체,산업단지,141363.0,1999.0,이큐에이㈜,,NULL
467,환경부,부천시,2020,업체,폐기물,151996.0,1586.0,㈜한국품질보증원,,NULL
468,환경부,부흥석회,2020,사업장,시멘트,47.0,0.0,한국생산성본부인증원(주),,NULL
469,국토교통부,북부운수(주),2020,사업장,교통(여객),14868.0,279.0,산림조합중앙회,,NULL
470,농림축산식품부,브리티쉬아메리칸토바코코리아제조(주),2020,사업장,담배제조업,22156.0,451.0,한국표준협회,,NULL
471,환경부,브이피에이치메탈 유한회사,2020,사업장,산업,28571.0,524.0,㈜한국품질보증원,,NULL
472,환경부,비노텍 주식회사,2020,사업장,폐기물,95956.0,68.0,이큐에이㈜,,NULL
473,환경부,비를라카본코리아(주),2020,업체,석유화학,117002.0,433.0,㈜디엔브이비즈니스어슈어런스코리아,,NULL
474,산업통상자원부,비테스코테크놀로지스코리아 주식회사,2020,사업장,자동차,15229.0,307.0,(주)한국경영인증원,,NULL
475,환경부,사회복지법인 삼성생명공익재단,2020,업체,건물,87889.0,1782.0,(재)한국품질재단,,NULL
476,산업통상자원부,삼강에스앤씨(주),2020,사업장,조선,26659.0,420.0,(재)한국품질재단,,NULL
477,산업통상자원부,삼강엠앤티,2020,사업장,조선,22592.0,385.0,한국표준협회,,NULL
478,환경부,삼남석유화학주식회사,2020,업체,석유화학,190860.0,2512.0,한국표준협회,,NULL
479,산업통상자원부,삼목에스폼(주),2020,사업장,비철금속,35461.0,633.0,한국표준협회,,018310
480,산업통상자원부,삼미금속(주),2020,사업장,철강,16014.0,322.0,한국표준협회,,012210
481,환경부,삼보산업 주식회사,2020,사업장,비철금속,19881.0,295.0,한국표준협회,,009620
482,환경부,삼성디스플레이 주식회사,2020,업체,산업,4632185.0,77508.0,(주)비에스아이그룹코리아,,NULL
483,국토교통부,삼성물산 주식회사,2020,업체,산업,85212.0,1805.0,(주)한국경영인증원,,000830
484,환경부,삼성바이오로직스 주식회사,2020,사업장,석유화학,124807.0,2529.0,이큐에이㈜,,207940
485,환경부,삼성생명보험 주식회사,2020,업체,건물,66825.0,911.0,(재)한국품질재단,,NULL
486,환경부,삼성에스디아이 주식회사,2020,업체,전기전자,561574.0,11601.0,(재)한국품질재단,,NULL
487,환경부,삼성에스디에스(주),2020,업체,산업,95277.0,1949.0,(주)한국경영인증원,,018260
488,환경부,삼성전기 주식회사,2020,업체,전기전자,444101.0,9166.0,(주)비에스아이그룹코리아,,009150
489,환경부,삼성전자 주식회사,2020,업체,반도체,12532779.0,177112.0,(재)한국품질재단,,005930
490,환경부,삼성중공업 주식회사,2020,업체,조선,383168.0,6234.0,한국표준협회,,010140
491,환경부,삼성코닝어드밴스드글라스 유한회사,2020,사업장,산업,44449.0,898.0,로이드인증원㈜,,NULL
492,산업통상자원부,삼신정밀(주),2020,사업장,자동차,18075.0,367.0,한국표준협회,,NULL
493,산업통상자원부,삼아알미늄주식회사,2020,사업장,비철금속,18763.0,379.0,한국표준협회,,006110
494,환경부,삼양식품(주) 원주공장,2020,사업장,산업,40014.0,791.0,(주)비에스아이그룹코리아,,NULL
495,환경부,삼양이노켐 주식회사,2020,업체,석유화학,81196.0,1603.0,한국표준협회,,NULL
496,산업통상자원부,삼양통상(주),2020,사업장,섬유,14387.0,289.0,이큐에이㈜,,002170
497,환경부,삼양화성주식회사,2020,업체,석유화학,102078.0,2394.0,한국표준협회,,NULL
498,산업통상자원부,삼영산업,2020,사업장,요업,27431.0,488.0,이큐에이㈜,,NULL
499,국토교통부,삼영운수(주),2020,사업장,교통(여객),28976.0,492.0,한국표준협회,,NULL
500,환경부,삼영전자공업(주),2020,업체,전기전자,104324.0,2136.0,한국산업기술시험원,,005680
501,환경부,삼영화학공업(주),2020,사업장,석유화학,29296.0,596.0,한국표준협회,,NULL
502,산업통상자원부,삼우중공업 주식회사,2020,사업장,조선,20281.0,321.0,(주)한국경영인증원,,NULL
503,환경부,삼정펄프(주),2020,업체,제지,158698.0,1472.0,(주)비에스아이그룹코리아,,009770
504,환경부,삼표시멘트,2020,업체,산업,5986309.0,34526.0,(재)한국품질재단,,038500
505,산업통상자원부,삼표자원개발주식회사,2020,사업장,광업,35191.0,628.0,(재)한국품질재단,,NULL
506,산업통상자원부,삼호제강주식회사,2020,사업장,철강,18718.0,373.0,이큐에이㈜,,NULL
507,산업통상자원부,삼화왕관(주),2020,사업장,기계,18064.0,350.0,한국표준협회,,004450
508,환경부,삼화제지(주),2020,사업장,제지,19882.0,692.0,한국표준협회,,NULL
509,산업통상자원부,삼화콘덴서공업(주),2020,사업장,전기전자,21190.0,435.0,한국표준협회,,001820
510,환경부,삼흥열처리,2020,사업장,기계,24610.0,499.0,이큐에이㈜,,NULL
511,해양수산부,상지해운(주),2020,사업장,교통(해운),20916.0,286.0,㈜디엔브이비즈니스어슈어런스코리아,,NULL
512,산업통상자원부,새론오토모티브(주),2020,사업장,자동차,21581.0,335.0,이큐에이㈜,,075180
513,국토교통부,새한특수(주),2020,사업장,교통(화물),17538.0,248.0,한국표준협회,,NULL
514,환경부,생고뱅이소바코리아 주식회사,2020,사업장,유리,35398.0,694.0,이큐에이㈜,,NULL
515,환경부,생고뱅코리아홀딩스 주식회사,2020,업체,유리,37.0,0.0,이큐에이㈜,,002000
516,환경부,서산시 공공하수처리장,2020,사업장,하수처리업,18553.0,112.0,한국표준협회,,NULL
517,농림축산식품부,서안주정(주),2020,사업장,음료제조업,9897.0,307.0,한국표준협회,,NULL
518,농림축산식품부,서영주정(주),2020,사업장,음료제조업,23302.0,469.0,(재)한국품질재단,,NULL
519,국토교통부,서울교통공사,2020,업체,수송,645484.0,13278.0,한국생산성본부인증원(주),,NULL
520,국토교통부,서울교통네트웍(주),2020,사업장,교통(여객),15223.0,286.0,(주)한국경영인증원,,NULL
521,환경부,서울대학교병원,2020,업체,건물,83569.0,1721.0,한국표준협회,,NULL
522,환경부,서울바이오시스(주),2020,사업장,반도체,78109.0,1482.0,로이드인증원㈜,,092190
523,산업통상자원부,서울반도체,2020,사업장,반도체,12341.0,253.0,로이드인증원㈜,,046890
524,국토교통부,서울시메트로 9호선(주),2020,사업장,교통(철도),41674.0,857.0,이큐에이㈜,,NULL
525,환경부,서울에너지공사,2020,업체,집단에너지,259685.0,5319.0,한국표준협회,,NULL
526,농림축산식품부,서울우유협동조합,2020,업체,식료품 제조업,67780.0,1354.0,한국표준협회,,NULL
527,환경부,서울특별시,2020,업체,폐기물,1443583.0,12695.0,(주)신화엔지니어링종합건축사사무소,,NULL
528,환경부,서울특별시농수산식품공사,2020,사업장,건물,55833.0,1145.0,(주)한국경영인증원,,NULL
529,국토교통부,서울파이낸스센터(주),2020,사업장,건물,11435.0,233.0,한국생산성본부인증원(주),,NULL
530,산업통상자원부,서진산업(주) 경주공장,2020,사업장,자동차,17088.0,330.0,한국표준협회,,NULL
531,환경부,서한이앤피주식회사,2020,업체,기계,65815.0,1321.0,이큐에이㈜,,NULL
532,환경부,서해그린환경(주),2020,사업장,폐기물,31024.0,143.0,(재)한국품질재단,,NULL
533,산업통상자원부,선도화학(주),2020,사업장,석유화학,22211.0,457.0,한국가스안전공사,,NULL
534,국토교통부,선진버스(주),2020,사업장,교통(여객),21475.0,396.0,(주)한국경영인증원,,NULL
535,환경부,성남시,2020,업체,폐기물,266581.0,2187.0,㈜한국품질보증원,,NULL
536,국토교통부,성남시내버스(주),2020,사업장,교통(여객),31011.0,545.0,㈜한국품질보증원,,NULL
537,환경부,성림유화 주식회사,2020,업체,폐기물,228585.0,153.0,로이드인증원㈜,,NULL
538,산업통상자원부,성보공업(주),2020,사업장,철강,17990.0,342.0,한국표준협회,,NULL
539,환경부,성신씨엠 주식회사,2020,사업장,산업,23283.0,470.0,한국표준협회,,NULL
540,환경부,성신양회(주),2020,업체,시멘트,4794801.0,25976.0,한국표준협회,,004980
541,환경부,성안합섬(주),2020,업체,섬유,60174.0,1205.0,이큐에이㈜,,NULL
542,산업통상자원부,성일요업주식회사,2020,사업장,요업,19393.0,365.0,한국표준협회,,NULL
543,환경부,성창보드(주),2020,사업장,목재,30409.0,613.0,㈜한국품질보증원,,NULL
544,환경부,성훈엔지니어링주식회사,2020,사업장,비철금속,38024.0,753.0,한국가스안전공사,,NULL
545,산업통상자원부,세메스(주),2020,사업장,기계,29618.0,541.0,한국표준협회,,NULL
546,국토교통부,세방(주),2020,사업장,교통(화물),28371.0,440.0,(주)한국경영인증원,,004360
547,환경부,세방전지(주),2020,업체,전기전자,125935.0,2568.0,이큐에이㈜,,004490
548,환경부,세하(주),2020,업체,제지,158282.0,1839.0,이큐에이㈜,,NULL
549,산업통상자원부,세화금속공업(주) 다산공장,2020,사업장,철강,11937.0,220.0,이큐에이㈜,,NULL
550,환경부,셀트리온,2020,사업장,석유화학,52602.0,1066.0,산림조합중앙회,,068270
551,환경부,셰플러코리아 유한책임회사,2020,업체,산업,92092.0,1884.0,로이드인증원㈜,,NULL
552,국토교통부,소신여객자동차(주),2020,사업장,교통(여객),23340.0,424.0,한국표준협회,,NULL
553,환경부,속초시 환경자원사업소,2020,사업장,지정외 폐기물처리업,19538.0,328.0,(주)한국경영인증원,,NULL
554,산업통상자원부,솔베이실리카코리아(주),2020,업체,석유화학,34536.0,749.0,이큐에이㈜,,NULL
555,환경부,솔브레인에스엘디 주식회사,2020,사업장,디스플레이,46162.0,946.0,㈜한국품질보증원,,NULL
556,환경부,송원산업(주),2020,업체,석유화학,151611.0,2965.0,한국표준협회,,004430
557,환경부,송학제지(주),2020,사업장,제지,33594.0,426.0,이큐에이㈜,,NULL
558,환경부,수도권매립지관리공사,2020,업체,폐기물,1689252.0,4739.0,한국산업기술시험원,,NULL
559,환경부,수완에너지 주식회사,2020,업체,집단에너지,168417.0,3338.0,대일이엔씨기술(주),,NULL
560,환경부,수원시,2020,업체,폐기물,157542.0,1622.0,㈜한국품질보증원,,NULL
561,국토교통부,수원애경역사(주),2020,사업장,건물,14844.0,302.0,한국표준협회,,NULL
562,국토교통부,수원여객운수(주),2020,사업장,교통(여객),37095.0,691.0,한국표준협회,,NULL
563,국토교통부,수협노량진수산(주),2020,사업장,건물,15878.0,327.0,(주)한국경영인증원,,NULL
564,환경부,순천시,2020,업체,폐기물,67864.0,506.0,한국산업기술시험원,,NULL
565,산업통상자원부,스미토모세이카폴리머스코리아(주),2020,사업장,석유화학,38235.0,1522.0,한국표준협회,,NULL
566,환경부,스테코(주),2020,사업장,전기전자,39940.0,819.0,한국표준협회,,NULL
567,환경부,스템코(주),2020,사업장,반도체,56249.0,1232.0,(주)한국경영인증원,,NULL
568,환경부,시그네틱스(주),2020,사업장,반도체,40981.0,837.0,(주)한국경영인증원,,033170
569,환경부,시흥시,2020,업체,폐기물,114874.0,1225.0,(재)한국품질재단,,NULL
570,환경부,신대양제지(주),2020,업체,제지,212716.0,1768.0,한국표준협회,,016590
571,환경부,신대양제지반월(주),2020,업체,산업,101668.0,788.0,한국표준협회,,NULL
572,환경부,신대일제지공업(주),2020,업체,제지,88182.0,361.0,이큐에이㈜,,NULL
573,환경부,신대한정유산업 주식회사,2020,사업장,폐기물,93941.0,184.0,(주)한국경영인증원,,NULL
574,국토교통부,신도림테크노마트 주식회사,2020,사업장,건물,14640.0,299.0,(주)한국경영인증원,,NULL
575,국토교통부,신분당선(주),2020,사업장,교통(철도),25127.0,517.0,(주)한국경영인증원,,NULL
576,국토교통부,신성교통(주),2020,사업장,교통(여객),25003.0,443.0,대일이엔씨기술(주),,NULL
577,국토교통부,신안종합리조트(주),2020,사업장,건물,14956.0,296.0,(주)한국경영인증원,,NULL
578,산업통상자원부,신양금속공업(주) 제1공장,2020,사업장,비철금속,14931.0,318.0,한국표준협회,,NULL
579,환경부,신창제지공업주식회사,2020,사업장,제지,30422.0,614.0,한국표준협회,,NULL
580,산업통상자원부,신평택발전(주),2020,업체,발전에너지,2105680.0,41809.0,한국표준협회,,NULL
581,환경부,신풍제지(주),2020,업체,제지,1078.0,20.0,(재)한국품질재단,,NULL
582,산업통상자원부,신한방직 주식회사,2020,사업장,섬유,7854.0,161.0,이큐에이㈜,,NULL
583,산업통상자원부,신한중공업(주),2020,사업장,조선,15785.0,267.0,㈜한국품질보증원,,NULL
584,산업통상자원부,신화인터텍(주),2020,사업장,전기전자,17822.0,360.0,한국표준협회,,056700
585,산업통상자원부,쌍용기초소재(주),2020,사업장,시멘트,16333.0,300.0,한국표준협회,,NULL
586,환경부,쌍용머티리얼(주),2020,사업장,자동차,34322.0,687.0,(재)한국품질재단,,NULL
587,환경부,쌍용씨앤이(주),2020,업체,산업,9872029.0,56497.0,한국표준협회,,003410
588,환경부,쌍용자동차(주),2020,업체,자동차,111052.0,2207.0,㈜한국품질보증원,,NULL
589,환경부,씨엔씨티에너지 주식회사,2020,사업장,집단에너지,46775.0,937.0,로이드인증원㈜,,NULL
590,해양수산부,씨월드고속훼리(주),2020,업체,교통(해운),87350.0,1195.0,(주)한국경영인증원,,NULL
591,국토교통부,씨제이씨지브이(주),2020,업체,건물,58769.0,1147.0,(재)한국품질재단,,NULL
592,환경부,씨지앤율촌전력 주식회사,2020,업체,전환,2443630.0,47221.0,㈜한국품질보증원,,NULL
593,산업통상자원부,아름일렉트로닉스 주식회사,2020,사업장,반도체.디스플레이.전기전자,14403.0,295.0,(주)한국경영인증원,,NULL
594,환경부,아반스트레이트코리아 주식회사,2020,업체,산업,24424.0,485.0,㈜한국품질보증원,,NULL
595,산업통상자원부,아비코테크 주식회사,2020,사업장,전기전자,11110.0,227.0,(주)한국경영인증원,,NULL
596,환경부,아사히피디글라스한국(주),2020,업체,유리,57.0,1.0,㈜디엔브이비즈니스어슈어런스코리아,,NULL
597,환경부,아산시,2020,사업장,폐기물,39171.0,460.0,㈜한국품질보증원,,NULL
598,환경부,아세아시멘트 주식회사,2020,업체,시멘트,2460584.0,14139.0,한국표준협회,,183190
599,환경부,아세아제지(주),2020,업체,제지,494588.0,4335.0,한국표준협회,,002310
600,환경부,아시아나항공,2020,업체,수송,309897.0,4542.0,로이드인증원㈜,,020560
601,환경부,아주대학교의료원,2020,사업장,건물,27944.0,566.0,한국생산성본부인증원(주),,NULL
602,환경부,안동시,2020,업체,폐기물,42221.0,396.0,(재)한국품질재단,,NULL
603,산업통상자원부,안산도시개발(주),2020,사업장,집단에너지,23395.0,584.0,(재)한국품질재단,,NULL
604,환경부,안산시,2020,업체,폐기물,132917.0,1461.0,㈜한국품질보증원,,NULL
605,환경부,안양시,2020,업체,폐기물,122396.0,1014.0,㈜한국품질보증원,,NULL
606,환경부,애경케미칼(주),2020,업체,산업,144939.0,1479.0,한국표준협회,,161000
607,환경부,앰코테크놀로지코리아(주),2020,업체,반도체,240607.0,4880.0,(주)비에스아이그룹코리아,,NULL
608,국토교통부,양산부산대학교병원,2020,사업장,건물,21874.0,446.0,한국산업기술시험원,,NULL
609,환경부,양산시,2020,업체,폐기물,95425.0,800.0,㈜한국품질보증원,,NULL
610,환경부,양주시,2020,업체,폐기물,69654.0,835.0,㈜한국품질보증원,,NULL
611,환경부,에너원(주),2020,업체,산업단지,38570.0,445.0,(주)한국경영인증원,,NULL
612,산업통상자원부,에스앤티중공업 주식회사,2020,사업장,자동차,13353.0,252.0,한국표준협회,,NULL
613,산업통상자원부,에스에스엘엠 주식회사,2020,사업장,반도체,21145.0,428.0,한국표준협회,,NULL
614,환경부,에스엔에프코리아(주) 울산공장,2020,사업장,석유화학,34927.0,703.0,이큐에이㈜,,NULL
615,산업통상자원부,에스엘 주식회사,2020,업체,전기전자,50354.0,1030.0,(재)한국품질재단,,005850
616,환경부,에스지씨솔루션 주식회사,2020,업체,유리,161141.0,2664.0,(재)한국품질재단,,NULL
617,환경부,에스지씨에너지 주식회사,2020,업체,유리,2192881.0,40414.0,㈜디엔브이비즈니스어슈어런스코리아,,NULL
618,산업통상자원부,에스케이가스(주),2020,사업장,발전에너지,22513.0,403.0,(재)한국품질재단,,018670
619,환경부,에스케이넥실리스  주식회사,2020,사업장,비철금속,145952.0,2995.0,(주)한국경영인증원,,NULL
620,환경부,에스케이루브리컨츠 주식회사,2020,업체,정유,147072.0,4623.0,한국표준협회,,NULL
621,환경부,에스케이머티리얼즈 주식회사,2020,업체,석유화학,229031.0,4683.0,한국가스안전공사,,036490
622,환경부,에스케이머티리얼즈에어플러스 주식회사,2020,업체,석유화학,277755.0,5724.0,한국표준협회,,NULL
623,환경부,에스케이실트론 주식회사,2020,업체,산업,372389.0,7678.0,로이드인증원㈜,,NULL
624,환경부,에스케이씨 주식회사,2020,업체,석유화학,187338.0,3801.0,한국표준협회,,NULL
625,산업통상자원부,에스케이씨솔믹스주식회사,2020,사업장,반도체.디스플레이.전기전자,11704.0,239.0,한국표준협회,,NULL
626,환경부,에스케이씨하이테크앤마케팅(주),2020,사업장,산업,31031.0,566.0,(재)한국품질재단,,NULL
627,환경부,에스케이아이이테크놀로지주식회사,2020,업체,산업,129486.0,2625.0,한국표준협회,,361610
628,환경부,에스케이어드밴스드주식회사,2020,업체,산업,623597.0,11654.0,한국표준협회,,NULL
629,환경부,에스케이에너지 주식회사,2020,업체,정유,6921203.0,80050.0,한국표준협회,,NULL
630,환경부,에스케이에코프라임 주식회사,2020,사업장,석유화학,40460.0,683.0,(주)비에스아이그룹코리아,,NULL
631,산업통상자원부,에스케이온 주식회사,2020,업체,전기전자,174019.0,3554.0,한국표준협회,,NULL
632,환경부,에스케이이엔에스 주식회사,2020,업체,발전 · 에너지,2690710.0,53822.0,(주)한국경영인증원,,NULL
633,환경부,에스케이지오센트릭 주식회사,2020,업체,산업,3118645.0,67349.0,한국표준협회,,NULL
634,환경부,에스케이케미칼(주),2020,업체,석유화학,497520.0,7405.0,(주)비에스아이그룹코리아,,285130
635,환경부,에스케이텔레콤 주식회사,2020,업체,통신,1039418.0,21360.0,㈜디엔브이비즈니스어슈어런스코리아,,017670
636,환경부,에스케이피아이씨글로벌 주식회사,2020,업체,석유화학,613683.0,9519.0,한국표준협회,,NULL
637,환경부,에스케이하이닉스 시스템아이씨(주),2020,업체,반도체,282908.0,4408.0,(주)비에스아이그룹코리아,,NULL
638,환경부,에스케이하이닉스 주식회사,2020,업체,반도체,4691884.0,80758.0,(주)비에스아이그룹코리아,,000660
639,환경부,에스폼(주),2020,사업장,산업,0.0,0.0,한국표준협회,,NULL
640,환경부,에스피엘(주),2020,사업장,음식료품,26656.0,610.0,(주)비에스아이그룹코리아,,NULL
641,환경부,에어리퀴드코리아 주식회사,2020,업체,석유화학,252398.0,3062.0,로이드인증원㈜,,NULL
642,환경부,에어부산(주),2020,업체,수송,177298.0,2543.0,한국표준협회,,298690
643,환경부,에어프로덕츠코리아 주식회사,2020,업체,석유화학,816561.0,16697.0,로이드인증원㈜,,NULL
644,환경부,에이에스이코리아주식회사,2020,업체,산업,91339.0,1857.0,(재)한국품질재단,,NULL
645,산업통상자원부,에이지씨디스플레이글라스오창주식회사,2020,사업장,유리,17951.0,369.0,㈜디엔브이비즈니스어슈어런스코리아,,NULL
646,환경부,에이지씨화인테크노한국주식회사,2020,업체,유리,196174.0,3898.0,㈜디엔브이비즈니스어슈어런스코리아,,NULL
647,국토교통부,에이치디씨리조트(주),2020,사업장,건물,13633.0,273.0,한국표준협회,,NULL
648,국토교통부,에이치디씨아이파크몰 주식회사,2020,사업장,건물,17435.0,357.0,(재)한국화학융합시험연구원,,NULL
649,산업통상자원부,에이치디씨현대이피 주식회사,2020,사업장,석유화학,24054.0,457.0,한국표준협회,,NULL
650,환경부,에이치에스지성동조선주식회사,2020,업체,산업,13666.0,269.0,한국표준협회,,NULL
651,산업통상자원부,에코플라스틱(주)1공장,2020,사업장,자동차,17102.0,348.0,(재)한국품질재단,,NULL
652,산업통상자원부,엘앤에프,2020,사업장,전기전자,32719.0,632.0,(재)한국품질재단,,066970
653,환경부,엘에스니꼬 동제련 주식회사,2020,업체,비철금속,544767.0,8774.0,한국표준협회,,NULL
654,산업통상자원부,엘에스메탈 주식회사,2020,사업장,비철금속,23296.0,476.0,(주)한국경영인증원,,NULL
655,산업통상자원부,엘에스일렉트릭(주) 청주사업장,2020,사업장,전기전자,22494.0,460.0,(주)한국경영인증원,,NULL
656,환경부,엘에스전선 주식회사,2020,업체,전기전자,121902.0,2412.0,㈜한국품질보증원,,NULL
657,환경부,엘지디스플레이(주),2020,업체,디스플레이,4748207.0,56668.0,(재)한국품질재단,,034220
658,환경부,엘지유플러스(주),2020,업체,통신,1292761.0,26610.0,한국표준협회,,032640
659,환경부,엘지이노텍 주식회사,2020,업체,전기전자,288487.0,6031.0,(주)비에스아이그룹코리아,,011070
660,환경부,엘지전자 주식회사,2020,업체,전기전자,615601.0,65985.0,㈜디엔브이비즈니스어슈어런스코리아,,066570
661,환경부,엠이엠씨코리아주식회사,2020,업체,반도체,102644.0,2111.0,(주)신화엔지니어링종합건축사사무소,,NULL
662,환경부,여수시,2020,업체,지정외 폐기물처리업 등,81663.0,718.0,한국산업기술시험원,,NULL
663,환경부,여천엔씨씨 주식회사,2020,업체,석유화학,3567082.0,70949.0,(재)한국품질재단,,NULL
664,국토교통부,영남대학교,2020,사업장,건물,13595.0,275.0,㈜한국품질보증원,,NULL
665,산업통상자원부,영보화학(주),2020,사업장,석유화학,14402.0,272.0,(주)한국경영인증원,,014440
666,산업통상자원부,영신금속공업(주),2020,사업장,기계,16710.0,339.0,(재)한국품질재단,,NULL
667,국토교통부,영특수츄레라(주),2020,사업장,교통(화물),11049.0,156.0,대일이엔씨기술(주),,NULL
668,환경부,영풍전자(주),2020,사업장,전기전자,107921.0,2067.0,이큐에이㈜,,NULL
669,환경부,영풍제지(주),2020,업체,제지,116866.0,1077.0,한국표준협회,,NULL
670,환경부,영화금속(주),2020,업체,철강,86925.0,1275.0,한국표준협회,,012280
671,농림축산식품부,오뚜기라면 주식회사,2020,사업장,식료품 제조업,46072.0,920.0,(주)비에스아이그룹코리아,,NULL
672,환경부,오리온엔지니어드카본즈코리아 주식회사,2020,업체,산업,521614.0,124807.0,㈜디엔브이비즈니스어슈어런스코리아,,NULL
673,환경부,오비맥주(주),2020,업체,음식료품,91829.0,1843.0,이큐에이㈜,,NULL
674,환경부,오산시 환경사업소,2020,사업장,하수처리업,21678.0,303.0,㈜한국품질보증원,,NULL
675,환경부,오씨아이 주식회사,2020,업체,석유화학,1329011.0,19599.0,㈜디엔브이비즈니스어슈어런스코리아,,NULL
676,농림축산식품부,오케이에프음료(주),2020,사업장,음료제조업,17392.0,320.0,한국표준협회,,NULL
677,환경부,온세미컨덕터코리아(주),2020,업체,반도체,147135.0,2032.0,(주)비에스아이그룹코리아,,NULL
678,환경부,와이케이스틸 주식회사,2020,업체,산업,346185.0,6440.0,한국표준협회,,NULL
679,국토교통부,용남고속(주),2020,사업장,교통(여객),21290.0,380.0,(주)한국경영인증원,,NULL
680,환경부,용산화학(주),2020,업체,석유화학,111259.0,926.0,한국가스안전공사,,NULL
681,환경부,용인시,2020,업체,폐기물,179253.0,1837.0,㈜한국품질보증원,,NULL
682,산업통상자원부,우지막코리아(주),2020,사업장,요업,14611.0,293.0,한국표준협회,,NULL
683,환경부,우진환경개발(주),2020,사업장,지정외 폐기물처리업,52260.0,761.0,㈜한국품질보증원,,NULL
684,환경부,울산과학기술원,2020,사업장,건물,31671.0,650.0,(주)비에스아이그룹코리아,,NULL
685,환경부,울산광역시,2020,업체,폐기물,302478.0,2883.0,㈜한국품질보증원,,NULL
686,환경부,울산아로마틱스(주),2020,업체,석유화학,425879.0,9712.0,㈜디엔브이비즈니스어슈어런스코리아,,NULL
687,환경부,울산알루미늄 주식회사,2020,업체,비철금속,156110.0,3128.0,(주)한국경영인증원,,NULL
688,환경부,웅진에너지 주식회사,2020,업체,반도체,25115.0,517.0,한국표준협회,,103130
689,환경부,원주시,2020,업체,폐기물,69846.0,656.0,(재)한국화학융합시험연구원,,NULL
690,환경부,유니드,2020,업체,석유화학,385154.0,9795.0,로이드인증원㈜,,014830
691,산업통상자원부,유성기업(주) 영동공장,2020,사업장,자동차,16340.0,331.0,(주)비에스아이그룹코리아,,NULL
692,환경부,유한킴벌리 주식회사,2020,업체,제지,201903.0,4113.0,(재)한국품질재단,,NULL
693,환경부,유한회사 스태츠칩팩코리아,2020,업체,반도체,71293.0,1463.0,(주)신화엔지니어링종합건축사사무소,,NULL
694,산업통상자원부,유한회사클라리오스델코제1공장,2020,사업장,전기전자,23091.0,470.0,(주)한국경영인증원,,NULL
695,산업통상자원부,유한회사클라리오스델코제2공장,2020,사업장,전기전자,23324.0,479.0,(주)한국경영인증원,,NULL
696,환경부,율촌화학(주),2020,사업장,석유화학,51626.0,890.0,한국가스안전공사,,008730
697,국토교통부,의료법인 길의료재단,2020,사업장,건물,22197.0,450.0,(재)한국화학융합시험연구원,,NULL
698,환경부,의정부시,2020,업체,폐기물,87719.0,766.0,㈜한국품질보증원,,NULL
699,산업통상자원부,이건에너지(주),2020,사업장,산업단지,15606.0,2469.0,㈜한국품질보증원,,NULL
700,환경부,이구산업(주),2020,사업장,비철금속,29971.0,614.0,한국생산성본부인증원(주),,025820
701,환경부,이누스 주식회사,2020,사업장,산업,60322.0,1089.0,한국표준협회,,NULL
702,산업통상자원부,이래에이엠에스 주식회사,2020,사업장,자동차,19132.0,389.0,㈜한국품질보증원,,NULL
703,환경부,이스트만화이버코리아 주식회사,2020,업체,섬유,51011.0,850.0,(주)한국경영인증원,,NULL
704,환경부,이천시,2020,업체,폐기물,131866.0,619.0,이큐에이㈜,,NULL
705,환경부,익산시,2020,업체,폐기물,90176.0,664.0,㈜한국품질보증원,,NULL
706,환경부,인그리디언코리아 유한회사,2020,업체,음식료품,137672.0,2553.0,(재)한국품질재단,,NULL
707,환경부,인천공항에너지,2020,업체,집단에너지,223897.0,4439.0,㈜한국품질보증원,,NULL
708,환경부,인천광역시,2020,업체,폐기물,411266.0,4539.0,(재)한국품질재단,,NULL
709,국토교통부,인천교통공사,2020,업체,교통(철도),82842.0,1681.0,한국표준협회,,NULL
710,환경부,인천국제공항공사,2020,업체,건물,209452.0,4116.0,한국표준협회,,NULL
711,환경부,인천종합에너지(주),2020,업체,집단에너지,323596.0,6415.0,㈜디엔브이비즈니스어슈어런스코리아,,NULL
712,국토교통부,인터지스(주),2020,사업장,교통(화물),33532.0,491.0,(주)한국경영인증원,,129260
713,산업통상자원부,일본전기초자한국주식회사,2020,사업장,유리 · 요업,8325.0,170.0,이큐에이㈜,,NULL
714,농림축산식품부,일산실업(주) 칠서에탄올공장,2020,사업장,음료제조업,17165.0,380.0,한국표준협회,,NULL
715,환경부,일신방직(주),2020,업체,섬유,60771.0,1237.0,한국표준협회,,003200
716,환경부,일진디스플레이(주),2020,사업장,산업,24291.0,499.0,한국표준협회,,NULL
717,환경부,일진머티리얼즈 주식회사,2020,업체,비철금속,111175.0,2368.0,한국생산성본부인증원(주),,NULL
718,환경부,일진제강(주),2020,사업장,철강,38899.0,782.0,한국표준협회,,NULL
719,환경부,재단법인 대구경북과학기술원,2020,사업장,건물,27562.0,563.0,한국표준협회,,NULL
720,환경부,재단법인 아산사회복지재단,2020,업체,건물,92253.0,1860.0,한국표준협회,,NULL
721,환경부,재원산업,2020,사업장,석유화학,31843.0,609.0,(재)한국품질재단,,NULL
722,환경부,전기초자코리아(주),2020,업체,유리,146032.0,2927.0,한국표준협회,,NULL
723,환경부,전남대학교,2020,업체,건물,33816.0,679.0,한국표준협회,,NULL
724,산업통상자원부,전방(주),2020,업체,섬유,44092.0,948.0,이큐에이㈜,,000950
725,환경부,전북대학교,2020,사업장,건물,26069.0,540.0,이큐에이㈜,,NULL
726,국토교통부,전북대학교병원,2020,사업장,건물,21724.0,455.0,(재)한국화학융합시험연구원,,NULL
727,환경부,전북집단에너지 주식회사,2020,업체,산업단지,197543.0,2276.0,한국표준협회,,NULL
728,환경부,전주시,2020,업체,폐기물,216064.0,1735.0,㈜한국품질보증원,,NULL
729,국토교통부,전차연물류(주),2020,사업장,교통(화물),21979.0,310.0,㈜한국품질보증원,,NULL
730,환경부,제이비 주식회사 청수에너지,2020,사업장,전환,14319.0,289.0,(재)한국품질재단,,NULL
731,산업통상자원부,제이셋스태츠칩팩코리아(유),2020,사업장,반도체,51308.0,1053.0,(주)신화엔지니어링종합건축사사무소,,NULL
732,환경부,제주특별자치도,2020,업체,폐기물,414902.0,3266.0,한국표준협회,,NULL
733,환경부,제주특별자치도개발공사,2020,사업장,음식료품,26864.0,550.0,한국표준협회,,NULL
734,환경부,제주항공(주),2020,업체,항공,216608.0,3104.0,(재)한국화학융합시험연구원,,089590
735,환경부,제천시,2020,업체,폐기물,47761.0,306.0,한국표준협회,,NULL
736,산업통상자원부,조광피혁(주),2020,사업장,섬유,9904.0,262.0,한국표준협회,,004700
737,산업통상자원부,조선내화(주),2020,사업장,요업,19451.0,381.0,(재)한국품질재단,,462520
738,국토교통부,조선대학교,2020,사업장,건물,13507.0,274.0,한국생산성본부인증원(주),,NULL
739,환경부,조일알미늄 주식회사,2020,업체,비철금속,87236.0,1751.0,(재)한국품질재단,,018470
740,산업통상자원부,주성엔지니어링(주),2020,사업장,기계,7670.0,157.0,(재)한국품질재단,,036930
741,환경부,주식회사 고려시멘트,2020,업체,산업,623426.0,3776.0,한국표준협회,,003660
742,환경부,주식회사 고려제지,2020,업체,제지,142765.0,2279.0,(주)한국경영인증원,,NULL
743,국토교통부,주식회사 남성버스,2020,사업장,교통(여객),17284.0,324.0,(주)한국경영인증원,,NULL
744,산업통상자원부,주식회사 녹수 고덕공장,2020,사업장,석유화학,19312.0,381.0,한국표준협회,,NULL
745,산업통상자원부,주식회사 녹수 봉산공장,2020,사업장,석유화학,15252.0,309.0,한국표준협회,,NULL
746,환경부,주식회사 농심,2020,업체,음식료품,185370.0,3645.0,한국표준협회,,004370
747,환경부,주식회사 뉴그린,2020,사업장,폐기물,147183.0,237.0,이큐에이㈜,,NULL
748,환경부,주식회사 대륜발전,2020,업체,집단에너지,333576.0,6742.0,한국표준협회,,NULL
749,산업통상자원부,주식회사 대보세라믹스,2020,사업장,요업,18661.0,318.0,한국표준협회,,NULL
750,환경부,주식회사 대유글로벌,2020,사업장,자동차,33924.0,687.0,(재)한국품질재단,,NULL
751,환경부,주식회사 대창,2020,사업장,비철금속,34107.0,693.0,한국가스안전공사,,012800
752,환경부,주식회사 대한세라믹스,2020,사업장,요업,40536.0,738.0,이큐에이㈜,,NULL
753,환경부,주식회사 대호에이엘,2020,사업장,비철금속,31148.0,625.0,(주)한국경영인증원,,069460
754,환경부,주식회사 더블유티씨서울,2020,업체,건물,55979.0,1141.0,(주)한국경영인증원,,NULL
755,환경부,주식회사 덕양,2020,업체,석유화학,184683.0,1574.0,(재)한국품질재단,,NULL
756,환경부,주식회사 덕양에너젠,2020,사업장,산업,29535.0,602.0,(재)한국품질재단,,0001A0
757,산업통상자원부,주식회사 덕양케미칼,2020,업체,석유화학,222084.0,1568.0,(재)한국품질재단,,NULL
758,산업통상자원부,주식회사 동성케미컬,2020,사업장,산업,21992.0,393.0,한국생산성본부인증원(주),,102260
759,산업통상자원부,주식회사 동아,2020,사업장,기계,17354.0,354.0,한국표준협회,,NULL
760,환경부,주식회사 디비메탈,2020,업체,철강,720074.0,8123.0,(재)한국품질재단,,NULL
761,환경부,주식회사 디비하이텍,2020,업체,반도체,296532.0,3697.0,(주)비에스아이그룹코리아,,NULL
762,산업통상자원부,주식회사 디티알 오토모티브,2020,사업장,전기전자,18545.0,378.0,한국표준협회,,NULL
763,산업통상자원부,주식회사 메타즈,2020,사업장,기계,14986.0,305.0,㈜한국품질보증원,,NULL
764,환경부,주식회사 명성환경,2020,업체,폐기물,46301.0,371.0,이큐에이㈜,,NULL
765,산업통상자원부,주식회사 명신 군산공장,2020,업체,자동차,7218.0,147.0,(재)한국화학융합시험연구원,,NULL
766,환경부,주식회사 범우,2020,업체,폐기물,59280.0,68.0,한국표준협회,,NULL
767,환경부,주식회사 베어링아트,2020,사업장,산업,45254.0,922.0,한국표준협회,,NULL
768,환경부,주식회사 삼기,2020,사업장,산업,58975.0,1107.0,이큐에이㈜,,122350
769,환경부,주식회사 삼보광업,2020,업체,광업,148236.0,380.0,한국생산성본부인증원(주),,NULL
770,환경부,주식회사 삼양사,2020,업체,산업,304634.0,6015.0,한국표준협회,,145990
771,환경부,주식회사 삼양패키징,2020,업체,석유화학,140745.0,2872.0,한국표준협회,,272550
772,환경부,주식회사 세아창원특수강,2020,업체,철강,492279.0,8625.0,한국표준협회,,NULL
773,환경부,주식회사 세진메탈,2020,사업장,비철금속,35483.0,569.0,산림조합중앙회,,NULL
774,환경부,주식회사 소노인터내셔널,2020,사업장,건물,38169.0,765.0,(주)한국경영인증원,,NULL
775,환경부,주식회사 수석,2020,사업장,유리,34399.0,539.0,(주)한국경영인증원,,NULL
776,국토교통부,주식회사 스타필드고양,2020,사업장,건물,24980.0,546.0,㈜한국품질보증원,,NULL
777,환경부,주식회사 스타필드하남,2020,사업장,건물,23916.0,490.0,㈜한국품질보증원,,NULL
778,환경부,주식회사 심텍,2020,업체,전기전자,101928.0,2040.0,(주)신화엔지니어링종합건축사사무소,,222800
779,환경부,주식회사 심팩인더스트리,2020,업체,산업,120459.0,1968.0,(재)한국품질재단,,005350
780,산업통상자원부,주식회사 아이유제지,2020,사업장,제지,18288.0,336.0,(주)한국경영인증원,,NULL
781,환경부,주식회사 알테크노메탈,2020,사업장,비철금속,34243.0,575.0,이큐에이㈜,,NULL
782,환경부,주식회사 에너지네트웍,2020,업체,폐기물,149558.0,568.0,이큐에이㈜,,NULL
783,국토교통부,주식회사 에스알,2020,업체,교통(철도),159883.0,3292.0,(주)비에스아이그룹코리아,,NULL
784,환경부,주식회사 에스에프에이반도체,2020,사업장,반도체,25411.0,521.0,대일이엔씨기술(주),,NULL
785,환경부,주식회사 에스엔엔씨,2020,업체,비철금속,1569295.0,16780.0,(재)한국품질재단,,NULL
786,환경부,주식회사 에스피씨삼립,2020,사업장,음식료품,39644.0,847.0,(주)비에스아이그룹코리아,,NULL
787,환경부,주식회사 에스피에스엔에이,2020,사업장,산업,26727.0,542.0,한국표준협회,,NULL
788,환경부,주식회사 에쓰큐씨,2020,업체,산업,126335.0,737.0,(주)신화엔지니어링종합건축사사무소,,NULL
789,환경부,주식회사 에어퍼스트,2020,업체,석유화학,542482.0,10962.0,한국가스안전공사,,NULL
790,산업통상자원부,주식회사 에이팩트,2020,사업장,전기전자,21858.0,449.0,한국표준협회,,200470
791,산업통상자원부,주식회사 엘비루셈,2020,사업장,반도체,19794.0,406.0,(재)한국품질재단,,376190
792,환경부,주식회사 엘엑스하우시스,2020,업체,산업,132505.0,2476.0,㈜디엔브이비즈니스어슈어런스코리아,,NULL
793,환경부,주식회사 엘지에너지솔루션,2020,업체,전기전자,285920.0,6139.0,한국표준협회,,373220
794,환경부,주식회사 엘지화학,2020,업체,석유화학,8174698.0,149989.0,한국표준협회,,051910
795,환경부,주식회사 영풍,2020,업체,비철금속,1147625.0,18681.0,(재)한국품질재단,,000670
796,환경부,주식회사 영흥산업환경,2020,사업장,폐기물,81200.0,241.0,㈜한국품질보증원,,NULL
797,산업통상자원부,주식회사 윈팩,2020,사업장,반도체,26853.0,549.0,한국표준협회,,097800
798,환경부,주식회사 유니큰,2020,업체,폐기물,124104.0,365.0,한국산업기술시험원,,NULL
799,환경부,주식회사 이랜드리테일,2020,업체,건물,164498.0,3353.0,한국산업기술시험원,,NULL
800,환경부,주식회사 이엠케이승경,2020,사업장,폐기물,64834.0,164.0,(주)한국경영인증원,,NULL
801,환경부,주식회사 전주원파워,2020,업체,전환,43924.0,5894.0,한국표준협회,,NULL
802,환경부,주식회사 전주페이퍼,2020,업체,산업,505861.0,9258.0,한국표준협회,,NULL
803,산업통상자원부,주식회사 정산인터내셔널,2020,사업장,섬유,15876.0,369.0,(재)한국품질재단,,NULL
804,환경부,주식회사 정선라임,2020,업체,시멘트,84646.0,291.0,한국표준협회,,NULL
805,환경부,주식회사 지알엠,2020,업체,비철금속,90537.0,1073.0,한국표준협회,,NULL
806,환경부,주식회사 지에스이앤알,2020,업체,산업단지,2057228.0,23702.0,(재)한국품질재단,,NULL
807,산업통상자원부,주식회사 지에스포천그린에너지,2020,업체,산업단지,1151371.0,12827.0,㈜디엔브이비즈니스어슈어런스코리아,,NULL
808,환경부,주식회사 진로발효,2020,사업장,음식료품,35409.0,832.0,(재)한국품질재단,,018120
809,환경부,주식회사 진에어,2020,업체,항공,195392.0,2795.0,한국표준협회,,272450
810,환경부,주식회사 징크옥사이드코퍼레이션,2020,업체,산업,76911.0,782.0,한국표준협회,,NULL
811,환경부,주식회사 카프로,2020,업체,산업,719679.0,6017.0,(재)한국품질재단,,006380
812,환경부,주식회사 케이씨씨글라스,2020,업체,유리,766902.0,9755.0,(재)한국품질재단,,344820
813,환경부,주식회사 케이씨씨실리콘,2020,사업장,산업,102243.0,1583.0,(재)한국품질재단,,NULL
814,환경부,주식회사 케이티,2020,업체,통신,1221706.0,24967.0,㈜한국품질보증원,,030200
815,환경부,주식회사 케이피에프,2020,사업장,기계,48158.0,981.0,한국표준협회,,024880
816,환경부,주식회사 코리아에어텍,2020,사업장,석유화학,35119.0,722.0,이큐에이㈜,,NULL
817,환경부,주식회사 코엔텍,2020,업체,폐기물,411703.0,426.0,한국표준협회,,029960
818,환경부,주식회사 키파운드리,2020,업체,산업,418229.0,3668.0,(주)비에스아이그룹코리아,,NULL
819,환경부,주식회사 태경비케이,2020,업체,시멘트,483348.0,1999.0,이큐에이㈜,,014580
820,환경부,주식회사 태영이엠씨,2020,업체,광업,137978.0,791.0,한국표준협회,,NULL
821,환경부,주식회사 티에스케이이앤피,2020,업체,전환,74313.0,885.0,한국표준협회,,NULL
822,환경부,주식회사 티웨이항공,2020,업체,수송,188826.0,2705.0,(재)한국품질재단,,091810
823,국토교통부,주식회사 파라다이스세가사미,2020,사업장,건물,26231.0,542.0,한국표준협회,,NULL
824,환경부,주식회사 팜한농,2020,업체,석유화학,311487.0,1420.0,한국표준협회,,NULL
825,환경부,주식회사 포스코,2020,업체,철강,75671169.0,382830.0,(재)한국품질재단,,NULL
826,환경부,주식회사 포스코에스피에스,2020,사업장,철강,50215.0,1004.0,㈜디엔브이비즈니스어슈어런스코리아,,NULL
827,환경부,주식회사 포스코케미칼,2020,업체,요업,2271031.0,14291.0,(재)한국품질재단,,NULL
828,산업통상자원부,주식회사 포트로닉스천안,2020,사업장,전기전자,16207.0,328.0,이큐에이㈜,,NULL
829,환경부,주식회사 풍산,2020,업체,비철금속,218075.0,4450.0,한국표준협회,,103140
830,산업통상자원부,주식회사 피에스엠,2020,사업장,기계,27690.0,510.0,한국표준협회,,NULL
831,환경부,주식회사 피엔알,2020,업체,폐기물,150060.0,1785.0,(재)한국품질재단,,NULL
832,환경부,주식회사 피엠씨텍,2020,업체,산업,105318.0,1539.0,(재)한국품질재단,,NULL
833,국토교통부,주식회사 하나은행,2020,업체,건물,63546.0,898.0,한국표준협회,,002860
834,환경부,주식회사 호텔롯데,2020,업체,건물,136843.0,2757.0,(주)한국경영인증원,,NULL
835,환경부,주식회사 효성,2020,업체,석유화학,32127.0,650.0,㈜디엔브이비즈니스어슈어런스코리아,,004800
836,환경부,주식회사 후성,2020,업체,산업,282712.0,812.0,한국가스안전공사,,093370
837,환경부,주식회사 휴스틸,2020,사업장,철강,23243.0,471.0,(주)신화엔지니어링종합건축사사무소,,005010
838,국토교통부,주식회사경기상운,2020,사업장,교통(여객),16992.0,297.0,산림조합중앙회,,NULL
839,국토교통부,주식회사금강고속,2020,사업장,교통(여객),22943.0,330.0,한국표준협회,,NULL
840,국토교통부,주식회사한양고속,2020,사업장,교통(여객),10159.0,144.0,㈜한국품질보증원,,NULL
841,국토교통부,중소기업은행,2020,업체,건물,59556.0,850.0,한국표준협회,,NULL
842,국토교통부,중앙대학교,2020,사업장,건물,17307.0,352.0,한국표준협회,,NULL
843,산업통상자원부,지에스에코메탈 주식회사,2020,사업장,비철금속,19716.0,233.0,이큐에이㈜,,NULL
844,환경부,지에스이피에스,2020,업체,발전 · 에너지,2541330.0,58180.0,한국표준협회,,NULL
845,환경부,지에스칼텍스 주식회사,2020,업체,산업,7788771.0,101519.0,(재)한국품질재단,,NULL
846,국토교통부,지엠테크니컬센터코리아,2020,사업장,건물,17709.0,356.0,한국표준협회,,NULL
847,환경부,진양특수강(주),2020,사업장,철강,21688.0,431.0,한국표준협회,,NULL
848,산업통상자원부,진영산업(주),2020,사업장,기계,8835.0,181.0,한국표준협회,,NULL
849,환경부,진영제지공업(주),2020,업체,제지,88251.0,843.0,이큐에이㈜,,NULL
850,환경부,진주시,2020,업체,폐기물,116028.0,560.0,한국산업기술시험원,,NULL
851,환경부,진천음성광역폐기물처리장,2020,사업장,지정외 폐기물처리업,20881.0,166.0,한국표준협회,,NULL
852,환경부,창원시,2020,업체,폐기물,261552.0,2514.0,㈜한국품질보증원,,NULL
853,환경부,천안시,2020,업체,폐기물,156711.0,1512.0,㈜한국품질보증원,,NULL
854,국토교통부,천일정기화물자동차(주),2020,사업장,교통(화물),22938.0,333.0,한국표준협회,,NULL
855,환경부,천일제지(주),2020,업체,제지,60148.0,1171.0,이큐에이㈜,,NULL
856,환경부,청주시,2020,업체,폐기물,216244.0,1726.0,(재)한국화학융합시험연구원,,NULL
857,환경부,초당환경(유),2020,사업장,폐기물,32512.0,385.0,(재)한국품질재단,,NULL
858,환경부,춘천시,2020,업체,폐기물,144031.0,592.0,(재)한국화학융합시험연구원,,NULL
859,산업통상자원부,춘천에너지 주식회사,2020,업체,집단에너지,864674.0,17203.0,한국표준협회,,NULL
860,환경부,충남대학교,2020,사업장,건물,25144.0,510.0,로이드인증원㈜,,NULL
861,국토교통부,충남대학교병원,2020,사업장,건물,21019.0,432.0,한국표준협회,,NULL
862,국토교통부,충북대학교,2020,사업장,건물,16425.0,323.0,한국표준협회,,NULL
863,환경부,충주시,2020,업체,폐기물,86330.0,675.0,(재)한국품질재단,,NULL
864,환경부,케이씨글라스(주),2020,사업장,유리,31791.0,540.0,(주)신화엔지니어링종합건축사사무소,,NULL
865,환경부,케이씨씨,2020,업체,유리,540411.0,10140.0,(재)한국품질재단,,002380
866,환경부,케이씨주식회사,2020,업체,석유화학,142704.0,2069.0,한국표준협회,,029460
867,환경부,케이씨환경서비스 주식회사,2020,업체,폐기물,250420.0,1225.0,(재)한국품질재단,,NULL
868,산업통상자원부,케이알에너지(주),2020,업체,산업단지,52153.0,625.0,한국표준협회,,NULL
869,환경부,케이알코폴리머 유한회사,2020,사업장,석유화학,28135.0,390.0,(주)한국경영인증원,,NULL
870,해양수산부,케이엠씨해운 주식회사,2020,업체,수송,51432.0,705.0,㈜디엔브이비즈니스어슈어런스코리아,,NULL
871,환경부,케이오씨(주),2020,업체,석유화학,47094.0,1125.0,이큐에이㈜,,NULL
872,환경부,케이지동부제철 주식회사,2020,업체,산업,386822.0,8272.0,(재)한국품질재단,,NULL
873,환경부,케이지이티에스 주식회사,2020,업체,폐기물,304624.0,1318.0,로이드인증원㈜,,NULL
874,산업통상자원부,케이지케미칼 주식회사,2020,사업장,석유화학,25367.0,426.0,이큐에이㈜,,NULL
875,산업통상자원부,코넥,2020,사업장,자동차,22176.0,436.0,(주)한국경영인증원,,NULL
876,환경부,코닝정밀소재 주식회사,2020,업체,유리,530555.0,10553.0,로이드인증원㈜,,NULL
877,환경부,코리아PTG(주),2020,업체,석유화학,104978.0,870.0,(재)한국품질재단,,NULL
878,산업통상자원부,코리아니켈(주),2020,사업장,비철금속,14093.0,225.0,한국표준협회,,NULL
879,환경부,코스모신소재(주),2020,사업장,석유화학,36750.0,668.0,한국표준협회,,005070
880,환경부,코스모화학,2020,업체,석유화학,121370.0,2220.0,한국표준협회,,005420
881,산업통상자원부,코스포영남파워 주식회사,2020,업체,발전에너지,972756.0,19353.0,(주)신화엔지니어링종합건축사사무소,,NULL
882,산업통상자원부,코오롱글로텍(주) 구미공장,2020,사업장,섬유,13803.0,271.0,한국표준협회,,NULL
883,환경부,코오롱머티리얼(주),2020,업체,섬유,16943.0,330.0,한국표준협회,,144620
884,산업통상자원부,코오롱바스프이노폼 주식회사,2020,업체,석유화학,81923.0,1299.0,한국표준협회,,NULL
885,환경부,코오롱인더스트리 주식회사,2020,업체,석유화학,613096.0,11275.0,한국표준협회,,NULL
886,환경부,코오롱플라스틱(주),2020,업체,석유화학,108625.0,1822.0,한국표준협회,,NULL
887,산업통상자원부,코오롱화이버 주식회사,2020,사업장,섬유,16762.0,336.0,한국표준협회,,NULL
888,농림축산식품부,코카콜라음료(주) 여주공장,2020,사업장,음료제조업,20219.0,410.0,(재)한국품질재단,,NULL
889,산업통상자원부,타타대우상용차 주식회사,2020,사업장,자동차,13830.0,262.0,한국생산성본부인증원(주),,NULL
890,환경부,태경산업(주),2020,업체,철강,94571.0,1247.0,이큐에이㈜,,015890
891,환경부,태광산업 주식회사,2020,업체,산업,1064433.0,15924.0,한국표준협회,,003240
892,환경부,태림페이퍼주식회사,2020,업체,제지,385457.0,5849.0,(재)한국화학융합시험연구원,,019300
893,환경부,태백시 환경자원센터,2020,사업장,지정외 폐기물처리업 등,14002.0,152.0,한국표준협회,,NULL
894,환경부,태봉광업 주식회사,2020,업체,시멘트,254801.0,657.0,(주)비에스아이그룹코리아,,NULL
895,산업통상자원부,태양금속공업(주),2020,사업장,기계,18198.0,366.0,(주)한국경영인증원,,004100
896,환경부,태영세라믹(주),2020,사업장,산업,27373.0,509.0,한국표준협회,,NULL
897,산업통상자원부,태원물산(주) 울산공장,2020,사업장,시멘트,13969.0,206.0,한국표준협회,,NULL
898,국토교통부,태화상운(주),2020,사업장,교통(여객),9646.0,162.0,한국표준협회,,NULL
899,환경부,통영시 환경자원화센터,2020,사업장,폐기물,31334.0,176.0,(재)한국품질재단,,NULL
900,환경부,티케이케미칼,2020,업체,섬유,153988.0,3098.0,이큐에이㈜,,104480
901,국토교통부,파르나스호텔(주),2020,사업장,건물,15399.0,315.0,한국표준협회,,NULL
902,환경부,파인트리포스마그네슘 주식회사,2020,업체,산업,28796.0,73.0,(재)한국품질재단,,NULL
903,환경부,파주시,2020,업체,폐기물,153482.0,1272.0,㈜한국품질보증원,,NULL
904,산업통상자원부,파주에너지서비스,2020,업체,발전에너지,3945395.0,77853.0,한국생산성본부인증원(주),,NULL
905,환경부,파주전기초자 주식회사,2020,사업장,산업,42409.0,506.0,㈜디엔브이비즈니스어슈어런스코리아,,NULL
906,산업통상자원부,팔미금속공업(주),2020,사업장,철강,16464.0,302.0,한국표준협회,,NULL
907,환경부,페이퍼코리아,2020,업체,제지,87873.0,1370.0,한국표준협회,,001020
908,환경부,평택시,2020,업체,폐기물,134732.0,1677.0,(재)한국품질재단,,NULL
909,환경부,평택에너지서비스(주),2020,업체,집단에너지,1135421.0,22174.0,㈜디엔브이비즈니스어슈어런스코리아,,NULL
910,환경부,평화산업(주),2020,사업장,자동차,24540.0,495.0,한국생산성본부인증원(주),,090080
911,환경부,포스코강판(주),2020,업체,철강,124169.0,2446.0,한국표준협회,,NULL
912,환경부,포스코에너지(주),2020,업체,발전 · 에너지,5364944.0,106469.0,(재)한국품질재단,,NULL
913,환경부,포천민자발전 주식회사,2020,업체,전환,1300078.0,25858.0,㈜디엔브이비즈니스어슈어런스코리아,,NULL
914,환경부,포천파워(주),2020,업체,발전 · 에너지,1175173.0,23377.0,(재)한국품질재단,,NULL
915,환경부,포항시,2020,업체,지정외 폐기물처리업,206499.0,2117.0,㈜한국품질보증원,,NULL
916,환경부,폴리미래(주),2020,업체,석유화학,120807.0,2219.0,이큐에이㈜,,NULL
917,농림축산식품부,풍국주정공업(주),2020,사업장,음식료품,7876.0,481.0,한국표준협회,,NULL
918,환경부,피아이첨단소재 주식회사,2020,사업장,석유화학,86055.0,1415.0,(재)한국품질재단,,NULL
919,환경부,하나마이크론,2020,사업장,반도체,30249.0,619.0,(주)한국경영인증원,,067310
920,환경부,하남시 환경기초시설,2020,사업장,폐기물,30149.0,420.0,(재)한국품질재단,,NULL
921,환경부,하이트진로(주),2020,업체,음식료품,143674.0,2703.0,(재)한국품질재단,,000080
922,환경부,하이트진로산업(주),2020,사업장,유리,21642.0,331.0,이큐에이㈜,,NULL
923,환경부,하이호경금속 주식회사,2020,사업장,산업,29863.0,492.0,㈜한국품질보증원,,NULL
924,환경부,학교법인 가톨릭학원,2020,사업장,건물,39617.0,802.0,한국표준협회,,NULL
925,국토교통부,학교법인 경희학원,2020,업체,건물,54711.0,1111.0,한국표준협회,,NULL
926,환경부,학교법인 고려중앙학원,2020,업체,건물,95474.0,1937.0,㈜한국품질보증원,,NULL
927,환경부,학교법인 성균관대학,2020,사업장,건물,37864.0,756.0,이큐에이㈜,,NULL
928,환경부,학교법인 연세대학교,2020,업체,건물,177144.0,3606.0,(재)한국품질재단,,NULL
929,환경부,학교법인 이화학당,2020,사업장,건물,29617.0,604.0,이큐에이㈜,,NULL
930,환경부,학교법인 포항공과대학교,2020,사업장,건물,74026.0,1640.0,㈜한국품질보증원,,NULL
931,환경부,학교법인 한양학원,2020,업체,건물,71536.0,1447.0,이큐에이㈜,,NULL
932,산업통상자원부,한국NSK(주),2020,사업장,기계,19392.0,398.0,한국표준협회,,NULL
933,환경부,한국가스공사,2020,업체,발전 · 에너지,595255.0,11376.0,대일이엔씨기술(주),,036460
934,환경부,한국경남태양유전(주),2020,업체,전기전자,77272.0,1493.0,이큐에이㈜,,NULL
935,환경부,한국공항공사,2020,사업장,건물,34285.0,696.0,(주)신화엔지니어링종합건축사사무소,,NULL
936,국토교통부,한국과학기술연구원,2020,사업장,건물,17947.0,366.0,㈜한국품질보증원,,NULL
937,환경부,한국과학기술원,2020,업체,건물,73587.0,1483.0,이큐에이㈜,,NULL
938,국토교통부,한국과학기술정보연구원,2020,사업장,건물,20339.0,418.0,(주)신화엔지니어링종합건축사사무소,,NULL
939,산업통상자원부,한국기초소재(주),2020,사업장,시멘트,20443.0,413.0,한국표준협회,,NULL
940,환경부,한국남동발전,2020,업체,발전 · 에너지,42521216.0,483781.0,대일이엔씨기술(주),,NULL
941,환경부,한국남부발전 주식회사,2020,업체,전환,29007394.0,370693.0,한국표준협회,,NULL
942,환경부,한국넥슬렌유한회사,2020,업체,산업,130902.0,2623.0,한국표준협회,,NULL
943,환경부,한국니토옵티칼(주),2020,사업장,석유화학,33092.0,620.0,㈜디엔브이비즈니스어슈어런스코리아,,NULL
944,환경부,한국도로공사,2020,업체,건물,270591.0,5368.0,한국표준협회,,NULL
945,환경부,한국동서발전 주식회사,2020,업체,발전 · 에너지,34905756.0,420898.0,이큐에이㈜,,NULL
946,국토교통부,한국마사회,2020,사업장,건물,10563.0,209.0,한국표준협회,,NULL
947,환경부,한국바스프 주식회사,2020,업체,석유화학,620794.0,8979.0,(재)한국품질재단,,NULL
948,국토교통부,한국방송공사,2020,사업장,건물,17155.0,353.0,(주)한국경영인증원,,NULL
949,국토교통부,한국보훈복지의료공단 중앙보훈병원,2020,사업장,건물,15571.0,315.0,한국표준협회,,NULL
950,환경부,한국서부발전,2020,업체,발전 · 에너지,30422589.0,359490.0,(주)신화엔지니어링종합건축사사무소,,NULL
951,산업통상자원부,한국세큐리트(주) 군산공장,2020,사업장,유리,19525.0,400.0,이큐에이㈜,,NULL
952,산업통상자원부,한국세큐리트(주) 익산공장,2020,사업장,유리,19158.0,393.0,이큐에이㈜,,NULL
953,환경부,한국수력원자력,2020,업체,발전 · 에너지,2918097.0,58892.0,한국표준협회,,NULL
954,환경부,한국수자원공사,2020,업체,수도,732766.0,15036.0,지속가능인증원주식회사,,NULL
955,환경부,한국수출포장공업(주),2020,업체,제지,136650.0,2051.0,㈜디엔브이비즈니스어슈어런스코리아,,002200
956,환경부,한국실리콘 주식회사,2020,업체,석유화학,1919.0,38.0,한국표준협회,,NULL
957,산업통상자원부,한국쓰리엠(주),2020,사업장,석유화학,29714.0,598.0,한국표준협회,,NULL
958,환경부,한국씨엔티(주),2020,업체,시멘트,47460.0,902.0,이큐에이㈜,,NULL
959,산업통상자원부,한국알콜산업(주),2020,사업장,석유화학,25945.0,1604.0,한국생산성본부인증원(주),,NULL
960,산업통상자원부,한국앤컴퍼니 주식회사,2020,업체,반도체.디스플레이.전기전자,70397.0,1438.0,(재)한국화학융합시험연구원,,000240
961,환경부,한국엔지니어링플라스틱,2020,업체,석유화학,155419.0,2727.0,한국표준협회,,NULL
962,환경부,한국오웬스코닝(주),2020,업체,유리,79200.0,1524.0,대일이엔씨기술(주),,NULL
963,국토교통부,한국원자력연구원,2020,사업장,건물,18706.0,381.0,한국표준협회,,NULL
964,국토교통부,한국원자력의학원,2020,사업장,건물,16562.0,336.0,한국표준협회,,NULL
965,환경부,한국유리공업 주식회사,2020,업체,유리,284408.0,3806.0,이큐에이㈜,,NULL
966,환경부,한국유미코아 유한책임회사,2020,사업장,전기전자,115808.0,2274.0,(재)한국품질재단,,NULL
967,환경부,한국유에스지보랄 주식회사,2020,업체,시멘트,105604.0,2095.0,(재)한국품질재단,,NULL
968,환경부,한국이네오스스티롤루션 주식회사,2020,업체,석유화학,98485.0,1812.0,(재)한국품질재단,,NULL
969,환경부,한국전력공사,2020,업체,전환,1043431.0,6988.0,(주)한국경영인증원,,015760
970,국토교통부,한국전자통신연구원,2020,사업장,건물,17961.0,367.0,(주)신화엔지니어링종합건축사사무소,,NULL
971,환경부,한국제강 주식회사,2020,업체,철강,251775.0,4366.0,한국표준협회,,NULL
972,산업통상자원부,한국제이씨씨(주),2020,사업장,반도체.디스플레이.전기전자,10439.0,214.0,한국표준협회,,NULL
973,환경부,한국제지 주식회사,2020,업체,제지,168030.0,4669.0,(재)한국품질재단,,002300
974,환경부,한국조선해양(주),2020,업체,산업,6963.0,136.0,한국표준협회,,NULL
975,환경부,한국주철관공업(주),2020,업체,철강,60578.0,816.0,한국표준협회,,000970
976,환경부,한국중부발전,2020,업체,발전 · 에너지,34774881.0,427317.0,로이드인증원㈜,,NULL
977,환경부,한국지엠 주식회사,2020,업체,자동차,228060.0,4595.0,한국표준협회,,NULL
978,환경부,한국지역난방공사,2020,업체,집단에너지,5214184.0,103844.0,대일이엔씨기술(주),,NULL
979,환경부,한국철강,2020,업체,철강,382797.0,7101.0,㈜한국품질보증원,,104700
980,국토교통부,한국철도공사,2020,업체,교통(철도),1546924.0,29667.0,한국표준협회,,NULL
981,환경부,한국타이어앤테크놀로지(주),2020,업체,석유화학,463244.0,9457.0,(재)한국품질재단,,161390
982,환경부,한국토지주택공사,2020,업체,집단에너지,209076.0,4130.0,㈜디엔브이비즈니스어슈어런스코리아,,NULL
983,국토교통부,한국표준과학연구원,2020,사업장,건물,21684.0,441.0,(주)신화엔지니어링종합건축사사무소,,NULL
984,산업통상자원부,한국프랜지공업(주) 제2공장,2020,사업장,철강,17552.0,359.0,한국표준협회,,NULL
985,환경부,한국항공우주산업(주),2020,사업장,기계,49141.0,980.0,(주)신화엔지니어링종합건축사사무소,,NULL
986,국토교통부,한국핵융합에너지연구원,2020,사업장,건물,25668.0,528.0,(주)신화엔지니어링종합건축사사무소,,NULL
987,산업통상자원부,한라스택폴(주),2020,사업장,자동차,16188.0,315.0,한국표준협회,,NULL
988,환경부,한라시멘트주식회사,2020,업체,산업,4711413.0,25189.0,한국표준협회,,NULL
989,국토교통부,한무쇼핑(주),2020,업체,건물,59014.0,1222.0,한국표준협회,,NULL
990,산업통상자원부,한미약품(주),2020,업체,석유화학,70441.0,1389.0,이큐에이㈜,,128940
991,산업통상자원부,한미정밀화학(주),2020,사업장,석유화학,17543.0,399.0,이큐에이㈜,,NULL
992,국토교통부,한성운수(주),2020,사업장,교통(여객),16376.0,309.0,산림조합중앙회,,NULL
993,환경부,한솔제지,2020,업체,제지,928544.0,15753.0,(주)한국경영인증원,,213500
994,산업통상자원부,한솔테크닉스(주),2020,사업장,전기전자,8665.0,178.0,한국표준협회,,004710
995,환경부,한솔페이퍼텍주식회사,2020,업체,산업,107224.0,1168.0,(주)한국경영인증원,,NULL
996,환경부,한온시스템 주식회사,2020,업체,자동차,59979.0,1241.0,(재)한국품질재단,,018880
997,산업통상자원부,한융금속(주),2020,사업장,비철금속,20419.0,324.0,산림조합중앙회,,NULL
998,환경부,한일시멘트 주식회사,2020,업체,산업,4191068.0,26152.0,한국표준협회,,300720
999,환경부,한일제관(주),2020,업체,기계,70776.0,1425.0,이큐에이㈜,,NULL
1000,산업통상자원부,한일캔 주식회사,2020,사업장,기계,17069.0,347.0,이큐에이㈜,,NULL
1001,환경부,한일현대시멘트 주식회사,2020,업체,산업,3326925.0,20077.0,한국표준협회,,006390
1002,산업통상자원부,한일화학공업(주),2020,사업장,석유화학,14037.0,273.0,(재)한국화학융합시험연구원,,NULL
1003,산업통상자원부,한주금속(주) 본사,2020,사업장,비철금속,12961.0,261.0,(재)한국품질재단,,NULL
1004,산업통상자원부,한주금속(주) 엔진공장,2020,사업장,비철금속,17217.0,347.0,(재)한국품질재단,,NULL
1005,산업통상자원부,한진중공업(주),2020,사업장,조선,10754.0,208.0,한국표준협회,,NULL
1006,환경부,한화솔루션 주식회사,2020,업체,산업,2477598.0,46949.0,㈜디엔브이비즈니스어슈어런스코리아,,009830
1007,환경부,한화에너지주식회사,2020,업체,산업단지,4453995.0,52610.0,한국표준협회,,NULL
1008,산업통상자원부,한화에어로스페이스(주),2020,사업장,기계,24091.0,486.0,(주)비에스아이그룹코리아,,012450
1009,환경부,한화임팩트 주식회사,2020,업체,산업,473004.0,8106.0,㈜디엔브이비즈니스어슈어런스코리아,,NULL
1010,환경부,한화토탈 주식회사,2020,업체,산업,4792184.0,106355.0,한국가스안전공사,,NULL
1011,국토교통부,한화호텔앤드리조트(주),2020,업체,건물,55014.0,1076.0,한국표준협회,,NULL
1012,환경부,한황산업주식회사,2020,사업장,자동차,24893.0,463.0,㈜한국품질보증원,,NULL
1013,환경부,해성디에스 주식회사,2020,사업장,반도체,54637.0,1225.0,(주)비에스아이그룹코리아,,195870
1014,농림축산식품부,해태에이치티비(주) 천안공장,2020,사업장,음료제조업,24795.0,448.0,(재)한국품질재단,,NULL
1015,환경부,핸즈식스주식회사,2020,업체,자동차,73989.0,1497.0,이큐에이㈜,,NULL
1016,환경부,핸즈코퍼레이션주식회사,2020,업체,자동차,87011.0,1750.0,(재)한국품질재단,,143210
1017,국토교통부,현대건설(주),2020,업체,건설,75647.0,1496.0,로이드인증원㈜,,000720
1018,산업통상자원부,현대건설기계(주) 울산공장,2020,사업장,산업,12409.0,223.0,㈜디엔브이비즈니스어슈어런스코리아,,NULL
1019,환경부,현대그린파워 주식회사,2020,업체,발전 · 에너지,17.0,0.0,(주)한국경영인증원,,NULL
1020,국토교통부,현대글로비스(주),2020,업체,교통(화물),79348.0,1191.0,한국표준협회,,086280
1021,환경부,현대두산인프라코어(주),2020,업체,기계,90295.0,1727.0,(재)한국품질재단,,NULL
1022,산업통상자원부,현대로템 주식회사 창원공장,2020,사업장,기계,21788.0,435.0,(주)한국경영인증원,,NULL
1023,환경부,현대모비스(주),2020,업체,산업,163165.0,3308.0,로이드인증원㈜,,012330
1024,환경부,현대미포조선,2020,업체,조선,148352.0,2686.0,한국표준협회,,NULL
1025,환경부,현대비앤지스틸(주),2020,업체,철강,78295.0,1591.0,㈜디엔브이비즈니스어슈어런스코리아,,004560
1026,환경부,현대삼호중공업 주식회사,2020,업체,조선,253439.0,4347.0,㈜디엔브이비즈니스어슈어런스코리아,,NULL
1027,환경부,현대석회(주),2020,업체,시멘트,88867.0,254.0,한국생산성본부인증원(주),,NULL
1028,환경부,현대성우쏠라이트 주식회사,2020,업체,전기전자,37602.0,766.0,한국표준협회,,NULL
1029,환경부,현대성우캐스팅 주식회사,2020,업체,철강,176332.0,3402.0,(재)한국품질재단,,NULL
1030,환경부,현대아이에프씨 주식회사,2020,업체,기계,194436.0,3581.0,로이드인증원㈜,,NULL
1031,환경부,현대에너지솔루션(주),2020,사업장,산업,26397.0,529.0,한국표준협회,,NULL
1032,산업통상자원부,현대오씨아이 주식회사,2020,업체,석유화학,331635.0,3723.0,(재)한국품질재단,,NULL
1033,환경부,현대오일뱅크,2020,업체,정유,6841011.0,70956.0,(재)한국품질재단,,NULL
1034,산업통상자원부,현대오토에버 주식회사,2020,사업장,통신,23302.0,479.0,대일이엔씨기술(주),,307950
1035,환경부,현대위아 주식회사,2020,업체,자동차,170173.0,3387.0,㈜디엔브이비즈니스어슈어런스코리아,,011210
1036,환경부,현대일렉트릭앤에너지시스템(주),2020,사업장,산업,32880.0,667.0,㈜디엔브이비즈니스어슈어런스코리아,,NULL
1037,환경부,현대자동차 주식회사,2020,업체,자동차,1522472.0,30955.0,로이드인증원㈜,,005380
1038,환경부,현대제철 주식회사,2020,업체,철강,28623930.0,122210.0,로이드인증원㈜,,004020
1039,산업통상자원부,현대종합금속(주),2020,사업장,기계,20557.0,408.0,로이드인증원㈜,,NULL
1040,환경부,현대종합특수강 주식회사,2020,사업장,철강,34626.0,664.0,한국표준협회,,NULL
1041,환경부,현대중공업주식회사,2020,업체,산업,523352.0,8986.0,한국표준협회,,NULL
1042,환경부,현대케미칼주식회사,2020,업체,산업,970080.0,17060.0,(재)한국품질재단,,NULL
1043,환경부,현대트랜시스 주식회사,2020,업체,자동차,176754.0,3609.0,㈜디엔브이비즈니스어슈어런스코리아,,NULL
1044,산업통상자원부,현우산업,2020,사업장,전기전자,19181.0,394.0,한국표준협회,,092300
1045,환경부,현진소재(주),2020,업체,기계,5685.0,111.0,(주)한국경영인증원,,053660
1046,산업통상자원부,호스트웨이아이디씨(주),2020,사업장,통신,15555.0,320.0,한국표준협회,,NULL
1047,환경부,홈플러스 주식회사,2020,업체,건물,424924.0,8537.0,로이드인증원㈜,,NULL
1048,환경부,홍덕산업(주),2020,업체,철강,83762.0,1783.0,한국생산성본부인증원(주),,NULL
1049,환경부,홍원제지(주),2020,업체,제지,111844.0,1655.0,한국표준협회,,NULL
1050,환경부,화성시,2020,업체,폐기물,133346.0,1122.0,㈜한국품질보증원,,NULL
1051,국토교통부,화영운수(주),2020,사업장,교통(여객),21462.0,306.0,한국표준협회,,NULL
1052,산업통상자원부,화인베스틸,2020,사업장,철강,19640.0,357.0,한국표준협회,,133820
1053,환경부,환영철강공업,2020,업체,철강,269075.0,4949.0,㈜한국품질보증원,,NULL
1054,환경부,효성중공업 주식회사,2020,업체,산업,57395.0,1191.0,㈜디엔브이비즈니스어슈어런스코리아,,298040
1055,환경부,효성첨단소재 주식회사,2020,업체,산업,191050.0,3883.0,(재)한국품질재단,,NULL
1056,환경부,효성티앤씨 주식회사,2020,업체,산업,323958.0,7485.0,(재)한국품질재단,,298020
1057,환경부,효성화학 주식회사,2020,업체,산업,881820.0,18213.0,(재)한국품질재단,,298000
1058,국토교통부,휘닉스중앙평창(주),2020,사업장,건물,19993.0,391.0,(주)한국경영인증원,,NULL
1059,환경부,휴비스,2020,업체,섬유,465138.0,6985.0,한국표준협회,,079980
1060,환경부,휴켐스 주식회사,2020,업체,석유화학,132580.0,1194.0,㈜한국품질보증원,,NULL
1061,산업통상자원부,희성촉매(주),2020,사업장,석유화학,20033.0,397.0,한국표준협회,,NULL
1,산업통상자원부,(유)에스케이씨에보닉페록사이드코리아,2019,업체,석유화학,53950.0,1124.0,(재)한국품질재단,,NULL
2,국토교통부,(유)호남고속,2019,사업장,교통(여객),24809.0,384.0,(주)한국경영인증원,,NULL
3,국토교통부,(주)HJ매그놀리아용평호텔앤리조트,2019,사업장,건물,32955.0,653.0,(재)한국품질재단,,NULL
4,산업통상자원부,(주)HM금속,2019,사업장,철강,37628.0,654.0,한국표준협회,,NULL
5,농림축산식품부,(주)MH에탄올,2019,사업장,음료제조업,10062.0,293.0,(재)한국화학융합시험연구원,,023150
6,농림축산식품부,(주)MSC,2019,사업장,음식료품,27775.0,555.0,한국가스안전공사,,NULL
7,산업통상자원부,(주)SIMPAC,2019,업체,철강,463486.0,5067.0,한국표준협회,,009160
8,국토교통부,(주)강원랜드,2019,업체,건물,83321.0,1686.0,한국표준협회,,035250
9,산업통상자원부,(주)건화,2019,사업장,조선,30632.0,534.0,한국표준협회,,NULL
10,국토교통부,(주)경기고속,2019,업체,교통(여객),166441.0,2550.0,산림조합중앙회,,NULL
11,국토교통부,(주)경남고속,2019,사업장,교통(여객),26528.0,375.0,(주)한국경영인증원,,NULL
12,산업통상자원부,(주)경동,2019,업체,광업,224595.0,395.0,(재)한국품질재단,,NULL
13,산업통상자원부,(주)경동원,2019,사업장,기계,16145.0,322.0,한국표준협회,,NULL
14,산업통상자원부,(주)경방 광주공장,2019,업체,섬유,34322.0,695.0,한국생산성본부인증원(주),,NULL
15,산업통상자원부,(주)경보제약,2019,사업장,석유화학,19472.0,319.0,한국표준협회,,214390
16,산업통상자원부,(주)경신전선,2019,사업장,전기전자,15862.0,324.0,한국표준협회,,NULL
17,국토교통부,(주)공항리무진,2019,사업장,교통(여객),32171.0,456.0,(주)한국경영인증원,,NULL
18,국토교통부,(주)국민은행,2019,업체,건물,110408.0,1661.0,한국표준협회,,031150
19,산업통상자원부,(주)국일방적 정읍공장,2019,사업장,섬유,13493.0,277.0,대일이엔씨기술(주),,NULL
20,환경부,(주)그린스코,2019,사업장,폐기물,47279.0,108.0,(주)한국경영인증원,,NULL
21,국토교통부,(주)금남고속,2019,사업장,교통(여객),36504.0,517.0,(주)한국경영인증원,,NULL
22,산업통상자원부,(주)금비,2019,업체,유리,82482.0,1200.0,한국표준협회,,008870
23,해양수산부,(주)남해고속,2019,사업장,교통(해운),22361.0,317.0,㈜한국품질보증원,,NULL
24,산업통상자원부,(주)네오오토 예산공장,2019,사업장,자동차,17008.0,347.0,(주)한국경영인증원,,NULL
25,산업통상자원부,(주)넥센,2019,사업장,석유화학,17601.0,322.0,한국표준협회,,005720
26,국토교통부,(주)농협물류,2019,사업장,교통(화물),29178.0,413.0,한국표준협회,,NULL
27,농림축산식품부,(주)농협사료,2019,업체,식료품 제조업,83394.0,1676.0,(재)한국품질재단,,NULL
28,산업통상자원부,(주)단석산업,2019,사업장,비철금속,51233.0,778.0,한국표준협회,,NULL
29,산업통상자원부,(주)대농청원공장,2019,사업장,섬유,17133.0,352.0,지속가능인증원주식회사,,NULL
30,산업통상자원부,(주)대동세라믹,2019,사업장,요업,27908.0,549.0,이큐에이㈜,,NULL
31,산업통상자원부,(주)대림제지,2019,업체,제지,102123.0,1624.0,이큐에이㈜,,017650
32,국토교통부,(주)대명티피앤이,2019,사업장,건물,15241.0,305.0,(주)한국경영인증원,,NULL
33,산업통상자원부,(주)대승프론티어,2019,사업장,유리,23245.0,432.0,한국표준협회,,NULL
34,국토교통부,(주)대우건설,2019,업체,건설,66193.0,1323.0,한국표준협회,,047040
35,산업통상자원부,(주)대욱케스트,2019,사업장,철강,19939.0,364.0,이큐에이㈜,,NULL
36,국토교통부,(주)대원고속,2019,업체,교통(여객),161821.0,2483.0,산림조합중앙회,,NULL
37,국토교통부,(주)대원버스,2019,사업장,교통(여객),33005.0,563.0,산림조합중앙회,,NULL
38,국토교통부,(주)대원여객,2019,사업장,교통(여객),21556.0,406.0,산림조합중앙회,,NULL
39,국토교통부,(주)대원운수,2019,사업장,교통(여객),38143.0,643.0,산림조합중앙회,,NULL
40,산업통상자원부,(주)대유코아,2019,사업장,시멘트,72757.0,749.0,한국생산성본부인증원(주),,NULL
41,해양수산부,(주)대저해운,2019,사업장,교통(해운),19416.0,278.0,한국표준협회,,NULL
42,산업통상자원부,(주)대천텍스타일,2019,사업장,섬유,13653.0,257.0,한국표준협회,,NULL
43,산업통상자원부,(주)대호피앤씨 포항공장,2019,사업장,철강,23711.0,461.0,한국표준협회,,NULL
44,산업통상자원부,(주)대화제지,2019,사업장,제지,27583.0,553.0,㈜한국품질보증원,,NULL
45,산업통상자원부,(주)동남 서산공장,2019,사업장,비철금속,18026.0,266.0,한국표준협회,,NULL
46,산업통상자원부,(주)동남 울산공장,2019,사업장,비철금속,28179.0,408.0,한국표준협회,,NULL
47,국토교통부,(주)동방,2019,업체,교통(화물),41914.0,603.0,대일이엔씨기술(주),,004140
48,산업통상자원부,(주)동서기공 당진지점,2019,사업장,자동차,13023.0,262.0,한국표준협회,,NULL
49,산업통상자원부,(주)동신포리마,2019,사업장,석유화학,27986.0,564.0,(주)한국경영인증원,,NULL
50,국토교통부,(주)동양고속,2019,업체,교통(여객),67788.0,964.0,(주)한국경영인증원,,084670
51,산업통상자원부,(주)동양이앤씨,2019,사업장,기계,17114.0,336.0,(주)비에스아이그룹코리아,,NULL
52,환경부,(주)동양환경,2019,사업장,폐기물,253032.0,537.0,(재)한국품질재단,,NULL
53,농림축산식품부,(주)동원F&B,2019,업체,식료품 제조업,73387.0,1589.0,(주)한국경영인증원,,049770
54,산업통상자원부,(주)동진쎄미켐,2019,사업장,석유화학,20747.0,391.0,한국가스안전공사,,005290
55,산업통상자원부,(주)두산,2019,업체,전기전자,84294.0,1689.0,(재)한국품질재단,,000150
56,산업통상자원부,(주)디알액시온 원산공장,2019,사업장,비철금속,17288.0,349.0,(재)한국품질재단,,NULL
57,산업통상자원부,(주)디에이피,2019,사업장,전기전자,42799.0,874.0,한국가스안전공사,,066900
58,산업통상자원부,(주)디케이씨,2019,사업장,철강,18493.0,369.0,한국표준협회,,047440
59,산업통상자원부,(주)로옴코리아,2019,사업장,반도체,16238.0,334.0,㈜한국품질보증원,,NULL
60,산업통상자원부,(주)만도,2019,업체,자동차,103541.0,2131.0,(주)비에스아이그룹코리아,,NULL
61,농림축산식품부,(주)면사랑,2019,사업장,식료품 제조업,19499.0,435.0,한국표준협회,,NULL
62,산업통상자원부,(주)모나리자,2019,사업장,제지,42110.0,753.0,(주)한국경영인증원,,012690
63,국토교통부,(주)무주덕유산리조트,2019,사업장,건물,19969.0,353.0,(주)한국경영인증원,,NULL
64,산업통상자원부,(주)미래엔인천에너지,2019,업체,집단에너지,17305.0,342.0,(재)한국품질재단,,NULL
65,산업통상자원부,(주)미래페이퍼,2019,업체,제지,56968.0,719.0,한국표준협회,,NULL
66,산업통상자원부,(주)방림,2019,사업장,섬유,18387.0,343.0,한국표준협회,,003610
67,산업통상자원부,(주)벽산,2019,업체,유리,85374.0,1566.0,한국표준협회,,007210
68,국토교통부,(주)부산롯데호텔,2019,사업장,건물,13408.0,273.0,(주)한국경영인증원,,NULL
69,산업통상자원부,(주)브이샘 인천공장,2019,사업장,시멘트,12872.0,259.0,한국표준협회,,NULL
70,산업통상자원부,(주)비에이치 제2공장,2019,사업장,전기전자,15845.0,325.0,한국표준협회,,NULL
71,산업통상자원부,(주)비엠금속,2019,사업장,철강,18293.0,335.0,이큐에이㈜,,NULL
72,농림축산식품부,(주)빙그레,2019,업체,식료품 제조업,58209.0,1156.0,(주)한국경영인증원,,005180
73,산업통상자원부,(주)삼동 문경공장,2019,사업장,전기전자,41299.0,843.0,한국표준협회,,NULL
74,국토교통부,(주)삼우에프앤지,2019,사업장,교통(화물),17323.0,272.0,한국표준협회,,NULL
75,산업통상자원부,(주)삼원강재,2019,사업장,자동차,27984.0,562.0,(재)한국품질재단,,023000
76,산업통상자원부,(주)삼천리,2019,업체,집단에너지,61345.0,975.0,한국가스안전공사,,004690
77,산업통상자원부,(주)삼표산업,2019,업체,시멘트,133592.0,2256.0,(재)한국품질재단,,NULL
78,산업통상자원부,(주)삼한씨원,2019,사업장,유리 · 요업,14393.0,274.0,한국생산성본부인증원(주),,NULL
79,산업통상자원부,(주)삼현,2019,사업장,요업,22073.0,406.0,한국표준협회,,437730
80,국토교통부,(주)삼화고속,2019,사업장,교통(여객),16753.0,238.0,(주)한국경영인증원,,NULL
81,산업통상자원부,(주)상공에너지,2019,업체,산업단지,5129.0,1179.0,이큐에이㈜,,NULL
82,농림축산식품부,(주)샤니 대구공장,2019,사업장,식료품 제조업,16786.0,338.0,(주)비에스아이그룹코리아,,NULL
83,농림축산식품부,(주)샤니 성남공장,2019,사업장,식료품 제조업,20177.0,407.0,(주)비에스아이그룹코리아,,NULL
84,환경부,(주)서광하이테크,2019,사업장,폐기물,62495.0,180.0,(재)한국품질재단,,NULL
85,산업통상자원부,(주)서원,2019,사업장,비철금속,16245.0,330.0,한국가스안전공사,,021050
86,산업통상자원부,(주)서진캠 아산공장,2019,사업장,자동차,14996.0,308.0,(주)한국경영인증원,,NULL
87,산업통상자원부,(주)서진캠 평택공장,2019,사업장,자동차,16761.0,344.0,㈜한국품질보증원,,NULL
88,산업통상자원부,(주)서흥,2019,사업장,석유화학,34146.0,696.0,한국표준협회,,008490
89,산업통상자원부,(주)선일다이파스,2019,사업장,기계,17843.0,363.0,(주)한국경영인증원,,NULL
90,국토교통부,(주)선진운수,2019,사업장,교통(여객),27447.0,513.0,(재)한국품질재단,,NULL
91,산업통상자원부,(주)성신미네필드,2019,사업장,시멘트,16962.0,327.0,한국표준협회,,NULL
92,산업통상자원부,(주)성호금속 경주2공장,2019,사업장,비철금속,29580.0,528.0,이큐에이㈜,,NULL
93,산업통상자원부,(주)성호금속 영천공장,2019,사업장,철강,18847.0,342.0,이큐에이㈜,,NULL
94,산업통상자원부,(주)성호기업,2019,사업장,철강,13897.0,275.0,이큐에이㈜,,NULL
95,산업통상자원부,(주)세아베스틸,2019,업체,철강,1228476.0,19115.0,한국표준협회,,NULL
96,산업통상자원부,(주)세아씨엠,2019,사업장,철강,64376.0,1295.0,한국표준협회,,NULL
97,국토교통부,(주)세아엘앤에스,2019,사업장,교통(화물),16597.0,243.0,한국표준협회,,NULL
98,산업통상자원부,(주)세아제강,2019,사업장,철강,58506.0,1186.0,한국표준협회,,306200
99,산업통상자원부,(주)세아특수강,2019,사업장,철강,26816.0,526.0,한국표준협회,,019440
100,농림축산식품부,(주)세우,2019,사업장,식료품 제조업,17215.0,345.0,(재)한국품질재단,,NULL
101,해양수산부,(주)세주,2019,사업장,교통(해운),29281.0,398.0,㈜디엔브이지엘비즈니스어슈어런스코리아,,NULL
102,국토교통부,(주)소노호텔앤리조트,2019,사업장,건물,33325.0,670.0,(주)한국경영인증원,,NULL
103,산업통상자원부,(주)스타플렉스,2019,사업장,석유화학,12579.0,255.0,이큐에이㈜,,115570
104,국토교통부,(주)시흥교통,2019,사업장,교통(여객),22849.0,406.0,한국표준협회,,NULL
105,산업통상자원부,(주)신동,2019,업체,시멘트,82887.0,271.0,한국표준협회,,NULL
106,산업통상자원부,(주)신성이엔지,2019,사업장,반도체,20247.0,260.0,로이드인증원㈜,,104110
107,국토교통부,(주)신세계,2019,업체,건물,137416.0,2809.0,㈜한국품질보증원,,004170
108,산업통상자원부,(주)신안주철,2019,사업장,철강,23184.0,428.0,한국표준협회,,NULL
109,산업통상자원부,(주)신우금속,2019,사업장,철강,17279.0,296.0,(재)한국품질재단,,NULL
110,국토교통부,(주)신한은행,2019,업체,건물,75866.0,1180.0,㈜디엔브이지엘비즈니스어슈어런스코리아,,000010
111,산업통상자원부,(주)쌍용씨앤비,2019,업체,제지,67537.0,1176.0,(주)한국경영인증원,,NULL
112,산업통상자원부,(주)씨텍,2019,업체,산업단지,553372.0,7481.0,㈜한국품질보증원,,NULL
113,국토교통부,(주)아라리오,2019,사업장,건물,13532.0,275.0,(주)한국경영인증원,,NULL
114,산업통상자원부,(주)아진피앤피,2019,업체,제지,114548.0,1698.0,한국산업기술시험원,,NULL
115,산업통상자원부,(주)에스아이플렉스,2019,사업장,반도체.디스플레이.전기전자,7467.0,151.0,(주)한국경영인증원,,NULL
116,국토교통부,(주)에스앤아이코퍼레이션,2019,사업장,건물,17455.0,352.0,(재)한국품질재단,,NULL
117,산업통상자원부,(주)에스에이씨,2019,사업장,유리,13309.0,270.0,(주)한국경영인증원,,NULL
118,산업통상자원부,(주)에스에이치에너지화학,2019,사업장,석유화학,14365.0,233.0,㈜한국품질보증원,,NULL
119,산업통상자원부,(주)에스제이금속,2019,사업장,철강,20481.0,353.0,(재)한국품질재단,,NULL
120,산업통상자원부,(주)에스파워,2019,업체,발전에너지,1770479.0,34776.0,(재)한국품질재단,,NULL
121,산업통상자원부,(주)에이에스에이 김제공장,2019,사업장,자동차,17177.0,329.0,지속가능인증원주식회사,,NULL
122,산업통상자원부,(주)에이에스에이 전주공장,2019,사업장,자동차,31156.0,590.0,지속가능인증원주식회사,,NULL
123,산업통상자원부,(주)에코프로비엠,2019,사업장,전기전자,21274.0,434.0,(재)한국품질재단,,247540
124,환경부,(주)엔아이티,2019,업체,폐기물,191904.0,378.0,㈜한국품질보증원,,NULL
125,산업통상자원부,(주)엔이티,2019,사업장,발전에너지,49175.0,574.0,한국표준협회,,NULL
126,산업통상자원부,(주)엘지생활건강 울산공장,2019,사업장,석유화학,21886.0,438.0,(재)한국품질재단,,NULL
127,산업통상자원부,(주)엘지씨엔에스,2019,사업장,통신,25636.0,567.0,대일이엔씨기술(주),,064400
128,산업통상자원부,(주)엘지하우시스,2019,업체,석유화학,145145.0,2701.0,㈜디엔브이지엘비즈니스어슈어런스코리아,,NULL
129,산업통상자원부,(주)영신물산,2019,사업장,섬유,28841.0,190.0,한국표준협회,,NULL
130,농림축산식품부,(주)오뚜기 대풍공장,2019,사업장,음식료품,49430.0,994.0,한국생산성본부인증원(주),,NULL
131,농림축산식품부,(주)오리온,2019,업체,음식료품,68400.0,1344.0,한국표준협회,,271560
132,산업통상자원부,(주)오미아코리아,2019,업체,석유화학,68206.0,1378.0,㈜디엔브이지엘비즈니스어슈어런스코리아,,NULL
133,산업통상자원부,(주)오영,2019,사업장,석유화학,17973.0,385.0,(재)한국품질재단,,NULL
134,산업통상자원부,(주)온셀텍,2019,사업장,디스플레이,35473.0,728.0,한국표준협회,,NULL
135,농림축산식품부,(주)올품,2019,사업장,식료품 제조업,25929.0,454.0,한국표준협회,,NULL
136,산업통상자원부,(주)우룡,2019,업체,시멘트,165468.0,635.0,(주)한국경영인증원,,NULL
137,국토교통부,(주)우리은행,2019,업체,건물,81237.0,1207.0,㈜디엔브이지엘비즈니스어슈어런스코리아,,000030
138,산업통상자원부,(주)우신금속,2019,사업장,비철금속,19811.0,307.0,(재)한국품질재단,,NULL
139,산업통상자원부,(주)유니온,2019,업체,시멘트,166483.0,1380.0,한국표준협회,,000910
140,국토교통부,(주)유성티엔에스,2019,사업장,교통(화물),38243.0,552.0,(주)한국경영인증원,,024800
141,산업통상자원부,(주)유한화학,2019,사업장,석유화학,17578.0,351.0,(주)한국경영인증원,,NULL
142,산업통상자원부,(주)이녹스첨단소재,2019,사업장,전기전자,20662.0,419.0,(재)한국품질재단,,272290
143,국토교통부,(주)이마트,2019,업체,건물,522804.0,10692.0,한국표준협회,,139480
144,산업통상자원부,(주)이수페타시스,2019,사업장,전기전자,46742.0,722.0,이큐에이㈜,,007660
145,산업통상자원부,(주)이수화학,2019,업체,석유화학,281322.0,4964.0,한국표준협회,,005950
146,국토교통부,(주)이스타항공,2019,업체,항공,146181.0,2091.0,(재)한국품질재단,,NULL
147,환경부,(주)이알지서비스,2019,사업장,지정외 폐기물처리업,102666.0,105.0,이큐에이㈜,,NULL
148,환경부,(주)이에스지세종,2019,사업장,폐기물,73708.0,496.0,한국표준협회,,NULL
149,산업통상자원부,(주)인지디스플레이,2019,사업장,자동차,25517.0,402.0,(주)한국경영인증원,,NULL
150,산업통상자원부,(주)인터플렉스,2019,사업장,전기전자,52050.0,1056.0,한국표준협회,,051370
151,산업통상자원부,(주)일진글로벌,2019,사업장,자동차,41316.0,850.0,이큐에이㈜,,NULL
152,국토교통부,(주)전북고속,2019,사업장,교통(여객),22825.0,322.0,(주)한국경영인증원,,NULL
153,농림축산식품부,(주)정·식품,2019,사업장,음료제조업,20979.0,418.0,한국표준협회,,NULL
154,국토교통부,(주)제때,2019,사업장,교통(화물),17598.0,278.0,한국표준협회,,NULL
155,해양수산부,(주)제양항공해운,2019,사업장,교통(해운),33551.0,460.0,한국표준협회,,NULL
156,산업통상자원부,(주)제이앤티씨,2019,사업장,반도체.디스플레이.전기전자,9460.0,193.0,한국표준협회,,204270
157,해양수산부,(주)제이에이치페리,2019,사업장,교통(해운),4660.0,66.0,한국표준협회,,NULL
158,산업통상자원부,(주)제이엠씨,2019,사업장,석유화학,34835.0,780.0,이큐에이㈜,,NULL
159,해양수산부,(주)제주케이라인,2019,사업장,교통(해운),19079.0,260.0,㈜디엔브이지엘비즈니스어슈어런스코리아,,NULL
160,산업통상자원부,(주)젤텍,2019,사업장,석유화학,13694.0,488.0,한국표준협회,,NULL
161,산업통상자원부,(주)종근당 천안공장,2019,사업장,석유화학,15165.0,419.0,(재)한국품질재단,,NULL
162,산업통상자원부,(주)종근당바이오,2019,업체,석유화학,86424.0,1698.0,이큐에이㈜,,063160
163,국토교통부,(주)중부고속,2019,사업장,교통(여객),13282.0,188.0,한국표준협회,,NULL
164,국토교통부,(주)중앙고속,2019,업체,교통(여객),62108.0,875.0,(주)한국경영인증원,,NULL
165,산업통상자원부,(주)중일,2019,사업장,비철금속,30223.0,310.0,한국표준협회,,NULL
166,산업통상자원부,(주)지에스동해전력,2019,업체,발전에너지,6215067.0,69410.0,대일이엔씨기술(주),,NULL
167,산업통상자원부,(주)지엠씨,2019,사업장,광업,12761.0,260.0,(주)한국경영인증원,,NULL
168,산업통상자원부,(주)진합,2019,사업장,자동차,27484.0,560.0,한국표준협회,,NULL
169,산업통상자원부,(주)진흥주물 군산공장,2019,사업장,철강,19171.0,336.0,한국표준협회,,NULL
170,산업통상자원부,(주)진흥주물 인천공장,2019,사업장,철강,15753.0,272.0,한국표준협회,,NULL
171,농림축산식품부,(주)참프레,2019,사업장,음식료품,29283.0,586.0,한국표준협회,,NULL
172,국토교통부,(주)천일고속,2019,사업장,교통(여객),30000.0,425.0,(주)한국경영인증원,,000650
173,농림축산식품부,(주)체리부로,2019,사업장,식료품 제조업,15484.0,313.0,(주)한국경영인증원,,066360
174,국토교통부,(주)충남고속,2019,사업장,교통(여객),29029.0,413.0,(주)한국경영인증원,,NULL
175,산업통상자원부,(주)충무화학정선,2019,업체,시멘트,157273.0,573.0,(재)한국품질재단,,NULL
176,농림축산식품부,(주)카길애그리퓨리나 평택공장,2019,사업장,식료품 제조업,19713.0,398.0,(재)한국품질재단,,NULL
177,산업통상자원부,(주)카펙발레오,2019,사업장,자동차,21084.0,419.0,한국표준협회,,NULL
178,산업통상자원부,(주)칼링크,2019,사업장,자동차,25252.0,507.0,지속가능인증원주식회사,,NULL
179,산업통상자원부,(주)캐스텍코리아,2019,업체,자동차,39831.0,715.0,한국표준협회,,071850
180,산업통상자원부,(주)케이에프엔티,2019,사업장,석유화학,18484.0,396.0,한국표준협회,,NULL
181,산업통상자원부,(주)케이이씨,2019,사업장,반도체,42730.0,536.0,(주)신화엔지니어링종합건축사사무소,,NULL
182,농림축산식품부,(주)케이티앤지,2019,업체,음식료품,104559.0,2020.0,(재)한국품질재단,,033780
183,산업통상자원부,(주)케이피켐텍,2019,사업장,섬유,37617.0,865.0,(재)한국품질재단,,NULL
184,산업통상자원부,(주)코다코,2019,사업장,자동차,24659.0,498.0,(재)한국품질재단,,046070
185,산업통상자원부,(주)코리아써키트,2019,업체,전기전자,91186.0,1827.0,(주)비에스아이그룹코리아,,007810
186,국토교통부,(주)코리아와이드경북고속,2019,업체,교통(여객),42696.0,602.0,(주)한국경영인증원,,NULL
187,국토교통부,(주)코리아와이드포항,2019,사업장,교통(여객),23740.0,445.0,(주)한국경영인증원,,NULL
188,산업통상자원부,(주)코스틸,2019,업체,철강,51898.0,935.0,이큐에이㈜,,NULL
189,환경부,(주)클렌코,2019,사업장,폐기물,207845.0,167.0,한국표준협회,,NULL
190,산업통상자원부,(주)태광,2019,사업장,철강,13119.0,255.0,산림조합중앙회,,023160
191,산업통상자원부,(주)태상,2019,사업장,기계,15148.0,294.0,(주)한국경영인증원,,NULL
192,산업통상자원부,(주)태영열처리,2019,사업장,기계,15026.0,305.0,한국표준협회,,NULL
193,산업통상자원부,(주)태우,2019,사업장,비철금속,17261.0,335.0,한국가스안전공사,,NULL
194,산업통상자원부,(주)태웅,2019,업체,기계,202438.0,3688.0,(재)한국품질재단,,044490
195,산업통상자원부,(주)태평양금속,2019,사업장,요업,45372.0,908.0,이큐에이㈜,,NULL
196,산업통상자원부,(주)테크팩솔루션,2019,업체,유리,233468.0,3883.0,(재)한국품질재단,,NULL
197,산업통상자원부,(주)티씨씨스틸,2019,사업장,철강,28694.0,568.0,이큐에이㈜,,NULL
198,산업통상자원부,(주)티씨케이,2019,사업장,전기전자,20473.0,418.0,(재)한국품질재단,,064760
199,농림축산식품부,(주)파리크라상 성남공장,2019,사업장,식료품 제조업,21853.0,436.0,한국표준협회,,NULL
200,국토교통부,(주)판토스,2019,사업장,교통(화물),44317.0,685.0,한국표준협회,,NULL
201,산업통상자원부,(주)퍼시픽글라스,2019,사업장,유리,32818.0,555.0,한국표준협회,,009080
202,국토교통부,(주)평안운수,2019,사업장,교통(여객),17088.0,283.0,산림조합중앙회,,NULL
203,농림축산식품부,(주)포레스코,2019,사업장,목재,32668.0,773.0,한국표준협회,,NULL
204,산업통상자원부,(주)풍농장항공장,2019,사업장,석유화학,19292.0,382.0,이큐에이㈜,,NULL
205,산업통상자원부,(주)풍정주공,2019,사업장,철강,28528.0,523.0,한국표준협회,,NULL
206,산업통상자원부,(주)피엔디티,2019,사업장,자동차,19814.0,384.0,지속가능인증원주식회사,,NULL
207,산업통상자원부,(주)필맥스,2019,사업장,석유화학,25587.0,516.0,㈜한국품질보증원,,NULL
208,농림축산식품부,(주)하림,2019,업체,음식료품,87431.0,2085.0,(재)한국품질재단,,136480
209,산업통상자원부,(주)한국아트라스비엑스,2019,사업장,전기전자,33123.0,677.0,(재)한국화학융합시험연구원,,023890
210,산업통상자원부,(주)한국알스트롬,2019,사업장,제지,47727.0,616.0,(재)한국품질재단,,NULL
211,농림축산식품부,(주)한국인삼공사 고려인삼창(부여공장),2019,사업장,식료품 제조업,17566.0,353.0,(주)한국경영인증원,,NULL
212,농림축산식품부,(주)한국인삼공사 고려인삼창(원주공장),2019,사업장,식료품 제조업,19514.0,394.0,한국표준협회,,NULL
213,산업통상자원부,(주)한금포항공장,2019,사업장,철강,17422.0,384.0,한국표준협회,,NULL
214,산업통상자원부,(주)한솔케미칼,2019,업체,석유화학,133715.0,2636.0,대일이엔씨기술(주),,014680
215,농림축산식품부,(주)한솔홈데코,2019,업체,목재,63751.0,1159.0,(주)한국경영인증원,,025750
216,산업통상자원부,(주)한양에스앤씨 함안지점,2019,사업장,자동차,18392.0,345.0,한국표준협회,,NULL
217,국토교통부,(주)한익스프레스,2019,사업장,교통(화물),24634.0,385.0,한국표준협회,,014130
218,해양수산부,(주)한일고속,2019,업체,교통(해운),107488.0,1488.0,(주)한국경영인증원,,NULL
219,산업통상자원부,(주)한주,2019,업체,산업단지,1049651.0,13739.0,㈜디엔브이지엘비즈니스어슈어런스코리아,,NULL
220,국토교통부,(주)한진,2019,업체,교통(화물),124507.0,1882.0,한국표준협회,,002320
221,산업통상자원부,(주)한창제지,2019,업체,제지,119446.0,1591.0,한국표준협회,,009460
222,산업통상자원부,(주)한화,2019,업체,석유화학,180086.0,1773.0,㈜디엔브이지엘비즈니스어슈어런스코리아,,000880
223,국토교통부,(주)현대백화점,2019,업체,건물,149094.0,3072.0,한국표준협회,,069960
224,산업통상자원부,(주)현대엘앤씨,2019,사업장,석유화학,28804.0,583.0,한국표준협회,,NULL
225,산업통상자원부,(주)현대케피코,2019,사업장,자동차,28094.0,573.0,한국생산성본부인증원(주),,NULL
226,국토교통부,(주)호텔신라,2019,사업장,건물,22126.0,446.0,한국표준협회,,008770
227,산업통상자원부,(주)화승알앤에이,2019,사업장,석유화학,21774.0,441.0,한국표준협회,,378850
228,산업통상자원부,(주)화승케미칼,2019,사업장,석유화학,28388.0,577.0,이큐에이㈜,,NULL
229,산업통상자원부,(주)흥아 양산1공장,2019,사업장,석유화학,14296.0,285.0,(재)한국품질재단,,NULL
230,국토교통부,(합)경남여객,2019,사업장,교통(여객),53049.0,840.0,한국표준협회,,NULL
231,국토교통부,CJ대한통운(주),2019,업체,교통(화물),214808.0,3631.0,(주)한국경영인증원,,000120
232,농림축산식품부,CJ제일제당(주),2019,업체,음식료품,419898.0,9658.0,(재)한국화학융합시험연구원,,097950
233,국토교통부,GS건설(주),2019,업체,건설,108711.0,2069.0,로이드인증원㈜,,006360
234,산업통상자원부,GS파워,2019,업체,집단에너지,1771569.0,34532.0,(재)한국품질재단,,NULL
235,산업통상자원부,HSD엔진(주),2019,사업장,기계,31809.0,559.0,㈜디엔브이지엘비즈니스어슈어런스코리아,,NULL
236,산업통상자원부,JW 생명과학(주),2019,사업장,석유화학,28914.0,584.0,한국표준협회,,NULL
237,산업통상자원부,KPX 케미칼(주),2019,사업장,석유화학,20593.0,634.0,(주)한국경영인증원,,NULL
238,산업통상자원부,LB세미콘(주),2019,사업장,반도체,25710.0,527.0,한국표준협회,,061970
239,산업통상자원부,LG엠엠에이,2019,업체,석유화학,307858.0,2895.0,(주)한국경영인증원,,NULL
240,산업통상자원부,OCI SE 주식회사,2019,업체,산업단지,1112436.0,21207.0,㈜디엔브이지엘비즈니스어슈어런스코리아,,NULL
241,산업통상자원부,S&T모티브(주),2019,사업장,자동차,17811.0,364.0,한국표준협회,,NULL
242,산업통상자원부,S&T중공업(주),2019,사업장,자동차,14967.0,277.0,한국표준협회,,NULL
243,산업통상자원부,S-Oil(주),2019,업체,정유,9603008.0,129497.0,한국표준협회,,010950
244,산업통상자원부,SK(주) 대덕 데이터센터,2019,사업장,통신,19390.0,399.0,대일이엔씨기술(주),,NULL
245,산업통상자원부,SKbroadband(주),2019,업체,통신,281170.0,5759.0,㈜디엔브이지엘비즈니스어슈어런스코리아,,NULL
246,국토교통부,SK네트웍스(주) 워커힐,2019,사업장,건물,23894.0,481.0,(주)비에스아이그룹코리아,,NULL
247,산업통상자원부,SK이노베이션(주),2019,업체,전기전자,191566.0,3908.0,한국표준협회,,096770
248,산업통상자원부,SK인천석유화학(주),2019,업체,석유화학,1580194.0,44636.0,한국표준협회,,NULL
249,산업통상자원부,STX 조선해양(주),2019,업체,조선,43931.0,790.0,(재)한국품질재단,,NULL
250,산업통상자원부,Y&T파워텍(주),2019,사업장,자동차,18189.0,373.0,(주)비에스아이그룹코리아,,NULL
251,환경부,㈜토탈,2019,사업장,지정외 폐기물처리업 등,83701.0,108.0,(재)한국품질재단,,NULL
252,산업통상자원부,가온전선주식회사,2019,사업장,전기전자,16429.0,330.0,(주)비에스아이그룹코리아,,000500
253,국토교통부,가톨릭대학교 서울성모병원,2019,사업장,건물,40159.0,813.0,한국표준협회,,NULL
254,국토교통부,강남금융센터(주),2019,사업장,건물,17491.0,356.0,한국표준협회,,NULL
255,산업통상자원부,강남화성(주),2019,사업장,석유화학,19764.0,379.0,한국표준협회,,NULL
256,환경부,강릉시,2019,사업장,폐기물,19711.0,106.0,(주)비에스아이그룹코리아,,NULL
257,국토교통부,강변테크노마트 주식회사,2019,사업장,건물,16266.0,333.0,대일이엔씨기술(주),,NULL
258,국토교통부,강원고속,2019,사업장,교통(여객),26633.0,379.0,한국표준협회,,NULL
259,국토교통부,강원대학교 춘천캠퍼스,2019,사업장,건물,18932.0,386.0,한국표준협회,,NULL
260,국토교통부,강원여객자동차,2019,사업장,교통(여객),17169.0,249.0,한국표준협회,,NULL
261,환경부,거제시,2019,업체,폐기물,60789.0,392.0,(재)한국품질재단,,NULL
262,국토교통부,건국대학교,2019,사업장,건물,26793.0,543.0,이큐에이㈜,,NULL
263,국토교통부,경북대학교,2019,업체,건물,34590.0,705.0,㈜한국품질보증원,,NULL
264,산업통상자원부,경산제지 주식회사,2019,업체,제지,92901.0,771.0,한국표준협회,,NULL
267,환경부,경인환경에너지 주식회사,2019,사업장,폐기물,67146.0,209.0,이큐에이㈜,,NULL
268,국토교통부,경전여객자동차(주),2019,사업장,교통(여객),17262.0,245.0,한국표준협회,,NULL
269,환경부,경주시,2019,업체,폐기물,85943.0,565.0,㈜한국품질보증원,,NULL
270,국토교통부,경진여객운수(주),2019,사업장,교통(여객),25914.0,429.0,(주)한국경영인증원,,NULL
271,산업통상자원부,경창산업(주) 본사,2019,사업장,자동차,17257.0,354.0,한국생산성본부인증원(주),,NULL
272,산업통상자원부,고려강선(주),2019,업체,철강,91442.0,1900.0,한국생산성본부인증원(주),,NULL
273,산업통상자원부,고려기초소재,2019,사업장,시멘트,21688.0,384.0,한국표준협회,,NULL
274,산업통상자원부,고려아연 주식회사,2019,업체,비철금속,3845243.0,53537.0,(재)한국품질재단,,010130
275,산업통상자원부,고려용접봉(주),2019,사업장,기계,20269.0,412.0,㈜한국품질보증원,,NULL
276,산업통상자원부,고려제강(주),2019,업체,철강,114503.0,2315.0,한국생산성본부인증원(주),,002240
277,산업통상자원부,고려특수선재(주),2019,사업장,철강,23476.0,482.0,로이드인증원㈜,,NULL
278,환경부,고양시,2019,업체,폐기물,170861.0,1181.0,㈜한국품질보증원,,NULL
279,국토교통부,공항철도(주),2019,업체,교통(철도),56439.0,1159.0,대일이엔씨기술(주),,NULL
280,환경부,광명시,2019,업체,폐기물,70338.0,355.0,㈜한국품질보증원,,NULL
281,해양수산부,광양선박(주),2019,업체,교통(해운),51511.0,709.0,㈜디엔브이지엘비즈니스어슈어런스코리아,,NULL
282,국토교통부,광주과학기술원,2019,사업장,건물,21425.0,437.0,한국표준협회,,NULL
283,환경부,광주광역시,2019,업체,폐기물,170356.0,1503.0,(재)한국품질재단,,NULL
284,국토교통부,광주광역시도시철도공사,2019,사업장,교통(철도),18678.0,383.0,한국표준협회,,NULL
285,산업통상자원부,광진산업(주),2019,업체,시멘트,87988.0,228.0,한국생산성본부인증원(주),,NULL
286,환경부,구리시,2019,업체,폐기물,81544.0,572.0,㈜한국품질보증원,,NULL
287,환경부,구미시,2019,업체,폐기물,137801.0,899.0,㈜한국품질보증원,,NULL
288,국토교통부,국가핵융합연구소,2019,사업장,건물,17476.0,359.0,(주)신화엔지니어링종합건축사사무소,,NULL
289,산업통상자원부,국도화학(주),2019,업체,석유화학,37625.0,1544.0,로이드인증원㈜,,007690
290,국토교통부,국립대학법인 서울대학교,2019,업체,건물,139737.0,2834.0,(재)한국품질재단,,NULL
291,국토교통부,국립암센터,2019,사업장,건물,18125.0,378.0,이큐에이㈜,,NULL
292,국토교통부,국방과학연구소,2019,사업장,건물,19902.0,402.0,(재)한국품질재단,,NULL
293,산업통상자원부,국일제지(주),2019,사업장,제지,46945.0,1210.0,이큐에이㈜,,078130
294,국토교통부,국회사무처,2019,사업장,건물,21514.0,448.0,한국표준협회,,NULL
295,환경부,군산시,2019,업체,폐기물,81069.0,451.0,㈜한국품질보증원,,NULL
296,산업통상자원부,군장에너지주식회사,2019,업체,산업단지,2262584.0,42627.0,㈜디엔브이지엘비즈니스어슈어런스코리아,,NULL
297,환경부,군포시,2019,사업장,폐기물,43163.0,81.0,한국표준협회,,NULL
298,산업통상자원부,그린케미칼 주식회사,2019,사업장,석유화학,59995.0,1221.0,한국가스안전공사,,083420
299,산업통상자원부,금강공업(주) 음성 제2공장,2019,사업장,비철금속,18760.0,318.0,(주)한국경영인증원,,NULL
300,해양수산부,금진해운(주),2019,사업장,교통(해운),20957.0,290.0,㈜디엔브이지엘비즈니스어슈어런스코리아,,NULL
301,국토교통부,금호고속(주) 고속사업부,2019,업체,교통(여객),165765.0,2374.0,(주)한국경영인증원,,NULL
302,산업통상자원부,금호미쓰이화학 주식회사,2019,업체,석유화학,95048.0,1746.0,(재)한국품질재단,,NULL
303,산업통상자원부,금호석유화학 주식회사,2019,업체,석유화학,3514076.0,42628.0,한국표준협회,,011780
304,산업통상자원부,금호타이어(주),2019,업체,석유화학,251038.0,5065.0,지속가능인증원주식회사,,073240
305,산업통상자원부,금호폴리켐주식회사,2019,업체,석유화학,251682.0,4138.0,(재)한국품질재단,,NULL
306,산업통상자원부,금호피앤비화학 주식회사,2019,업체,석유화학,868690.0,11512.0,한국표준협회,,NULL
307,산업통상자원부,기아자동차(주),2019,업체,자동차,741636.0,14969.0,로이드인증원㈜,,NULL
308,환경부,김천시,2019,업체,폐기물,48090.0,301.0,㈜한국품질보증원,,NULL
309,산업통상자원부,김천에너지서비스주식회사,2019,업체,산업단지,704344.0,8164.0,한국표준협회,,NULL
310,환경부,김포시 자원화센터,2019,사업장,지정외 폐기물처리업,24753.0,397.0,한국표준협회,,NULL
311,국토교통부,김포운수(주),2019,사업장,교통(여객),24777.0,456.0,(주)한국경영인증원,,NULL
312,환경부,김해시,2019,업체,폐기물,118840.0,1287.0,㈜한국품질보증원,,NULL
313,산업통상자원부,깨끗한나라 주식회사,2019,업체,제지,405528.0,5089.0,(재)한국품질재단,,004540
314,산업통상자원부,나래에너지서비스 주식회사,2019,업체,집단에너지,1749462.0,34799.0,(주)한국경영인증원,,NULL
315,산업통상자원부,나투라페이퍼 주식회사,2019,업체,제지,158052.0,1299.0,한국표준협회,,NULL
316,국토교통부,남성교통(주),2019,사업장,교통(여객),17629.0,330.0,(주)한국경영인증원,,NULL
317,산업통상자원부,남양금속주식회사,2019,업체,기계,102635.0,1898.0,(주)한국경영인증원,,NULL
318,농림축산식품부,남양유업(주),2019,업체,음식료품,85975.0,1990.0,한국표준협회,,003920
319,환경부,남양주시,2019,업체,지정외 폐기물처리업,74248.0,1063.0,(재)한국품질재단,,NULL
320,산업통상자원부,남해화학(주),2019,업체,석유화학,65831.0,849.0,대일이엔씨기술(주),,025860
321,산업통상자원부,내포그린에너지(주),2019,사업장,집단에너지,22874.0,451.0,대일이엔씨기술(주),,NULL
322,산업통상자원부,네이버 데이터센터 각,2019,사업장,통신,71534.0,1472.0,한국표준협회,,NULL
323,환경부,네이처이앤티(주),2019,업체,폐기물,248396.0,333.0,한국표준협회,,NULL
324,산업통상자원부,네패스,2019,사업장,반도체,18520.0,377.0,(주)비에스아이그룹코리아,,033640
325,산업통상자원부,넥센타이어(주),2019,업체,석유화학,213999.0,4241.0,(주)한국경영인증원,,002350
326,산업통상자원부,노벨리스코리아 주식회사,2019,업체,비철금속,281214.0,5564.0,(주)한국경영인증원,,NULL
327,산업통상자원부,녹십자,2019,사업장,석유화학,30321.0,796.0,(재)한국품질재단,,006280
328,국토교통부,농협은행(주),2019,업체,건물,96315.0,1394.0,한국표준협회,,NULL
329,산업통상자원부,능원금속공업 주식회사,2019,사업장,비철금속,29160.0,593.0,산림조합중앙회,,NULL
330,산업통상자원부,담우물산(주),2019,업체,시멘트,65402.0,208.0,(주)한국경영인증원,,NULL
331,환경부,대구광역시,2019,업체,폐기물,635323.0,5046.0,㈜한국품질보증원,,NULL
332,산업통상자원부,대구그린파워(주),2019,업체,집단에너지,922598.0,18366.0,이큐에이㈜,,NULL
333,국토교통부,대구도시철도공사,2019,업체,교통(철도),100657.0,2069.0,(주)한국경영인증원,,NULL
334,산업통상자원부,대구염색산업단지관리공단,2019,업체,산업단지,758628.0,8530.0,이큐에이㈜,,NULL
335,산업통상자원부,대구텍 유한책임회사,2019,사업장,비철금속,,,한국표준협회,,NULL
336,산업통상자원부,대덕전자 주식회사,2019,업체,전기전자,139948.0,2827.0,한국표준협회,,353200
337,산업통상자원부,대동금속(주),2019,사업장,철강,34172.0,651.0,(주)한국경영인증원,,020400
338,산업통상자원부,대동산업주식회사,2019,업체,요업,32295.0,538.0,이큐에이㈜,,NULL
339,산업통상자원부,대림산업 주식회사,2019,업체,석유화학,208784.0,3916.0,한국가스안전공사,,NULL
340,산업통상자원부,대림에프엔씨 주식회사,2019,사업장,석유화학,28965.0,592.0,한국가스안전공사,,NULL
341,산업통상자원부,대림자동차공업(주),2019,사업장,자동차,42098.0,849.0,(주)한국경영인증원,,NULL
342,농림축산식품부,대상 주식회사,2019,업체,음식료품,536052.0,11274.0,(주)한국경영인증원,,001680
343,농림축산식품부,대성목재공업(주),2019,사업장,목재,28601.0,558.0,한국표준협회,,NULL
344,산업통상자원부,대성산업가스(주),2019,업체,석유화학,822540.0,16880.0,㈜한국품질보증원,,NULL
345,산업통상자원부,대성엠디아이(주)라임켐센터,2019,사업장,시멘트,132429.0,496.0,(주)한국경영인증원,,NULL
346,산업통상자원부,대성지엠텍(주),2019,업체,시멘트,127334.0,313.0,(주)한국경영인증원,,NULL
347,산업통상자원부,대신염직공업(주),2019,사업장,섬유,15611.0,300.0,이큐에이㈜,,NULL
348,국토교통부,대신정기화물자동차(주),2019,업체,교통(화물),53499.0,758.0,(주)한국경영인증원,,NULL
349,산업통상자원부,대양금속(주),2019,사업장,기계,21690.0,425.0,(재)한국품질재단,,009190
350,산업통상자원부,대양제지공업(주),2019,업체,제지,141768.0,1592.0,한국표준협회,,006580
351,산업통상자원부,대용산업,2019,사업장,비철금속,5027.0,102.0,㈜디엔브이지엘비즈니스어슈어런스코리아,,NULL
352,산업통상자원부,대우조선해양(주),2019,업체,조선,444610.0,7749.0,(재)한국품질재단,,NULL
353,산업통상자원부,대원강업(주),2019,사업장,자동차,25032.0,504.0,로이드인증원㈜,,000430
354,환경부,대원그린에너지(주),2019,사업장,지정외 폐기물처리업,62817.0,486.0,한국표준협회,,NULL
355,산업통상자원부,대원화성(주),2019,사업장,석유화학,19304.0,349.0,한국표준협회,,024890
356,환경부,대일개발 주식회사,2019,사업장,폐기물,52164.0,121.0,로이드인증원㈜,,NULL
357,환경부,대전광역시,2019,업체,폐기물,352056.0,2681.0,이큐에이㈜,,NULL
358,국토교통부,대전광역시도시철도공사,2019,사업장,교통(철도),18205.0,373.0,(주)한국경영인증원,,NULL
359,산업통상자원부,대전열병합발전주식회사,2019,업체,산업단지,110182.0,2324.0,한국표준협회,,NULL
360,산업통상자원부,대창단조(주),2019,사업장,기계,18598.0,379.0,이큐에이㈜,,015230
361,국토교통부,대창운수(주),2019,사업장,교통(여객),23730.0,444.0,한국표준협회,,NULL
362,산업통상자원부,대한광통신 주식회사,2019,사업장,전기전자,23898.0,490.0,(주)한국경영인증원,,010170
363,산업통상자원부,대한방직(주),2019,사업장,섬유,31006.0,465.0,한국표준협회,,001070
364,농림축산식품부,대한사료(주),2019,사업장,식료품 제조업,17850.0,359.0,한국표준협회,,NULL
365,산업통상자원부,대한석탄공사,2019,사업장,광업,263113.0,887.0,한국생산성본부인증원(주),,NULL
366,산업통상자원부,대한소결금속(주),2019,사업장,자동차,23233.0,467.0,한국표준협회,,NULL
367,산업통상자원부,대한슬래그 주식회사,2019,사업장,요업,31251.0,568.0,한국표준협회,,NULL
368,산업통상자원부,대한시멘트주식회사,2019,사업장,시멘트,70217.0,1269.0,한국표준협회,,NULL
369,산업통상자원부,대한약품공업(주),2019,사업장,석유화학,17070.0,334.0,(주)한국경영인증원,,NULL
370,산업통상자원부,대한유화 주식회사,2019,업체,석유화학,1548120.0,30322.0,한국가스안전공사,,006650
371,산업통상자원부,대한전선 주식회사,2019,사업장,전기전자,34667.0,694.0,이큐에이㈜,,001440
372,산업통상자원부,대한제강(주),2019,업체,철강,374026.0,6555.0,한국표준협회,,084010
373,농림축산식품부,대한제당 주식회사,2019,업체,음식료품,74329.0,1484.0,(재)한국품질재단,,001790
374,농림축산식품부,대한제분(주),2019,사업장,식료품 제조업,22274.0,457.0,대일이엔씨기술(주),,001130
375,산업통상자원부,대한제지주식회사,2019,업체,제지,195034.0,2482.0,한국표준협회,,NULL
376,산업통상자원부,대한조선주식회사,2019,사업장,조선,25976.0,416.0,한국표준협회,,439260
377,산업통상자원부,대한특수금속(주),2019,사업장,철강,14351.0,257.0,이큐에이㈜,,NULL
378,국토교통부,대한항공,2019,업체,항공,594816.0,8956.0,㈜디엔브이지엘비즈니스어슈어런스코리아,,003490
379,산업통상자원부,대한화섬(주),2019,업체,섬유,47606.0,1035.0,한국표준협회,,003830
380,산업통상자원부,더블유스코프코리아(주) 1공장,2019,사업장,석유화학,18009.0,611.0,㈜한국품질보증원,,NULL
381,산업통상자원부,데이원에너지 주식회사,2019,업체,산업단지,961073.0,10162.0,한국표준협회,,NULL
382,산업통상자원부,덴소코리아 주식회사,2019,사업장,자동차,14806.0,297.0,이큐에이㈜,,047060
383,산업통상자원부,도레이배터리세퍼레이터필름 한국유한회사,2019,사업장,전기전자,127476.0,2575.0,한국표준협회,,NULL
384,산업통상자원부,도레이첨단소재 주식회사,2019,업체,섬유,631712.0,12525.0,(주)비에스아이그룹코리아,,NULL
385,국토교통부,도명특송(주),2019,사업장,교통(화물),28016.0,396.0,한국표준협회,,NULL
386,산업통상자원부,동국산업(주),2019,사업장,철강,34440.0,685.0,한국표준협회,,005160
387,산업통상자원부,동국제강 주식회사,2019,업체,철강,1878669.0,32302.0,(재)한국품질재단,,460860
388,산업통상자원부,동남정밀 주식회사,2019,사업장,자동차,9690.0,197.0,한국표준협회,,NULL
389,산업통상자원부,동두천드림파워,2019,업체,발전에너지,2099932.0,41770.0,대일이엔씨기술(주),,NULL
390,환경부,동두천시공공하수처리장,2019,사업장,폐기물,7332.0,112.0,한국표준협회,,NULL
391,산업통상자원부,동서석유화학 주식회사,2019,업체,석유화학,415045.0,1902.0,로이드인증원㈜,,NULL
392,농림축산식품부,동서식품(주),2019,업체,음식료품,119505.0,2585.0,(재)한국품질재단,,NULL
393,산업통상자원부,동서페더럴모굴(주),2019,사업장,자동차,20235.0,410.0,(주)비에스아이그룹코리아,,NULL
394,국토교통부,동성교통(주),2019,사업장,교통(여객),16807.0,315.0,(주)한국경영인증원,,NULL
395,국토교통부,동아운수(주),2019,사업장,교통(여객),19468.0,365.0,산림조합중앙회,,NULL
396,산업통상자원부,동아타이어공업(주),2019,사업장,석유화학,11977.0,241.0,한국표준협회,,282690
397,산업통상자원부,동양산업(주) 성산지점,2019,사업장,자동차,15546.0,318.0,(주)한국경영인증원,,NULL
398,산업통상자원부,동양주공(주),2019,사업장,철강,13927.0,263.0,이큐에이㈜,,NULL
399,산업통상자원부,동양피스톤(주),2019,사업장,자동차,27596.0,561.0,이큐에이㈜,,NULL
400,산업통상자원부,동우화인켐주식회사,2019,업체,석유화학,428484.0,7000.0,(재)한국품질재단,,NULL
401,국토교통부,동원로엑스(주),2019,업체,교통(화물),45593.0,673.0,한국표준협회,,NULL
402,산업통상자원부,동원페이퍼(주),2019,업체,제지,102336.0,2012.0,이큐에이㈜,,NULL
403,산업통상자원부,동은단조(주) 밀양공장,2019,사업장,자동차,18386.0,376.0,㈜한국품질보증원,,NULL
404,산업통상자원부,동은단조(주) 부산공장,2019,사업장,기계,16542.0,338.0,㈜한국품질보증원,,NULL
405,산업통상자원부,동일산업주식회사,2019,업체,철강,292809.0,3598.0,한국표준협회,,004890
406,산업통상자원부,동일알루미늄(주),2019,사업장,비철금속,16565.0,338.0,한국표준협회,,NULL
407,산업통상자원부,동일제강(주),2019,사업장,철강,20283.0,402.0,한국표준협회,,002690
408,산업통상자원부,동일팩키지(주)진주공장,2019,사업장,제지,51258.0,199.0,(재)한국품질재단,,NULL
409,국토교통부,동해상사고속(주),2019,사업장,교통(여객),13313.0,192.0,한국표준협회,,NULL
410,농림축산식품부,동화기업(주),2019,업체,목재,117212.0,2281.0,한국표준협회,,025900
411,산업통상자원부,동화지앤피 주식회사,2019,사업장,유리,22695.0,349.0,(주)한국경영인증원,,NULL
412,산업통상자원부,동희오토(주),2019,사업장,자동차,37982.0,762.0,(주)한국경영인증원,,NULL
413,산업통상자원부,두산메카텍 주식회사,2019,사업장,기계,17278.0,318.0,(주)한국경영인증원,,NULL
414,산업통상자원부,두산인프라코어(주),2019,업체,기계,112186.0,2142.0,(재)한국품질재단,,NULL
415,산업통상자원부,두산중공업 주식회사,2019,업체,기계,251642.0,4711.0,(재)한국품질재단,,NULL
416,산업통상자원부,두원중공업(주),2019,사업장,기계,29122.0,593.0,(주)신화엔지니어링종합건축사사무소,,NULL
417,산업통상자원부,디에스파워 주식회사,2019,업체,집단에너지,1211145.0,24187.0,한국표준협회,,NULL
418,산업통상자원부,디케이동신(주),2019,사업장,철강,20323.0,376.0,한국표준협회,,NULL
419,국토교통부,람정제주개발 주식회사,2019,사업장,건물,33878.0,658.0,(주)한국경영인증원,,NULL
420,농림축산식품부,롯데네슬레코리아(주),2019,사업장,음식료품,34840.0,681.0,(재)한국품질재단,,NULL
421,국토교통부,롯데물산(주),2019,사업장,건물,38638.0,799.0,(주)한국경영인증원,,NULL
422,산업통상자원부,롯데베르살리스엘라스토머스(주),2019,업체,석유화학,67516.0,1375.0,한국표준협회,,NULL
423,산업통상자원부,롯데비피화학 주식회사,2019,업체,석유화학,165774.0,2258.0,한국표준협회,,NULL
424,국토교통부,롯데쇼핑 주식회사,2019,업체,건물,744540.0,14694.0,한국표준협회,,023530
425,산업통상자원부,롯데알미늄 주식회사,2019,업체,비철금속,82986.0,1670.0,(재)한국품질재단,,NULL
426,산업통상자원부,롯데엠시시 주식회사,2019,업체,석유화학,308621.0,2631.0,한국표준협회,,NULL
427,산업통상자원부,롯데정밀화학 주식회사,2019,업체,석유화학,669783.0,14988.0,로이드인증원㈜,,004000
428,산업통상자원부,롯데정보통신(주),2019,사업장,통신,69591.0,1429.0,한국표준협회,,NULL
429,농림축산식품부,롯데제과 주식회사,2019,업체,음식료품,122871.0,2489.0,(재)한국품질재단,,NULL
430,농림축산식품부,롯데칠성음료 주식회사,2019,업체,음식료품,150958.0,2706.0,(주)한국경영인증원,,005300
431,국토교통부,롯데컬처웍스(주),2019,업체,건물,67681.0,1342.0,한국표준협회,,NULL
432,산업통상자원부,롯데케미칼 주식회사,2019,업체,석유화학,6804469.0,129369.0,(재)한국품질재단,,011170
433,농림축산식품부,롯데푸드(주),2019,업체,음식료품,112494.0,2238.0,(주)한국경영인증원,,002270
434,산업통상자원부,르노삼성자동차(주),2019,업체,자동차,92662.0,1917.0,(재)한국품질재단,,NULL
435,산업통상자원부,린데코리아 주식회사,2019,업체,석유화학,635547.0,13069.0,(재)한국품질재단,,NULL
436,산업통상자원부,만호제강(주),2019,사업장,철강,28762.0,584.0,한국표준협회,,001080
437,산업통상자원부,매그나칩반도체(유),2019,업체,반도체,168231.0,1301.0,(주)비에스아이그룹코리아,,NULL
438,농림축산식품부,매일유업(주),2019,업체,음식료품,115233.0,2204.0,(주)한국경영인증원,,267980
439,국토교통부,명성운수(주),2019,사업장,교통(여객),29619.0,469.0,이큐에이㈜,,NULL
440,산업통상자원부,명화공업(주) 아산공장,2019,사업장,자동차,22692.0,457.0,한국표준협회,,NULL
441,산업통상자원부,무림에스피(주),2019,업체,제지,50621.0,1016.0,한국표준협회,,NULL
442,산업통상자원부,무림파워텍 주식회사,2019,업체,산업단지,174468.0,3047.0,한국표준협회,,NULL
443,산업통상자원부,무림페이퍼(주),2019,업체,제지,216595.0,4592.0,한국표준협회,,009200
444,산업통상자원부,무림피앤피(주),2019,업체,제지,252241.0,14783.0,한국표준협회,,NULL
445,환경부,문경시 하수도사업소,2019,사업장,폐기물,7982.0,129.0,(재)한국화학융합시험연구원,,NULL
446,국토교통부,문화방송,2019,사업장,건물,17131.0,367.0,(주)한국경영인증원,,NULL
447,산업통상자원부,미래나노텍(주),2019,사업장,전기전자,22075.0,444.0,(주)한국경영인증원,,095500
448,산업통상자원부,미쓰이케미칼앤드에스케이씨폴리우레탄 주식회사,2019,사업장,석유화학,20392.0,479.0,한국표준협회,,NULL
449,산업통상자원부,미원스페셜티케미칼(주)충주공장,2019,사업장,석유화학,30201.0,603.0,이큐에이㈜,,NULL
450,산업통상자원부,바스프컬러스앤이펙츠코리아(주),2019,사업장,석유화학,15835.0,501.0,(재)한국품질재단,,NULL
451,산업통상자원부,바스프퍼포먼스폴리아마이드코리아주식회사,2019,업체,석유화학,74290.0,1664.0,한국표준협회,,NULL
452,산업통상자원부,발레오전장시스템스코리아(주),2019,사업장,자동차,14232.0,291.0,(주)비에스아이그룹코리아,,NULL
453,산업통상자원부,백광산업 주식회사,2019,업체,석유화학,209366.0,4159.0,한국표준협회,,NULL
454,산업통상자원부,버슘머트리얼즈피엠코리아,2019,사업장,석유화학,27755.0,571.0,로이드인증원㈜,,NULL
455,국토교통부,범일운수,2019,사업장,교통(여객),18456.0,345.0,(주)한국경영인증원,,NULL
456,환경부,베올리아워터코리아대산(주),2019,업체,수도,87749.0,1797.0,(주)한국경영인증원,,NULL
457,산업통상자원부,별내에너지 주식회사,2019,업체,집단에너지,178048.0,3531.0,한국표준협회,,NULL
458,환경부,보령시 생활폐기물처리장,2019,사업장,지정외 폐기물처리업 등,40667.0,164.0,한국표준협회,,NULL
459,산업통상자원부,보령엘엔지터미널 주식회사,2019,사업장,발전에너지,37910.0,756.0,㈜한국품질보증원,,NULL
460,국토교통부,보영운수(주),2019,사업장,교통(여객),18429.0,301.0,한국표준협회,,NULL
461,산업통상자원부,볼보그룹코리아(주),2019,사업장,기계,20767.0,401.0,한국표준협회,,NULL
462,환경부,부산광역시,2019,업체,폐기물,834482.0,7865.0,(주)신화엔지니어링종합건축사사무소,,NULL
463,국토교통부,부산교통(주),2019,사업장,교통(여객),16906.0,243.0,한국표준협회,,NULL
464,국토교통부,부산교통공사,2019,업체,교통(철도),163404.0,3359.0,한국표준협회,,NULL
465,국토교통부,부산대학교,2019,사업장,건물,24471.0,501.0,㈜한국품질보증원,,NULL
466,국토교통부,부산대학교병원,2019,사업장,건물,18178.0,370.0,한국표준협회,,NULL
467,산업통상자원부,부산정관에너지(주),2019,사업장,집단에너지,65040.0,1290.0,(주)신화엔지니어링종합건축사사무소,,NULL
468,산업통상자원부,부산주공(주),2019,업체,자동차,118940.0,2207.0,㈜한국품질보증원,,005030
469,산업통상자원부,부산패션칼라산업협동조합,2019,업체,산업단지,165136.0,2361.0,이큐에이㈜,,NULL
470,환경부,부천시,2019,업체,폐기물,168110.0,1679.0,㈜한국품질보증원,,NULL
471,산업통상자원부,부흥석회,2019,사업장,시멘트,18531.0,52.0,한국생산성본부인증원(주),,NULL
472,국토교통부,북부운수(주),2019,사업장,교통(여객),15469.0,290.0,산림조합중앙회,,NULL
473,농림축산식품부,브리티쉬아메리칸토바코코리아제조(주),2019,사업장,담배제조업,22331.0,455.0,한국표준협회,,NULL
474,산업통상자원부,브이피에이치메탈 유한회사,2019,사업장,철강,31236.0,572.0,㈜한국품질보증원,,NULL
475,환경부,비노텍 주식회사,2019,사업장,폐기물,92094.0,73.0,이큐에이㈜,,NULL
476,산업통상자원부,비를라카본코리아(주),2019,업체,석유화학,123414.0,463.0,(재)한국품질재단,,NULL
477,국토교통부,사회복지법인 삼성생명공익재단,2019,업체,건물,87752.0,1778.0,(재)한국품질재단,,NULL
478,산업통상자원부,삼강에스앤씨(주),2019,사업장,조선,25780.0,403.0,(재)한국품질재단,,NULL
479,산업통상자원부,삼강엠앤티,2019,사업장,조선,24152.0,407.0,한국표준협회,,NULL
480,산업통상자원부,삼광글라스㈜,2019,업체,유리,151177.0,2640.0,(재)한국품질재단,,NULL
481,산업통상자원부,삼남석유화학주식회사,2019,업체,석유화학,201522.0,2621.0,한국표준협회,,NULL
482,산업통상자원부,삼미금속(주),2019,사업장,철강,18215.0,366.0,한국표준협회,,012210
483,산업통상자원부,삼보산업 주식회사,2019,사업장,비철금속,22796.0,337.0,한국표준협회,,009620
484,산업통상자원부,삼성디스플레이 주식회사,2019,업체,디스플레이,4789038.0,79916.0,(주)비에스아이그룹코리아,,NULL
485,국토교통부,삼성물산 주식회사,2019,업체,건설,125756.0,2589.0,(주)한국경영인증원,,000830
486,산업통상자원부,삼성바이오로직스 주식회사,2019,사업장,석유화학,119791.0,2427.0,(재)한국품질재단,,207940
487,국토교통부,삼성생명보험 주식회사,2019,업체,건물,74095.0,1048.0,(재)한국품질재단,,NULL
488,산업통상자원부,삼성에스디아이 주식회사,2019,업체,전기전자,536946.0,11145.0,(재)한국품질재단,,NULL
489,산업통상자원부,삼성에스디에스(주),2019,업체,통신,97073.0,1983.0,(주)한국경영인증원,,018260
490,산업통상자원부,삼성전기 주식회사,2019,업체,전기전자,442594.0,9275.0,(주)비에스아이그룹코리아,,009150
491,산업통상자원부,삼성전자 주식회사,2019,업체,반도체,11143405.0,161123.0,(재)한국품질재단,,005930
492,산업통상자원부,삼성중공업 주식회사,2019,업체,조선,327649.0,5428.0,한국표준협회,,010140
493,산업통상자원부,삼성코닝어드밴스드글라스,2019,사업장,산업,41522.0,837.0,로이드인증원㈜,,NULL
494,산업통상자원부,삼신정밀(주),2019,사업장,자동차,19787.0,402.0,한국표준협회,,NULL
495,산업통상자원부,삼아알미늄주식회사,2019,사업장,비철금속,17454.0,350.0,한국표준협회,,006110
496,농림축산식품부,삼양식품(주) 원주공장,2019,사업장,음식료품,35203.0,695.0,(주)비에스아이그룹코리아,,NULL
497,산업통상자원부,삼양이노켐 주식회사,2019,업체,석유화학,78689.0,1538.0,한국표준협회,,NULL
498,산업통상자원부,삼양통상(주),2019,사업장,섬유,16143.0,324.0,이큐에이㈜,,002170
499,산업통상자원부,삼양화성주식회사,2019,업체,석유화학,98591.0,3408.0,한국표준협회,,NULL
500,산업통상자원부,삼영산업,2019,사업장,요업,20006.0,352.0,이큐에이㈜,,NULL
501,산업통상자원부,삼영엠텍(주),2019,사업장,철강,15152.0,307.0,한국표준협회,,054540
502,국토교통부,삼영운수(주),2019,사업장,교통(여객),34928.0,586.0,한국표준협회,,NULL
503,산업통상자원부,삼영전자공업(주),2019,업체,전기전자,101125.0,2072.0,한국산업기술시험원,,005680
504,산업통상자원부,삼영화학공업(주),2019,사업장,석유화학,30562.0,621.0,한국표준협회,,NULL
505,산업통상자원부,삼우중공업 주식회사,2019,사업장,조선,22733.0,358.0,(주)한국경영인증원,,NULL
506,산업통상자원부,삼정펄프(주),2019,업체,제지,165194.0,1466.0,(주)비에스아이그룹코리아,,009770
507,산업통상자원부,삼표시멘트,2019,업체,시멘트,7084567.0,36126.0,(재)한국품질재단,,038500
508,산업통상자원부,삼표자원개발주식회사,2019,사업장,광업,35620.0,640.0,(재)한국품질재단,,NULL
509,산업통상자원부,삼호제강주식회사,2019,사업장,철강,17471.0,347.0,이큐에이㈜,,NULL
510,산업통상자원부,삼화왕관(주),2019,사업장,기계,18345.0,353.0,한국표준협회,,004450
511,산업통상자원부,삼화제지(주),2019,사업장,제지,20447.0,741.0,한국표준협회,,NULL
512,산업통상자원부,삼흥열처리,2019,사업장,기계,28856.0,585.0,이큐에이㈜,,NULL
513,해양수산부,상지해운(주),2019,사업장,교통(해운),15122.0,206.0,㈜디엔브이지엘비즈니스어슈어런스코리아,,NULL
514,산업통상자원부,새론오토모티브(주),2019,사업장,자동차,22154.0,347.0,이큐에이㈜,,075180
515,국토교통부,새한특수(주),2019,사업장,교통(화물),17879.0,253.0,한국표준협회,,NULL
516,산업통상자원부,생고뱅이소바코리아 주식회사,2019,사업장,유리,35013.0,685.0,이큐에이㈜,,NULL
517,산업통상자원부,생고뱅코리아홀딩스 주식회사,2019,업체,유리,264272.0,3637.0,이큐에이㈜,,002000
518,환경부,서산시 공공하수처리장,2019,사업장,하수처리업,22998.0,119.0,한국표준협회,,NULL
519,농림축산식품부,서안주정(주),2019,사업장,음료제조업,7766.0,274.0,지속가능인증원주식회사,,NULL
520,농림축산식품부,서영주정(주),2019,사업장,음료제조업,19590.0,439.0,(재)한국품질재단,,NULL
521,국토교통부,서울교통공사,2019,업체,교통(철도),662795.0,13633.0,대일이엔씨기술(주),,NULL
522,국토교통부,서울교통네트웍(주),2019,사업장,교통(여객),15750.0,295.0,(주)한국경영인증원,,NULL
523,산업통상자원부,서울냉열 주식회사,2019,사업장,석유화학,15128.0,311.0,이큐에이㈜,,NULL
524,국토교통부,서울대학교병원,2019,업체,건물,85422.0,1759.0,한국표준협회,,NULL
525,산업통상자원부,서울바이오시스(주),2019,사업장,반도체,88313.0,1560.0,로이드인증원㈜,,092190
526,산업통상자원부,서울반도체,2019,사업장,반도체,16586.0,339.0,로이드인증원㈜,,046890
527,국토교통부,서울시메트로 9호선(주),2019,사업장,교통(철도),41712.0,857.0,(주)한국경영인증원,,NULL
528,산업통상자원부,서울에너지공사,2019,업체,집단에너지,253603.0,5531.0,한국표준협회,,NULL
529,농림축산식품부,서울우유협동조합,2019,업체,식료품 제조업,66913.0,1321.0,한국표준협회,,NULL
530,환경부,서울특별시,2019,업체,폐기물,1401583.0,12426.0,(재)한국품질재단,,NULL
531,국토교통부,서울특별시농수산식품공사,2019,사업장,건물,56082.0,1150.0,(주)한국경영인증원,,NULL
532,국토교통부,서울파이낸스센터(주),2019,사업장,건물,12569.0,256.0,한국생산성본부인증원(주),,NULL
533,산업통상자원부,서한이앤피주식회사,2019,업체,기계,65681.0,1299.0,이큐에이㈜,,NULL
534,산업통상자원부,선도화학(주),2019,사업장,석유화학,24535.0,504.0,한국가스안전공사,,NULL
535,국토교통부,선진버스(주),2019,사업장,교통(여객),29544.0,545.0,(주)한국경영인증원,,NULL
536,농림축산식품부,선창산업(주),2019,업체,목재,69727.0,2760.0,한국표준협회,,NULL
537,환경부,성남시,2019,업체,폐기물,248116.0,1938.0,㈜한국품질보증원,,NULL
538,국토교통부,성남시내버스(주),2019,사업장,교통(여객),36942.0,644.0,㈜한국품질보증원,,NULL
539,산업통상자원부,성동조선해양 주식회사,2019,업체,조선,5209.0,106.0,한국표준협회,,NULL
540,환경부,성림유화 주식회사,2019,업체,폐기물,232190.0,225.0,로이드인증원㈜,,NULL
541,산업통상자원부,성보공업(주),2019,사업장,철강,16975.0,319.0,한국표준협회,,NULL
542,산업통상자원부,성신양회(주),2019,업체,시멘트,5149417.0,26975.0,한국표준협회,,004980
543,산업통상자원부,성안합섬(주),2019,업체,섬유,73595.0,1485.0,이큐에이㈜,,NULL
544,산업통상자원부,성일요업주식회사,2019,사업장,요업,18225.0,346.0,한국표준협회,,NULL
545,농림축산식품부,성창보드(주),2019,사업장,목재,27254.0,550.0,㈜한국품질보증원,,NULL
546,산업통상자원부,성훈엔지니어링주식회사,2019,사업장,비철금속,38609.0,764.0,한국가스안전공사,,NULL
547,산업통상자원부,세메스(주),2019,사업장,기계,25959.0,487.0,(재)한국품질재단,,NULL
548,국토교통부,세방(주),2019,사업장,교통(화물),25935.0,403.0,(주)한국경영인증원,,004360
549,산업통상자원부,세방전지(주),2019,업체,전기전자,128871.0,2627.0,이큐에이㈜,,004490
550,산업통상자원부,세일철강(주),2019,사업장,철강,2742.0,52.0,(재)한국품질재단,,NULL
551,산업통상자원부,세하(주),2019,업체,제지,155722.0,1798.0,이큐에이㈜,,NULL
552,산업통상자원부,세화금속공업(주) 다산공장,2019,사업장,철강,15993.0,294.0,이큐에이㈜,,NULL
553,산업통상자원부,셀트리온,2019,사업장,석유화학,48530.0,983.0,산림조합중앙회,,068270
554,산업통상자원부,셰플러코리아(유),2019,업체,기계,101061.0,2068.0,로이드인증원㈜,,NULL
555,국토교통부,소신여객자동차(주),2019,사업장,교통(여객),27697.0,501.0,한국표준협회,,NULL
556,환경부,속초시 환경자원사업소,2019,사업장,지정외 폐기물처리업,19238.0,319.0,(주)한국경영인증원,,NULL
557,산업통상자원부,솔베이실리카코리아(주),2019,업체,석유화학,35631.0,776.0,이큐에이㈜,,NULL
558,산업통상자원부,솔브레인에스엘디 주식회사,2019,사업장,디스플레이,48159.0,989.0,㈜한국품질보증원,,NULL
559,산업통상자원부,송원산업(주),2019,업체,석유화학,152742.0,3041.0,한국표준협회,,004430
560,산업통상자원부,송학제지(주),2019,사업장,제지,32433.0,232.0,이큐에이㈜,,NULL
561,환경부,수도권매립지관리공사,2019,업체,폐기물,1474831.0,5116.0,한국산업기술시험원,,NULL
562,산업통상자원부,수완에너지 주식회사,2019,업체,집단에너지,167142.0,3313.0,대일이엔씨기술(주),,NULL
563,환경부,수원시,2019,업체,폐기물,179869.0,1545.0,㈜한국품질보증원,,NULL
564,국토교통부,수원애경역사(주),2019,사업장,건물,17499.0,355.0,한국표준협회,,NULL
565,국토교통부,수원여객운수(주),2019,업체,교통(여객),46666.0,863.0,한국표준협회,,NULL
566,환경부,순천시,2019,업체,폐기물,46987.0,497.0,한국산업기술시험원,,NULL
567,산업통상자원부,스미토모세이카폴리머스코리아(주),2019,사업장,석유화학,23821.0,1124.0,한국표준협회,,NULL
568,산업통상자원부,스테코(주),2019,사업장,전기전자,39995.0,819.0,한국표준협회,,NULL
569,산업통상자원부,스템코(주),2019,사업장,반도체,56053.0,1221.0,(주)한국경영인증원,,NULL
570,산업통상자원부,시그네틱스(주),2019,사업장,반도체,41959.0,856.0,(주)한국경영인증원,,033170
571,환경부,시흥시,2019,업체,폐기물,115091.0,788.0,(재)한국품질재단,,NULL
572,산업통상자원부,신대양제지(주),2019,업체,제지,212791.0,1726.0,한국표준협회,,016590
573,산업통상자원부,신대양제지반월(주),2019,업체,제지,101702.0,774.0,한국표준협회,,NULL
574,산업통상자원부,신대일제지공업(주),2019,업체,제지,88724.0,372.0,이큐에이㈜,,NULL
575,환경부,신대한정유산업 주식회사,2019,사업장,폐기물,89345.0,150.0,(주)한국경영인증원,,NULL
576,국토교통부,신도림테크노마트 주식회사,2019,사업장,건물,16491.0,337.0,(주)한국경영인증원,,NULL
577,국토교통부,신분당선(주),2019,사업장,교통(철도),25936.0,534.0,(주)한국경영인증원,,NULL
578,국토교통부,신성교통(주),2019,사업장,교통(여객),29007.0,515.0,대일이엔씨기술(주),,NULL
579,국토교통부,신안종합리조트(주),2019,사업장,건물,15047.0,298.0,(주)한국경영인증원,,NULL
580,산업통상자원부,신양금속공업(주) 제1공장,2019,사업장,비철금속,14467.0,305.0,한국표준협회,,NULL
581,산업통상자원부,신창제지공업주식회사,2019,사업장,제지,33528.0,677.0,한국표준협회,,NULL
582,산업통상자원부,신풍제지(주),2019,업체,제지,98736.0,1763.0,(재)한국품질재단,,NULL
583,산업통상자원부,신한방직 주식회사,2019,사업장,섬유,9796.0,201.0,이큐에이㈜,,NULL
584,산업통상자원부,신한중공업(주),2019,사업장,조선,22083.0,374.0,㈜한국품질보증원,,NULL
585,산업통상자원부,신화인터텍(주),2019,사업장,전기전자,18048.0,364.0,한국표준협회,,056700
586,산업통상자원부,쌍용기초소재(주),2019,사업장,시멘트,20892.0,373.0,한국표준협회,,NULL
587,산업통상자원부,쌍용양회공업 주식회사,2019,업체,시멘트,10793398.0,57053.0,한국표준협회,,NULL
588,산업통상자원부,쌍용자동차(주),2019,업체,자동차,125522.0,2496.0,㈜한국품질보증원,,NULL
589,산업통상자원부,씨엔씨티에너지 주식회사,2019,사업장,집단에너지,43837.0,879.0,로이드인증원㈜,,NULL
590,해양수산부,씨월드고속훼리(주),2019,업체,교통(해운),88096.0,1206.0,(주)한국경영인증원,,NULL
591,국토교통부,씨제이씨지브이(주),2019,업체,건물,82817.0,1649.0,(재)한국품질재단,,NULL
592,산업통상자원부,씨지앤율촌전력 주식회사,2019,업체,발전에너지,2544530.0,49071.0,㈜한국품질보증원,,NULL
593,산업통상자원부,아름일렉트로닉스 주식회사,2019,사업장,반도체.디스플레이.전기전자,14365.0,294.0,(주)한국경영인증원,,NULL
594,산업통상자원부,아반스트레이트코리아 주식회사,2019,업체,유리,33709.0,659.0,㈜한국품질보증원,,NULL
595,산업통상자원부,아비코테크 주식회사,2019,사업장,전기전자,14042.0,287.0,(주)한국경영인증원,,NULL
596,산업통상자원부,아사히피디글라스한국(주),2019,업체,유리,76.0,1.0,㈜디엔브이지엘비즈니스어슈어런스코리아,,NULL
597,환경부,아산시,2019,사업장,폐기물,38261.0,470.0,㈜한국품질보증원,,NULL
598,산업통상자원부,아세아시멘트 주식회사,2019,업체,시멘트,2494437.0,14423.0,한국표준협회,,183190
599,산업통상자원부,아세아제지(주),2019,업체,제지,474649.0,4233.0,한국표준협회,,002310
600,국토교통부,아시아나항공,2019,업체,항공,373090.0,5462.0,로이드인증원㈜,,020560
601,산업통상자원부,아이에스동서(주),2019,업체,요업,84050.0,1555.0,한국표준협회,,010780
602,국토교통부,아주대학교의료원,2019,사업장,건물,27268.0,552.0,한국생산성본부인증원(주),,NULL
603,환경부,안동시,2019,업체,폐기물,48330.0,404.0,(재)한국품질재단,,NULL
604,산업통상자원부,안산도시개발(주),2019,사업장,발전에너지,22371.0,561.0,한국가스안전공사,,NULL
605,환경부,안산시,2019,업체,폐기물,122182.0,1525.0,㈜한국품질보증원,,NULL
606,환경부,안양시,2019,업체,폐기물,105733.0,1192.0,㈜한국품질보증원,,NULL
607,산업통상자원부,애경유화(주),2019,업체,석유화학,153448.0,1388.0,한국표준협회,,NULL
608,산업통상자원부,앰코테크놀로지코리아(주),2019,업체,반도체,210470.0,4284.0,(주)비에스아이그룹코리아,,NULL
609,국토교통부,양산부산대학교병원,2019,사업장,건물,20502.0,418.0,한국산업기술시험원,,NULL
610,환경부,양산시,2019,업체,폐기물,122666.0,831.0,(재)한국품질재단,,NULL
611,환경부,양주시,2019,업체,폐기물,72830.0,735.0,㈜한국품질보증원,,NULL
612,산업통상자원부,에너원(주),2019,업체,산업단지,38033.0,436.0,(주)한국경영인증원,,NULL
613,산업통상자원부,에스에스엘엠 주식회사,2019,사업장,반도체,24277.0,491.0,한국표준협회,,NULL
614,산업통상자원부,에스엔에프코리아(주) 울산공장,2019,사업장,석유화학,35275.0,710.0,이큐에이㈜,,NULL
615,산업통상자원부,에스케이가스(주),2019,사업장,발전에너지,25790.0,437.0,(재)한국품질재단,,018670
616,산업통상자원부,에스케이넥실리스  주식회사,2019,사업장,비철금속,109753.0,2252.0,(주)한국경영인증원,,NULL
617,산업통상자원부,에스케이루브리컨츠 주식회사,2019,업체,정유,178775.0,5622.0,한국표준협회,,NULL
618,산업통상자원부,에스케이머티리얼즈 주식회사,2019,업체,석유화학,246868.0,5053.0,한국가스안전공사,,036490
619,산업통상자원부,에스케이실트론 주식회사,2019,업체,반도체,357560.0,7363.0,로이드인증원㈜,,NULL
620,산업통상자원부,에스케이씨 주식회사,2019,업체,석유화학,173964.0,3532.0,한국표준협회,,NULL
621,산업통상자원부,에스케이씨솔믹스주식회사,2019,사업장,반도체.디스플레이.전기전자,10849.0,222.0,한국표준협회,,NULL
622,산업통상자원부,에스케이씨하이테크앤마케팅(주),2019,사업장,석유화학,32899.0,585.0,(재)한국품질재단,,NULL
623,산업통상자원부,에스케이아이이테크놀로지주식회사,2019,업체,전기전자,111456.0,2259.0,한국표준협회,,361610
624,산업통상자원부,에스케이어드밴스드주식회사,2019,업체,석유화학,781896.0,13073.0,한국표준협회,,NULL
625,산업통상자원부,에스케이에너지 주식회사,2019,업체,정유,7257441.0,80503.0,한국표준협회,,NULL
626,산업통상자원부,에스케이에어가스 주식회사,2019,업체,석유화학,201071.0,4148.0,한국표준협회,,NULL
627,산업통상자원부,에스케이에코프라임 주식회사,2019,사업장,석유화학,38188.0,646.0,(주)비에스아이그룹코리아,,NULL
628,산업통상자원부,에스케이이엔에스 주식회사,2019,업체,발전에너지,2880321.0,57768.0,(주)한국경영인증원,,NULL
629,산업통상자원부,에스케이종합화학 주식회사,2019,업체,석유화학,3208382.0,74182.0,한국표준협회,,NULL
630,산업통상자원부,에스케이케미칼(주),2019,업체,석유화학,492163.0,7510.0,(주)비에스아이그룹코리아,,285130
631,산업통상자원부,에스케이텔레콤 주식회사,2019,업체,통신,1005576.0,20664.0,㈜디엔브이지엘비즈니스어슈어런스코리아,,017670
632,산업통상자원부,에스케이피아이씨글로벌 주식회사,2019,업체,석유화학,587553.0,9943.0,한국표준협회,,NULL
633,산업통상자원부,에스케이하이닉스 시스템아이씨(주),2019,업체,반도체,286940.0,4402.0,(주)비에스아이그룹코리아,,NULL
634,산업통상자원부,에스케이하이닉스 주식회사,2019,업체,반도체,4260022.0,77497.0,(주)비에스아이그룹코리아,,000660
635,산업통상자원부,에스폼(주),2019,사업장,비철금속,32848.0,586.0,한국표준협회,,NULL
636,농림축산식품부,에스피엘(주),2019,사업장,음식료품,27207.0,618.0,(주)비에스아이그룹코리아,,NULL
637,산업통상자원부,에어리퀴드코리아 주식회사,2019,업체,석유화학,207213.0,2776.0,로이드인증원㈜,,NULL
638,국토교통부,에어부산(주),2019,업체,항공,209317.0,3003.0,한국표준협회,,298690
639,산업통상자원부,에어프로덕츠코리아 주식회사,2019,업체,석유화학,830751.0,17004.0,로이드인증원㈜,,NULL
640,산업통상자원부,에이에스이코리아주식회사,2019,업체,반도체,89447.0,1825.0,(재)한국품질재단,,NULL
641,산업통상자원부,에이지씨디스플레이글라스오창주식회사,2019,사업장,유리,16878.0,347.0,㈜디엔브이지엘비즈니스어슈어런스코리아,,NULL
642,산업통상자원부,에이지씨화인테크노한국주식회사,2019,업체,유리,251149.0,4876.0,㈜디엔브이지엘비즈니스어슈어런스코리아,,NULL
643,국토교통부,에이치디씨아이파크몰 주식회사,2019,사업장,건물,19531.0,400.0,(재)한국화학융합시험연구원,,NULL
644,산업통상자원부,에이치디씨현대이피 주식회사,2019,사업장,석유화학,23764.0,454.0,한국표준협회,,NULL
645,산업통상자원부,에코플라스틱(주)1공장,2019,사업장,자동차,18278.0,372.0,(재)한국품질재단,,NULL
646,산업통상자원부,엘앤에프,2019,사업장,전기전자,26641.0,520.0,(재)한국품질재단,,066970
647,산업통상자원부,엘에스니꼬 동제련 주식회사,2019,업체,비철금속,516024.0,8369.0,한국표준협회,,NULL
648,산업통상자원부,엘에스메탈 주식회사,2019,사업장,비철금속,24365.0,498.0,(주)한국경영인증원,,NULL
649,산업통상자원부,엘에스일렉트릭(주) 청주사업장,2019,사업장,전기전자,22284.0,455.0,(주)한국경영인증원,,NULL
650,산업통상자원부,엘에스전선 주식회사,2019,업체,전기전자,125309.0,2480.0,㈜한국품질보증원,,NULL
651,산업통상자원부,엘지디스플레이(주),2019,업체,디스플레이,5885464.0,62776.0,(재)한국품질재단,,034220
652,산업통상자원부,엘지유플러스(주),2019,업체,통신,1098874.0,22621.0,한국표준협회,,032640
653,산업통상자원부,엘지이노텍 주식회사,2019,업체,전기전자,316551.0,6378.0,(주)비에스아이그룹코리아,,011070
654,산업통상자원부,엘지전자 주식회사,2019,업체,전기전자,684980.0,9030.0,㈜디엔브이지엘비즈니스어슈어런스코리아,,066570
655,산업통상자원부,엠이엠씨코리아주식회사,2019,업체,반도체,69699.0,1432.0,(주)신화엔지니어링종합건축사사무소,,NULL
656,환경부,여수시,2019,업체,지정외 폐기물처리업 등,80498.0,699.0,한국산업기술시험원,,NULL
657,산업통상자원부,여천엔씨씨 주식회사,2019,업체,석유화학,3652762.0,71795.0,(재)한국품질재단,,NULL
658,국토교통부,영남대학교,2019,사업장,건물,17915.0,362.0,㈜한국품질보증원,,NULL
659,산업통상자원부,영보화학(주),2019,사업장,석유화학,15894.0,301.0,(주)한국경영인증원,,014440
660,산업통상자원부,영신금속공업(주),2019,사업장,기계,17076.0,347.0,(재)한국품질재단,,NULL
661,산업통상자원부,영진글로벌 주식회사,2019,사업장,시멘트,22603.0,457.0,한국표준협회,,NULL
662,국토교통부,영특수츄레라(주),2019,사업장,교통(화물),11412.0,161.0,대일이엔씨기술(주),,NULL
663,산업통상자원부,영풍전자(주),2019,사업장,전기전자,104533.0,1974.0,이큐에이㈜,,NULL
664,산업통상자원부,영풍제지(주),2019,업체,제지,119178.0,1105.0,한국표준협회,,NULL
665,산업통상자원부,영화금속(주),2019,업체,철강,104363.0,1528.0,한국표준협회,,012280
666,산업통상자원부,영흥철강(주),2019,사업장,철강,13174.0,291.0,한국표준협회,,NULL
667,농림축산식품부,오뚜기라면(주),2019,사업장,음식료품,52276.0,1045.0,(주)비에스아이그룹코리아,,NULL
668,산업통상자원부,오리온엔지니어드카본즈 주식회사,2019,업체,석유화학,474700.0,6520.0,㈜디엔브이지엘비즈니스어슈어런스코리아,,NULL
669,농림축산식품부,오비맥주(주),2019,업체,음식료품,103169.0,2069.0,이큐에이㈜,,NULL
670,환경부,오산시 환경사업소,2019,사업장,하수처리업,18819.0,262.0,㈜한국품질보증원,,NULL
671,산업통상자원부,오씨아이 주식회사,2019,업체,석유화학,2136152.0,37670.0,㈜디엔브이지엘비즈니스어슈어런스코리아,,NULL
672,농림축산식품부,오케이에프음료(주),2019,사업장,음료제조업,16542.0,292.0,한국표준협회,,NULL
673,산업통상자원부,온세미컨덕터코리아(주),2019,업체,반도체,141227.0,1914.0,(주)비에스아이그룹코리아,,NULL
674,산업통상자원부,와이케이스틸 주식회사,2019,업체,철강,359502.0,6654.0,한국표준협회,,NULL
675,국토교통부,용남고속(주),2019,사업장,교통(여객),28033.0,502.0,한국표준협회,,NULL
676,산업통상자원부,용산화학(주),2019,업체,석유화학,114017.0,969.0,한국가스안전공사,,NULL
677,환경부,용인시,2019,업체,폐기물,169296.0,1778.0,㈜한국품질보증원,,NULL
678,산업통상자원부,우지막코리아(주),2019,사업장,자동차,17370.0,348.0,한국표준협회,,NULL
679,산업통상자원부,욱성화학(주),2019,사업장,석유화학,14503.0,289.0,한국표준협회,,NULL
680,국토교통부,울산과학기술원,2019,사업장,건물,31976.0,656.0,(주)비에스아이그룹코리아,,NULL
681,환경부,울산광역시,2019,업체,폐기물,306355.0,2998.0,㈜한국품질보증원,,NULL
682,산업통상자원부,울산아로마틱스(주),2019,업체,석유화학,460006.0,10587.0,(재)한국품질재단,,NULL
683,산업통상자원부,울산알루미늄 주식회사,2019,업체,비철금속,170280.0,3349.0,(주)한국경영인증원,,NULL
684,산업통상자원부,웅진에너지 주식회사,2019,업체,반도체,24732.0,509.0,한국표준협회,,103130
685,환경부,원주시,2019,업체,폐기물,53554.0,646.0,(재)한국화학융합시험연구원,,NULL
686,산업통상자원부,월산페이퍼 주식회사,2019,업체,제지,179157.0,2805.0,이큐에이㈜,,NULL
687,산업통상자원부,유니드,2019,업체,석유화학,360497.0,8871.0,로이드인증원㈜,,014830
688,산업통상자원부,유니온머티리얼(주),2019,사업장,자동차,38475.0,770.0,(재)한국품질재단,,047400
689,산업통상자원부,유성기업(주) 영동공장,2019,사업장,자동차,17698.0,359.0,(주)비에스아이그룹코리아,,NULL
690,산업통상자원부,유한킴벌리 주식회사,2019,업체,제지,202435.0,4074.0,(재)한국품질재단,,NULL
691,산업통상자원부,유한회사 스태츠칩팩코리아,2019,업체,반도체,65118.0,1335.0,(주)신화엔지니어링종합건축사사무소,,NULL
692,산업통상자원부,유한회사클라리오스델코제1공장,2019,사업장,전기전자,22981.0,467.0,(주)한국경영인증원,,NULL
693,산업통상자원부,유한회사클라리오스델코제2공장,2019,사업장,전기전자,22933.0,471.0,(주)한국경영인증원,,NULL
694,산업통상자원부,율촌화학(주),2019,사업장,석유화학,52152.0,891.0,한국가스안전공사,,008730
695,국토교통부,의료법인 길의료재단,2019,사업장,건물,22974.0,465.0,(재)한국화학융합시험연구원,,NULL
696,환경부,의정부시,2019,업체,폐기물,71300.0,738.0,㈜한국품질보증원,,NULL
697,산업통상자원부,이건에너지(주),2019,사업장,산업단지,16333.0,2658.0,㈜한국품질보증원,,NULL
698,산업통상자원부,이구산업(주),2019,사업장,비철금속,31227.0,639.0,한국생산성본부인증원(주),,025820
699,산업통상자원부,이누스 주식회사,2019,사업장,요업,63562.0,1158.0,한국표준협회,,NULL
700,산업통상자원부,이래에이엠에스 주식회사,2019,사업장,자동차,22016.0,448.0,㈜한국품질보증원,,NULL
701,산업통상자원부,이스트만화이버코리아 주식회사,2019,업체,섬유,51614.0,866.0,(주)한국경영인증원,,NULL
702,환경부,이천시,2019,업체,폐기물,129365.0,750.0,이큐에이㈜,,NULL
703,국토교통부,이화여자대학교,2019,사업장,건물,33735.0,692.0,이큐에이㈜,,NULL
704,환경부,익산시,2019,업체,폐기물,103396.0,669.0,㈜한국품질보증원,,NULL
705,농림축산식품부,인그리디언코리아 유한회사,2019,업체,음식료품,131334.0,2620.0,(재)한국품질재단,,NULL
706,산업통상자원부,인천공항에너지,2019,업체,집단에너지,221022.0,4379.0,㈜한국품질보증원,,NULL
707,환경부,인천광역시,2019,업체,폐기물,401611.0,4498.0,(재)한국품질재단,,NULL
708,국토교통부,인천교통공사,2019,업체,교통(철도),76128.0,1565.0,한국표준협회,,NULL
709,국토교통부,인천국제공항공사,2019,업체,건물,261719.0,5055.0,(재)한국품질재단,,NULL
710,산업통상자원부,인천종합에너지(주),2019,업체,집단에너지,392384.0,7778.0,㈜디엔브이지엘비즈니스어슈어런스코리아,,NULL
711,국토교통부,인터지스(주),2019,사업장,교통(화물),35947.0,526.0,(주)한국경영인증원,,129260
712,산업통상자원부,일본전기초자한국주식회사,2019,사업장,유리 · 요업,8530.0,174.0,이큐에이㈜,,NULL
713,농림축산식품부,일산실업(주) 칠서에탄올공장,2019,사업장,음료제조업,15627.0,339.0,한국표준협회,,NULL
714,산업통상자원부,일신방직(주),2019,업체,섬유,80544.0,1627.0,한국표준협회,,003200
715,산업통상자원부,일진디스플레이(주),2019,사업장,전기전자,20169.0,414.0,한국표준협회,,NULL
716,산업통상자원부,일진머티리얼즈 주식회사,2019,업체,비철금속,113045.0,2381.0,㈜디엔브이지엘비즈니스어슈어런스코리아,,NULL
717,산업통상자원부,일진제강(주),2019,사업장,철강,43977.0,884.0,한국표준협회,,NULL
718,국토교통부,재단법인 대구경북과학기술원,2019,사업장,건물,27634.0,564.0,한국표준협회,,NULL
719,국토교통부,재단법인 아산사회복지재단,2019,업체,건물,93029.0,1874.0,한국표준협회,,NULL
720,산업통상자원부,재원산업,2019,사업장,석유화학,32088.0,597.0,(재)한국품질재단,,NULL
721,산업통상자원부,전기초자코리아(주),2019,업체,유리,146381.0,2929.0,한국표준협회,,NULL
722,국토교통부,전남대학교,2019,업체,건물,36323.0,724.0,한국표준협회,,NULL
723,산업통상자원부,전방(주),2019,업체,섬유,55851.0,1192.0,이큐에이㈜,,000950
724,국토교통부,전북대학교,2019,사업장,건물,29352.0,603.0,이큐에이㈜,,NULL
725,국토교통부,전북대학교병원,2019,사업장,건물,21557.0,452.0,(재)한국화학융합시험연구원,,NULL
726,산업통상자원부,전북집단에너지 주식회사,2019,업체,산업단지,192353.0,2234.0,한국표준협회,,NULL
727,환경부,전주시,2019,업체,폐기물,194941.0,1718.0,㈜한국품질보증원,,NULL
728,국토교통부,전차연물류(주),2019,사업장,교통(화물),23648.0,334.0,㈜한국품질보증원,,NULL
729,산업통상자원부,제이비 주식회사 청수에너지,2019,사업장,발전에너지,31444.0,620.0,(재)한국품질재단,,NULL
730,산업통상자원부,제이셋스태츠칩팩코리아(유),2019,사업장,반도체,34556.0,708.0,(주)신화엔지니어링종합건축사사무소,,NULL
731,환경부,제주특별자치도,2019,업체,폐기물,316197.0,3166.0,한국표준협회,,NULL
732,농림축산식품부,제주특별자치도개발공사,2019,사업장,음식료품,26629.0,545.0,한국표준협회,,NULL
733,국토교통부,제주항공(주),2019,업체,항공,228824.0,3281.0,한국표준협회,,089590
734,환경부,제천시,2019,업체,폐기물,44909.0,304.0,한국표준협회,,NULL
735,산업통상자원부,조광피혁(주),2019,사업장,섬유,11083.0,307.0,한국표준협회,,004700
736,산업통상자원부,조선내화(주),2019,사업장,요업,18466.0,364.0,(재)한국품질재단,,462520
737,국토교통부,조선대학교,2019,사업장,건물,15794.0,320.0,한국생산성본부인증원(주),,NULL
738,산업통상자원부,조일알미늄 주식회사,2019,업체,비철금속,85067.0,1706.0,(재)한국품질재단,,018470
739,산업통상자원부,주성엔지니어링(주),2019,사업장,기계,20161.0,414.0,(재)한국품질재단,,036930
740,산업통상자원부,주식회사 고려시멘트,2019,업체,시멘트,684838.0,4048.0,한국표준협회,,003660
741,산업통상자원부,주식회사 고려제지,2019,업체,제지,130173.0,2234.0,(주)한국경영인증원,,NULL
742,산업통상자원부,주식회사 녹수 고덕공장,2019,사업장,석유화학,21935.0,433.0,한국표준협회,,NULL
743,산업통상자원부,주식회사 녹수 봉산공장,2019,사업장,석유화학,16303.0,330.0,한국표준협회,,NULL
744,농림축산식품부,주식회사 농심,2019,업체,음식료품,172204.0,3382.0,한국표준협회,,004370
745,환경부,주식회사 뉴그린,2019,사업장,폐기물,148521.0,228.0,이큐에이㈜,,NULL
746,산업통상자원부,주식회사 대륜발전,2019,업체,집단에너지,398654.0,7913.0,한국표준협회,,NULL
747,산업통상자원부,주식회사 대보세라믹스,2019,사업장,요업,20981.0,357.0,한국표준협회,,NULL
748,산업통상자원부,주식회사 대유글로벌,2019,사업장,자동차,36957.0,748.0,(재)한국품질재단,,NULL
749,산업통상자원부,주식회사 대창,2019,사업장,비철금속,33468.0,680.0,한국가스안전공사,,012800
750,산업통상자원부,주식회사 대한세라믹스,2019,사업장,요업,43700.0,803.0,이큐에이㈜,,NULL
751,산업통상자원부,주식회사 대호에이엘,2019,사업장,비철금속,28831.0,579.0,(주)한국경영인증원,,069460
752,국토교통부,주식회사 더블유티씨서울,2019,업체,건물,62886.0,1279.0,(주)한국경영인증원,,NULL
753,산업통상자원부,주식회사 덕양,2019,업체,석유화학,239720.0,2225.0,(재)한국품질재단,,NULL
754,산업통상자원부,주식회사 동성코퍼레이션,2019,사업장,석유화학,29031.0,516.0,한국생산성본부인증원(주),,NULL
755,산업통상자원부,주식회사 동아,2019,사업장,기계,19128.0,391.0,한국표준협회,,NULL
756,산업통상자원부,주식회사 디비메탈,2019,업체,철강,777996.0,8277.0,(재)한국품질재단,,NULL
757,산업통상자원부,주식회사 디비하이텍,2019,업체,반도체,312053.0,3646.0,(주)비에스아이그룹코리아,,NULL
758,산업통상자원부,주식회사 디티알 오토모티브,2019,사업장,전기전자,17491.0,357.0,한국표준협회,,NULL
759,환경부,주식회사 명성환경,2019,업체,폐기물,30126.0,30.0,이큐에이㈜,,NULL
760,산업통상자원부,주식회사 명신,2019,업체,자동차,9272.0,185.0,(재)한국화학융합시험연구원,,NULL
761,환경부,주식회사 범우,2019,업체,폐기물,86026.0,479.0,㈜한국품질보증원,,NULL
762,산업통상자원부,주식회사 베어링아트,2019,사업장,자동차,51499.0,1051.0,한국표준협회,,NULL
763,산업통상자원부,주식회사 삼기오토모티브 서산공장,2019,사업장,자동차,54019.0,1016.0,이큐에이㈜,,NULL
764,산업통상자원부,주식회사 삼보광업,2019,업체,시멘트,150603.0,368.0,한국생산성본부인증원(주),,NULL
765,농림축산식품부,주식회사 삼양사,2019,업체,음식료품,295133.0,5929.0,한국표준협회,,145990
766,산업통상자원부,주식회사 삼양패키징,2019,업체,석유화학,144906.0,2957.0,한국표준협회,,272550
767,산업통상자원부,주식회사 세아창원특수강,2019,업체,철강,511368.0,8883.0,한국표준협회,,NULL
768,산업통상자원부,주식회사 세진메탈,2019,사업장,비철금속,36920.0,596.0,산림조합중앙회,,NULL
769,산업통상자원부,주식회사 수석,2019,사업장,유리,34739.0,546.0,(주)한국경영인증원,,NULL
770,국토교통부,주식회사 스타필드고양,2019,사업장,건물,29316.0,642.0,(재)한국품질재단,,NULL
771,국토교통부,주식회사 스타필드하남,2019,사업장,건물,28909.0,589.0,(재)한국품질재단,,NULL
772,산업통상자원부,주식회사 심텍,2019,업체,전기전자,97469.0,2007.0,(주)신화엔지니어링종합건축사사무소,,222800
773,산업통상자원부,주식회사 심팩인더스트리,2019,업체,철강,206244.0,3151.0,(재)한국품질재단,,005350
774,산업통상자원부,주식회사 아이유제지,2019,사업장,제지,19801.0,365.0,한국생산성본부인증원(주),,NULL
775,산업통상자원부,주식회사 알테크노메탈,2019,사업장,비철금속,30131.0,502.0,이큐에이㈜,,NULL
776,환경부,주식회사 에너지네트웍,2019,업체,폐기물,157708.0,619.0,이큐에이㈜,,NULL
777,국토교통부,주식회사 에스알,2019,업체,교통(철도),164360.0,3383.0,(주)신화엔지니어링종합건축사사무소,,NULL
778,산업통상자원부,주식회사 에스에프에이반도체,2019,사업장,반도체,27360.0,561.0,대일이엔씨기술(주),,NULL
779,산업통상자원부,주식회사 에스엔엔씨,2019,업체,비철금속,1585758.0,16956.0,(재)한국품질재단,,NULL
780,농림축산식품부,주식회사 에스피씨삼립,2019,사업장,음식료품,38348.0,814.0,(주)비에스아이그룹코리아,,NULL
781,산업통상자원부,주식회사 에스피에스엔에이,2019,사업장,시멘트,27058.0,549.0,한국표준협회,,NULL
782,산업통상자원부,주식회사 에쓰큐씨,2019,업체,시멘트,134801.0,884.0,(주)신화엔지니어링종합건축사사무소,,NULL
783,산업통상자원부,주식회사 에어퍼스트,2019,업체,석유화학,515589.0,10338.0,한국가스안전공사,,NULL
784,산업통상자원부,주식회사 엘지화학,2019,업체,석유화학,8530821.0,159911.0,한국표준협회,,051910
785,산업통상자원부,주식회사 영풍,2019,업체,비철금속,1163931.0,18905.0,(재)한국품질재단,,000670
786,환경부,주식회사 영흥산업환경,2019,사업장,폐기물,64363.0,140.0,㈜한국품질보증원,,NULL
787,산업통상자원부,주식회사 울산이앤피,2019,업체,산업,80023.0,960.0,한국표준협회,,NULL
788,산업통상자원부,주식회사 위니아대우매뉴팩처링,2019,사업장,기계,10418.0,210.0,이큐에이㈜,,NULL
789,환경부,주식회사 유니큰,2019,업체,폐기물,138403.0,541.0,한국산업기술시험원,,NULL
790,국토교통부,주식회사 이랜드리테일,2019,업체,건물,177306.0,3616.0,한국산업기술시험원,,NULL
791,환경부,주식회사 이엠케이승경,2019,사업장,폐기물,64470.0,146.0,(주)한국경영인증원,,NULL
792,산업통상자원부,주식회사 전주원파워,2019,업체,제지,47069.0,7511.0,한국표준협회,,NULL
793,산업통상자원부,주식회사 전주페이퍼,2019,업체,제지,512169.0,8067.0,한국표준협회,,NULL
794,산업통상자원부,주식회사 정산인터내셔널,2019,사업장,섬유,22521.0,457.0,(재)한국품질재단,,NULL
795,산업통상자원부,주식회사 정선라임,2019,업체,시멘트,94931.0,319.0,한국표준협회,,NULL
796,산업통상자원부,주식회사 지알엠,2019,업체,비철금속,99660.0,1176.0,한국표준협회,,NULL
797,산업통상자원부,주식회사 지에스이앤알,2019,업체,산업단지,2157706.0,24850.0,(재)한국품질재단,,NULL
798,농림축산식품부,주식회사 진로발효,2019,사업장,음식료품,36071.0,815.0,한국표준협회,,018120
799,국토교통부,주식회사 진에어,2019,업체,항공,173182.0,2478.0,한국표준협회,,272450
800,산업통상자원부,주식회사 징크옥사이드코퍼레이션,2019,업체,비철금속,82936.0,841.0,한국표준협회,,NULL
801,산업통상자원부,주식회사 카프로,2019,업체,석유화학,857587.0,7148.0,(재)한국품질재단,,006380
802,산업통상자원부,주식회사 케이씨씨글라스,2019,업체,유리,752079.0,8750.0,(재)한국품질재단,,344820
803,산업통상자원부,주식회사 케이티,2019,업체,통신,1134291.0,23224.0,㈜한국품질보증원,,030200
804,산업통상자원부,주식회사 케이피에프,2019,사업장,기계,52994.0,1080.0,한국표준협회,,024880
805,산업통상자원부,주식회사 코리아에어텍,2019,사업장,석유화학,37608.0,773.0,이큐에이㈜,,NULL
806,환경부,주식회사 코엔텍,2019,업체,폐기물,431140.0,401.0,한국표준협회,,029960
807,산업통상자원부,주식회사 키파운드리,2019,업체,반도체,376403.0,3510.0,(주)비에스아이그룹코리아,,NULL
808,산업통상자원부,주식회사 태경비케이,2019,업체,시멘트,541564.0,2283.0,이큐에이㈜,,014580
809,산업통상자원부,주식회사 태영이엠씨,2019,업체,시멘트,138023.0,730.0,한국표준협회,,NULL
810,국토교통부,주식회사 티웨이항공,2019,업체,항공,134251.0,1924.0,(재)한국품질재단,,091810
811,국토교통부,주식회사 파라다이스세가사미,2019,사업장,건물,37984.0,777.0,한국표준협회,,NULL
812,산업통상자원부,주식회사 팜한농,2019,업체,석유화학,338012.0,1506.0,한국표준협회,,NULL
813,산업통상자원부,주식회사 포스코,2019,업체,철강,80597292.0,397122.0,(재)한국품질재단,,NULL
814,산업통상자원부,주식회사 포스코에스피에스,2019,사업장,철강,51722.0,1008.0,㈜디엔브이지엘비즈니스어슈어런스코리아,,NULL
815,산업통상자원부,주식회사 포스코인터내셔널,2019,사업장,철강,62608.0,1243.0,㈜디엔브이지엘비즈니스어슈어런스코리아,,047050
816,산업통상자원부,주식회사 포스코케미칼,2019,업체,요업,2418188.0,14226.0,(재)한국품질재단,,NULL
817,산업통상자원부,주식회사 포트로닉스천안,2019,사업장,전기전자,16353.0,331.0,이큐에이㈜,,NULL
818,산업통상자원부,주식회사 풍산,2019,업체,비철금속,213876.0,4350.0,한국표준협회,,103140
819,환경부,주식회사 피엔알,2019,업체,폐기물,136453.0,1443.0,(재)한국품질재단,,NULL
820,산업통상자원부,주식회사 피엠씨텍,2019,업체,석유화학,130185.0,1491.0,(재)한국품질재단,,NULL
821,국토교통부,주식회사 하나은행,2019,업체,건물,68539.0,951.0,한국표준협회,,002860
822,국토교통부,주식회사 호텔롯데,2019,업체,건물,160065.0,3217.0,(주)한국경영인증원,,NULL
823,산업통상자원부,주식회사 효성,2019,업체,석유화학,32848.0,666.0,(재)한국품질재단,,004800
824,산업통상자원부,주식회사 후성,2019,업체,석유화학,391234.0,794.0,한국가스안전공사,,093370
825,산업통상자원부,주식회사 휴스틸,2019,사업장,철강,27409.0,556.0,(주)신화엔지니어링종합건축사사무소,,005010
826,국토교통부,주식회사경기상운,2019,사업장,교통(여객),18581.0,322.0,산림조합중앙회,,NULL
827,국토교통부,주식회사한양고속,2019,사업장,교통(여객),16201.0,229.0,한국표준협회,,NULL
828,국토교통부,중소기업은행,2019,업체,건물,58320.0,840.0,한국표준협회,,NULL
829,국토교통부,중앙대학교,2019,사업장,건물,20632.0,419.0,한국표준협회,,NULL
830,산업통상자원부,지에스에코메탈 주식회사,2019,사업장,비철금속,21302.0,269.0,한국표준협회,,NULL
831,산업통상자원부,지에스이피에스,2019,업체,발전에너지,2413463.0,53698.0,한국표준협회,,NULL
832,산업통상자원부,지에스칼텍스 주식회사,2019,업체,정유,8047295.0,105917.0,(재)한국품질재단,,NULL
833,국토교통부,지엠테크니컬센터코리아,2019,사업장,건물,19533.0,388.0,한국표준협회,,NULL
834,산업통상자원부,진양특수강(주),2019,사업장,철강,26186.0,520.0,한국표준협회,,NULL
835,산업통상자원부,진영산업(주),2019,사업장,기계,12299.0,252.0,한국표준협회,,NULL
836,산업통상자원부,진영제지공업(주),2019,업체,제지,86475.0,827.0,이큐에이㈜,,NULL
837,환경부,진주시,2019,업체,폐기물,107742.0,572.0,한국산업기술시험원,,NULL
838,환경부,진천음성광역폐기물처리장,2019,사업장,지정외 폐기물처리업,18779.0,159.0,한국표준협회,,NULL
839,환경부,창원시,2019,업체,폐기물,273240.0,2322.0,㈜한국품질보증원,,NULL
840,환경부,천안시,2019,업체,폐기물,151918.0,1419.0,㈜한국품질보증원,,NULL
841,국토교통부,천일정기화물자동차(주),2019,사업장,교통(화물),23067.0,336.0,한국표준협회,,NULL
842,산업통상자원부,천일제지(주),2019,업체,제지,61548.0,1159.0,이큐에이㈜,,NULL
843,환경부,청주시,2019,업체,폐기물,215362.0,1729.0,(재)한국화학융합시험연구원,,NULL
844,환경부,초당환경(유),2019,업체,폐기물,37400.0,344.0,(재)한국품질재단,,NULL
845,환경부,춘천시,2019,업체,폐기물,121338.0,556.0,(재)한국화학융합시험연구원,,NULL
846,산업통상자원부,춘천에너지 주식회사,2019,업체,집단에너지,1014854.0,20201.0,한국표준협회,,NULL
847,국토교통부,충남대학교,2019,사업장,건물,29308.0,594.0,로이드인증원㈜,,NULL
848,국토교통부,충남대학교병원,2019,사업장,건물,19700.0,399.0,한국표준협회,,NULL
849,국토교통부,충북대학교,2019,사업장,건물,18235.0,364.0,한국표준협회,,NULL
850,환경부,충주시,2019,업체,폐기물,91469.0,662.0,(재)한국품질재단,,NULL
851,산업통상자원부,케이씨글라스(주),2019,사업장,유리,30449.0,537.0,(주)신화엔지니어링종합건축사사무소,,NULL
852,산업통상자원부,케이씨씨,2019,업체,유리,642155.0,11722.0,(재)한국품질재단,,002380
853,산업통상자원부,케이씨주식회사,2019,업체,석유화학,161368.0,2238.0,한국표준협회,,029460
854,환경부,케이씨환경서비스 주식회사,2019,업체,폐기물,253631.0,1137.0,(재)한국품질재단,,NULL
855,산업통상자원부,케이알에너지(주),2019,업체,산업단지,56706.0,670.0,한국표준협회,,NULL
856,산업통상자원부,케이알코폴리머 유한회사,2019,사업장,석유화학,30353.0,402.0,(주)한국경영인증원,,NULL
857,산업통상자원부,케이오씨(주),2019,업체,석유화학,50926.0,1179.0,이큐에이㈜,,NULL
858,산업통상자원부,케이지동부제철 주식회사,2019,업체,철강,388012.0,8316.0,(재)한국품질재단,,NULL
859,환경부,케이지이티에스 주식회사,2019,업체,폐기물,312358.0,1283.0,로이드인증원㈜,,NULL
860,산업통상자원부,케이지케미칼 주식회사,2019,사업장,석유화학,23869.0,404.0,이큐에이㈜,,NULL
861,산업통상자원부,코넥,2019,사업장,자동차,22773.0,448.0,(주)한국경영인증원,,NULL
862,산업통상자원부,코닝정밀소재 주식회사,2019,업체,유리,580077.0,11532.0,로이드인증원㈜,,NULL
863,산업통상자원부,코리아PTG(주),2019,업체,석유화학,113137.0,992.0,(재)한국품질재단,,NULL
864,산업통상자원부,코리아니켈(주),2019,사업장,비철금속,3045.0,52.0,한국표준협회,,NULL
865,산업통상자원부,코리아오토글라스(주),2019,업체,유리,80636.0,1651.0,(재)한국품질재단,,152330
866,산업통상자원부,코스모신소재(주),2019,사업장,석유화학,28939.0,559.0,한국표준협회,,005070
867,산업통상자원부,코스모화학,2019,업체,석유화학,72304.0,1593.0,로이드인증원㈜,,005420
868,산업통상자원부,코스포영남파워 주식회사,2019,업체,발전에너지,1015035.0,20198.0,(주)한국경영인증원,,NULL
869,산업통상자원부,코오롱글로텍(주) 구미공장,2019,사업장,섬유,14485.0,283.0,한국표준협회,,NULL
870,산업통상자원부,코오롱머티리얼(주),2019,업체,섬유,33937.0,677.0,한국표준협회,,144620
871,산업통상자원부,코오롱바스프이노폼 주식회사,2019,업체,석유화학,105377.0,1703.0,한국표준협회,,NULL
872,산업통상자원부,코오롱인더스트리 주식회사,2019,업체,석유화학,634635.0,12063.0,한국표준협회,,NULL
873,산업통상자원부,코오롱플라스틱(주),2019,업체,석유화학,124091.0,1983.0,한국표준협회,,NULL
874,산업통상자원부,코오롱화이버 주식회사,2019,사업장,섬유,15046.0,298.0,한국표준협회,,NULL
875,농림축산식품부,코카콜라음료(주) 여주공장,2019,사업장,음료제조업,20996.0,425.0,(재)한국품질재단,,NULL
876,산업통상자원부,콘티넨탈 오토모티브 시스템(주),2019,사업장,자동차,16151.0,325.0,(주)한국경영인증원,,NULL
877,산업통상자원부,타타대우상용차 주식회사,2019,사업장,자동차,13919.0,264.0,한국생산성본부인증원(주),,NULL
878,산업통상자원부,태경산업(주),2019,업체,철강,131344.0,1723.0,이큐에이㈜,,015890
879,산업통상자원부,태광산업 주식회사,2019,업체,섬유,1111955.0,16622.0,한국표준협회,,003240
880,산업통상자원부,태림페이퍼주식회사,2019,업체,제지,207009.0,3411.0,이큐에이㈜,,019300
881,환경부,태백시 환경자원센터,2019,사업장,지정외 폐기물처리업 등,17984.0,138.0,한국표준협회,,NULL
882,산업통상자원부,태봉광업 주식회사,2019,업체,시멘트,290566.0,762.0,(주)비에스아이그룹코리아,,NULL
883,산업통상자원부,태양금속공업(주),2019,사업장,기계,21889.0,436.0,(주)한국경영인증원,,004100
884,산업통상자원부,태영세라믹(주),2019,사업장,요업,26190.0,478.0,한국표준협회,,NULL
885,산업통상자원부,태원물산(주) 울산공장,2019,사업장,시멘트,16187.0,229.0,한국표준협회,,NULL
886,국토교통부,태화상운(주),2019,사업장,교통(여객),11506.0,191.0,한국표준협회,,NULL
887,환경부,통영시 환경자원화센터,2019,사업장,폐기물,33246.0,179.0,(재)한국품질재단,,NULL
888,산업통상자원부,티케이케미칼,2019,업체,섬유,204865.0,4127.0,이큐에이㈜,,104480
889,산업통상자원부,티피피 주식회사,2019,사업장,집단에너지,4556.0,91.0,대일이엔씨기술(주),,NULL
890,국토교통부,파르나스호텔(주),2019,사업장,건물,20607.0,420.0,한국표준협회,,NULL
891,산업통상자원부,파인트리포스마그네슘 주식회사,2019,업체,철강,21858.0,71.0,(재)한국품질재단,,NULL
892,환경부,파주시,2019,업체,폐기물,154365.0,1273.0,㈜한국품질보증원,,NULL
893,산업통상자원부,파주에너지서비스,2019,업체,발전에너지,4303651.0,85807.0,한국생산성본부인증원(주),,NULL
894,산업통상자원부,파주전기초자 주식회사,2019,사업장,유리,34738.0,613.0,㈜디엔브이지엘비즈니스어슈어런스코리아,,NULL
895,산업통상자원부,팔미금속공업(주),2019,사업장,철강,19890.0,365.0,한국표준협회,,NULL
896,산업통상자원부,페이퍼코리아,2019,업체,제지,80003.0,1134.0,한국표준협회,,001020
897,환경부,평택시,2019,업체,폐기물,80016.0,776.0,(재)한국품질재단,,NULL
898,산업통상자원부,평택에너지서비스(주),2019,업체,집단에너지,1521222.0,29778.0,㈜디엔브이지엘비즈니스어슈어런스코리아,,NULL
899,산업통상자원부,평화산업(주),2019,사업장,자동차,25148.0,507.0,한국생산성본부인증원(주),,090080
900,산업통상자원부,포스코강판(주),2019,업체,철강,127770.0,2562.0,한국표준협회,,NULL
901,산업통상자원부,포스코에너지(주),2019,업체,발전에너지,4898156.0,97068.0,(재)한국품질재단,,NULL
902,산업통상자원부,포천민자발전 주식회사,2019,업체,발전에너지,1482842.0,29488.0,㈜디엔브이지엘비즈니스어슈어런스코리아,,NULL
903,산업통상자원부,포천파워(주),2019,업체,발전에너지,1067787.0,21257.0,(재)한국품질재단,,NULL
904,환경부,포항시,2019,업체,지정외 폐기물처리업,169659.0,2451.0,㈜한국품질보증원,,NULL
905,산업통상자원부,폴리미래(주),2019,업체,석유화학,124087.0,2289.0,이큐에이㈜,,NULL
906,농림축산식품부,풍국주정공업(주),2019,사업장,음식료품,10193.0,484.0,한국표준협회,,NULL
907,산업통상자원부,피아이첨단소재 주식회사,2019,사업장,석유화학,91755.0,1433.0,(재)한국품질재단,,NULL
908,산업통상자원부,하나마이크론,2019,사업장,반도체,30126.0,616.0,(주)한국경영인증원,,067310
909,환경부,하남시 환경기초시설,2019,사업장,폐기물,28536.0,415.0,(재)한국품질재단,,NULL
910,농림축산식품부,하이트진로(주),2019,업체,음식료품,142910.0,2683.0,(재)한국품질재단,,000080
911,산업통상자원부,하이트진로산업(주),2019,사업장,유리,27535.0,409.0,이큐에이㈜,,NULL
912,산업통상자원부,하이호경금속 주식회사,2019,사업장,비철금속,48573.0,799.0,㈜한국품질보증원,,NULL
913,국토교통부,학교법인 경희학원,2019,업체,건물,61376.0,1247.0,한국표준협회,,NULL
914,국토교통부,학교법인 고려중앙학원,2019,업체,건물,101504.0,1983.0,㈜한국품질보증원,,NULL
915,국토교통부,학교법인 성균관대학,2019,사업장,건물,39398.0,795.0,이큐에이㈜,,NULL
916,국토교통부,학교법인 연세대학교,2019,업체,건물,173202.0,3522.0,(재)한국품질재단,,NULL
917,국토교통부,학교법인 포항공과대학교,2019,사업장,건물,78104.0,1735.0,㈜한국품질보증원,,NULL
918,국토교통부,학교법인 한양학원,2019,업체,건물,76882.0,1554.0,이큐에이㈜,,NULL
919,산업통상자원부,한국NSK(주),2019,사업장,기계,21741.0,447.0,한국표준협회,,NULL
920,산업통상자원부,한국가스공사,2019,업체,발전에너지,667098.0,12768.0,(재)한국품질재단,,036460
921,산업통상자원부,한국경남태양유전(주),2019,업체,전기전자,73827.0,1438.0,이큐에이㈜,,NULL
922,국토교통부,한국공항공사,2019,사업장,건물,39151.0,794.0,(재)한국품질재단,,NULL
923,국토교통부,한국과학기술연구원,2019,사업장,건물,17467.0,356.0,㈜한국품질보증원,,NULL
924,국토교통부,한국과학기술원,2019,업체,건물,76505.0,1534.0,이큐에이㈜,,NULL
925,국토교통부,한국과학기술정보연구원,2019,사업장,건물,20459.0,420.0,(주)신화엔지니어링종합건축사사무소,,NULL
926,산업통상자원부,한국기초소재(주),2019,사업장,시멘트,18332.0,370.0,한국표준협회,,NULL
927,산업통상자원부,한국남동발전,2019,업체,발전에너지,53399748.0,601592.0,대일이엔씨기술(주),,NULL
928,산업통상자원부,한국남부발전 주식회사,2019,업체,발전에너지,36659244.0,450923.0,한국표준협회,,NULL
929,산업통상자원부,한국넥슬렌유한회사,2019,업체,석유화학,110207.0,2234.0,한국표준협회,,NULL
930,산업통상자원부,한국니토옵티칼(주),2019,사업장,석유화학,32328.0,599.0,㈜디엔브이지엘비즈니스어슈어런스코리아,,NULL
931,국토교통부,한국도로공사,2019,업체,건물,276218.0,5489.0,한국표준협회,,NULL
932,산업통상자원부,한국동서발전 주식회사,2019,업체,발전에너지,39017988.0,469057.0,이큐에이㈜,,NULL
933,국토교통부,한국마사회,2019,사업장,건물,15274.0,299.0,한국표준협회,,NULL
934,산업통상자원부,한국바스프 주식회사,2019,업체,석유화학,642765.0,9251.0,(재)한국품질재단,,NULL
935,국토교통부,한국방송공사,2019,사업장,건물,17950.0,370.0,(주)한국경영인증원,,NULL
936,산업통상자원부,한국서부발전,2019,업체,발전에너지,34672033.0,415196.0,(주)신화엔지니어링종합건축사사무소,,NULL
937,산업통상자원부,한국세큐리트(주) 군산공장,2019,사업장,유리,20604.0,422.0,이큐에이㈜,,NULL
938,산업통상자원부,한국세큐리트(주) 익산공장,2019,사업장,유리,20679.0,424.0,이큐에이㈜,,NULL
939,산업통상자원부,한국수력원자력,2019,업체,발전에너지,3112724.0,62829.0,한국표준협회,,NULL
940,환경부,한국수자원공사,2019,업체,수도,727449.0,14927.0,지속가능인증원주식회사,,NULL
941,산업통상자원부,한국수출포장공업(주),2019,업체,제지,129619.0,1969.0,(재)한국품질재단,,002200
942,산업통상자원부,한국실리콘 주식회사,2019,업체,석유화학,6027.0,123.0,한국표준협회,,NULL
943,산업통상자원부,한국쓰리엠하이테크 유한회사,2019,사업장,석유화학,25806.0,523.0,한국표준협회,,NULL
944,산업통상자원부,한국씨엔티(주),2019,업체,시멘트,50513.0,958.0,이큐에이㈜,,NULL
945,산업통상자원부,한국알콜산업(주),2019,사업장,석유화학,13405.0,1323.0,한국생산성본부인증원(주),,NULL
946,산업통상자원부,한국엔지니어링플라스틱,2019,업체,석유화학,161923.0,2951.0,(재)한국품질재단,,NULL
947,산업통상자원부,한국오웬스코닝(주),2019,업체,유리,81301.0,1559.0,대일이엔씨기술(주),,NULL
948,국토교통부,한국원자력연구원,2019,사업장,건물,19408.0,396.0,한국표준협회,,NULL
949,산업통상자원부,한국유리공업 주식회사,2019,업체,유리,264184.0,3637.0,이큐에이㈜,,NULL
950,산업통상자원부,한국유미코아 유한책임회사,2019,사업장,전기전자,130230.0,2489.0,(재)한국품질재단,,NULL
951,산업통상자원부,한국유에스지보랄 주식회사,2019,업체,시멘트,133022.0,2639.0,(재)한국품질재단,,NULL
952,산업통상자원부,한국이네오스스티롤루션 주식회사,2019,업체,석유화학,83294.0,1768.0,(재)한국품질재단,,NULL
953,산업통상자원부,한국전력공사,2019,업체,발전에너지,1104904.0,6936.0,(주)한국경영인증원,,015760
954,국토교통부,한국전자통신연구원,2019,사업장,건물,18105.0,370.0,(주)신화엔지니어링종합건축사사무소,,NULL
955,산업통상자원부,한국제강 주식회사,2019,업체,철강,252491.0,4380.0,한국표준협회,,NULL
956,산업통상자원부,한국제이씨씨(주),2019,사업장,반도체.디스플레이.전기전자,10990.0,225.0,한국표준협회,,NULL
957,산업통상자원부,한국조선해양(주),2019,업체,조선,7647.0,151.0,한국표준협회,,NULL
958,산업통상자원부,한국주철관공업(주),2019,업체,철강,75777.0,1016.0,한국표준협회,,000970
959,산업통상자원부,한국중부발전,2019,업체,발전에너지,34269297.0,410230.0,로이드인증원㈜,,NULL
960,산업통상자원부,한국지엠 주식회사,2019,업체,자동차,231996.0,4677.0,한국표준협회,,NULL
961,산업통상자원부,한국지역난방공사,2019,업체,집단에너지,5635192.0,110824.0,대일이엔씨기술(주),,NULL
962,산업통상자원부,한국철강,2019,업체,철강,399219.0,7402.0,㈜한국품질보증원,,104700
963,국토교통부,한국철도공사,2019,업체,교통(철도),1604525.0,30562.0,(재)한국화학융합시험연구원,,NULL
964,산업통상자원부,한국타이어앤테크놀로지(주),2019,업체,석유화학,491005.0,10059.0,(재)한국품질재단,,161390
965,산업통상자원부,한국토지주택공사,2019,업체,집단에너지,201215.0,3956.0,㈜디엔브이지엘비즈니스어슈어런스코리아,,NULL
966,국토교통부,한국통운(주),2019,사업장,교통(화물),29585.0,421.0,(재)한국품질재단,,NULL
967,산업통상자원부,한국특수형강(주),2019,업체,철강,222080.0,3896.0,이큐에이㈜,,NULL
968,국토교통부,한국표준과학연구원,2019,사업장,건물,20115.0,409.0,(주)신화엔지니어링종합건축사사무소,,NULL
969,산업통상자원부,한국프랜지공업(주) 제2공장,2019,사업장,철강,17244.0,353.0,한국표준협회,,NULL
970,산업통상자원부,한국항공우주산업(주),2019,사업장,기계,48354.0,966.0,(주)신화엔지니어링종합건축사사무소,,NULL
971,산업통상자원부,한라스택폴(주),2019,사업장,자동차,17773.0,347.0,한국표준협회,,NULL
972,산업통상자원부,한라시멘트주식회사,2019,업체,시멘트,4994452.0,27256.0,한국표준협회,,NULL
973,국토교통부,한무쇼핑(주),2019,업체,건물,61741.0,1280.0,한국표준협회,,NULL
974,산업통상자원부,한미약품(주),2019,사업장,석유화학,28427.0,577.0,이큐에이㈜,,128940
975,산업통상자원부,한미정밀화학(주),2019,사업장,석유화학,16011.0,360.0,이큐에이㈜,,NULL
976,국토교통부,한성운수(주),2019,사업장,교통(여객),16924.0,320.0,산림조합중앙회,,NULL
977,국토교통부,한솔개발(주),2019,사업장,건물,15523.0,310.0,한국표준협회,,NULL
978,산업통상자원부,한솔제지,2019,업체,제지,952462.0,16191.0,(주)한국경영인증원,,213500
979,산업통상자원부,한솔테크닉스(주),2019,사업장,전기전자,13643.0,280.0,한국표준협회,,004710
980,산업통상자원부,한솔페이퍼텍주식회사,2019,업체,제지,101776.0,1092.0,(주)한국경영인증원,,NULL
981,산업통상자원부,한영선재(주),2019,사업장,철강,16873.0,337.0,한국표준협회,,NULL
982,산업통상자원부,한온시스템 주식회사,2019,업체,자동차,61379.0,1273.0,(재)한국품질재단,,018880
983,산업통상자원부,한융금속(주),2019,사업장,비철금속,20568.0,323.0,산림조합중앙회,,NULL
984,산업통상자원부,한일시멘트 주식회사,2019,업체,시멘트,4374468.0,27694.0,한국표준협회,,300720
985,산업통상자원부,한일제관(주),2019,업체,기계,71704.0,1435.0,(재)한국품질재단,,NULL
986,산업통상자원부,한일캔 주식회사,2019,사업장,기계,17221.0,350.0,(재)한국품질재단,,NULL
987,산업통상자원부,한일현대시멘트 주식회사,2019,업체,시멘트,3891505.0,22991.0,한국표준협회,,006390
988,산업통상자원부,한일화학공업(주),2019,사업장,석유화학,15025.0,296.0,(재)한국화학융합시험연구원,,NULL
989,산업통상자원부,한주금속(주) 본사,2019,사업장,자동차,14635.0,295.0,(재)한국품질재단,,NULL
990,산업통상자원부,한진중공업(주),2019,사업장,조선,12398.0,228.0,한국표준협회,,NULL
991,산업통상자원부,한화에너지주식회사,2019,업체,산업단지,4683584.0,55314.0,한국표준협회,,NULL
992,산업통상자원부,한화에어로스페이스(주),2019,사업장,기계,25802.0,519.0,(주)비에스아이그룹코리아,,012450
993,산업통상자원부,한화종합화학 주식회사,2019,업체,석유화학,455267.0,7766.0,㈜디엔브이지엘비즈니스어슈어런스코리아,,NULL
994,산업통상자원부,한화케미칼 주식회사,2019,업체,석유화학,2700861.0,51872.0,㈜디엔브이지엘비즈니스어슈어런스코리아,,NULL
995,산업통상자원부,한화토탈 주식회사,2019,업체,석유화학,4239135.0,94840.0,한국가스안전공사,,NULL
996,국토교통부,한화호텔앤드리조트(주),2019,업체,건물,74888.0,1432.0,한국표준협회,,NULL
997,산업통상자원부,한황산업주식회사,2019,사업장,자동차,29920.0,555.0,㈜한국품질보증원,,NULL
998,산업통상자원부,해성디에스 주식회사,2019,사업장,반도체,48140.0,1066.0,(주)비에스아이그룹코리아,,195870
999,산업통상자원부,해성산업 주식회사,2019,업체,제지,201719.0,5483.0,(재)한국품질재단,,034810
1000,농림축산식품부,해태에이치티비(주) 천안공장,2019,사업장,음료제조업,24537.0,452.0,(재)한국품질재단,,NULL
1001,산업통상자원부,핸즈식스주식회사,2019,업체,자동차,75866.0,1535.0,이큐에이㈜,,NULL
1002,산업통상자원부,핸즈코퍼레이션주식회사,2019,업체,자동차,99878.0,2011.0,(재)한국품질재단,,143210
1003,국토교통부,현대건설(주),2019,업체,건설,73623.0,1445.0,(재)한국품질재단,,000720
1004,산업통상자원부,현대건설기계(주),2019,사업장,기계,15579.0,282.0,㈜디엔브이지엘비즈니스어슈어런스코리아,,NULL
1005,산업통상자원부,현대그린파워 주식회사,2019,업체,발전에너지,23.0,0.0,(주)한국경영인증원,,NULL
1006,국토교통부,현대글로비스(주),2019,업체,교통(화물),77723.0,1161.0,한국표준협회,,086280
1007,산업통상자원부,현대로템 주식회사 창원공장,2019,사업장,기계,20308.0,405.0,(주)한국경영인증원,,NULL
1008,산업통상자원부,현대모비스(주),2019,업체,자동차,155945.0,3163.0,로이드인증원㈜,,012330
1009,산업통상자원부,현대미포조선,2019,업체,조선,155864.0,2842.0,한국표준협회,,NULL
1010,산업통상자원부,현대비앤지스틸(주),2019,업체,철강,74737.0,1518.0,㈜디엔브이지엘비즈니스어슈어런스코리아,,004560
1011,산업통상자원부,현대삼호중공업 주식회사,2019,업체,조선,240687.0,4059.0,㈜디엔브이지엘비즈니스어슈어런스코리아,,NULL
1012,산업통상자원부,현대석회(주),2019,업체,시멘트,104420.0,279.0,한국생산성본부인증원(주),,NULL
1013,산업통상자원부,현대성우쏠라이트 주식회사,2019,업체,전기전자,38632.0,787.0,한국표준협회,,NULL
1014,산업통상자원부,현대성우캐스팅 주식회사,2019,업체,철강,201678.0,3885.0,(재)한국품질재단,,NULL
1015,산업통상자원부,현대아이에프씨 주식회사,2019,업체,석유화학,197112.0,3625.0,로이드인증원㈜,,NULL
1016,산업통상자원부,현대에너지솔루션(주),2019,사업장,반도체,39075.0,763.0,한국표준협회,,NULL
1017,산업통상자원부,현대오일뱅크,2019,업체,정유,6981253.0,76290.0,(재)한국품질재단,,NULL
1018,산업통상자원부,현대오토에버 주식회사,2019,사업장,통신,23743.0,488.0,대일이엔씨기술(주),,307950
1019,산업통상자원부,현대위아 주식회사,2019,업체,자동차,201138.0,3987.0,㈜디엔브이지엘비즈니스어슈어런스코리아,,011210
1020,산업통상자원부,현대일렉트릭앤에너지시스템(주),2019,사업장,전기전자,34582.0,698.0,㈜디엔브이지엘비즈니스어슈어런스코리아,,NULL
1021,산업통상자원부,현대자동차 주식회사,2019,업체,자동차,1578232.0,32102.0,로이드인증원㈜,,005380
1022,산업통상자원부,현대제철 주식회사,2019,업체,철강,30146622.0,132825.0,로이드인증원㈜,,004020
1023,산업통상자원부,현대종합금속(주),2019,사업장,기계,22534.0,452.0,로이드인증원㈜,,NULL
1024,산업통상자원부,현대종합특수강 주식회사,2019,사업장,철강,43009.0,842.0,한국표준협회,,NULL
1025,산업통상자원부,현대중공업주식회사,2019,업체,조선,509780.0,8795.0,한국표준협회,,NULL
1026,산업통상자원부,현대케미칼주식회사,2019,업체,정유,943344.0,17024.0,(재)한국품질재단,,NULL
1027,산업통상자원부,현대트랜시스 주식회사,2019,업체,자동차,187504.0,3826.0,㈜디엔브이지엘비즈니스어슈어런스코리아,,NULL
1028,산업통상자원부,현우산업,2019,사업장,전기전자,18291.0,376.0,한국표준협회,,092300
1029,산업통상자원부,현진소재(주),2019,업체,기계,36306.0,713.0,(주)한국경영인증원,,053660
1030,산업통상자원부,호스트웨이아이디씨(주),2019,사업장,통신,15542.0,320.0,한국표준협회,,NULL
1031,국토교통부,홈플러스 주식회사,2019,업체,건물,446813.0,8981.0,로이드인증원㈜,,NULL
1032,산업통상자원부,홍덕산업(주),2019,업체,철강,85666.0,1863.0,한국생산성본부인증원(주),,NULL
1033,산업통상자원부,홍원제지(주),2019,업체,제지,112627.0,1664.0,한국표준협회,,NULL
1034,환경부,화성시,2019,업체,폐기물,122752.0,949.0,㈜한국품질보증원,,NULL
1035,국토교통부,화영운수(주),2019,사업장,교통(여객),24074.0,343.0,한국표준협회,,NULL
1036,산업통상자원부,화인베스틸,2019,사업장,철강,23765.0,433.0,한국표준협회,,133820
1037,산업통상자원부,환영철강공업,2019,업체,철강,290427.0,5294.0,㈜한국품질보증원,,NULL
1038,산업통상자원부,효성중공업 주식회사,2019,업체,전기전자,51603.0,1086.0,(재)한국품질재단,,298040
1039,산업통상자원부,효성첨단소재 주식회사,2019,업체,섬유,209591.0,4317.0,(재)한국품질재단,,NULL
1040,산업통상자원부,효성티앤씨 주식회사,2019,업체,섬유,380805.0,8675.0,(재)한국품질재단,,298020
1041,산업통상자원부,효성화학 주식회사,2019,업체,석유화학,849274.0,17512.0,(재)한국품질재단,,298000
1042,국토교통부,휘닉스중앙평창(주),2019,사업장,건물,23041.0,453.0,(주)한국경영인증원,,NULL
1043,산업통상자원부,휴비스,2019,업체,섬유,469064.0,7074.0,한국표준협회,,079980
1044,산업통상자원부,휴켐스 주식회사,2019,업체,석유화학,134916.0,1204.0,㈜한국품질보증원,,NULL
1045,산업통상자원부,희성촉매(주),2019,사업장,석유화학,20476.0,410.0,한국표준협회,,NULL
1,산업통상자원부,(유)에스케이씨에보닉페록사이드코리아,2018,사업장,석유화학,58372.0,1191.0,(재)한국품질재단,,NULL
2,국토교통부,(유)호남고속,2018,사업장,교통(여객),25429.0,393.0,(주)한국경영인증원,,NULL
3,국토교통부,(주)HJ매그놀리아용평호텔앤리조트,2018,사업장,건물,32776.0,649.0,(재)한국품질재단,,NULL
4,산업통상자원부,(주)HM금속,2018,사업장,철강,34262.0,600.0,한국표준협회,,NULL
5,농림축산식품부,(주)MH에탄올,2018,사업장,음료제조업,23436.0,292.0,(재)한국화학융합시험연구원,,023150
6,농림축산식품부,(주)MSC,2018,사업장,음식료품,26317.0,525.0,한국산업기술시험원,,NULL
7,산업통상자원부,(주)SIMPAC,2018,업체,산업,458521.0,4998.0,한국표준협회,,009160
8,국토교통부,(주)강원랜드,2018,사업장,건물,76114.0,1534.0,한국표준협회,,035250
9,산업통상자원부,(주)건화,2018,사업장,조선,22213.0,410.0,한국표준협회,,NULL
10,국토교통부,(주)경기고속,2018,업체,교통(여객),172083.0,2644.0,산림조합중앙회,,NULL
11,국토교통부,(주)경남고속,2018,사업장,교통(여객),26354.0,372.0,(주)한국경영인증원,,NULL
12,산업통상자원부,(주)경동,2018,업체,광업,220210.0,401.0,(재)한국품질재단,,NULL
13,산업통상자원부,(주)경방,2018,업체,섬유,52875.0,1074.0,한국생산성본부인증원(주),,000050
14,산업통상자원부,(주)경신전선,2018,사업장,반도체.디스플레이.전기전자,15929.0,325.0,한국표준협회,,NULL
15,국토교통부,(주)공항리무진,2018,사업장,교통(여객),31011.0,440.0,(주)한국경영인증원,,NULL
16,국토교통부,(주)국민은행,2018,업체,건물,109269.0,1623.0,한국표준협회,,031150
17,산업통상자원부,(주)국일방적 정읍공장,2018,사업장,섬유,13807.0,283.0,대일이엔씨기술(주),,NULL
18,농림축산식품부,(주)그린바이텍,2018,사업장,음식료품,4719.0,248.0,(재)한국품질재단,,NULL
19,환경부,(주)그린스코,2018,사업장,폐기물,53126.0,102.0,(주)한국경영인증원,,NULL
20,국토교통부,(주)금남고속,2018,사업장,교통(여객),38506.0,545.0,(주)한국경영인증원,,NULL
21,산업통상자원부,(주)금비,2018,사업장,유리,80531.0,1176.0,한국표준협회,,008870
22,해양수산부,(주)남해고속,2018,사업장,교통(해운),20104.0,285.0,㈜한국품질보증원,,NULL
23,산업통상자원부,(주)네오오토 예산공장,2018,사업장,자동차,17510.0,357.0,(주)한국경영인증원,,NULL
24,산업통상자원부,(주)넥센,2018,사업장,석유화학,20483.0,371.0,한국표준협회,,005720
25,국토교통부,(주)농협물류,2018,사업장,교통(화물),29701.0,421.0,티유브이슈드코리아㈜,,NULL
26,농림축산식품부,(주)농협사료,2018,업체,식료품 제조업,82044.0,1647.0,(재)한국품질재단,,NULL
27,산업통상자원부,(주)단석산업 군산지점,2018,사업장,비철금속,51075.0,795.0,한국표준협회,,NULL
28,산업통상자원부,(주)대농 청원공장,2018,사업장,섬유,17257.0,355.0,지속가능인증원주식회사,,NULL
29,산업통상자원부,(주)대동세라믹,2018,사업장,유리 · 요업,22239.0,431.0,이큐에이㈜,,NULL
30,산업통상자원부,(주)대림제지,2018,사업장,제지,81997.0,1205.0,이큐에이㈜,,017650
31,국토교통부,(주)대명티피앤이,2018,사업장,건물,14926.0,301.0,한국표준협회,,NULL
32,국토교통부,(주)대명호텔앤리조트,2018,사업장,건물,43796.0,878.0,한국표준협회,,NULL
33,산업통상자원부,(주)대승프론티어,2018,사업장,유리 · 요업,22003.0,412.0,한국표준협회,,NULL
34,국토교통부,(주)대우건설,2018,업체,건설,70715.0,1421.0,한국표준협회,,047040
35,산업통상자원부,(주)대우전자 광주공장,2018,사업장,기계,10962.0,221.0,이큐에이㈜,,NULL
36,산업통상자원부,(주)대욱케스트,2018,사업장,철강,22420.0,406.0,이큐에이㈜,,NULL
37,국토교통부,(주)대원고속,2018,업체,교통(여객),157014.0,2413.0,산림조합중앙회,,NULL
38,국토교통부,(주)대원버스,2018,사업장,교통(여객),31943.0,546.0,산림조합중앙회,,NULL
39,국토교통부,(주)대원여객,2018,사업장,교통(여객),21540.0,406.0,산림조합중앙회,,NULL
40,국토교통부,(주)대원운수,2018,사업장,교통(여객),36862.0,621.0,산림조합중앙회,,NULL
41,산업통상자원부,(주)대유코아,2018,사업장,시멘트,45198.0,97.0,한국생산성본부인증원(주),,NULL
42,해양수산부,(주)대저해운,2018,사업장,교통(해운),17494.0,250.0,한국표준협회,,NULL
43,산업통상자원부,(주)대천텍스타일,2018,사업장,섬유,17336.0,322.0,한국표준협회,,NULL
44,산업통상자원부,(주)대호피앤씨 포항공장,2018,사업장,철강,25095.0,492.0,한국표준협회,,NULL
45,산업통상자원부,(주)대화제지,2018,사업장,제지,27756.0,557.0,㈜한국품질보증원,,NULL
46,산업통상자원부,(주)동남 서산공장,2018,사업장,비철금속,14877.0,220.0,한국표준협회,,NULL
47,산업통상자원부,(주)동남 울산공장,2018,사업장,비철금속,21922.0,317.0,한국표준협회,,NULL
48,국토교통부,(주)동방,2018,업체,교통(화물),43081.0,619.0,대일이엔씨기술(주),,004140
49,국토교통부,(주)동부익스프레스,2018,업체,교통(여객),48524.0,714.0,한국표준협회,,NULL
50,산업통상자원부,(주)동서기공 당진지점,2018,사업장,자동차,25409.0,518.0,한국표준협회,,NULL
51,산업통상자원부,(주)동서기공 시흥,2018,사업장,비철금속,16515.0,332.0,한국표준협회,,NULL
52,산업통상자원부,(주)동신포리마,2018,사업장,석유화학,28376.0,571.0,(주)한국경영인증원,,NULL
53,국토교통부,(주)동양고속,2018,업체,교통(여객),68869.0,981.0,(주)한국경영인증원,,084670
54,산업통상자원부,(주)동양이앤씨,2018,사업장,기계,18183.0,357.0,(주)비에스아이그룹코리아,,NULL
55,환경부,(주)동양환경,2018,업체,폐기물,213834.0,227.0,(재)한국품질재단,,NULL
56,농림축산식품부,(주)동원F&B,2018,업체,식료품 제조업,70557.0,1521.0,(주)한국경영인증원,,049770
57,산업통상자원부,(주)동진쎄미켐,2018,사업장,석유화학,19266.0,360.0,한국가스안전공사,,005290
58,산업통상자원부,(주)두산,2018,업체,반도체.디스플레이.전기전자,88239.0,1727.0,(재)한국품질재단,,000150
59,산업통상자원부,(주)디알 액시온 원산공장,2018,사업장,비철금속,17796.0,359.0,(재)한국품질재단,,NULL
60,산업통상자원부,(주)디에이피,2018,사업장,전기전자,41534.0,849.0,한국산업기술시험원,,066900
61,산업통상자원부,(주)디케이씨,2018,사업장,철강,17889.0,357.0,한국표준협회,,047440
62,산업통상자원부,(주)로옴코리아,2018,사업장,반도체.디스플레이.전기전자,18326.0,377.0,㈜한국품질보증원,,NULL
63,산업통상자원부,(주)만도,2018,업체,자동차,110202.0,2256.0,(주)비에스아이그룹코리아,,NULL
64,산업통상자원부,(주)모나리자,2018,사업장,제지,39533.0,729.0,(주)한국경영인증원,,012690
65,국토교통부,(주)무주덕유산리조트,2018,사업장,건물,20442.0,360.0,(주)한국경영인증원,,NULL
66,산업통상자원부,(주)미래엔인천에너지,2018,업체,집단에너지,23431.0,463.0,(재)한국품질재단,,NULL
67,산업통상자원부,(주)미래페이퍼,2018,사업장,제지,60124.0,764.0,한국표준협회,,NULL
68,산업통상자원부,(주)방림,2018,사업장,섬유,21315.0,394.0,한국표준협회,,003610
69,산업통상자원부,(주)백광소재,2018,업체,시멘트,591629.0,2472.0,이큐에이㈜,,NULL
70,산업통상자원부,(주)벽산,2018,사업장,유리,76375.0,1398.0,한국표준협회,,007210
71,국토교통부,(주)부산롯데호텔,2018,사업장,건물,14174.0,288.0,(주)한국경영인증원,,NULL
72,산업통상자원부,(주)브이샘 인천공장,2018,사업장,시멘트,14646.0,294.0,한국표준협회,,NULL
73,산업통상자원부,(주)비엠금속,2018,사업장,철강,19681.0,360.0,이큐에이㈜,,NULL
74,농림축산식품부,(주)빙그레,2018,업체,식료품 제조업,56972.0,1129.0,(주)한국경영인증원,,005180
75,산업통상자원부,(주)삼동 문경공장,2018,사업장,전기전자,40649.0,830.0,한국표준협회,,NULL
76,산업통상자원부,(주)삼원강재,2018,사업장,자동차,30969.0,622.0,(재)한국품질재단,,023000
77,산업통상자원부,(주)삼천리,2018,사업장,집단에너지,46054.0,693.0,한국가스안전공사,,004690
78,산업통상자원부,(주)삼표산업,2018,업체,시멘트,141234.0,2365.0,(재)한국품질재단,,NULL
79,산업통상자원부,(주)삼한씨원,2018,사업장,유리 · 요업,14619.0,277.0,한국생산성본부인증원(주),,NULL
80,산업통상자원부,(주)삼현,2018,사업장,요업,27509.0,501.0,한국표준협회,,437730
81,국토교통부,(주)삼화고속,2018,사업장,교통(여객),16572.0,235.0,(주)한국경영인증원,,NULL
82,산업통상자원부,(주)상공에너지,2018,사업장,산업단지,91686.0,1392.0,이큐에이㈜,,NULL
83,농림축산식품부,(주)샤니 대구공장,2018,사업장,식료품 제조업,15792.0,318.0,(주)비에스아이그룹코리아,,NULL
84,농림축산식품부,(주)샤니 성남공장,2018,사업장,식료품 제조업,19485.0,393.0,(주)비에스아이그룹코리아,,NULL
85,환경부,(주)서광하이테크,2018,사업장,지정외 폐기물처리업,58426.0,173.0,(재)한국품질재단,,NULL
86,국토교통부,(주)서울승합,2018,사업장,교통(여객),13736.0,258.0,산림조합중앙회,,NULL
87,산업통상자원부,(주)서원,2018,사업장,비철금속,16231.0,330.0,한국가스안전공사,,021050
88,산업통상자원부,(주)서진캠 아산공장,2018,사업장,자동차,15358.0,316.0,(주)한국경영인증원,,NULL
89,산업통상자원부,(주)서진캠 평택공장,2018,사업장,자동차,17008.0,349.0,㈜한국품질보증원,,NULL
90,산업통상자원부,(주)서흥,2018,사업장,석유화학,33816.0,689.0,한국표준협회,,008490
91,산업통상자원부,(주)선일다이파스,2018,사업장,기계,18329.0,373.0,(주)한국경영인증원,,NULL
92,국토교통부,(주)선진운수,2018,사업장,교통(여객),27881.0,521.0,(재)한국품질재단,,NULL
93,산업통상자원부,(주)성광벤드,2018,사업장,철강,12781.0,246.0,한국표준협회,,014620
94,산업통상자원부,(주)성신미네필드,2018,사업장,시멘트,16890.0,327.0,한국표준협회,,NULL
95,산업통상자원부,(주)성호금속 경주2공장,2018,사업장,비철금속,28315.0,505.0,이큐에이㈜,,NULL
96,산업통상자원부,(주)성호금속 영천공장,2018,사업장,철강,19676.0,357.0,이큐에이㈜,,NULL
97,산업통상자원부,(주)성호기업,2018,사업장,철강,15285.0,301.0,이큐에이㈜,,NULL
98,산업통상자원부,(주)세아베스틸,2018,업체,철강,1421461.0,22316.0,한국표준협회,,NULL
99,산업통상자원부,(주)세아씨엠,2018,사업장,철강,66216.0,1338.0,한국표준협회,,NULL
100,국토교통부,(주)세아엘앤에스,2018,사업장,교통(화물),18520.0,270.0,한국표준협회,,NULL
101,산업통상자원부,(주)세아제강,2018,사업장,산업,63315.0,1282.0,한국표준협회,,306200
102,산업통상자원부,(주)세아특수강,2018,사업장,철강,26499.0,525.0,한국표준협회,,019440
103,농림축산식품부,(주)세우,2018,사업장,식료품 제조업,16063.0,322.0,(재)한국품질재단,,NULL
104,해양수산부,(주)세주,2018,사업장,교통(해운),31225.0,425.0,㈜디엔브이지엘비즈니스어슈어런스코리아,,NULL
105,산업통상자원부,(주)스타플렉스,2018,사업장,석유화학,13660.0,277.0,이큐에이㈜,,115570
106,산업통상자원부,(주)신동,2018,사업장,시멘트,86459.0,288.0,한국표준협회,,NULL
107,산업통상자원부,(주)신성이엔지,2018,사업장,반도체,13167.0,250.0,로이드인증원㈜,,104110
108,국토교통부,(주)신세계,2018,업체,건물,158462.0,3236.0,㈜한국품질보증원,,004170
109,산업통상자원부,(주)신안주철,2018,사업장,철강,22483.0,400.0,한국표준협회,,NULL
110,산업통상자원부,(주)신우금속,2018,사업장,철강,16955.0,289.0,(재)한국품질재단,,NULL
111,산업통상자원부,(주)신한방,2018,사업장,섬유,12868.0,264.0,이큐에이㈜,,NULL
112,국토교통부,(주)신한은행,2018,업체,건물,79880.0,1244.0,㈜디엔브이지엘비즈니스어슈어런스코리아,,000010
113,산업통상자원부,(주)쌍용씨앤비,2018,사업장,제지,65901.0,1146.0,(주)한국경영인증원,,NULL
114,산업통상자원부,(주)씨텍,2018,업체,산업단지,420541.0,5662.0,㈜한국품질보증원,,NULL
115,국토교통부,(주)아라리오,2018,사업장,건물,14828.0,302.0,(주)한국경영인증원,,NULL
116,산업통상자원부,(주)아진피앤피,2018,사업장,제지,112744.0,1700.0,한국산업기술시험원,,NULL
117,산업통상자원부,(주)에스아이플렉스,2018,사업장,반도체.디스플레이.전기전자,14840.0,302.0,(주)한국경영인증원,,NULL
118,국토교통부,(주)에스앤아이코퍼레이션,2018,사업장,건물,18576.0,374.0,(재)한국품질재단,,NULL
119,산업통상자원부,(주)에스에이치에너지화학,2018,사업장,석유화학,14695.0,253.0,㈜한국품질보증원,,NULL
120,산업통상자원부,(주)에스제이금속,2018,사업장,철강,19334.0,334.0,(재)한국품질재단,,NULL
121,산업통상자원부,(주)에스티씨,2018,사업장,반도체.디스플레이.전기전자,16668.0,342.0,(재)한국품질재단,,NULL
122,산업통상자원부,(주)에스파워,2018,업체,발전 · 에너지,1656014.0,32451.0,(재)한국품질재단,,NULL
123,산업통상자원부,(주)에이에스에이 김제공장,2018,사업장,자동차,16868.0,323.0,지속가능인증원주식회사,,NULL
124,산업통상자원부,(주)에이에스에이 전주공장,2018,사업장,자동차,32152.0,610.0,지속가능인증원주식회사,,NULL
125,산업통상자원부,(주)에코프로비엠,2018,사업장,반도체.디스플레이.전기전자,26644.0,543.0,(재)한국품질재단,,247540
126,환경부,(주)엔아이티,2018,업체,폐기물,147694.0,403.0,㈜한국품질보증원,,NULL
127,산업통상자원부,(주)엔이티,2018,사업장,발전에너지,56617.0,657.0,한국표준협회,,NULL
128,산업통상자원부,(주)엘지생활건강 울산공장,2018,사업장,석유화학,23281.0,464.0,㈜디엔브이지엘비즈니스어슈어런스코리아,,NULL
129,산업통상자원부,(주)엘지씨엔에스,2018,사업장,통신,23732.0,523.0,대일이엔씨기술(주),,064400
130,산업통상자원부,(주)엘지하우시스,2018,업체,석유화학,163889.0,3002.0,㈜디엔브이지엘비즈니스어슈어런스코리아,,NULL
131,산업통상자원부,(주)영신물산,2018,사업장,섬유,27752.0,192.0,한국표준협회,,NULL
132,농림축산식품부,(주)오뚜기 대풍공장,2018,사업장,음식료품,45244.0,910.0,한국생산성본부인증원(주),,NULL
133,농림축산식품부,(주)오리온,2018,사업장,음식료품,71568.0,1405.0,한국표준협회,,271560
134,산업통상자원부,(주)오미아코리아,2018,사업장,석유화학,76459.0,1552.0,㈜디엔브이지엘비즈니스어슈어런스코리아,,NULL
135,산업통상자원부,(주)오영,2018,사업장,석유화학,19170.0,408.0,(재)한국품질재단,,NULL
136,산업통상자원부,(주)온셀텍,2018,사업장,산업,30497.0,625.0,한국표준협회,,NULL
137,농림축산식품부,(주)올품,2018,사업장,식료품 제조업,24544.0,430.0,한국표준협회,,NULL
138,산업통상자원부,(주)우룡,2018,업체,시멘트,165922.0,688.0,(주)한국경영인증원,,NULL
139,국토교통부,(주)우리은행,2018,업체,건물,85424.0,1308.0,㈜디엔브이지엘비즈니스어슈어런스코리아,,000030
140,산업통상자원부,(주)우신금속,2018,사업장,비철금속,19138.0,296.0,(재)한국품질재단,,NULL
141,산업통상자원부,(주)유니온,2018,업체,시멘트,165467.0,1355.0,한국표준협회,,000910
142,국토교통부,(주)유성티엔에스,2018,사업장,교통(화물),41624.0,606.0,(주)한국경영인증원,,024800
143,산업통상자원부,(주)유한화학,2018,사업장,석유화학,17666.0,351.0,(주)한국경영인증원,,NULL
144,산업통상자원부,(주)이녹스첨단소재,2018,사업장,반도체.디스플레이.전기전자,20464.0,415.0,(재)한국품질재단,,272290
145,국토교통부,(주)이마트,2018,업체,건물,506763.0,10343.0,한국표준협회,,139480
146,산업통상자원부,(주)이수페타시스,2018,사업장,전기전자,54588.0,763.0,이큐에이㈜,,007660
147,산업통상자원부,(주)이수화학,2018,업체,석유화학,269506.0,4881.0,한국표준협회,,005950
148,국토교통부,(주)이스타항공,2018,사업장,항공,143220.0,2049.0,(재)한국품질재단,,NULL
149,환경부,(주)이알지서비스,2018,사업장,지정외 폐기물처리업,97871.0,194.0,이큐에이㈜,,NULL
150,환경부,(주)이에스세종,2018,사업장,지정외 폐기물처리업,74408.0,461.0,한국표준협회,,NULL
151,산업통상자원부,(주)인터플렉스,2018,사업장,전기전자,51755.0,1046.0,한국표준협회,,051370
152,산업통상자원부,(주)일진글로벌,2018,사업장,자동차,40103.0,825.0,한국표준협회,,NULL
153,산업통상자원부,(주)일진베어링 2공장,2018,사업장,자동차,14312.0,294.0,한국표준협회,,NULL
154,국토교통부,(주)전북고속,2018,사업장,교통(여객),30934.0,437.0,(주)한국경영인증원,,NULL
155,산업통상자원부,(주)전주페이퍼,2018,업체,제지,563617.0,15258.0,한국표준협회,,NULL
156,농림축산식품부,(주)정·식품,2018,사업장,음료제조업,21120.0,420.0,한국표준협회,,NULL
157,해양수산부,(주)제양항공해운,2018,사업장,교통(해운),48348.0,663.0,한국표준협회,,NULL
158,산업통상자원부,(주)제이앤티씨,2018,사업장,반도체.디스플레이.전기전자,12173.0,248.0,한국표준협회,,204270
159,해양수산부,(주)제이에이치페리,2018,사업장,교통(해운),4237.0,61.0,한국표준협회,,NULL
160,산업통상자원부,(주)제이엠씨,2018,사업장,석유화학,36425.0,839.0,이큐에이㈜,,NULL
161,산업통상자원부,(주)젤텍,2018,사업장,석유화학,13303.0,451.0,한국표준협회,,NULL
162,산업통상자원부,(주)존슨콘트롤즈델코배터리 제1공장,2018,사업장,반도체.디스플레이.전기전자,23313.0,474.0,(주)한국경영인증원,,NULL
163,산업통상자원부,(주)존슨콘트롤즈델코배터리 제2공장,2018,사업장,반도체.디스플레이.전기전자,22971.0,472.0,(주)한국경영인증원,,NULL
164,산업통상자원부,(주)종근당 천안공장,2018,사업장,석유화학,15262.0,415.0,한국생산성본부인증원(주),,NULL
165,산업통상자원부,(주)종근당바이오,2018,사업장,석유화학,87328.0,1613.0,이큐에이㈜,,063160
166,국토교통부,(주)중앙고속,2018,업체,교통(여객),62335.0,878.0,(주)한국경영인증원,,NULL
167,산업통상자원부,(주)지에스동해전력,2018,업체,발전에너지,7424035.0,83701.0,대일이엔씨기술(주),,NULL
168,산업통상자원부,(주)지엠씨,2018,사업장,광업,15993.0,325.0,이큐에이㈜,,NULL
169,산업통상자원부,(주)진합,2018,사업장,자동차,28381.0,579.0,한국표준협회,,NULL
170,산업통상자원부,(주)진흥주물 군산공장,2018,사업장,철강,22463.0,388.0,한국표준협회,,NULL
171,산업통상자원부,(주)진흥주물 인천공장,2018,사업장,철강,15613.0,270.0,한국표준협회,,NULL
172,농림축산식품부,(주)참프레,2018,사업장,음식료품,29329.0,586.0,한국표준협회,,NULL
173,국토교통부,(주)천일고속,2018,사업장,교통(여객),29572.0,420.0,(주)한국경영인증원,,000650
174,농림축산식품부,(주)체리부로,2018,사업장,식료품 제조업,14942.0,303.0,(주)한국경영인증원,,066360
175,국토교통부,(주)충남고속,2018,사업장,교통(여객),29574.0,421.0,(주)한국경영인증원,,NULL
176,산업통상자원부,(주)충무화학정선,2018,업체,시멘트,172329.0,597.0,(재)한국품질재단,,NULL
177,농림축산식품부,(주)카길애그리퓨리나 평택공장,2018,사업장,식료품 제조업,19436.0,392.0,(재)한국품질재단,,NULL
178,산업통상자원부,(주)카펙발레오,2018,사업장,자동차,23060.0,459.0,한국표준협회,,NULL
179,산업통상자원부,(주)칼링크,2018,사업장,자동차,26846.0,539.0,지속가능인증원주식회사,,NULL
180,산업통상자원부,(주)캐스텍코리아,2018,사업장,자동차,47599.0,853.0,한국표준협회,,071850
181,산업통상자원부,(주)케이에프엔티,2018,사업장,석유화학,18086.0,401.0,(주)한국경영인증원,,NULL
182,산업통상자원부,(주)케이이씨,2018,사업장,반도체,43538.0,567.0,로이드인증원㈜,,NULL
183,농림축산식품부,(주)케이티앤지,2018,사업장,음식료품,103776.0,2015.0,(재)한국품질재단,,033780
184,산업통상자원부,(주)케이피켐텍,2018,사업장,섬유,42652.0,922.0,(재)한국품질재단,,NULL
185,산업통상자원부,(주)코다코,2018,사업장,자동차,24596.0,496.0,(재)한국품질재단,,046070
186,산업통상자원부,(주)코리아써키트,2018,사업장,전기전자,102191.0,2025.0,(주)비에스아이그룹코리아,,007810
187,국토교통부,(주)코리아와이드경북,2018,업체,교통(여객),57694.0,814.0,(주)한국경영인증원,,NULL
188,국토교통부,(주)코리아와이드포항,2018,사업장,교통(여객),22274.0,416.0,(주)한국경영인증원,,NULL
189,산업통상자원부,(주)코스틸,2018,사업장,철강,56344.0,960.0,이큐에이㈜,,NULL
190,산업통상자원부,(주)크린앤사이언스,2018,사업장,제지,13080.0,372.0,(주)신화엔지니어링종합건축사사무소,,045520
191,환경부,(주)클렌코,2018,업체,폐기물,225913.0,155.0,한국표준협회,,NULL
192,산업통상자원부,(주)태광,2018,사업장,철강,11816.0,230.0,산림조합중앙회,,023160
193,산업통상자원부,(주)태영열처리,2018,사업장,기계,15753.0,320.0,한국표준협회,,NULL
194,산업통상자원부,(주)태우,2018,사업장,비철금속,17261.0,336.0,한국가스안전공사,,NULL
195,산업통상자원부,(주)태웅,2018,사업장,기계,217552.0,3998.0,(재)한국품질재단,,044490
196,산업통상자원부,(주)태평양금속,2018,사업장,요업,52972.0,1058.0,이큐에이㈜,,NULL
197,산업통상자원부,(주)테크팩솔루션,2018,업체,유리,231866.0,3912.0,(재)한국품질재단,,NULL
198,산업통상자원부,(주)티씨씨스틸,2018,사업장,철강,29360.0,588.0,이큐에이㈜,,NULL
199,농림축산식품부,(주)파리크라상 성남공장,2018,사업장,식료품 제조업,18743.0,378.0,한국표준협회,,NULL
200,국토교통부,(주)판토스,2018,사업장,교통(화물),43270.0,660.0,한국표준협회,,NULL
201,산업통상자원부,(주)퍼시픽글라스,2018,사업장,유리,28090.0,485.0,한국표준협회,,009080
202,국토교통부,(주)평안운수,2018,사업장,교통(여객),18960.0,316.0,산림조합중앙회,,NULL
203,산업통상자원부,(주)평화,2018,사업장,섬유,9265.0,177.0,한국표준협회,,NULL
204,농림축산식품부,(주)포레스코,2018,사업장,목재,32867.0,776.0,한국표준협회,,NULL
205,산업통상자원부,(주)풍농 장항공장,2018,사업장,석유화학,20549.0,408.0,이큐에이㈜,,NULL
206,산업통상자원부,(주)풍정주공,2018,사업장,철강,32100.0,588.0,한국표준협회,,NULL
207,산업통상자원부,(주)피엔디티,2018,사업장,자동차,19530.0,378.0,한국표준협회,,NULL
208,산업통상자원부,(주)피케이엘,2018,사업장,반도체.디스플레이.전기전자,16631.0,336.0,이큐에이㈜,,039870
209,산업통상자원부,(주)필맥스,2018,사업장,석유화학,28034.0,564.0,㈜한국품질보증원,,NULL
210,농림축산식품부,(주)하림,2018,사업장,음식료품,82111.0,1891.0,(재)한국품질재단,,136480
211,산업통상자원부,(주)한국아트라스비엑스,2018,사업장,전기전자,33172.0,678.0,(재)한국화학융합시험연구원,,023890
212,산업통상자원부,(주)한국알스트롬,2018,사업장,제지,53907.0,675.0,(재)한국품질재단,,NULL
213,농림축산식품부,(주)한국인삼공사 고려인삼창(부여공장),2018,사업장,식료품 제조업,18805.0,378.0,(주)한국경영인증원,,NULL
214,산업통상자원부,(주)한금 포항공장,2018,사업장,철강,17498.0,379.0,한국표준협회,,NULL
215,산업통상자원부,(주)한솔케미칼,2018,사업장,석유화학,112611.0,2607.0,대일이엔씨기술(주),,014680
216,농림축산식품부,(주)한솔홈데코,2018,사업장,목재,74930.0,1366.0,(주)한국경영인증원,,025750
217,산업통상자원부,(주)한양에스앤씨 함안지점,2018,사업장,자동차,18336.0,339.0,한국표준협회,,NULL
218,해양수산부,(주)한일고속,2018,업체,교통(해운),85681.0,1186.0,(주)한국경영인증원,,NULL
219,산업통상자원부,(주)한주,2018,업체,산업단지,1157594.0,14776.0,한국표준협회,,NULL
220,국토교통부,(주)한진,2018,업체,교통(화물),124286.0,1868.0,티유브이슈드코리아㈜,,002320
221,산업통상자원부,(주)한창제지,2018,업체,제지,142821.0,2011.0,한국표준협회,,009460
222,산업통상자원부,(주)한화,2018,사업장,석유화학,102695.0,1877.0,㈜디엔브이지엘비즈니스어슈어런스코리아,,000880
223,국토교통부,(주)현대백화점,2018,업체,건물,150924.0,3107.0,한국표준협회,,069960
224,산업통상자원부,(주)현대엘앤씨,2018,사업장,석유화학,31302.0,633.0,한국표준협회,,NULL
225,산업통상자원부,(주)현대케피코,2018,사업장,자동차,29168.0,595.0,한국생산성본부인증원(주),,NULL
226,국토교통부,(주)호텔신라,2018,사업장,건물,21634.0,436.0,한국표준협회,,008770
227,산업통상자원부,(주)화승알앤에이,2018,사업장,석유화학,23007.0,465.0,한국표준협회,,378850
228,산업통상자원부,(주)화승케미칼,2018,사업장,산업,28985.0,589.0,이큐에이㈜,,NULL
229,산업통상자원부,(주)흥아 양산1공장,2018,사업장,석유화학,14118.0,282.0,(재)한국품질재단,,NULL
230,산업통상자원부,(주)흥아 양산2공장,2018,사업장,석유화학,14124.0,277.0,(재)한국품질재단,,NULL
231,국토교통부,(합)경남여객,2018,사업장,교통(여객),50572.0,806.0,한국표준협회,,NULL
232,국토교통부,CJ대한통운(주),2018,업체,교통(화물),216648.0,3625.0,(주)한국경영인증원,,000120
233,농림축산식품부,CJ제일제당(주),2018,업체,음식료품,396198.0,9102.0,(재)한국화학융합시험연구원,,097950
234,국토교통부,GS건설(주),2018,업체,건설,107010.0,2057.0,한국표준협회,,006360
235,산업통상자원부,GS파워,2018,업체,집단에너지,2077996.0,40414.0,(재)한국품질재단,,NULL
236,산업통상자원부,HSD엔진(주),2018,사업장,기계,26800.0,481.0,㈜디엔브이지엘비즈니스어슈어런스코리아,,NULL
237,산업통상자원부,JW 생명과학(주),2018,사업장,석유화학,25147.0,605.0,한국표준협회,,NULL
238,산업통상자원부,KPX 케미칼(주),2018,사업장,석유화학,19461.0,593.0,(주)한국경영인증원,,NULL
239,산업통상자원부,LB세미콘(주),2018,사업장,반도체.디스플레이.전기전자,23179.0,475.0,(재)한국품질재단,,061970
240,산업통상자원부,LG엠엠에이,2018,업체,석유화학,182368.0,2929.0,(주)한국경영인증원,,NULL
241,산업통상자원부,LS산전(주) 청주사업장,2018,사업장,반도체.디스플레이.전기전자,21799.0,445.0,(주)한국경영인증원,,NULL
242,산업통상자원부,OCI SE 주식회사,2018,업체,발전에너지,1191146.0,21977.0,(재)한국품질재단,,NULL
243,산업통상자원부,S&T모티브(주),2018,사업장,자동차,18794.0,384.0,한국표준협회,,NULL
244,산업통상자원부,S&T중공업(주),2018,사업장,자동차,16156.0,301.0,한국표준협회,,NULL
245,산업통상자원부,S-Oil(주),2018,업체,정유,8822778.0,119612.0,한국표준협회,,010950
246,산업통상자원부,SK(주) 대덕 데이터센터,2018,사업장,통신,19703.0,405.0,대일이엔씨기술(주),,NULL
247,산업통상자원부,SKbroadband(주),2018,업체,통신,272848.0,5586.0,(재)한국품질재단,,NULL
248,국토교통부,SK네트웍스(주) 워커힐,2018,사업장,건물,24959.0,502.0,(주)비에스아이그룹코리아,,NULL
249,산업통상자원부,SK이노베이션(주),2018,업체,전기전자,264942.0,5385.0,한국표준협회,,096770
250,산업통상자원부,SK인천석유화학(주),2018,업체,석유화학,1789360.0,49727.0,한국표준협회,,NULL
251,산업통상자원부,STX 조선해양(주),2018,사업장,조선,39009.0,704.0,(재)한국품질재단,,NULL
252,산업통상자원부,Y&T파워텍(주),2018,사업장,자동차,17733.0,364.0,(주)비에스아이그룹코리아,,NULL
253,산업통상자원부,가온전선주식회사,2018,사업장,반도체.디스플레이.전기전자,16549.0,332.0,(주)비에스아이그룹코리아,,000500
254,국토교통부,가톨릭대학교 서울성모병원,2018,사업장,건물,41689.0,843.0,한국표준협회,,NULL
255,국토교통부,강남금융센터(주),2018,사업장,건물,17874.0,364.0,한국표준협회,,NULL
256,산업통상자원부,강남화성(주),2018,사업장,석유화학,21578.0,412.0,한국표준협회,,NULL
257,환경부,강릉시,2018,사업장,폐기물,37689.0,101.0,(주)비에스아이그룹코리아,,NULL
258,국토교통부,강변테크노마트 주식회사,2018,사업장,건물,16336.0,335.0,대일이엔씨기술(주),,NULL
259,국토교통부,강원고속,2018,사업장,교통(여객),24931.0,355.0,한국표준협회,,NULL
260,국토교통부,강원대학교 춘천캠퍼스,2018,사업장,건물,19878.0,405.0,한국표준협회,,NULL
261,국토교통부,강원여객자동차,2018,사업장,교통(여객),19543.0,283.0,한국표준협회,,NULL
262,환경부,거제시,2018,사업장,폐기물,61891.0,431.0,(재)한국품질재단,,NULL
263,국토교통부,건국대학교,2018,사업장,건물,27651.0,564.0,이큐에이㈜,,NULL
264,국토교통부,경북대학교,2018,사업장,건물,35188.0,713.0,㈜한국품질보증원,,NULL
265,산업통상자원부,경산제지 주식회사,2018,사업장,제지,99046.0,887.0,한국표준협회,,NULL
268,국토교통부,경전여객자동차(주),2018,사업장,교통(여객),18667.0,265.0,한국표준협회,,NULL
269,환경부,경주시,2018,사업장,폐기물,98002.0,576.0,㈜한국품질보증원,,NULL
270,국토교통부,경진여객운수(주),2018,사업장,교통(여객),28550.0,473.0,(주)한국경영인증원,,NULL
271,산업통상자원부,경창산업(주) 본사,2018,사업장,자동차,22174.0,455.0,한국생산성본부인증원(주),,NULL
272,산업통상자원부,고려강선(주),2018,사업장,철강,102017.0,2126.0,한국생산성본부인증원(주),,NULL
273,산업통상자원부,고려기초소재,2018,사업장,시멘트,23623.0,418.0,한국표준협회,,NULL
274,산업통상자원부,고려아연 주식회사,2018,업체,비철금속,3845650.0,53008.0,(재)한국품질재단,,010130
275,산업통상자원부,고려용접봉(주),2018,사업장,기계,21721.0,442.0,㈜한국품질보증원,,NULL
276,산업통상자원부,고려제강(주),2018,업체,철강,122054.0,2464.0,한국생산성본부인증원(주),,002240
277,산업통상자원부,고려특수선재(주),2018,사업장,철강,18625.0,381.0,로이드인증원㈜,,NULL
278,환경부,고양시,2018,업체,폐기물,249088.0,1052.0,㈜한국품질보증원,,NULL
279,국토교통부,공항철도(주),2018,업체,교통(철도),55513.0,1139.0,이큐에이㈜,,NULL
280,환경부,광명시,2018,사업장,폐기물,67337.0,247.0,(재)한국화학융합시험연구원,,NULL
281,해양수산부,광양선박(주),2018,업체,교통(해운),50259.0,692.0,㈜디엔브이지엘비즈니스어슈어런스코리아,,NULL
282,국토교통부,광주과학기술원,2018,사업장,건물,21486.0,438.0,한국표준협회,,NULL
283,환경부,광주광역시,2018,업체,폐기물,456754.0,1489.0,(재)한국품질재단,,NULL
284,국토교통부,광주광역시도시철도공사,2018,사업장,교통(철도),19265.0,395.0,한국표준협회,,NULL
285,산업통상자원부,광진산업(주),2018,사업장,시멘트,86892.0,222.0,한국생산성본부인증원(주),,NULL
286,환경부,구리시,2018,업체,폐기물,126278.0,633.0,㈜한국품질보증원,,NULL
287,환경부,구미시,2018,업체,폐기물,196386.0,950.0,㈜한국품질보증원,,NULL
288,국토교통부,국가핵융합연구소,2018,사업장,건물,19958.0,410.0,(주)신화엔지니어링종합건축사사무소,,NULL
289,산업통상자원부,국도화학(주),2018,사업장,석유화학,47876.0,1346.0,로이드인증원㈜,,007690
290,국토교통부,국립대학법인 서울대학교,2018,업체,건물,142299.0,2881.0,(재)한국품질재단,,NULL
291,국토교통부,국립암센터,2018,사업장,건물,18530.0,387.0,이큐에이㈜,,NULL
292,국토교통부,국방과학연구소,2018,사업장,건물,20216.0,407.0,(재)한국품질재단,,NULL
293,산업통상자원부,국일제지(주),2018,사업장,제지,20250.0,407.0,이큐에이㈜,,078130
294,국토교통부,국회사무처,2018,사업장,건물,22337.0,464.0,한국표준협회,,NULL
295,환경부,군산시,2018,사업장,폐기물,90029.0,402.0,한국산업기술시험원,,NULL
296,산업통상자원부,군장에너지주식회사,2018,업체,산업단지,2331031.0,41159.0,㈜디엔브이지엘비즈니스어슈어런스코리아,,NULL
297,환경부,군포시,2018,사업장,폐기물,43986.0,83.0,한국표준협회,,NULL
298,산업통상자원부,그린케미칼 주식회사,2018,사업장,석유화학,70312.0,1423.0,한국가스안전공사,,083420
299,산업통상자원부,금강공업(주) 음성 제2공장,2018,사업장,비철금속,23201.0,392.0,(주)한국경영인증원,,NULL
300,해양수산부,금진해운(주),2018,사업장,교통(해운),20603.0,286.0,㈜디엔브이지엘비즈니스어슈어런스코리아,,NULL
301,국토교통부,금호고속(주) 고속사업부,2018,업체,교통(여객),171474.0,2459.0,(주)한국경영인증원,,NULL
302,산업통상자원부,금호미쓰이화학 주식회사,2018,사업장,석유화학,96100.0,1778.0,(재)한국품질재단,,NULL
303,산업통상자원부,금호석유화학 주식회사,2018,업체,석유화학,3500431.0,42822.0,한국표준협회,,011780
304,산업통상자원부,금호타이어(주),2018,업체,석유화학,261768.0,5268.0,지속가능인증원주식회사,,073240
305,산업통상자원부,금호폴리켐주식회사,2018,업체,석유화학,313095.0,5201.0,(재)한국품질재단,,NULL
306,산업통상자원부,금호피앤비화학 주식회사,2018,업체,석유화학,921126.0,12171.0,한국표준협회,,NULL
307,산업통상자원부,기아자동차(주),2018,업체,자동차,730865.0,14719.0,로이드인증원㈜,,NULL
308,환경부,김천시,2018,사업장,폐기물,74150.0,298.0,㈜한국품질보증원,,NULL
309,산업통상자원부,김천에너지서비스주식회사,2018,업체,산업단지,748311.0,8285.0,한국표준협회,,NULL
310,국토교통부,김포운수(주),2018,사업장,교통(여객),25524.0,469.0,(주)한국경영인증원,,NULL
311,환경부,김해시,2018,업체,폐기물,186558.0,1281.0,(재)한국품질재단,,NULL
312,산업통상자원부,깨끗한나라 주식회사,2018,업체,제지,436044.0,5653.0,(재)한국품질재단,,004540
313,산업통상자원부,나래에너지서비스 주식회사,2018,업체,발전 · 에너지,761484.0,15162.0,한국생산성본부인증원(주),,NULL
314,산업통상자원부,나투라페이퍼 주식회사,2018,업체,제지,166127.0,1336.0,한국표준협회,,NULL
315,국토교통부,남성교통(주),2018,사업장,교통(여객),19985.0,375.0,(주)한국경영인증원,,NULL
316,산업통상자원부,남양금속주식회사,2018,사업장,기계,104965.0,1948.0,(주)한국경영인증원,,NULL
317,농림축산식품부,남양유업(주),2018,사업장,음식료품,89518.0,1989.0,한국표준협회,,003920
318,환경부,남양주시,2018,업체,지정외 폐기물처리업,75732.0,1020.0,(재)한국품질재단,,NULL
319,산업통상자원부,남해화학(주),2018,사업장,석유화학,68290.0,901.0,대일이엔씨기술(주),,025860
320,산업통상자원부,내포그린에너지(주),2018,사업장,발전에너지,23389.0,461.0,대일이엔씨기술(주),,NULL
321,산업통상자원부,네이버 데이터센터 각,2018,사업장,통신,64906.0,1336.0,한국표준협회,,NULL
322,산업통상자원부,네패스,2018,사업장,반도체.디스플레이.전기전자,20341.0,415.0,(주)비에스아이그룹코리아,,033640
323,산업통상자원부,넥센타이어(주),2018,업체,석유화학,210870.0,4176.0,(주)한국경영인증원,,002350
324,산업통상자원부,넥스틸(주),2018,사업장,철강,8364.0,171.0,대일이엔씨기술(주),,092790
325,산업통상자원부,노벨리스코리아 주식회사,2018,업체,비철금속,277777.0,5490.0,(주)한국경영인증원,,NULL
326,산업통상자원부,녹십자,2018,사업장,석유화학,29600.0,776.0,이큐에이㈜,,006280
327,국토교통부,농협은행(주),2018,업체,건물,94858.0,1378.0,한국표준협회,,NULL
328,산업통상자원부,능원금속공업 주식회사,2018,사업장,비철금속,29636.0,603.0,산림조합중앙회,,NULL
329,산업통상자원부,담우물산(주),2018,사업장,시멘트,60925.0,197.0,(주)한국경영인증원,,NULL
330,환경부,대구광역시,2018,업체,폐기물,1113894.0,5141.0,㈜한국품질보증원,,NULL
331,산업통상자원부,대구그린파워(주),2018,업체,집단에너지,853454.0,16998.0,이큐에이㈜,,NULL
332,국토교통부,대구도시철도공사,2018,업체,교통(철도),100388.0,2064.0,(주)한국경영인증원,,NULL
333,산업통상자원부,대구염색산업단지관리공단,2018,업체,산업단지,806162.0,9053.0,이큐에이㈜,,NULL
334,산업통상자원부,대구텍 유한회사,2018,사업장,비철금속,,,한국표준협회,2019년 명세서 공개심사 위원회 결정사항,NULL
335,산업통상자원부,대덕전자(주),2018,사업장,전기전자,105458.0,2154.0,한국표준협회,,353200
336,산업통상자원부,대동금속(주),2018,사업장,철강,33743.0,639.0,(주)한국경영인증원,,020400
337,산업통상자원부,대동산업주식회사,2018,사업장,요업,56235.0,978.0,이큐에이㈜,,NULL
338,산업통상자원부,대림산업 주식회사,2018,업체,석유화학,228626.0,4455.0,한국가스안전공사,,NULL
339,산업통상자원부,대림자동차공업(주),2018,사업장,자동차,42442.0,857.0,(주)한국경영인증원,,NULL
340,농림축산식품부,대상 주식회사,2018,업체,음식료품,553583.0,11147.0,한국표준협회,,001680
341,농림축산식품부,대성목재공업(주),2018,사업장,목재,27932.0,545.0,한국표준협회,,NULL
342,산업통상자원부,대성산업가스(주),2018,업체,석유화학,822492.0,16854.0,㈜한국품질보증원,,NULL
343,산업통상자원부,대성지엠텍(주),2018,업체,광업,136004.0,334.0,(주)한국경영인증원,,NULL
344,산업통상자원부,대신염직공업(주),2018,사업장,섬유,15968.0,306.0,이큐에이㈜,,NULL
345,국토교통부,대신정기화물자동차(주),2018,업체,교통(화물),56117.0,795.0,(주)한국경영인증원,,NULL
346,산업통상자원부,대양금속(주),2018,사업장,기계,21104.0,413.0,(재)한국품질재단,,009190
347,산업통상자원부,대양제지공업(주),2018,업체,제지,140737.0,1595.0,한국표준협회,,006580
348,산업통상자원부,대용산업,2018,사업장,비철금속,5591.0,114.0,㈜디엔브이지엘비즈니스어슈어런스코리아,,NULL
349,산업통상자원부,대우조선해양(주),2018,업체,조선,430250.0,7614.0,한국표준협회,,NULL
350,산업통상자원부,대원강업(주),2018,사업장,자동차,25408.0,511.0,티유브이슈드코리아㈜,,000430
351,산업통상자원부,대원화성(주),2018,사업장,석유화학,21206.0,399.0,한국표준협회,,024890
352,환경부,대일개발 주식회사,2018,사업장,폐기물,73024.0,125.0,티유브이슈드코리아㈜,,NULL
353,환경부,대전광역시,2018,업체,폐기물,559285.0,2549.0,이큐에이㈜,,NULL
354,국토교통부,대전광역시도시철도공사,2018,사업장,교통(철도),17933.0,368.0,(주)한국경영인증원,,NULL
355,산업통상자원부,대전열병합발전주식회사,2018,업체,산업단지,159766.0,3026.0,한국표준협회,,NULL
356,산업통상자원부,대창단조(주),2018,사업장,기계,22575.0,460.0,이큐에이㈜,,015230
357,국토교통부,대창운수(주),2018,사업장,교통(여객),25155.0,471.0,한국표준협회,,NULL
358,산업통상자원부,대한광통신 주식회사,2018,사업장,반도체.디스플레이.전기전자,18633.0,381.0,(주)한국경영인증원,,010170
359,산업통상자원부,대한방직(주),2018,사업장,섬유,30309.0,466.0,한국표준협회,,001070
360,농림축산식품부,대한사료(주),2018,사업장,식료품 제조업,18171.0,365.0,대일이엔씨기술(주),,NULL
361,산업통상자원부,대한석탄공사,2018,업체,광업,312848.0,989.0,한국생산성본부인증원(주),,NULL
362,산업통상자원부,대한소결금속(주),2018,사업장,자동차,22588.0,453.0,한국표준협회,,NULL
363,산업통상자원부,대한슬래그 주식회사,2018,사업장,요업,31322.0,571.0,한국표준협회,,NULL
364,산업통상자원부,대한시멘트주식회사,2018,사업장,시멘트,76925.0,1384.0,한국표준협회,,NULL
365,산업통상자원부,대한유화 주식회사,2018,업체,석유화학,1682231.0,31592.0,한국가스안전공사,,006650
366,산업통상자원부,대한전선 주식회사,2018,사업장,전기전자,39749.0,796.0,이큐에이㈜,,001440
367,산업통상자원부,대한제강(주),2018,업체,철강,412456.0,7242.0,한국표준협회,,084010
368,농림축산식품부,대한제당 주식회사,2018,사업장,음식료품,76360.0,1525.0,(재)한국품질재단,,001790
369,농림축산식품부,대한제분(주),2018,사업장,식료품 제조업,21357.0,438.0,대일이엔씨기술(주),,001130
370,산업통상자원부,대한제지주식회사,2018,업체,제지,223816.0,2649.0,한국표준협회,,NULL
371,산업통상자원부,대한조선주식회사,2018,사업장,조선,22263.0,362.0,한국표준협회,,439260
372,산업통상자원부,대한특수금속(주),2018,사업장,철강,18622.0,329.0,이큐에이㈜,,NULL
373,국토교통부,대한항공,2018,업체,항공,604670.0,9102.0,㈜디엔브이지엘비즈니스어슈어런스코리아,,003490
374,산업통상자원부,대한화섬(주),2018,사업장,섬유,45666.0,1022.0,한국표준협회,,003830
375,산업통상자원부,더블유스코프코리아(주) 1공장,2018,사업장,석유화학,17202.0,570.0,㈜한국품질보증원,,NULL
376,환경부,더블유아이케이그린 주식회사,2018,사업장,폐기물,68938.0,266.0,이큐에이㈜,,NULL
377,산업통상자원부,덴소코리아 주식회사,2018,사업장,자동차,15059.0,302.0,이큐에이㈜,,047060
378,산업통상자원부,도레이배터리세퍼레이터필름 한국유한회사,2018,사업장,전기전자,100084.0,2020.0,한국표준협회,,NULL
379,산업통상자원부,도레이첨단소재 주식회사,2018,업체,섬유,667407.0,13223.0,(주)비에스아이그룹코리아,,NULL
380,국토교통부,도명특송(주),2018,사업장,교통(화물),29280.0,414.0,한국표준협회,,NULL
381,산업통상자원부,동국산업(주),2018,사업장,철강,38811.0,770.0,한국표준협회,,005160
382,산업통상자원부,동국제강 주식회사,2018,업체,철강,1952467.0,33755.0,(재)한국품질재단,,460860
383,산업통상자원부,동남정밀 주식회사,2018,사업장,자동차,15825.0,320.0,한국표준협회,,NULL
384,산업통상자원부,동두천드림파워,2018,업체,발전 · 에너지,2493561.0,49672.0,대일이엔씨기술(주),,NULL
385,환경부,동두천시공공하수처리장,2018,사업장,폐기물,17681.0,112.0,한국표준협회,,NULL
386,산업통상자원부,동부인천스틸주식회사,2018,업체,철강,126497.0,2718.0,(재)한국품질재단,,NULL
387,산업통상자원부,동부제철 주식회사,2018,업체,철강,269642.0,5683.0,(재)한국품질재단,,NULL
388,산업통상자원부,동서석유화학 주식회사,2018,업체,석유화학,392276.0,1696.0,로이드인증원㈜,,NULL
389,농림축산식품부,동서식품(주),2018,업체,음식료품,118738.0,2593.0,(재)한국품질재단,,NULL
390,산업통상자원부,동서페더럴모굴(주),2018,사업장,자동차,21716.0,441.0,(주)비에스아이그룹코리아,,NULL
391,국토교통부,동성교통(주),2018,사업장,교통(여객),17357.0,326.0,(주)한국경영인증원,,NULL
392,국토교통부,동아운수(주),2018,사업장,교통(여객),20315.0,381.0,산림조합중앙회,,NULL
393,산업통상자원부,동아타이어공업(주),2018,사업장,석유화학,13259.0,266.0,한국표준협회,,282690
394,산업통상자원부,동양산업(주)성산지점,2018,사업장,자동차,16672.0,342.0,(주)한국경영인증원,,NULL
395,환경부,동양에코 주식회사,2018,업체,폐기물,233406.0,289.0,한국표준협회,,NULL
396,산업통상자원부,동양주공(주),2018,사업장,철강,11207.0,213.0,이큐에이㈜,,NULL
397,산업통상자원부,동양피스톤(주),2018,사업장,자동차,29497.0,599.0,이큐에이㈜,,NULL
398,산업통상자원부,동우화인켐주식회사,2018,업체,석유화학,422494.0,6940.0,(재)한국품질재단,,NULL
399,산업통상자원부,동원페이퍼(주),2018,사업장,제지,96129.0,1757.0,이큐에이㈜,,NULL
400,산업통상자원부,동은단조(주) 밀양공장,2018,사업장,자동차,18613.0,381.0,㈜한국품질보증원,,NULL
401,산업통상자원부,동은단조(주) 부산공장,2018,사업장,기계,19487.0,398.0,㈜한국품질보증원,,NULL
402,산업통상자원부,동일금속,2018,사업장,철강,6761.0,134.0,한국표준협회,,109860
403,산업통상자원부,동일산업주식회사,2018,업체,철강,334968.0,4002.0,한국표준협회,,004890
404,산업통상자원부,동일알루미늄(주),2018,사업장,비철금속,18927.0,386.0,한국표준협회,,NULL
405,산업통상자원부,동일제강(주),2018,사업장,철강,18841.0,375.0,한국표준협회,,002690
406,농림축산식품부,동화기업(주),2018,사업장,목재,120661.0,3947.0,한국표준협회,,025900
407,산업통상자원부,동화지앤피주식회사,2018,사업장,유리 · 요업,22473.0,346.0,(주)한국경영인증원,,NULL
408,산업통상자원부,동희오토(주),2018,사업장,자동차,43758.0,877.0,(주)한국경영인증원,,NULL
409,산업통상자원부,두산메카텍 주식회사,2018,사업장,기계,11792.0,214.0,(주)한국경영인증원,,NULL
410,산업통상자원부,두산인프라코어(주),2018,사업장,기계,108244.0,2067.0,(재)한국품질재단,,NULL
411,산업통상자원부,두산중공업 주식회사,2018,업체,기계,243680.0,4577.0,(재)한국품질재단,,NULL
412,산업통상자원부,두원중공업(주),2018,사업장,기계,29953.0,609.0,(주)신화엔지니어링종합건축사사무소,,NULL
413,산업통상자원부,디에스파워 주식회사,2018,업체,집단에너지,1096130.0,21921.0,한국표준협회,,NULL
414,산업통상자원부,디케이동신(주),2018,사업장,철강,26356.0,489.0,한국표준협회,,NULL
415,국토교통부,롯데건설(주),2018,업체,건설,48698.0,911.0,한국표준협회,,NULL
416,농림축산식품부,롯데네슬레코리아(주),2018,사업장,음식료품,31944.0,623.0,(재)한국품질재단,,NULL
417,국토교통부,롯데물산(주),2018,업체,건물,38447.0,797.0,(주)한국경영인증원,,NULL
418,산업통상자원부,롯데비피화학 주식회사,2018,업체,석유화학,165549.0,2310.0,한국표준협회,,NULL
419,국토교통부,롯데쇼핑 주식회사,2018,업체,건물,801304.0,15861.0,한국표준협회,,023530
420,산업통상자원부,롯데알미늄 주식회사,2018,사업장,비철금속,89742.0,1805.0,(재)한국품질재단,,NULL
421,산업통상자원부,롯데엠시시 주식회사,2018,업체,석유화학,324373.0,2943.0,한국표준협회,,NULL
422,산업통상자원부,롯데정밀화학 주식회사,2018,업체,석유화학,673892.0,17063.0,로이드인증원㈜,,004000
423,산업통상자원부,롯데정보통신(주),2018,사업장,통신,15906.0,326.0,한국표준협회,,NULL
424,농림축산식품부,롯데제과 주식회사,2018,업체,음식료품,127234.0,2545.0,(재)한국품질재단,,NULL
425,산업통상자원부,롯데첨단소재 주식회사,2018,업체,석유화학,414684.0,7645.0,㈜디엔브이지엘비즈니스어슈어런스코리아,,NULL
426,농림축산식품부,롯데칠성음료 주식회사,2018,업체,음식료품,161451.0,2881.0,(주)한국경영인증원,,005300
427,국토교통부,롯데컬처웍스(주),2018,업체,건물,68254.0,1358.0,한국표준협회,,NULL
428,산업통상자원부,롯데케미칼 주식회사,2018,업체,석유화학,5883084.0,112856.0,(재)한국품질재단,,011170
429,농림축산식품부,롯데푸드(주),2018,사업장,음식료품,113742.0,2249.0,(주)한국경영인증원,,002270
430,산업통상자원부,르노삼성자동차(주),2018,사업장,자동차,100440.0,2080.0,(재)한국품질재단,,NULL
431,산업통상자원부,만호제강(주),2018,사업장,철강,30881.0,627.0,한국표준협회,,001080
432,산업통상자원부,매그나칩반도체(유),2018,업체,반도체,595925.0,4953.0,(주)비에스아이그룹코리아,,NULL
433,농림축산식품부,매일유업(주),2018,사업장,음식료품,109695.0,2092.0,(주)한국경영인증원,,267980
434,국토교통부,명성운수(주),2018,사업장,교통(여객),31553.0,505.0,이큐에이㈜,,NULL
435,산업통상자원부,명화공업(주) 아산공장,2018,사업장,자동차,20404.0,411.0,한국표준협회,,NULL
436,산업통상자원부,무림에스피(주),2018,사업장,제지,51213.0,1028.0,한국표준협회,,NULL
437,산업통상자원부,무림파워텍 주식회사,2018,업체,산업단지,169106.0,2963.0,한국표준협회,,NULL
438,산업통상자원부,무림페이퍼(주),2018,업체,제지,221377.0,4589.0,한국표준협회,,009200
439,산업통상자원부,무림피앤피(주),2018,업체,제지,254926.0,13983.0,한국표준협회,,NULL
440,환경부,문경시 하수도사업소,2018,사업장,폐기물,16614.0,142.0,(재)한국화학융합시험연구원,,NULL
441,국토교통부,문화방송,2018,사업장,건물,17838.0,381.0,(주)한국경영인증원,,NULL
442,산업통상자원부,미래나노텍(주),2018,사업장,반도체.디스플레이.전기전자,20570.0,412.0,(주)한국경영인증원,,095500
443,산업통상자원부,미쓰이케미칼앤드에스케이씨폴리우레탄 주식회사,2018,사업장,석유화학,20397.0,478.0,한국표준협회,,NULL
444,산업통상자원부,미원스페셜티케미칼(주) 충주공장,2018,사업장,석유화학,26972.0,538.0,이큐에이㈜,,NULL
445,산업통상자원부,바스프컬러스앤이펙츠코리아(주),2018,사업장,석유화학,18909.0,530.0,(재)한국품질재단,,NULL
446,산업통상자원부,발레오전장시스템스코리아(주),2018,사업장,자동차,14305.0,292.0,(주)비에스아이그룹코리아,,NULL
447,산업통상자원부,백광산업 주식회사,2018,업체,석유화학,215267.0,4273.0,한국표준협회,,NULL
448,산업통상자원부,버슘머트리얼즈피엠코리아,2018,사업장,석유화학,27295.0,561.0,로이드인증원㈜,,NULL
449,국토교통부,범일운수,2018,사업장,교통(여객),18959.0,355.0,(주)한국경영인증원,,NULL
450,환경부,베올리아워터코리아대산(주),2018,사업장,수도,88999.0,1821.0,(주)한국경영인증원,,NULL
451,산업통상자원부,별내에너지,2018,사업장,집단에너지,136028.0,2697.0,한국생산성본부인증원(주),,NULL
452,국토교통부,보영운수(주),2018,사업장,교통(여객),19426.0,312.0,한국표준협회,,NULL
453,산업통상자원부,볼보그룹코리아(주),2018,사업장,기계,25693.0,491.0,한국표준협회,,NULL
454,환경부,부산광역시,2018,업체,폐기물,1128242.0,10493.0,로이드인증원㈜,,NULL
455,국토교통부,부산교통(주),2018,사업장,교통(여객),19125.0,275.0,한국표준협회,,NULL
456,국토교통부,부산교통공사,2018,업체,교통(철도),167092.0,3435.0,한국표준협회,,NULL
457,국토교통부,부산대학교,2018,사업장,건물,23631.0,483.0,㈜한국품질보증원,,NULL
458,산업통상자원부,부산정관에너지(주),2018,사업장,집단에너지,69350.0,1376.0,(주)신화엔지니어링종합건축사사무소,,NULL
459,산업통상자원부,부산주공(주),2018,사업장,자동차,116825.0,2160.0,㈜한국품질보증원,,005030
460,산업통상자원부,부산패션칼라산업협동조합,2018,업체,산업단지,183017.0,2596.0,이큐에이㈜,,NULL
461,환경부,부천시,2018,업체,폐기물,260450.0,1472.0,한국산업기술시험원,,NULL
462,산업통상자원부,부흥석회,2018,사업장,시멘트,39290.0,100.0,티유브이슈드코리아㈜,,NULL
463,국토교통부,북부운수(주),2018,사업장,교통(여객),15695.0,294.0,산림조합중앙회,,NULL
464,산업통상자원부,브이피에이치메탈 유한회사,2018,사업장,철강,33654.0,618.0,(주)한국경영인증원,,NULL
465,환경부,비노텍 주식회사,2018,사업장,폐기물,102699.0,77.0,이큐에이㈜,,NULL
466,산업통상자원부,비를라카본코리아(주),2018,사업장,석유화학,130919.0,473.0,(재)한국품질재단,,NULL
467,국토교통부,사회복지법인 삼성생명공익재단,2018,사업장,건물,87413.0,1768.0,(재)한국품질재단,,NULL
468,산업통상자원부,삼강에스앤씨(주),2018,사업장,조선,8968.0,152.0,(재)한국품질재단,,NULL
469,산업통상자원부,삼강엠앤티,2018,사업장,조선,19427.0,328.0,한국표준협회,,NULL
470,산업통상자원부,삼광글라스(주),2018,업체,유리,148039.0,2536.0,(재)한국품질재단,,NULL
471,산업통상자원부,삼남석유화학주식회사,2018,업체,석유화학,207954.0,2583.0,한국표준협회,,NULL
472,산업통상자원부,삼미금속(주),2018,사업장,철강,18481.0,371.0,한국표준협회,,012210
473,산업통상자원부,삼보산업 주식회사,2018,사업장,비철금속,26034.0,384.0,한국표준협회,,009620
474,산업통상자원부,삼성디스플레이 주식회사,2018,업체,디스플레이,5199329.0,82222.0,(재)한국품질재단,,NULL
475,국토교통부,삼성물산 주식회사,2018,업체,건설,119594.0,2464.0,(주)한국경영인증원,,000830
476,산업통상자원부,삼성바이오로직스 주식회사,2018,사업장,석유화학,116579.0,2360.0,(재)한국품질재단,,207940
477,국토교통부,삼성생명보험 주식회사,2018,업체,건물,90281.0,1340.0,로이드인증원㈜,,NULL
478,산업통상자원부,삼성에스디아이 주식회사,2018,업체,전기전자,511379.0,10509.0,(재)한국품질재단,,NULL
479,산업통상자원부,삼성에스디에스(주),2018,사업장,통신,94588.0,1932.0,(주)한국경영인증원,,018260
480,산업통상자원부,삼성전기 주식회사,2018,업체,전기전자,435279.0,9139.0,(주)비에스아이그룹코리아,,009150
481,산업통상자원부,삼성전자 주식회사,2018,업체,반도체,10775372.0,153681.0,(재)한국품질재단,,005930
482,산업통상자원부,삼성중공업 주식회사,2018,업체,조선,263861.0,4476.0,한국표준협회,,010140
483,산업통상자원부,삼성코닝어드밴스드글라스 구미공장,2018,사업장,유리 · 요업,13891.0,303.0,로이드인증원㈜,,NULL
484,산업통상자원부,삼성코닝어드밴스드글라스 아산공장,2018,사업장,유리 · 요업,46794.0,940.0,로이드인증원㈜,,NULL
485,산업통상자원부,삼신정밀(주),2018,사업장,자동차,22272.0,452.0,한국표준협회,,NULL
486,산업통상자원부,삼아알미늄주식회사,2018,사업장,비철금속,17863.0,357.0,한국표준협회,,006110
487,농림축산식품부,삼양식품(주) 원주공장,2018,사업장,식료품 제조업,33236.0,656.0,(주)비에스아이그룹코리아,,NULL
488,산업통상자원부,삼양이노켐 주식회사,2018,사업장,석유화학,69459.0,1583.0,한국표준협회,,NULL
489,산업통상자원부,삼양통상(주),2018,사업장,섬유,15518.0,312.0,이큐에이㈜,,002170
490,산업통상자원부,삼양화성주식회사,2018,사업장,석유화학,111453.0,2553.0,한국표준협회,,NULL
491,산업통상자원부,삼영산업,2018,사업장,요업,24922.0,437.0,이큐에이㈜,,NULL
492,산업통상자원부,삼영엠텍(주),2018,사업장,철강,13091.0,265.0,한국표준협회,,054540
493,국토교통부,삼영운수(주),2018,사업장,교통(여객),35479.0,579.0,한국표준협회,,NULL
494,산업통상자원부,삼영전자공업(주),2018,업체,전기전자,161546.0,3315.0,한국산업기술시험원,,005680
495,산업통상자원부,삼영화학공업(주),2018,사업장,석유화학,32136.0,654.0,이큐에이㈜,,NULL
496,산업통상자원부,삼우중공업 주식회사,2018,사업장,조선,18390.0,303.0,(주)한국경영인증원,,NULL
497,산업통상자원부,삼정펄프(주),2018,업체,제지,155102.0,1427.0,(주)비에스아이그룹코리아,,009770
498,산업통상자원부,삼표시멘트,2018,업체,시멘트,6282553.0,34187.0,(재)한국품질재단,,038500
499,산업통상자원부,삼호제강주식회사,2018,사업장,철강,13526.0,269.0,이큐에이㈜,,NULL
500,산업통상자원부,삼화왕관(주),2018,사업장,기계,17763.0,351.0,한국표준협회,,004450
501,산업통상자원부,삼화제지(주),2018,사업장,제지,21492.0,795.0,한국표준협회,,NULL
502,산업통상자원부,삼흥열처리,2018,사업장,기계,29068.0,590.0,이큐에이㈜,,NULL
503,해양수산부,상지해운(주),2018,사업장,교통(해운),21177.0,289.0,㈜디엔브이지엘비즈니스어슈어런스코리아,,NULL
504,산업통상자원부,새론오토모티브(주),2018,사업장,자동차,21884.0,341.0,이큐에이㈜,,075180
505,국토교통부,새한특수(주),2018,사업장,교통(화물),17986.0,254.0,한국표준협회,,NULL
506,산업통상자원부,생고뱅이소바코리아 주식회사,2018,사업장,유리,36075.0,705.0,이큐에이㈜,,NULL
507,농림축산식품부,서안주정(주),2018,사업장,음료제조업,22355.0,296.0,지속가능인증원주식회사,,NULL
508,농림축산식품부,서영주정(주),2018,사업장,음료제조업,20447.0,460.0,(재)한국품질재단,,NULL
509,국토교통부,서울교통공사,2018,업체,교통(철도),647341.0,13318.0,(주)신화엔지니어링종합건축사사무소,,NULL
510,국토교통부,서울교통네트웍(주),2018,사업장,교통(여객),16944.0,318.0,(주)한국경영인증원,,NULL
511,산업통상자원부,서울냉열 주식회사,2018,사업장,석유화학,14830.0,305.0,이큐에이㈜,,NULL
512,국토교통부,서울대학교병원,2018,사업장,건물,83905.0,1723.0,한국표준협회,,NULL
513,산업통상자원부,서울바이오시스(주),2018,사업장,반도체,96472.0,1714.0,로이드인증원㈜,,092190
514,산업통상자원부,서울반도체,2018,사업장,반도체.디스플레이.전기전자,17980.0,368.0,로이드인증원㈜,,046890
515,국토교통부,서울시메트로 9호선(주),2018,사업장,교통(철도),38162.0,784.0,이큐에이㈜,,NULL
516,산업통상자원부,서울에너지공사,2018,업체,집단에너지,321380.0,6578.0,한국표준협회,,NULL
517,농림축산식품부,서울우유협동조합,2018,업체,식료품 제조업,65510.0,1294.0,한국표준협회,,NULL
518,환경부,서울특별시,2018,업체,폐기물,2898728.0,11890.0,한국표준협회,,NULL
519,국토교통부,서울특별시농수산식품공사,2018,사업장,건물,56701.0,1162.0,(주)한국경영인증원,,NULL
520,국토교통부,서울파이낸스센터(주),2018,사업장,건물,13456.0,274.0,한국생산성본부인증원(주),,NULL
521,산업통상자원부,서한이앤피주식회사,2018,사업장,기계,48209.0,954.0,이큐에이㈜,,NULL
522,산업통상자원부,선도화학(주),2018,사업장,석유화학,23047.0,474.0,한국가스안전공사,,NULL
523,국토교통부,선진버스(주),2018,사업장,교통(여객),25391.0,473.0,(재)한국화학융합시험연구원,,NULL
524,농림축산식품부,선창산업(주),2018,사업장,목재,84002.0,3540.0,한국표준협회,,NULL
525,환경부,성남시,2018,업체,폐기물,386845.0,1953.0,㈜한국품질보증원,,NULL
526,국토교통부,성남시내버스(주),2018,사업장,교통(여객),37330.0,652.0,한국표준협회,,NULL
527,산업통상자원부,성동조선해양 주식회사,2018,업체,조선,4562.0,92.0,한국표준협회,,NULL
528,환경부,성림유화 주식회사,2018,업체,폐기물,215544.0,219.0,티유브이슈드코리아㈜,,NULL
529,산업통상자원부,성보공업(주),2018,사업장,철강,21880.0,408.0,한국표준협회,,NULL
530,산업통상자원부,성신양회(주),2018,업체,시멘트,5358491.0,27624.0,한국표준협회,,004980
531,산업통상자원부,성안합섬(주),2018,사업장,섬유,77761.0,1572.0,이큐에이㈜,,NULL
532,산업통상자원부,성일요업주식회사,2018,사업장,유리 · 요업,19832.0,375.0,한국표준협회,,NULL
533,농림축산식품부,성창보드(주),2018,사업장,목재,30168.0,608.0,㈜한국품질보증원,,NULL
534,산업통상자원부,성훈엔지니어링주식회사,2018,사업장,비철금속,37001.0,732.0,한국가스안전공사,,NULL
535,산업통상자원부,세메스(주),2018,사업장,기계,25114.0,485.0,한국표준협회,,NULL
536,산업통상자원부,세방전지(주),2018,사업장,전기전자,122019.0,2486.0,이큐에이㈜,,004490
537,산업통상자원부,세일철강(주),2018,사업장,철강,10407.0,204.0,(재)한국품질재단,,NULL
538,산업통상자원부,세하(주),2018,업체,제지,168160.0,1808.0,이큐에이㈜,,NULL
539,산업통상자원부,세화금속공업(주) 다산공장,2018,사업장,철강,14780.0,274.0,이큐에이㈜,,NULL
540,산업통상자원부,셀트리온,2018,사업장,석유화학,45294.0,916.0,산림조합중앙회,,068270
541,산업통상자원부,셰플러코리아(유),2018,사업장,기계,104187.0,2131.0,티유브이슈드코리아㈜,,NULL
542,국토교통부,소신여객자동차(주),2018,사업장,교통(여객),30367.0,550.0,한국표준협회,,NULL
543,환경부,속초시 환경자원사업소,2018,사업장,지정외 폐기물처리업,19587.0,329.0,(주)한국경영인증원,,NULL
544,산업통상자원부,솔베이실리카코리아(주),2018,사업장,석유화학,36337.0,789.0,이큐에이㈜,,NULL
545,산업통상자원부,솔브레인에스엘디 주식회사,2018,사업장,디스플레이,45987.0,944.0,㈜한국품질보증원,,NULL
546,산업통상자원부,송원산업(주),2018,업체,석유화학,152805.0,3039.0,한국표준협회,,004430
547,산업통상자원부,송학제지(주),2018,사업장,제지,35399.0,311.0,이큐에이㈜,,NULL
548,환경부,수도권매립지관리공사,2018,업체,폐기물,1641072.0,1771.0,대일이엔씨기술(주),,NULL
549,산업통상자원부,수완에너지 주식회사,2018,업체,집단에너지,169847.0,3366.0,한국표준협회,,NULL
550,환경부,수원시,2018,업체,폐기물,289253.0,1561.0,㈜한국품질보증원,,NULL
551,국토교통부,수원애경역사(주),2018,사업장,건물,18829.0,382.0,한국표준협회,,NULL
552,국토교통부,수원여객운수(주),2018,업체,교통(여객),48488.0,897.0,한국표준협회,,NULL
553,환경부,순천시,2018,업체,폐기물,99171.0,498.0,한국산업기술시험원,,NULL
554,산업통상자원부,스미토모세이카폴리머스코리아(주),2018,사업장,석유화학,20935.0,902.0,한국표준협회,,NULL
555,산업통상자원부,스테코(주),2018,사업장,전기전자,40236.0,824.0,한국표준협회,,NULL
556,산업통상자원부,스템코(주),2018,사업장,반도체,52089.0,1123.0,(주)한국경영인증원,,NULL
557,산업통상자원부,시그네틱스(주),2018,사업장,반도체,43794.0,893.0,(주)한국경영인증원,,033170
558,환경부,시흥시,2018,사업장,폐기물,73185.0,675.0,(재)한국품질재단,,NULL
559,산업통상자원부,신대양제지(주),2018,업체,제지,312540.0,2515.0,한국표준협회,,016590
560,산업통상자원부,신대일제지공업(주),2018,사업장,제지,93036.0,366.0,이큐에이㈜,,NULL
561,환경부,신대한정유산업 주식회사,2018,사업장,폐기물,83607.0,143.0,(주)한국경영인증원,,NULL
562,국토교통부,신도림테크노마트 주식회사,2018,사업장,건물,17811.0,364.0,(주)한국경영인증원,,NULL
563,국토교통부,신분당선(주),2018,사업장,교통(철도),26114.0,538.0,(재)한국품질재단,,NULL
564,국토교통부,신성교통(주),2018,사업장,교통(여객),27226.0,482.0,대일이엔씨기술(주),,NULL
565,국토교통부,신안종합리조트(주),2018,사업장,건물,15380.0,304.0,(주)한국경영인증원,,NULL
566,산업통상자원부,신양금속공업(주) 반월공장,2018,사업장,비철금속,12849.0,254.0,한국표준협회,,NULL
567,산업통상자원부,신양금속공업(주) 제1공장,2018,사업장,비철금속,12375.0,263.0,한국표준협회,,NULL
568,산업통상자원부,신창제지공업주식회사,2018,사업장,제지,33926.0,685.0,한국표준협회,,NULL
569,산업통상자원부,신풍제지(주),2018,사업장,제지,113294.0,1793.0,(재)한국품질재단,,NULL
570,산업통상자원부,신한중공업(주),2018,사업장,조선,22154.0,377.0,㈜한국품질보증원,,NULL
571,산업통상자원부,신화인터텍(주),2018,사업장,반도체.디스플레이.전기전자,18581.0,374.0,한국표준협회,,056700
572,산업통상자원부,쌍용기초소재(주),2018,사업장,시멘트,21377.0,383.0,한국표준협회,,NULL
573,산업통상자원부,쌍용머티리얼(주),2018,사업장,자동차,39806.0,795.0,(재)한국품질재단,,NULL
574,산업통상자원부,쌍용양회공업 주식회사,2018,업체,시멘트,10972380.0,59958.0,한국표준협회,,NULL
575,산업통상자원부,쌍용자동차(주),2018,업체,자동차,144367.0,2873.0,㈜한국품질보증원,,NULL
576,산업통상자원부,씨엔씨티에너지 주식회사,2018,사업장,집단에너지,42949.0,854.0,티유브이슈드코리아㈜,,NULL
577,해양수산부,씨월드고속훼리(주),2018,업체,교통(해운),90268.0,1235.0,(주)한국경영인증원,,NULL
578,국토교통부,씨제이씨지브이(주),2018,업체,건물,85272.0,1689.0,(재)한국품질재단,,NULL
579,산업통상자원부,씨지앤율촌전력 주식회사,2018,업체,발전 · 에너지,2723162.0,53122.0,㈜한국품질보증원,,NULL
580,산업통상자원부,아반스트레이트코리아 주식회사,2018,사업장,유리,34492.0,662.0,㈜한국품질보증원,,NULL
581,산업통상자원부,아비코테크 주식회사,2018,사업장,반도체.디스플레이.전기전자,15736.0,321.0,(주)한국경영인증원,,NULL
582,산업통상자원부,아사히피디글라스한국(주),2018,사업장,유리,86.0,1.0,㈜디엔브이지엘비즈니스어슈어런스코리아,,NULL
583,환경부,아산시,2018,사업장,폐기물,43207.0,470.0,㈜한국품질보증원,,NULL
584,산업통상자원부,아세아시멘트 주식회사,2018,업체,시멘트,2559409.0,12613.0,한국표준협회,,183190
585,산업통상자원부,아세아제지(주),2018,업체,제지,500914.0,4355.0,한국표준협회,,002310
586,국토교통부,아시아나항공,2018,업체,항공,376354.0,5519.0,로이드인증원㈜,,020560
587,산업통상자원부,아이에스동서(주),2018,업체,유리 · 요업,95794.0,1768.0,한국표준협회,,010780
588,국토교통부,아주대학교의료원,2018,사업장,건물,26557.0,537.0,한국생산성본부인증원(주),,NULL
589,환경부,안동시,2018,사업장,폐기물,62944.0,393.0,(재)한국품질재단,,NULL
590,환경부,안산시,2018,업체,폐기물,288930.0,1383.0,㈜한국품질보증원,,NULL
591,환경부,안양시,2018,업체,폐기물,125732.0,927.0,㈜한국품질보증원,,NULL
592,산업통상자원부,애경유화(주),2018,업체,석유화학,143626.0,1269.0,한국표준협회,,NULL
593,산업통상자원부,앰코테크놀로지코리아(주),2018,업체,반도체,203740.0,4140.0,(주)비에스아이그룹코리아,,NULL
594,국토교통부,양산부산대학교병원,2018,사업장,건물,19282.0,392.0,한국산업기술시험원,,NULL
595,환경부,양산시,2018,사업장,폐기물,174996.0,832.0,(재)한국품질재단,,NULL
596,환경부,양주시,2018,사업장,폐기물,70089.0,756.0,㈜한국품질보증원,,NULL
597,산업통상자원부,에너원(주),2018,사업장,산업단지,39812.0,458.0,(주)한국경영인증원,,NULL
598,산업통상자원부,에스에스엘엠 주식회사,2018,사업장,반도체,20961.0,424.0,한국표준협회,,NULL
599,산업통상자원부,에스엔에프코리아(주) 울산공장,2018,사업장,석유화학,34664.0,698.0,(재)한국화학융합시험연구원,,NULL
600,산업통상자원부,에스케이가스(주),2018,사업장,발전에너지,22684.0,396.0,(재)한국품질재단,,018670
601,산업통상자원부,에스케이루브리컨츠 주식회사,2018,업체,정유,205626.0,6151.0,한국표준협회,,NULL
602,산업통상자원부,에스케이머티리얼즈 주식회사,2018,업체,석유화학,246151.0,5039.0,한국가스안전공사,,036490
603,산업통상자원부,에스케이실트론 주식회사,2018,업체,반도체,321699.0,6616.0,로이드인증원㈜,,NULL
604,산업통상자원부,에스케이씨 주식회사,2018,업체,석유화학,716470.0,13627.0,한국표준협회,,NULL
605,산업통상자원부,에스케이씨솔믹스주식회사,2018,사업장,반도체.디스플레이.전기전자,8805.0,180.0,한국표준협회,,NULL
606,산업통상자원부,에스케이씨코오롱피아이 주식회사,2018,사업장,석유화학,103686.0,1265.0,(재)한국품질재단,,NULL
607,산업통상자원부,에스케이씨하이테크앤마케팅(주),2018,사업장,석유화학,35352.0,663.0,(재)한국품질재단,,NULL
608,산업통상자원부,에스케이어드밴스드주식회사,2018,업체,석유화학,692883.0,12763.0,한국표준협회,,NULL
609,산업통상자원부,에스케이에너지 주식회사,2018,업체,정유,7408913.0,77118.0,한국표준협회,,NULL
610,산업통상자원부,에스케이에어가스 주식회사,2018,업체,석유화학,180004.0,3713.0,한국표준협회,,NULL
611,산업통상자원부,에스케이이엔에스 주식회사,2018,업체,발전 · 에너지,2835177.0,57327.0,(주)한국경영인증원,,NULL
612,산업통상자원부,에스케이종합화학 주식회사,2018,업체,석유화학,3201256.0,73882.0,한국표준협회,,NULL
613,산업통상자원부,에스케이케미칼(주),2018,업체,석유화학,536522.0,9041.0,(주)비에스아이그룹코리아,,285130
614,산업통상자원부,에스케이텔레콤 주식회사,2018,업체,통신,934664.0,19204.0,㈜디엔브이지엘비즈니스어슈어런스코리아,,017670
615,산업통상자원부,에스케이하이닉스 시스템아이씨(주),2018,업체,반도체,287048.0,4254.0,(주)비에스아이그룹코리아,,NULL
616,산업통상자원부,에스케이하이닉스 주식회사,2018,업체,반도체,3785044.0,71129.0,(주)비에스아이그룹코리아,,000660
617,산업통상자원부,에스폼(주),2018,사업장,비철금속,38987.0,684.0,한국표준협회,,NULL
618,농림축산식품부,에스피엘(주),2018,사업장,음식료품,26888.0,610.0,(주)비에스아이그룹코리아,,NULL
619,산업통상자원부,에어리퀴드코리아 주식회사,2018,업체,석유화학,186625.0,2350.0,로이드인증원㈜,,NULL
620,국토교통부,에어부산(주),2018,업체,항공,205972.0,2957.0,한국표준협회,,298690
621,산업통상자원부,에어프로덕츠코리아 주식회사,2018,업체,석유화학,815245.0,16729.0,로이드인증원㈜,,NULL
622,산업통상자원부,에이에스이코리아주식회사,2018,사업장,반도체,93160.0,1900.0,(재)한국품질재단,,NULL
623,산업통상자원부,에이지씨디스플레이글라스 오창 주식회사,2018,사업장,유리 · 요업,18107.0,372.0,㈜디엔브이지엘비즈니스어슈어런스코리아,,NULL
624,산업통상자원부,에이지씨화인테크노한국주식회사,2018,업체,유리,263287.0,5121.0,㈜디엔브이지엘비즈니스어슈어런스코리아,,NULL
625,국토교통부,에이치디씨아이파크몰 주식회사,2018,사업장,건물,21714.0,442.0,(재)한국화학융합시험연구원,,NULL
626,산업통상자원부,에이치디씨현대이피 주식회사,2018,사업장,석유화학,22970.0,435.0,한국표준협회,,NULL
627,산업통상자원부,에코플라스틱(주) 1공장,2018,사업장,자동차,17879.0,364.0,(재)한국품질재단,,NULL
628,산업통상자원부,엘앤에프,2018,사업장,반도체.디스플레이.전기전자,27793.0,540.0,(재)한국품질재단,,066970
629,산업통상자원부,엘에스니꼬 동제련 주식회사,2018,업체,비철금속,534897.0,8598.0,한국표준협회,,NULL
630,산업통상자원부,엘에스메탈 주식회사,2018,사업장,비철금속,25263.0,516.0,(주)한국경영인증원,,NULL
631,산업통상자원부,엘에스전선 주식회사,2018,업체,전기전자,142228.0,2810.0,(재)한국품질재단,,NULL
632,산업통상자원부,엘지디스플레이(주),2018,업체,디스플레이,6696544.0,64296.0,(재)한국품질재단,,034220
633,산업통상자원부,엘지유플러스(주),2018,업체,통신,1033974.0,21298.0,한국표준협회,,032640
634,산업통상자원부,엘지이노텍 주식회사,2018,업체,전기전자,369433.0,7538.0,(주)비에스아이그룹코리아,,011070
635,산업통상자원부,엘지전자 주식회사,2018,업체,전기전자,971939.0,249666.0,㈜디엔브이지엘비즈니스어슈어런스코리아,,066570
636,산업통상자원부,엠이엠씨코리아주식회사,2018,사업장,반도체,71782.0,1476.0,(주)신화엔지니어링종합건축사사무소,,NULL
637,환경부,여수시,2018,업체,지정외 폐기물처리업 등,82968.0,781.0,지속가능인증원주식회사,,NULL
638,산업통상자원부,여천엔씨씨 주식회사,2018,업체,석유화학,3676977.0,72715.0,(재)한국품질재단,,NULL
639,국토교통부,영남대학교,2018,사업장,건물,17894.0,361.0,㈜한국품질보증원,,NULL
640,산업통상자원부,영보화학(주),2018,사업장,석유화학,18104.0,344.0,(주)한국경영인증원,,014440
641,산업통상자원부,영신금속공업(주),2018,사업장,기계,17584.0,357.0,(재)한국품질재단,,NULL
642,산업통상자원부,영진글로벌 주식회사,2018,사업장,시멘트,24741.0,501.0,한국표준협회,,NULL
643,국토교통부,영특수츄레라(주),2018,사업장,교통(화물),15911.0,224.0,대일이엔씨기술(주),,NULL
644,산업통상자원부,영풍전자(주),2018,사업장,전기전자,88317.0,1675.0,이큐에이㈜,,NULL
645,산업통상자원부,영풍제지(주),2018,사업장,제지,115091.0,1127.0,한국표준협회,,NULL
646,산업통상자원부,영풍파일(주),2018,사업장,시멘트,5768.0,100.0,한국표준협회,,NULL
647,산업통상자원부,영화금속(주),2018,사업장,철강,106499.0,1551.0,한국표준협회,,012280
648,산업통상자원부,영흥철강(주),2018,사업장,철강,13867.0,306.0,한국표준협회,,NULL
649,농림축산식품부,오뚜기라면(주),2018,사업장,음식료품,54123.0,1081.0,(주)비에스아이그룹코리아,,NULL
650,산업통상자원부,오리온엔지니어드카본즈 주식회사,2018,업체,석유화학,584456.0,7583.0,㈜디엔브이지엘비즈니스어슈어런스코리아,,NULL
651,농림축산식품부,오비맥주(주),2018,업체,음식료품,121445.0,2279.0,이큐에이㈜,,NULL
652,환경부,오산시 환경사업소,2018,사업장,하수처리업,17766.0,246.0,㈜한국품질보증원,,NULL
653,산업통상자원부,오씨아이 주식회사,2018,업체,석유화학,2265608.0,40312.0,㈜디엔브이지엘비즈니스어슈어런스코리아,,NULL
654,산업통상자원부,온세미컨덕터코리아(주),2018,업체,반도체,135849.0,1737.0,(주)비에스아이그룹코리아,,NULL
655,산업통상자원부,와이케이스틸(주),2018,업체,철강,351858.0,6134.0,한국표준협회,,NULL
656,산업통상자원부,와이케이티(주),2018,사업장,반도체.디스플레이.전기전자,14638.0,299.0,(주)한국경영인증원,,NULL
657,국토교통부,용남고속(주),2018,사업장,교통(여객),31075.0,555.0,한국표준협회,,NULL
658,산업통상자원부,용산화학(주),2018,사업장,석유화학,110071.0,923.0,한국가스안전공사,,NULL
659,환경부,용인시,2018,업체,폐기물,168709.0,1590.0,㈜한국품질보증원,,NULL
660,산업통상자원부,우지막코리아(주),2018,사업장,자동차,18959.0,377.0,(재)한국품질재단,,NULL
661,산업통상자원부,욱성화학(주),2018,사업장,석유화학,15092.0,300.0,한국표준협회,,NULL
662,국토교통부,울산과학기술원,2018,사업장,건물,31244.0,641.0,(주)비에스아이그룹코리아,,NULL
663,환경부,울산광역시,2018,업체,폐기물,322591.0,3320.0,㈜한국품질보증원,,NULL
664,산업통상자원부,울산아로마틱스(주),2018,업체,석유화학,455119.0,10728.0,(재)한국품질재단,,NULL
665,산업통상자원부,울산알루미늄 주식회사,2018,업체,비철금속,159921.0,3162.0,(주)한국경영인증원,,NULL
666,산업통상자원부,웅진에너지 주식회사,2018,사업장,반도체,97351.0,2004.0,한국표준협회,,103130
667,환경부,원주시,2018,업체,폐기물,136088.0,652.0,(재)한국품질재단,,NULL
668,산업통상자원부,월산페이퍼 주식회사,2018,업체,제지,170707.0,3000.0,이큐에이㈜,,NULL
669,산업통상자원부,위례에너지서비스(주),2018,업체,발전에너지,1111155.0,22125.0,한국생산성본부인증원(주),,NULL
670,산업통상자원부,유니드,2018,업체,석유화학,314124.0,8188.0,로이드인증원㈜,,014830
671,산업통상자원부,유성기업(주) 아산공장,2018,사업장,자동차,13001.0,265.0,(주)비에스아이그룹코리아,,NULL
672,산업통상자원부,유성기업(주) 영동공장,2018,사업장,자동차,17614.0,356.0,(주)비에스아이그룹코리아,,NULL
673,산업통상자원부,유한킴벌리 주식회사,2018,업체,제지,202102.0,3967.0,(재)한국품질재단,,NULL
674,산업통상자원부,유한회사 스태츠칩팩코리아,2018,사업장,반도체,67282.0,1379.0,(주)신화엔지니어링종합건축사사무소,,NULL
675,산업통상자원부,율촌화학(주),2018,사업장,석유화학,47974.0,811.0,한국산업기술시험원,,008730
676,국토교통부,의료법인 길의료재단,2018,사업장,건물,23512.0,476.0,(재)한국화학융합시험연구원,,NULL
677,환경부,의정부시,2018,업체,폐기물,124820.0,721.0,㈜한국품질보증원,,NULL
678,산업통상자원부,이구산업(주),2018,사업장,비철금속,32272.0,654.0,한국생산성본부인증원(주),,025820
679,산업통상자원부,이래에이엠에스 주식회사,2018,사업장,자동차,23953.0,487.0,㈜한국품질보증원,,NULL
680,산업통상자원부,이스트만화이버코리아 주식회사,2018,사업장,섬유,51931.0,875.0,(주)한국경영인증원,,NULL
681,환경부,이천시,2018,사업장,폐기물,156335.0,1132.0,이큐에이㈜,,NULL
682,국토교통부,이화여자대학교,2018,사업장,건물,34531.0,703.0,이큐에이㈜,,NULL
683,환경부,익산시,2018,사업장,폐기물,115203.0,501.0,㈜한국품질보증원,,NULL
684,농림축산식품부,인그리디언코리아 유한회사,2018,업체,음식료품,145322.0,2841.0,(재)한국품질재단,,NULL
685,산업통상자원부,인지에이엠티,2018,사업장,자동차,22305.0,378.0,(주)한국경영인증원,,NULL
686,산업통상자원부,인천공항에너지,2018,업체,집단에너지,253938.0,5027.0,㈜한국품질보증원,,NULL
687,환경부,인천광역시,2018,업체,폐기물,493559.0,3987.0,(재)한국품질재단,,NULL
688,국토교통부,인천교통공사,2018,업체,교통(철도),74780.0,1537.0,한국표준협회,,NULL
689,국토교통부,인천국제공항공사,2018,업체,건물,260179.0,4951.0,(재)한국품질재단,,NULL
690,산업통상자원부,인천종합에너지(주),2018,업체,집단에너지,350779.0,6949.0,㈜디엔브이지엘비즈니스어슈어런스코리아,,NULL
691,국토교통부,인터지스(주),2018,사업장,교통(화물),36071.0,528.0,(주)한국경영인증원,,129260
692,산업통상자원부,일본전기초자한국주식회사,2018,사업장,유리 · 요업,10741.0,219.0,이큐에이㈜,,NULL
693,농림축산식품부,일산실업(주) 칠서에탄올공장,2018,사업장,음료제조업,21124.0,364.0,한국표준협회,,NULL
694,산업통상자원부,일신방직(주),2018,사업장,섬유,93107.0,1877.0,한국표준협회,,003200
695,산업통상자원부,일진디스플레이(주),2018,사업장,전기전자,30100.0,618.0,한국표준협회,,NULL
696,산업통상자원부,일진머티리얼즈 주식회사,2018,사업장,비철금속,116776.0,2406.0,㈜디엔브이지엘비즈니스어슈어런스코리아,,NULL
697,산업통상자원부,일진제강(주),2018,사업장,철강,45385.0,913.0,한국표준협회,,NULL
698,국토교통부,재단법인 대구경북과학기술원,2018,사업장,건물,25468.0,520.0,한국표준협회,,NULL
699,국토교통부,재단법인 아산사회복지재단,2018,사업장,건물,92847.0,1867.0,한국표준협회,,NULL
700,산업통상자원부,재원산업,2018,사업장,석유화학,31966.0,597.0,(재)한국품질재단,,NULL
701,산업통상자원부,전기초자코리아(주),2018,업체,유리,155343.0,3107.0,한국표준협회,,NULL
702,국토교통부,전남대학교,2018,사업장,건물,35643.0,718.0,한국표준협회,,NULL
703,산업통상자원부,전방(주),2018,업체,섬유,63054.0,1341.0,이큐에이㈜,,000950
704,국토교통부,전북대학교,2018,사업장,건물,30661.0,640.0,이큐에이㈜,,NULL
705,국토교통부,전북대학교병원,2018,사업장,건물,22492.0,454.0,(재)한국화학융합시험연구원,,NULL
706,산업통상자원부,전북집단에너지 주식회사,2018,업체,산업단지,213709.0,2409.0,한국표준협회,,NULL
707,환경부,전주시,2018,업체,폐기물,364357.0,1626.0,㈜한국품질보증원,,NULL
708,국토교통부,전차연물류(주),2018,사업장,교통(화물),24476.0,346.0,한국표준협회,,NULL
709,산업통상자원부,제이비 주식회사 청수에너지,2018,사업장,발전에너지,31921.0,629.0,(재)한국품질재단,,NULL
710,산업통상자원부,제일제강공업(주),2018,사업장,철강,10916.0,219.0,한국표준협회,,NULL
711,환경부,제주특별자치도,2018,업체,폐기물,428787.0,3389.0,한국표준협회,,NULL
712,농림축산식품부,제주특별자치도개발공사,2018,사업장,음식료품,28112.0,576.0,한국표준협회,,NULL
713,국토교통부,제주항공(주),2018,업체,항공,217079.0,3113.0,한국표준협회,,089590
714,환경부,제천시,2018,사업장,폐기물,115102.0,307.0,한국표준협회,,NULL
715,산업통상자원부,조광피혁(주),2018,사업장,섬유,12142.0,356.0,한국표준협회,,004700
716,산업통상자원부,조선내화(주),2018,사업장,유리 · 요업,18542.0,364.0,(재)한국품질재단,,462520
717,국토교통부,조선대학교,2018,사업장,건물,16580.0,336.0,한국생산성본부인증원(주),,NULL
718,산업통상자원부,조일알미늄 주식회사,2018,사업장,비철금속,78934.0,1582.0,(재)한국품질재단,,018470
719,산업통상자원부,주성엔지니어링(주),2018,사업장,기계,19914.0,409.0,(재)한국품질재단,,036930
720,산업통상자원부,주식회사 경원,2018,업체,시멘트,130490.0,863.0,(주)신화엔지니어링종합건축사사무소,,NULL
721,산업통상자원부,주식회사 고려시멘트,2018,업체,시멘트,679974.0,4017.0,한국표준협회,,003660
722,산업통상자원부,주식회사 고려제지,2018,업체,제지,135163.0,2201.0,(주)한국경영인증원,,NULL
723,산업통상자원부,주식회사 녹수 봉산공장,2018,사업장,석유화학,16410.0,332.0,한국표준협회,,NULL
724,농림축산식품부,주식회사 농심,2018,업체,음식료품,170833.0,3352.0,한국표준협회,,004370
725,환경부,주식회사 뉴그린,2018,업체,폐기물,140608.0,220.0,이큐에이㈜,,NULL
726,산업통상자원부,주식회사 대륜발전,2018,업체,집단에너지,547367.0,11042.0,한국생산성본부인증원(주),,NULL
727,산업통상자원부,주식회사 대보세라믹스,2018,사업장,요업,24656.0,428.0,한국생산성본부인증원(주),,NULL
728,산업통상자원부,주식회사 대유글로벌,2018,사업장,자동차,47964.0,957.0,이큐에이㈜,,NULL
729,산업통상자원부,주식회사 대창,2018,사업장,비철금속,36921.0,750.0,한국가스안전공사,,012800
730,산업통상자원부,주식회사 대창에이티,2018,사업장,비철금속,9718.0,195.0,한국표준협회,,NULL
731,산업통상자원부,주식회사 대한세라믹스,2018,사업장,요업,42606.0,779.0,이큐에이㈜,,NULL
732,산업통상자원부,주식회사 대호에이엘,2018,사업장,비철금속,31534.0,633.0,한국생산성본부인증원(주),,069460
733,국토교통부,주식회사 더블유티씨서울,2018,사업장,건물,63900.0,1296.0,(주)한국경영인증원,,NULL
734,산업통상자원부,주식회사 덕양,2018,업체,석유화학,250155.0,2407.0,(재)한국품질재단,,NULL
735,산업통상자원부,주식회사 동성코퍼레이션,2018,사업장,석유화학,26879.0,482.0,한국생산성본부인증원(주),,NULL
736,산업통상자원부,주식회사 동아,2018,사업장,기계,20670.0,423.0,한국표준협회,,NULL
737,산업통상자원부,주식회사 디비메탈,2018,업체,철강,950381.0,9784.0,(재)한국품질재단,,NULL
738,산업통상자원부,주식회사 디비하이텍,2018,업체,반도체,310275.0,3594.0,(주)비에스아이그룹코리아,,NULL
739,산업통상자원부,주식회사 디티알 오토모티브,2018,사업장,반도체.디스플레이.전기전자,16890.0,345.0,한국표준협회,,NULL
740,환경부,주식회사 명성환경,2018,사업장,폐기물,37954.0,36.0,이큐에이㈜,,NULL
741,환경부,주식회사 범우,2018,사업장,폐기물,74718.0,495.0,㈜한국품질보증원,,NULL
742,산업통상자원부,주식회사 베어링아트,2018,사업장,자동차,47032.0,959.0,한국표준협회,,NULL
743,산업통상자원부,주식회사 삼기오토모티브 서산공장,2018,사업장,자동차,49494.0,929.0,이큐에이㈜,,NULL
744,산업통상자원부,주식회사 삼보광업,2018,사업장,광업,131654.0,314.0,한국생산성본부인증원(주),,NULL
745,농림축산식품부,주식회사 삼양사,2018,업체,음식료품,291159.0,6207.0,한국표준협회,,145990
746,산업통상자원부,주식회사 삼양패키징,2018,업체,석유화학,139557.0,2850.0,한국표준협회,,272550
747,산업통상자원부,주식회사 세아창원특수강,2018,업체,철강,545828.0,9558.0,한국표준협회,,NULL
748,산업통상자원부,주식회사 세진메탈,2018,사업장,비철금속,32721.0,525.0,산림조합중앙회,,NULL
749,산업통상자원부,주식회사 수석,2018,사업장,유리,35085.0,549.0,(주)한국경영인증원,,NULL
750,국토교통부,주식회사 스타필드고양,2018,사업장,건물,31311.0,683.0,(재)한국품질재단,,NULL
751,국토교통부,주식회사 스타필드하남,2018,사업장,건물,30783.0,628.0,(재)한국품질재단,,NULL
752,산업통상자원부,주식회사 심텍,2018,사업장,전기전자,96673.0,1992.0,(주)신화엔지니어링종합건축사사무소,,222800
753,산업통상자원부,주식회사 아이유제지,2018,사업장,제지,20574.0,377.0,한국생산성본부인증원(주),,NULL
754,산업통상자원부,주식회사 알테크노메탈,2018,사업장,비철금속,33479.0,561.0,이큐에이㈜,,NULL
755,환경부,주식회사 에너지네트웍,2018,업체,폐기물,186373.0,574.0,이큐에이㈜,,NULL
756,산업통상자원부,주식회사 에스에프에이반도체,2018,사업장,반도체,28586.0,587.0,대일이엔씨기술(주),,NULL
757,산업통상자원부,주식회사 에스엔엔씨,2018,업체,비철금속,1585094.0,17268.0,(재)한국품질재단,,NULL
758,산업통상자원부,주식회사 에스피네이처,2018,사업장,시멘트,27304.0,553.0,한국표준협회,,NULL
759,농림축산식품부,주식회사 에스피씨삼립,2018,사업장,음식료품,37436.0,790.0,(주)비에스아이그룹코리아,,NULL
760,산업통상자원부,주식회사 에어퍼스트,2018,업체,석유화학,476887.0,9363.0,한국가스안전공사,,NULL
761,산업통상자원부,주식회사 엘지화학,2018,업체,석유화학,8072241.0,154001.0,(재)한국품질재단,,051910
762,산업통상자원부,주식회사 영풍,2018,업체,비철금속,1131461.0,18572.0,(재)한국품질재단,,000670
763,환경부,주식회사 영흥산업환경,2018,사업장,폐기물,68458.0,170.0,㈜한국품질보증원,,NULL
764,산업통상자원부,주식회사 울산이앤피,2018,업체,발전에너지,82079.0,974.0,한국표준협회,,NULL
765,환경부,주식회사 유니큰,2018,업체,폐기물,135296.0,520.0,한국산업기술시험원,,NULL
766,국토교통부,주식회사 이랜드리테일,2018,업체,건물,184510.0,3762.0,한국산업기술시험원,,NULL
767,환경부,주식회사 이엠케이승경,2018,사업장,폐기물,70533.0,157.0,(주)한국경영인증원,,NULL
768,산업통상자원부,주식회사 정산인터내셔널,2018,사업장,섬유,20182.0,483.0,(재)한국품질재단,,NULL
769,산업통상자원부,주식회사 정선라임,2018,사업장,시멘트,83382.0,286.0,한국표준협회,,NULL
770,산업통상자원부,주식회사 지알엠,2018,사업장,비철금속,91528.0,1088.0,한국표준협회,,NULL
771,산업통상자원부,주식회사 지에스이앤알,2018,업체,산업단지,2326096.0,26782.0,(재)한국품질재단,,NULL
772,농림축산식품부,주식회사 진로발효,2018,사업장,음식료품,34868.0,839.0,한국표준협회,,018120
773,국토교통부,주식회사 진에어,2018,업체,항공,164492.0,2355.0,한국표준협회,,272450
774,산업통상자원부,주식회사 징크옥사이드코퍼레이션,2018,업체,비철금속,83000.0,774.0,한국표준협회,,NULL
775,산업통상자원부,주식회사 카프로,2018,업체,석유화학,874782.0,7364.0,(재)한국품질재단,,006380
776,산업통상자원부,주식회사 케이티,2018,업체,통신,1106312.0,22643.0,㈜한국품질보증원,,030200
777,산업통상자원부,주식회사 케이피에프,2018,사업장,기계,53434.0,1089.0,한국표준협회,,024880
778,산업통상자원부,주식회사 코리아에어텍,2018,사업장,석유화학,36843.0,758.0,이큐에이㈜,,NULL
779,환경부,주식회사 코엔텍,2018,업체,폐기물,413135.0,386.0,한국표준협회,,029960
780,산업통상자원부,주식회사 태영이엠씨,2018,업체,광업,157434.0,766.0,한국표준협회,,NULL
781,국토교통부,주식회사 티웨이항공,2018,사업장,항공,127337.0,1824.0,(재)한국품질재단,,091810
782,산업통상자원부,주식회사 팜한농,2018,업체,석유화학,326986.0,1572.0,한국표준협회,,NULL
783,산업통상자원부,주식회사 포스코,2018,업체,철강,73121363.0,401832.0,(재)한국품질재단,,NULL
784,산업통상자원부,주식회사 포스코대우,2018,사업장,철강,69078.0,1391.0,㈜디엔브이지엘비즈니스어슈어런스코리아,,NULL
785,산업통상자원부,주식회사 포스코케미칼,2018,업체,요업,2394889.0,13787.0,(재)한국품질재단,,NULL
786,산업통상자원부,주식회사 풍산,2018,업체,비철금속,234149.0,4761.0,한국표준협회,,103140
787,환경부,주식회사 피엔알,2018,업체,폐기물,122084.0,1290.0,(재)한국품질재단,,NULL
788,산업통상자원부,주식회사 피엠씨텍,2018,업체,석유화학,125351.0,1458.0,(재)한국품질재단,,NULL
789,국토교통부,주식회사 하나은행,2018,업체,건물,69995.0,957.0,한국표준협회,,002860
790,국토교통부,주식회사 호텔롯데,2018,업체,건물,164128.0,3290.0,(주)한국경영인증원,,NULL
791,산업통상자원부,주식회사 효성,2018,업체,석유화학,1588871.0,33199.0,(재)한국품질재단,,004800
792,산업통상자원부,주식회사 후성,2018,업체,석유화학,448300.0,535.0,한국가스안전공사,,093370
793,산업통상자원부,주식회사 휴스틸,2018,사업장,철강,31265.0,635.0,(주)신화엔지니어링종합건축사사무소,,005010
794,국토교통부,중소기업은행,2018,업체,건물,60986.0,915.0,한국표준협회,,NULL
795,국토교통부,중앙대학교,2018,사업장,건물,21095.0,428.0,한국표준협회,,NULL
796,산업통상자원부,지에스에코메탈 주식회사,2018,사업장,비철금속,20818.0,290.0,한국표준협회,,NULL
797,산업통상자원부,지에스이피에스,2018,업체,발전 · 에너지,2677137.0,57688.0,(재)한국품질재단,,NULL
798,산업통상자원부,지에스칼텍스 주식회사,2018,업체,정유,7967398.0,102307.0,(재)한국품질재단,,NULL
799,산업통상자원부,진양특수강(주),2018,사업장,철강,28987.0,576.0,한국표준협회,,NULL
800,산업통상자원부,진영산업(주),2018,사업장,기계,15719.0,322.0,한국표준협회,,NULL
801,산업통상자원부,진영제지공업(주),2018,사업장,제지,81370.0,431.0,이큐에이㈜,,NULL
802,환경부,진주시,2018,사업장,폐기물,140674.0,581.0,한국산업기술시험원,,NULL
803,환경부,창원시,2018,업체,폐기물,410416.0,2298.0,㈜한국품질보증원,,NULL
804,환경부,천안시,2018,업체,폐기물,164385.0,1321.0,㈜한국품질보증원,,NULL
805,국토교통부,천일정기화물자동차(주),2018,사업장,교통(여객),23967.0,350.0,한국표준협회,,NULL
806,산업통상자원부,천일제지(주),2018,사업장,제지,64985.0,1174.0,한국표준협회,,NULL
807,환경부,청주시,2018,업체,폐기물,316664.0,1756.0,(재)한국화학융합시험연구원,,NULL
808,환경부,춘천시,2018,업체,폐기물,228213.0,527.0,(재)한국화학융합시험연구원,,NULL
809,산업통상자원부,춘천에너지 주식회사,2018,업체,발전에너지,1019766.0,20595.0,(주)한국경영인증원,,NULL
810,국토교통부,충남대학교,2018,사업장,건물,30339.0,614.0,티유브이슈드코리아㈜,,NULL
811,국토교통부,충남대학교병원,2018,사업장,건물,19480.0,395.0,한국표준협회,,NULL
812,국토교통부,충북대학교,2018,사업장,건물,18481.0,366.0,한국표준협회,,NULL
813,환경부,충주시,2018,업체,폐기물,142588.0,675.0,(재)한국품질재단,,NULL
814,산업통상자원부,컨버즈주식회사,2018,사업장,제지,28205.0,819.0,이큐에이㈜,,NULL
815,산업통상자원부,케이씨글라스(주),2018,사업장,유리,30565.0,541.0,(주)신화엔지니어링종합건축사사무소,,NULL
816,산업통상자원부,케이씨씨,2018,업체,유리,1666763.0,24085.0,(재)한국품질재단,,002380
817,산업통상자원부,케이씨에프테크놀로지스 주식회사,2018,사업장,비철금속,111374.0,2285.0,(주)한국경영인증원,,NULL
818,산업통상자원부,케이씨주식회사,2018,업체,석유화학,166178.0,2287.0,한국표준협회,,029460
819,환경부,케이씨환경서비스 주식회사,2018,업체,폐기물,230192.0,893.0,(재)한국품질재단,,NULL
820,산업통상자원부,케이알에너지(주),2018,사업장,발전에너지,61727.0,724.0,한국표준협회,,NULL
821,산업통상자원부,케이알코폴리머 유한회사,2018,사업장,석유화학,31355.0,432.0,(주)한국경영인증원,,NULL
822,산업통상자원부,케이오씨(주),2018,사업장,석유화학,49509.0,1187.0,한국생산성본부인증원(주),,NULL
823,환경부,케이지이티에스 주식회사,2018,업체,폐기물,332618.0,1440.0,티유브이슈드코리아㈜,,NULL
824,산업통상자원부,케이지케미칼 주식회사,2018,사업장,석유화학,22912.0,418.0,이큐에이㈜,,NULL
825,산업통상자원부,코넥,2018,사업장,자동차,24192.0,486.0,(주)한국경영인증원,,NULL
826,산업통상자원부,코닝정밀소재 주식회사,2018,업체,유리,556830.0,11069.0,로이드인증원㈜,,NULL
827,산업통상자원부,코리아PTG(주),2018,사업장,석유화학,108631.0,902.0,(재)한국품질재단,,NULL
828,산업통상자원부,코리아니켈(주),2018,사업장,비철금속,12690.0,185.0,한국표준협회,,NULL
829,산업통상자원부,코리아오토글라스(주),2018,사업장,유리,80156.0,1639.0,(재)한국품질재단,,152330
830,산업통상자원부,코스모신소재(주),2018,사업장,석유화학,37506.0,708.0,한국표준협회,,005070
831,산업통상자원부,코스모화학,2018,사업장,석유화학,61879.0,1394.0,로이드인증원㈜,,005420
832,산업통상자원부,코스포영남파워 주식회사,2018,업체,발전에너지,1102104.0,22135.0,한국표준협회,,NULL
833,산업통상자원부,코오롱글로텍(주) 구미공장,2018,사업장,섬유,15061.0,293.0,한국표준협회,,NULL
834,산업통상자원부,코오롱글로텍(주) 김천공장,2018,사업장,섬유,15840.0,309.0,한국표준협회,,NULL
835,산업통상자원부,코오롱머티리얼(주),2018,사업장,섬유,103601.0,2069.0,한국표준협회,,144620
836,산업통상자원부,코오롱인더스트리 주식회사,2018,업체,석유화학,671829.0,12681.0,한국표준협회,,NULL
837,산업통상자원부,코오롱플라스틱(주),2018,업체,석유화학,136340.0,2110.0,한국표준협회,,NULL
838,농림축산식품부,코카콜라음료(주) 여주공장,2018,사업장,음료제조업,19737.0,399.0,㈜디엔브이지엘비즈니스어슈어런스코리아,,NULL
839,산업통상자원부,콘티넨탈 오토모티브 시스템(주),2018,사업장,자동차,16818.0,335.0,(주)한국경영인증원,,NULL
840,산업통상자원부,타타대우상용차 주식회사,2018,사업장,자동차,17561.0,329.0,한국생산성본부인증원(주),,NULL
841,산업통상자원부,태경산업(주),2018,사업장,철강,136396.0,1764.0,이큐에이㈜,,015890
842,산업통상자원부,태광산업 주식회사,2018,업체,섬유,1103180.0,16148.0,한국표준협회,,003240
843,산업통상자원부,태림페이퍼주식회사,2018,업체,제지,194644.0,3415.0,이큐에이㈜,,019300
844,산업통상자원부,태봉광업 주식회사,2018,업체,시멘트,302387.0,797.0,(주)비에스아이그룹코리아,,NULL
845,산업통상자원부,태상,2018,사업장,철강,21855.0,425.0,(주)한국경영인증원,,NULL
846,산업통상자원부,태양금속공업(주),2018,사업장,기계,23378.0,465.0,(재)한국품질재단,,004100
847,산업통상자원부,태영세라믹(주),2018,사업장,유리 · 요업,26880.0,496.0,한국표준협회,,NULL
848,산업통상자원부,태원물산(주) 울산공장,2018,사업장,유리 · 요업,14276.0,208.0,한국표준협회,,NULL
849,국토교통부,태화상운(주),2018,사업장,교통(여객),23455.0,360.0,한국표준협회,,NULL
850,환경부,통영시 환경자원화센터,2018,사업장,지정외 폐기물처리업,33226.0,169.0,(재)한국품질재단,,NULL
851,산업통상자원부,티케이케미칼,2018,업체,섬유,225470.0,4524.0,이큐에이㈜,,104480
852,산업통상자원부,티피피 주식회사,2018,사업장,집단에너지,3931.0,77.0,대일이엔씨기술(주),,NULL
853,국토교통부,파르나스호텔(주),2018,사업장,건물,20797.0,424.0,한국표준협회,,NULL
854,환경부,파주시,2018,업체,폐기물,157405.0,1554.0,㈜한국품질보증원,,NULL
855,산업통상자원부,파주에너지서비스,2018,업체,발전에너지,4163120.0,82877.0,(재)한국품질재단,,NULL
856,산업통상자원부,파주전기초자 주식회사,2018,사업장,유리,47631.0,637.0,㈜디엔브이지엘비즈니스어슈어런스코리아,,NULL
857,산업통상자원부,팔미금속공업(주),2018,사업장,철강,19707.0,359.0,한국표준협회,,NULL
858,산업통상자원부,페이퍼코리아,2018,업체,제지,95650.0,1577.0,한국표준협회,,001020
859,환경부,평택시,2018,사업장,폐기물,108979.0,465.0,(재)한국품질재단,,NULL
860,산업통상자원부,평택에너지서비스(주),2018,업체,집단에너지,1225860.0,24049.0,㈜디엔브이지엘비즈니스어슈어런스코리아,,NULL
861,산업통상자원부,평화산업(주),2018,사업장,자동차,29327.0,593.0,한국생산성본부인증원(주),,090080
862,산업통상자원부,포스코강판(주),2018,사업장,철강,115573.0,2358.0,한국표준협회,,NULL
863,산업통상자원부,포스코에너지(주),2018,업체,발전 · 에너지,11697326.0,112805.0,(재)한국품질재단,,NULL
864,산업통상자원부,포천민자발전 주식회사,2018,업체,발전에너지,1657146.0,32916.0,㈜디엔브이지엘비즈니스어슈어런스코리아,,NULL
865,산업통상자원부,포천파워(주),2018,업체,발전 · 에너지,1422246.0,28255.0,(재)한국품질재단,,NULL
866,환경부,포항시,2018,업체,지정외 폐기물처리업,101075.0,1032.0,한국산업기술시험원,,NULL
867,산업통상자원부,폴리미래(주),2018,사업장,석유화학,119571.0,2219.0,이큐에이㈜,,NULL
868,농림축산식품부,풍국주정공업(주),2018,사업장,음식료품,22535.0,439.0,한국표준협회,,NULL
869,산업통상자원부,프렉스에어코리아 주식회사,2018,업체,석유화학,632050.0,12999.0,(재)한국품질재단,,NULL
870,산업통상자원부,하나마이크론,2018,사업장,반도체,30331.0,621.0,(주)한국경영인증원,,067310
871,환경부,하남시 환경기초시설,2018,사업장,하수처리업,23168.0,413.0,(재)한국품질재단,,NULL
872,농림축산식품부,하이트진로(주),2018,업체,음식료품,156577.0,2750.0,(재)한국품질재단,,000080
873,산업통상자원부,하이트진로산업(주),2018,사업장,유리,26177.0,395.0,이큐에이㈜,,NULL
874,산업통상자원부,하이호경금속 주식회사,2018,사업장,비철금속,53306.0,869.0,㈜한국품질보증원,,NULL
875,국토교통부,학교법인 경희학원,2018,업체,건물,62813.0,1274.0,티유브이슈드코리아㈜,,NULL
876,국토교통부,학교법인 고려중앙학원,2018,사업장,건물,96257.0,1949.0,㈜한국품질보증원,,NULL
877,국토교통부,학교법인 성균관대학,2018,사업장,건물,40849.0,826.0,이큐에이㈜,,NULL
878,국토교통부,학교법인 연세대학교,2018,업체,건물,173400.0,3588.0,(재)한국품질재단,,NULL
879,국토교통부,학교법인 포항공과대학교,2018,사업장,건물,74230.0,1668.0,㈜한국품질보증원,,NULL
880,국토교통부,학교법인 한양학원,2018,사업장,건물,79293.0,1602.0,(주)한국경영인증원,,NULL
881,산업통상자원부,한국NSK(주),2018,사업장,기계,22547.0,463.0,한국표준협회,,NULL
882,산업통상자원부,한국가스공사,2018,업체,발전 · 에너지,1051861.0,14557.0,한국표준협회,,036460
883,산업통상자원부,한국경남태양유전(주),2018,사업장,전기전자,71263.0,1387.0,이큐에이㈜,,NULL
884,국토교통부,한국공항공사,2018,사업장,건물,39524.0,799.0,한국표준협회,,NULL
885,국토교통부,한국과학기술연구원,2018,사업장,건물,18164.0,370.0,㈜한국품질보증원,,NULL
886,국토교통부,한국과학기술원,2018,사업장,건물,78642.0,1573.0,이큐에이㈜,,NULL
887,국토교통부,한국과학기술정보연구원,2018,사업장,건물,22569.0,464.0,(주)신화엔지니어링종합건축사사무소,,NULL
888,산업통상자원부,한국기초소재(주),2018,사업장,시멘트,20198.0,408.0,한국표준협회,,NULL
889,산업통상자원부,한국남동발전,2018,업체,발전 · 에너지,57576044.0,638601.0,대일이엔씨기술(주),,NULL
890,산업통상자원부,한국남부발전 주식회사,2018,업체,발전 · 에너지,40399651.0,507736.0,한국표준협회,,NULL
891,산업통상자원부,한국넥슬렌유한회사,2018,업체,석유화학,141153.0,2265.0,한국표준협회,,NULL
892,산업통상자원부,한국니토옵티칼(주),2018,사업장,석유화학,35105.0,624.0,㈜디엔브이지엘비즈니스어슈어런스코리아,,NULL
893,국토교통부,한국도로공사,2018,업체,건물,272443.0,5397.0,한국표준협회,,NULL
894,산업통상자원부,한국동서발전 주식회사,2018,업체,발전 · 에너지,39544256.0,484063.0,이큐에이㈜,,NULL
895,산업통상자원부,한국바스프 주식회사,2018,업체,석유화학,694914.0,9733.0,(재)한국품질재단,,NULL
896,산업통상자원부,한국바이린(주),2018,사업장,섬유,13930.0,274.0,한국표준협회,,NULL
897,국토교통부,한국방송공사,2018,사업장,건물,18038.0,371.0,한국표준협회,,NULL
898,산업통상자원부,한국서부발전,2018,업체,발전 · 에너지,37955538.0,460379.0,(주)신화엔지니어링종합건축사사무소,,NULL
899,산업통상자원부,한국세큐리트(주) 군산공장,2018,사업장,유리 · 요업,20371.0,417.0,이큐에이㈜,,NULL
900,산업통상자원부,한국세큐리트(주) 익산공장,2018,사업장,유리 · 요업,18908.0,388.0,이큐에이㈜,,NULL
901,산업통상자원부,한국솔베이(주),2018,사업장,석유화학,84861.0,1874.0,한국표준협회,,NULL
902,산업통상자원부,한국수력원자력,2018,업체,발전 · 에너지,3332040.0,67250.0,한국표준협회,,NULL
903,환경부,한국수자원공사,2018,업체,수도,739276.0,15164.0,지속가능인증원주식회사,,NULL
904,산업통상자원부,한국수출포장공업(주),2018,사업장,제지,127508.0,2040.0,(재)한국품질재단,,002200
905,산업통상자원부,한국실리콘 주식회사,2018,업체,석유화학,325808.0,6632.0,한국표준협회,,NULL
906,산업통상자원부,한국씨엔티(주),2018,사업장,시멘트,54333.0,1010.0,이큐에이㈜,,NULL
907,산업통상자원부,한국알콜산업(주),2018,사업장,석유화학,15285.0,1251.0,한국생산성본부인증원(주),,NULL
908,산업통상자원부,한국엔지니어링플라스틱,2018,업체,석유화학,215353.0,4118.0,(재)한국품질재단,,NULL
909,산업통상자원부,한국오웬스코닝(주),2018,사업장,유리,91963.0,1769.0,대일이엔씨기술(주),,NULL
910,국토교통부,한국원자력연구원,2018,사업장,건물,22390.0,456.0,한국표준협회,,NULL
911,산업통상자원부,한국유리공업 주식회사,2018,업체,유리,275970.0,3648.0,이큐에이㈜,,NULL
912,산업통상자원부,한국유미코아유한회사,2018,사업장,전기전자,37308.0,730.0,(재)한국품질재단,,NULL
913,산업통상자원부,한국유에스지보랄 주식회사,2018,업체,시멘트,138506.0,2747.0,(재)한국품질재단,,NULL
914,산업통상자원부,한국이네오스스티롤루션 주식회사,2018,사업장,석유화학,83397.0,1827.0,(재)한국품질재단,,NULL
915,산업통상자원부,한국전력공사,2018,업체,발전 · 에너지,1365735.0,6978.0,(주)한국경영인증원,,015760
916,국토교통부,한국전자통신연구원,2018,사업장,건물,18129.0,370.0,(주)신화엔지니어링종합건축사사무소,,NULL
917,산업통상자원부,한국제강 주식회사,2018,업체,철강,257021.0,4367.0,한국표준협회,,NULL
918,산업통상자원부,한국제지 주식회사,2018,업체,제지,206756.0,5810.0,(재)한국품질재단,,002300
919,산업통상자원부,한국주철관공업(주),2018,사업장,철강,84510.0,1133.0,한국표준협회,,000970
920,산업통상자원부,한국중부발전,2018,업체,발전 · 에너지,35848682.0,435137.0,로이드인증원㈜,,NULL
921,산업통상자원부,한국지엠 주식회사,2018,업체,자동차,300961.0,6063.0,한국표준협회,,NULL
922,산업통상자원부,한국지역난방공사,2018,업체,집단에너지,6009299.0,118162.0,대일이엔씨기술(주),,NULL
923,산업통상자원부,한국철강,2018,업체,철강,488447.0,8757.0,㈜한국품질보증원,,104700
924,국토교통부,한국철도공사,2018,업체,교통(철도),1671440.0,31812.0,(주)한국경영인증원,,NULL
925,산업통상자원부,한국타이어앤테크놀로지(주),2018,업체,석유화학,511199.0,10319.0,(재)한국품질재단,,161390
926,산업통상자원부,한국토지주택공사,2018,사업장,집단에너지,208252.0,4105.0,㈜디엔브이지엘비즈니스어슈어런스코리아,,NULL
927,국토교통부,한국통운(주),2018,사업장,교통(화물),30210.0,430.0,(재)한국품질재단,,NULL
928,산업통상자원부,한국특수형강(주),2018,업체,철강,224777.0,3960.0,이큐에이㈜,,NULL
929,국토교통부,한국표준과학연구원,2018,사업장,건물,19185.0,390.0,(주)신화엔지니어링종합건축사사무소,,NULL
930,산업통상자원부,한국프랜지공업(주) 제2공장,2018,사업장,철강,16361.0,335.0,한국표준협회,,NULL
931,산업통상자원부,한국항공우주산업(주),2018,사업장,기계,46783.0,939.0,(주)신화엔지니어링종합건축사사무소,,NULL
932,산업통상자원부,한라스택폴(주),2018,사업장,자동차,19202.0,377.0,한국표준협회,,NULL
933,산업통상자원부,한라시멘트주식회사,2018,업체,시멘트,4757976.0,26978.0,한국표준협회,,NULL
934,국토교통부,한무쇼핑(주),2018,업체,건물,59320.0,1232.0,한국표준협회,,NULL
935,산업통상자원부,한미약품(주),2018,사업장,석유화학,28558.0,579.0,이큐에이㈜,,128940
936,국토교통부,한성운수(주),2018,사업장,교통(여객),17662.0,333.0,산림조합중앙회,,NULL
937,국토교통부,한솔개발(주),2018,사업장,건물,16037.0,321.0,한국표준협회,,NULL
938,산업통상자원부,한솔제지,2018,업체,제지,961375.0,16302.0,(주)한국경영인증원,,213500
939,산업통상자원부,한솔테크닉스(주),2018,사업장,전기전자,27652.0,569.0,한국표준협회,,004710
940,산업통상자원부,한솔페이퍼텍주식회사,2018,사업장,제지,75043.0,1121.0,(주)한국경영인증원,,NULL
941,산업통상자원부,한온시스템 주식회사,2018,사업장,자동차,68381.0,1415.0,(재)한국품질재단,,018880
942,산업통상자원부,한융금속(주),2018,사업장,비철금속,20345.0,319.0,산림조합중앙회,,NULL
943,산업통상자원부,한일시멘트 주식회사,2018,업체,산업,4832090.0,28597.0,한국표준협회,,300720
944,산업통상자원부,한일제관(주),2018,사업장,기계,70033.0,1419.0,(재)한국품질재단,,NULL
945,산업통상자원부,한일현대시멘트 주식회사,2018,업체,시멘트,3519382.0,19839.0,한국표준협회,,006390
946,산업통상자원부,한일화학공업(주),2018,사업장,석유화학,15955.0,314.0,(재)한국화학융합시험연구원,,NULL
947,산업통상자원부,한주금속(주),2018,사업장,자동차,15912.0,320.0,(재)한국품질재단,,NULL
948,산업통상자원부,한진중공업(주),2018,사업장,조선,14817.0,274.0,한국표준협회,,NULL
949,산업통상자원부,한화에너지주식회사,2018,업체,산업단지,4708915.0,55552.0,한국표준협회,,NULL
950,산업통상자원부,한화에어로스페이스(주),2018,사업장,기계,24581.0,495.0,(주)비에스아이그룹코리아,,012450
951,산업통상자원부,한화종합화학 주식회사,2018,업체,석유화학,415881.0,7125.0,㈜디엔브이지엘비즈니스어슈어런스코리아,,NULL
952,산업통상자원부,한화케미칼 주식회사,2018,업체,석유화학,2656698.0,51966.0,㈜디엔브이지엘비즈니스어슈어런스코리아,,NULL
953,산업통상자원부,한화큐셀앤드첨단소재 주식회사,2018,사업장,석유화학,165205.0,3370.0,한국표준협회,,NULL
954,산업통상자원부,한화토탈 주식회사,2018,업체,석유화학,4414392.0,99538.0,한국가스안전공사,,NULL
955,국토교통부,한화호텔앤드리조트(주),2018,업체,건물,80518.0,1502.0,한국표준협회,,NULL
956,산업통상자원부,한황산업주식회사,2018,사업장,자동차,30791.0,570.0,㈜한국품질보증원,,NULL
957,산업통상자원부,해성디에스 주식회사,2018,사업장,반도체,43521.0,968.0,(주)비에스아이그룹코리아,,195870
958,농림축산식품부,해태에이치티비(주) 천안공장,2018,사업장,음료제조업,24673.0,441.0,㈜디엔브이지엘비즈니스어슈어런스코리아,,NULL
959,산업통상자원부,핸즈식스주식회사,2018,사업장,자동차,65209.0,1320.0,이큐에이㈜,,NULL
960,산업통상자원부,핸즈코퍼레이션주식회사,2018,사업장,자동차,103738.0,2087.0,(재)한국품질재단,,143210
961,국토교통부,현대건설(주),2018,업체,건설,73278.0,1408.0,(재)한국품질재단,,000720
962,산업통상자원부,현대건설기계(주),2018,사업장,산업,21784.0,405.0,한국표준협회,,NULL
963,산업통상자원부,현대그린파워 주식회사,2018,업체,발전 · 에너지,10783311.0,50564.0,(주)한국경영인증원,,NULL
964,국토교통부,현대글로비스(주),2018,업체,교통(화물),80532.0,1202.0,한국표준협회,,086280
965,산업통상자원부,현대로템 주식회사 창원공장,2018,사업장,기계,18738.0,373.0,한국표준협회,,NULL
966,산업통상자원부,현대모비스(주),2018,업체,자동차,143476.0,2908.0,로이드인증원㈜,,012330
967,산업통상자원부,현대미포조선,2018,업체,조선,146381.0,2726.0,한국표준협회,,NULL
968,산업통상자원부,현대비앤지스틸(주),2018,사업장,철강,77175.0,1567.0,㈜디엔브이지엘비즈니스어슈어런스코리아,,004560
969,산업통상자원부,현대삼호중공업 주식회사,2018,업체,조선,207497.0,3607.0,㈜디엔브이지엘비즈니스어슈어런스코리아,,NULL
970,산업통상자원부,현대석회(주),2018,사업장,시멘트,110604.0,290.0,한국생산성본부인증원(주),,NULL
971,산업통상자원부,현대성우메탈 주식회사,2018,사업장,자동차,89644.0,1807.0,한국표준협회,,NULL
972,산업통상자원부,현대성우쏠라이트 주식회사,2018,사업장,전기전자,38837.0,791.0,한국표준협회,,NULL
973,산업통상자원부,현대성우캐스팅 주식회사,2018,사업장,철강,106987.0,1980.0,(재)한국품질재단,,NULL
974,산업통상자원부,현대에너지,2018,업체,산업단지,913948.0,10005.0,한국표준협회,,NULL
975,산업통상자원부,현대에너지솔루션(주),2018,사업장,산업,37450.0,728.0,한국표준협회,,NULL
976,산업통상자원부,현대오일뱅크,2018,업체,정유,6179593.0,68016.0,(재)한국품질재단,,NULL
977,산업통상자원부,현대오토에버주식회사,2018,사업장,통신,24197.0,498.0,대일이엔씨기술(주),,307950
978,산업통상자원부,현대위아 주식회사,2018,업체,자동차,221458.0,4371.0,㈜디엔브이지엘비즈니스어슈어런스코리아,,011210
979,산업통상자원부,현대일렉트릭앤에너지시스템(주),2018,사업장,산업,37543.0,757.0,㈜디엔브이지엘비즈니스어슈어런스코리아,,NULL
980,산업통상자원부,현대자동차 주식회사,2018,업체,자동차,1581350.0,31855.0,로이드인증원㈜,,005380
981,산업통상자원부,현대정보기술 주식회사,2018,사업장,통신,45532.0,937.0,한국표준협회,,026180
982,산업통상자원부,현대제철 주식회사,2018,업체,철강,22514286.0,133469.0,로이드인증원㈜,,004020
983,산업통상자원부,현대종합금속(주),2018,사업장,기계,22670.0,457.0,로이드인증원㈜,,NULL
984,산업통상자원부,현대종합특수강 주식회사,2018,사업장,철강,44309.0,875.0,한국표준협회,,NULL
985,산업통상자원부,현대중공업 주식회사,2018,업체,조선,494087.0,8617.0,한국표준협회,,NULL
986,산업통상자원부,현대케미칼주식회사,2018,업체,정유,1161676.0,20757.0,(재)한국품질재단,,NULL
987,산업통상자원부,현대트랜시스 주식회사,2018,사업장,자동차,185757.0,3783.0,㈜디엔브이지엘비즈니스어슈어런스코리아,,NULL
988,산업통상자원부,현우산업,2018,사업장,반도체.디스플레이.전기전자,22466.0,462.0,한국표준협회,,092300
989,산업통상자원부,현진소재(주),2018,사업장,기계,44806.0,880.0,(주)한국경영인증원,,053660
990,산업통상자원부,호스트웨이아이디씨(주),2018,사업장,통신,17523.0,361.0,한국표준협회,,NULL
991,국토교통부,홈플러스 주식회사,2018,업체,건물,376171.0,7533.0,로이드인증원㈜,,NULL
992,국토교통부,홈플러스스토어즈 주식회사,2018,업체,건물,91720.0,1880.0,로이드인증원㈜,,NULL
993,산업통상자원부,홍덕산업(주),2018,사업장,철강,95492.0,2105.0,한국생산성본부인증원(주),,NULL
994,산업통상자원부,홍원제지(주),2018,업체,제지,119125.0,1742.0,한국표준협회,,NULL
995,환경부,화성시,2018,사업장,폐기물,122450.0,843.0,(재)한국화학융합시험연구원,,NULL
996,국토교통부,화영운수(주),2018,사업장,교통(여객),23132.0,329.0,한국표준협회,,NULL
997,산업통상자원부,화인베스틸,2018,사업장,철강,26153.0,475.0,한국표준협회,,133820
998,환경부,환경시설관리 주식회사,2018,업체,"하수, 폐수 및 분뇨 처리업",56048.0,518.0,㈜한국품질보증원,,NULL
999,산업통상자원부,환영철강공업,2018,업체,철강,362239.0,6499.0,한국표준협회,,NULL
1000,국토교통부,휘닉스중앙평창(주),2018,사업장,건물,21994.0,432.0,(주)한국경영인증원,,NULL
1001,산업통상자원부,휴비스,2018,업체,섬유,549759.0,8308.0,한국표준협회,,079980
1002,산업통상자원부,휴켐스 주식회사,2018,사업장,석유화학,135265.0,1211.0,㈜한국품질보증원,,NULL
1003,산업통상자원부,희성전자(주) 대구공장,2018,사업장,반도체.디스플레이.전기전자,7904.0,161.0,(주)한국경영인증원,,NULL
1004,산업통상자원부,희성촉매(주),2018,사업장,석유화학,19956.0,394.0,한국표준협회,,NULL
1,산업통상자원부,(유)에스케이씨에보닉페록사이드코리아,2017,사업장,석유화학,52368.0,1123.0,(재)한국품질재단,,NULL
2,국토교통부,(유)호남고속,2017,사업장,교통(여객),24726.0,381.0,(주)한국경영인증원,,NULL
3,산업통상자원부,(주)HM금속,2017,사업장,철강,30616.0,534.0,한국표준협회,,NULL
4,농림축산식품부,(주)MH에탄올,2017,사업장,음료제조업,23319.0,287.0,(재)한국화학융합시험연구원,,023150
5,농림축산식품부,(주)MSC,2017,사업장,음식료품,25355.0,506.0,한국산업기술시험원,,NULL
6,산업통상자원부,(주)SIMPAC METAL,2017,업체,철강,407757.0,4430.0,한국표준협회,,NULL
7,산업통상자원부,(주)SPP조선,2017,사업장,조선,3396.0,56.0,㈜디엔브이지엘비즈니스어슈어런스코리아,,NULL
8,국토교통부,(주)강원랜드,2017,사업장,건물,71158.0,1438.0,한국표준협회,,035250
9,산업통상자원부,(주)건화,2017,사업장,조선,25198.0,437.0,한국표준협회,,NULL
10,국토교통부,(주)경기고속,2017,업체,교통(여객),178260.0,2738.0,산림조합중앙회,,NULL
11,국토교통부,(주)경남고속,2017,사업장,교통(여객),26233.0,371.0,(주)한국경영인증원,,NULL
12,산업통상자원부,(주)경동,2017,업체,광업,217844.0,387.0,(재)한국품질재단,,NULL
13,산업통상자원부,(주)경방,2017,업체,섬유,59533.0,1208.0,한국생산성본부인증원(주),,000050
14,산업통상자원부,(주)경신전선,2017,사업장,반도체.디스플레이.전기전자,15435.0,315.0,한국표준협회,,NULL
15,국토교통부,(주)국민은행,2017,업체,건물,110995.0,1670.0,한국표준협회,,031150
16,산업통상자원부,(주)국일방적 정읍공장,2017,사업장,섬유,22632.0,465.0,대일이엔씨기술(주),,NULL
17,농림축산식품부,(주)그린바이텍,2017,사업장,음식료품,4990.0,238.0,(재)한국품질재단,,NULL
18,환경부,(주)그린스코,2017,사업장,폐기물,53327.0,117.0,(주)한국경영인증원,,NULL
19,국토교통부,(주)금남고속,2017,사업장,교통(여객),37352.0,529.0,(주)한국경영인증원,,NULL
20,산업통상자원부,(주)금비,2017,사업장,유리,77150.0,1094.0,한국표준협회,,008870
21,해양수산부,(주)남해고속,2017,사업장,교통(해운),18238.0,259.0,㈜한국품질보증원,,NULL
22,산업통상자원부,(주)네오오토 예산공장,2017,사업장,자동차,17833.0,364.0,(주)한국경영인증원,,NULL
23,산업통상자원부,(주)넥센,2017,사업장,석유화학,21434.0,385.0,한국표준협회,,005720
24,국토교통부,(주)농협물류,2017,사업장,교통(화물),29955.0,424.0,티유브이슈드코리아㈜,,NULL
25,농림축산식품부,(주)농협사료,2017,업체,식료품 제조업,80251.0,1579.0,(재)한국품질재단,,NULL
26,산업통상자원부,(주)단석산업,2017,사업장,비철금속,51606.0,782.0,한국표준협회,,NULL
27,산업통상자원부,(주)대농 청원공장,2017,사업장,섬유,17696.0,364.0,지속가능인증원주식회사,,NULL
28,산업통상자원부,(주)대림제지,2017,사업장,제지,82982.0,1170.0,이큐에이㈜,,017650
29,국토교통부,(주)대명레저산업,2017,사업장,건물,49373.0,991.0,한국표준협회,,NULL
30,산업통상자원부,(주)대승프론티어,2017,사업장,유리 · 요업,21894.0,408.0,한국표준협회,,NULL
31,국토교통부,(주)대우건설,2017,업체,건설,70501.0,1408.0,한국표준협회,,047040
32,산업통상자원부,(주)대우전자,2017,사업장,기계,11688.0,235.0,이큐에이㈜,,NULL
33,산업통상자원부,(주)대욱케스트,2017,사업장,철강,22074.0,406.0,이큐에이㈜,,NULL
34,국토교통부,(주)대원고속,2017,업체,교통(여객),159420.0,2447.0,산림조합중앙회,,NULL
35,국토교통부,(주)대원여객,2017,사업장,교통(여객),21457.0,405.0,산림조합중앙회,,NULL
36,국토교통부,(주)대원운수,2017,사업장,교통(여객),36683.0,620.0,산림조합중앙회,,NULL
37,산업통상자원부,(주)대유코아 춘추광업소,2017,사업장,시멘트,43102.0,92.0,한국생산성본부인증원(주),,NULL
38,해양수산부,(주)대저해운,2017,사업장,교통(해운),17997.0,257.0,한국표준협회,,NULL
39,산업통상자원부,(주)대호피앤씨 포항공장,2017,사업장,철강,24314.0,479.0,한국표준협회,,NULL
40,산업통상자원부,(주)대화제지,2017,사업장,제지,26227.0,526.0,㈜한국품질보증원,,NULL
41,산업통상자원부,(주)델코,2017,사업장,반도체.디스플레이.전기전자,24406.0,497.0,(주)한국경영인증원,,NULL
42,산업통상자원부,(주)동남 서산공장,2017,사업장,비철금속,16831.0,246.0,한국표준협회,,NULL
43,산업통상자원부,(주)동남 울산공장,2017,사업장,비철금속,20964.0,303.0,한국표준협회,,NULL
44,국토교통부,(주)동방,2017,업체,교통(화물),42183.0,606.0,대일이엔씨기술(주),,004140
45,국토교통부,(주)동부익스프레스,2017,업체,교통(여객),51261.0,755.0,한국표준협회,,NULL
46,산업통상자원부,(주)동서기공 당진지점,2017,사업장,자동차,23405.0,478.0,한국표준협회,,NULL
47,산업통상자원부,(주)동서기공 시흥,2017,사업장,비철금속,17269.0,347.0,한국표준협회,,NULL
48,산업통상자원부,(주)동신포리마,2017,사업장,석유화학,26858.0,540.0,(주)한국경영인증원,,NULL
49,국토교통부,(주)동양고속,2017,업체,교통(여객),68186.0,972.0,(주)한국경영인증원,,084670
50,산업통상자원부,(주)동양이앤씨,2017,사업장,기계,12228.0,240.0,(주)비에스아이그룹코리아,,NULL
51,환경부,(주)동양환경,2017,사업장,폐기물,179440.0,147.0,한국표준협회,,NULL
52,농림축산식품부,(주)동원F&B,2017,업체,식료품 제조업,65771.0,1414.0,(주)한국경영인증원,,049770
53,산업통상자원부,(주)동진쎄미켐,2017,사업장,석유화학,19654.0,367.0,한국산업기술시험원,,005290
54,산업통상자원부,(주)두산,2017,사업장,반도체.디스플레이.전기전자,86144.0,1649.0,(재)한국품질재단,,000150
55,산업통상자원부,(주)디스플레이테크,2017,사업장,반도체.디스플레이.전기전자,28669.0,586.0,한국표준협회,,NULL
56,산업통상자원부,(주)디알 액시온 원산공장,2017,사업장,비철금속,15033.0,304.0,(재)한국품질재단,,NULL
57,산업통상자원부,(주)디에이피,2017,사업장,전기전자,41709.0,852.0,한국산업기술시험원,,066900
58,산업통상자원부,(주)로옴코리아,2017,사업장,반도체.디스플레이.전기전자,18636.0,383.0,㈜한국품질보증원,,NULL
59,산업통상자원부,(주)린데코리아,2017,업체,석유화학,461403.0,9029.0,한국가스안전공사,,NULL
60,산업통상자원부,(주)만도,2017,업체,자동차,112303.0,2294.0,(주)비에스아이그룹코리아,,NULL
61,산업통상자원부,(주)모나리자,2017,사업장,제지,39428.0,761.0,(주)한국경영인증원,,012690
62,국토교통부,(주)무주덕유산리조트,2017,사업장,건물,23687.0,417.0,(주)한국경영인증원,,NULL
63,산업통상자원부,(주)미래엔인천에너지,2017,사업장,집단에너지,6940.0,137.0,(재)한국품질재단,,NULL
64,산업통상자원부,(주)미래페이퍼,2017,사업장,제지,64878.0,738.0,한국표준협회,,NULL
65,산업통상자원부,(주)방림,2017,사업장,섬유,23545.0,422.0,한국표준협회,,003610
66,산업통상자원부,(주)백광소재,2017,업체,시멘트,537928.0,2308.0,이큐에이㈜,,NULL
67,산업통상자원부,(주)벽산,2017,사업장,유리,74991.0,1371.0,한국표준협회,,007210
68,국토교통부,(주)부산롯데호텔,2017,사업장,건물,15231.0,309.0,이큐에이㈜,,NULL
69,산업통상자원부,(주)비엠금속,2017,사업장,철강,23053.0,420.0,이큐에이㈜,,NULL
70,농림축산식품부,(주)빙그레,2017,업체,식료품 제조업,57264.0,1130.0,(주)한국경영인증원,,005180
71,산업통상자원부,(주)삼동,2017,사업장,전기전자,44686.0,912.0,한국표준협회,,NULL
72,산업통상자원부,(주)삼원강재,2017,사업장,자동차,30582.0,614.0,(재)한국품질재단,,023000
73,산업통상자원부,(주)삼천리,2017,사업장,집단에너지,36978.0,679.0,한국가스안전공사,,004690
74,산업통상자원부,(주)삼한씨원,2017,사업장,유리 · 요업,15652.0,300.0,한국생산성본부인증원(주),,NULL
75,산업통상자원부,(주)삼현,2017,사업장,요업,28647.0,520.0,한국표준협회,,437730
76,국토교통부,(주)삼화고속,2017,사업장,교통(여객),18044.0,263.0,(주)한국경영인증원,,NULL
77,산업통상자원부,(주)상공에너지,2017,업체,산업단지,128390.0,1463.0,이큐에이㈜,,NULL
78,농림축산식품부,(주)샤니 대구공장,2017,사업장,식료품 제조업,15532.0,313.0,(주)비에스아이그룹코리아,,NULL
79,농림축산식품부,(주)샤니 성남공장,2017,사업장,식료품 제조업,18592.0,375.0,(주)비에스아이그룹코리아,,NULL
80,환경부,(주)서광하이테크,2017,사업장,지정외 폐기물처리업,45376.0,169.0,(재)한국품질재단,,NULL
81,국토교통부,(주)서브원 곤지암리조트,2017,사업장,건물,19236.0,388.0,(재)한국품질재단,,NULL
82,산업통상자원부,(주)서원,2017,사업장,비철금속,17099.0,348.0,한국가스안전공사,,021050
83,산업통상자원부,(주)서진캠 평택공장,2017,사업장,자동차,19774.0,406.0,㈜한국품질보증원,,NULL
84,산업통상자원부,(주)서흥,2017,사업장,석유화학,34341.0,700.0,한국표준협회,,008490
85,산업통상자원부,(주)선일다이파스,2017,사업장,기계,18335.0,373.0,(주)신화엔지니어링종합건축사사무소,,NULL
86,국토교통부,(주)선진운수,2017,사업장,교통(여객),27655.0,517.0,(재)한국품질재단,,NULL
87,산업통상자원부,(주)성광벤드,2017,사업장,철강,10901.0,210.0,한국표준협회,,014620
88,산업통상자원부,(주)성호금속 경주2공장,2017,사업장,비철금속,24314.0,435.0,이큐에이㈜,,NULL
89,산업통상자원부,(주)성호금속 영천공장,2017,사업장,철강,16861.0,308.0,이큐에이㈜,,NULL
90,산업통상자원부,(주)성호기업,2017,사업장,철강,16398.0,326.0,이큐에이㈜,,NULL
91,산업통상자원부,(주)세아베스틸,2017,업체,철강,1395133.0,22013.0,한국표준협회,,NULL
92,산업통상자원부,(주)세아씨엠,2017,사업장,철강,64654.0,1322.0,한국표준협회,,NULL
93,국토교통부,(주)세아엘앤에스,2017,사업장,교통(화물),18675.0,272.0,한국표준협회,,NULL
94,산업통상자원부,(주)세아제강,2017,사업장,철강,79202.0,1611.0,한국표준협회,,306200
95,산업통상자원부,(주)세아특수강,2017,사업장,철강,26853.0,535.0,한국표준협회,,019440
96,해양수산부,(주)세주,2017,사업장,교통(해운),30544.0,417.0,㈜디엔브이지엘비즈니스어슈어런스코리아,,NULL
97,산업통상자원부,(주)스타플렉스,2017,사업장,석유화학,15797.0,321.0,이큐에이㈜,,115570
98,산업통상자원부,(주)신동,2017,사업장,시멘트,78689.0,253.0,한국표준협회,,NULL
99,산업통상자원부,(주)신성이엔지,2017,사업장,반도체,23655.0,452.0,한국표준협회,,104110
100,국토교통부,(주)신세계,2017,업체,건물,165810.0,3382.0,㈜한국품질보증원,,004170
101,산업통상자원부,(주)신안주철,2017,사업장,철강,23828.0,418.0,한국표준협회,,NULL
102,산업통상자원부,(주)신우금속,2017,사업장,철강,17180.0,292.0,(재)한국품질재단,,NULL
103,산업통상자원부,(주)신한방,2017,사업장,섬유,14554.0,298.0,이큐에이㈜,,NULL
104,국토교통부,(주)신한은행,2017,업체,건물,81652.0,1273.0,㈜디엔브이지엘비즈니스어슈어런스코리아,,000010
105,산업통상자원부,(주)쌍용씨앤비,2017,사업장,제지,66029.0,1167.0,(주)한국경영인증원,,NULL
106,산업통상자원부,(주)씨텍,2017,업체,산업단지,360535.0,4947.0,㈜한국품질보증원,,NULL
107,국토교통부,(주)아라리오,2017,사업장,건물,15228.0,310.0,(주)한국경영인증원,,NULL
108,산업통상자원부,(주)아진피앤피,2017,사업장,제지,98474.0,1485.0,한국산업기술시험원,,NULL
109,산업통상자원부,(주)아트라스비엑스,2017,사업장,전기전자,32971.0,674.0,(재)한국화학융합시험연구원,,NULL
110,산업통상자원부,(주)에스아이플렉스,2017,사업장,반도체.디스플레이.전기전자,14978.0,305.0,(주)한국경영인증원,,NULL
111,산업통상자원부,(주)에스에이치에너지화학,2017,사업장,석유화학,15557.0,266.0,㈜한국품질보증원,,NULL
112,산업통상자원부,(주)에스제이금속,2017,사업장,철강,17860.0,309.0,(재)한국품질재단,,NULL
113,산업통상자원부,(주)에스티씨,2017,사업장,반도체.디스플레이.전기전자,18732.0,385.0,(재)한국품질재단,,NULL
114,산업통상자원부,(주)에스파워,2017,업체,발전 · 에너지,1621281.0,31781.0,(재)한국품질재단,,NULL
115,산업통상자원부,(주)에이에스에이,2017,사업장,자동차,31279.0,592.0,지속가능인증원주식회사,,NULL
116,산업통상자원부,(주)에이에스에이 김제공장,2017,사업장,자동차,17140.0,328.0,지속가능인증원주식회사,,NULL
117,환경부,(주)엔아이티,2017,업체,폐기물,166196.0,382.0,㈜한국품질보증원,,NULL
118,산업통상자원부,(주)엘지생활건강 울산공장,2017,사업장,석유화학,22221.0,437.0,㈜디엔브이지엘비즈니스어슈어런스코리아,,NULL
119,산업통상자원부,(주)엘지씨엔에스,2017,사업장,통신,20319.0,444.0,대일이엔씨기술(주),,064400
120,산업통상자원부,(주)엘지하우시스,2017,업체,석유화학,159121.0,2970.0,㈜디엔브이지엘비즈니스어슈어런스코리아,,NULL
121,산업통상자원부,(주)영신물산,2017,사업장,섬유,29706.0,204.0,한국표준협회,,NULL
122,농림축산식품부,(주)오뚜기,2017,사업장,음식료품,42097.0,846.0,한국생산성본부인증원(주),,007310
123,농림축산식품부,(주)오리온,2017,사업장,음식료품,71336.0,1390.0,한국표준협회,,271560
124,산업통상자원부,(주)오미아코리아,2017,사업장,석유화학,73157.0,1491.0,㈜디엔브이지엘비즈니스어슈어런스코리아,,NULL
125,산업통상자원부,(주)오영,2017,사업장,석유화학,18512.0,396.0,(재)한국품질재단,,NULL
126,농림축산식품부,(주)올품,2017,사업장,식료품 제조업,23800.0,417.0,한국표준협회,,NULL
127,국토교통부,(주)용평리조트,2017,사업장,건물,32637.0,646.0,(재)한국품질재단,,NULL
128,산업통상자원부,(주)우룡,2017,업체,시멘트,146770.0,663.0,(주)한국경영인증원,,NULL
129,국토교통부,(주)우리은행,2017,업체,건물,88090.0,1349.0,㈜디엔브이지엘비즈니스어슈어런스코리아,,000030
130,산업통상자원부,(주)우신금속,2017,사업장,비철금속,16631.0,258.0,(재)한국품질재단,,NULL
131,산업통상자원부,(주)유니온,2017,업체,시멘트,176355.0,1455.0,한국표준협회,,000910
132,국토교통부,(주)유성티엔에스,2017,사업장,교통(화물),47359.0,693.0,(주)한국경영인증원,,024800
133,산업통상자원부,(주)유한화학,2017,사업장,석유화학,17792.0,350.0,(주)한국경영인증원,,NULL
134,국토교통부,(주)이마트,2017,업체,건물,506598.0,10339.0,한국표준협회,,139480
135,산업통상자원부,(주)이수페타시스,2017,사업장,전기전자,49791.0,724.0,이큐에이㈜,,007660
136,산업통상자원부,(주)이수화학,2017,업체,석유화학,275986.0,4984.0,한국표준협회,,005950
137,국토교통부,(주)이스타항공,2017,사업장,항공,151428.0,2166.0,(재)한국품질재단,,NULL
138,산업통상자원부,(주)인터플렉스,2017,사업장,전기전자,80428.0,1629.0,한국표준협회,,051370
139,산업통상자원부,(주)일진글로벌,2017,사업장,자동차,39024.0,803.0,한국표준협회,,NULL
140,산업통상자원부,(주)일진베어링 2공장,2017,사업장,자동차,15950.0,328.0,한국표준협회,,NULL
141,국토교통부,(주)전북고속,2017,사업장,교통(여객),33536.0,475.0,(주)한국경영인증원,,NULL
142,산업통상자원부,(주)전주페이퍼,2017,업체,제지,525342.0,14589.0,한국표준협회,,NULL
143,농림축산식품부,(주)정·식품,2017,사업장,음료제조업,20479.0,407.0,한국표준협회,,NULL
144,산업통상자원부,(주)제이앤티씨,2017,사업장,반도체.디스플레이.전기전자,20088.0,410.0,한국표준협회,,204270
145,해양수산부,(주)제이에이치페리,2017,사업장,교통(해운),4153.0,59.0,한국표준협회,,NULL
146,산업통상자원부,(주)제이엠씨,2017,사업장,석유화학,35739.0,813.0,이큐에이㈜,,NULL
147,산업통상자원부,(주)젤텍,2017,사업장,석유화학,20776.0,445.0,한국표준협회,,NULL
148,산업통상자원부,(주)종근당 천안공장,2017,사업장,석유화학,14653.0,396.0,이큐에이㈜,,NULL
149,산업통상자원부,(주)종근당바이오,2017,사업장,석유화학,87418.0,1585.0,이큐에이㈜,,063160
150,국토교통부,(주)중앙고속,2017,업체,교통(여객),63282.0,892.0,(주)한국경영인증원,,NULL
151,산업통상자원부,(주)지에스동해전력,2017,업체,발전에너지,4025829.0,45554.0,대일이엔씨기술(주),,NULL
152,산업통상자원부,(주)지엠씨,2017,사업장,광업,16562.0,337.0,이큐에이㈜,,NULL
153,산업통상자원부,(주)진합,2017,사업장,자동차,27776.0,566.0,한국표준협회,,NULL
154,산업통상자원부,(주)진흥주물 군산공장,2017,사업장,철강,26163.0,455.0,한국표준협회,,NULL
155,산업통상자원부,(주)진흥주물 인천공장,2017,사업장,철강,17708.0,307.0,한국표준협회,,NULL
156,농림축산식품부,(주)참프레,2017,사업장,음식료품,27702.0,555.0,한국표준협회,,NULL
157,농림축산식품부,(주)창해에탄올 익산사무소,2017,사업장,음식료품,2212.0,42.0,한국생산성본부인증원(주),,NULL
158,국토교통부,(주)천일고속,2017,사업장,교통(여객),29572.0,420.0,(주)한국경영인증원,,000650
159,농림축산식품부,(주)체리부로,2017,사업장,식료품 제조업,16263.0,329.0,(주)한국경영인증원,,066360
160,국토교통부,(주)충남고속,2017,사업장,교통(여객),28620.0,407.0,(주)한국경영인증원,,NULL
161,산업통상자원부,(주)충무화학정선,2017,사업장,시멘트,154570.0,554.0,(재)한국품질재단,,NULL
162,산업통상자원부,(주)카펙발레오,2017,사업장,자동차,24788.0,495.0,한국표준협회,,NULL
163,산업통상자원부,(주)칼링크,2017,사업장,비철금속,29362.0,590.0,지속가능인증원주식회사,,NULL
164,산업통상자원부,(주)캐스텍코리아,2017,사업장,자동차,52270.0,961.0,한국표준협회,,071850
165,산업통상자원부,(주)케이에프엔티,2017,사업장,석유화학,13763.0,293.0,(주)한국경영인증원,,NULL
166,산업통상자원부,(주)케이이씨,2017,사업장,반도체,45770.0,593.0,(주)한국경영인증원,,NULL
167,농림축산식품부,(주)케이티앤지,2017,사업장,음식료품,99128.0,1903.0,한국표준협회,,033780
168,산업통상자원부,(주)케이피켐텍,2017,사업장,섬유,40694.0,891.0,(재)한국품질재단,,NULL
169,산업통상자원부,(주)코다코,2017,사업장,자동차,29562.0,596.0,(재)한국품질재단,,046070
170,산업통상자원부,(주)코리아써키트,2017,사업장,전기전자,102375.0,2054.0,(주)비에스아이그룹코리아,,007810
171,국토교통부,(주)코리아와이드경북,2017,업체,교통(여객),61295.0,864.0,(주)한국경영인증원,,NULL
172,국토교통부,(주)코리아와이드포항,2017,사업장,교통(여객),21917.0,410.0,(주)한국경영인증원,,NULL
173,산업통상자원부,(주)코스모텍,2017,사업장,반도체.디스플레이.전기전자,18284.0,374.0,(주)한국경영인증원,,NULL
174,산업통상자원부,(주)코스틸,2017,사업장,철강,54998.0,943.0,이큐에이㈜,,NULL
175,산업통상자원부,(주)크린앤사이언스,2017,사업장,제지,14699.0,380.0,(주)신화엔지니어링종합건축사사무소,,045520
176,환경부,(주)클렌코,2017,사업장,폐기물,257073.0,168.0,한국표준협회,,NULL
177,산업통상자원부,(주)태광,2017,사업장,철강,12386.0,241.0,산림조합중앙회,,023160
178,산업통상자원부,(주)태우,2017,사업장,비철금속,16802.0,329.0,한국가스안전공사,,NULL
179,산업통상자원부,(주)태웅,2017,사업장,기계,205084.0,3802.0,(재)한국품질재단,,044490
180,산업통상자원부,(주)태평양금속,2017,사업장,기계,58090.0,1160.0,이큐에이㈜,,NULL
181,산업통상자원부,(주)테크팩솔루션,2017,업체,유리,227893.0,3719.0,(재)한국품질재단,,NULL
182,산업통상자원부,(주)티씨씨동양,2017,사업장,철강,27027.0,544.0,이큐에이㈜,,NULL
183,농림축산식품부,(주)파리크라상 성남공장,2017,사업장,식료품 제조업,19489.0,394.0,한국표준협회,,NULL
184,국토교통부,(주)판토스,2017,사업장,교통(화물),42665.0,649.0,한국표준협회,,NULL
185,산업통상자원부,(주)퍼시픽글라스,2017,사업장,유리,27332.0,456.0,한국표준협회,,009080
186,산업통상자원부,(주)평화,2017,사업장,섬유,10476.0,196.0,한국표준협회,,NULL
187,농림축산식품부,(주)포레스코,2017,사업장,목재,31335.0,739.0,한국표준협회,,NULL
188,산업통상자원부,(주)풍농 장항공장,2017,사업장,석유화학,21009.0,416.0,이큐에이㈜,,NULL
189,산업통상자원부,(주)풍정주공,2017,사업장,철강,32154.0,659.0,한국표준협회,,NULL
190,산업통상자원부,(주)피케이엘,2017,사업장,반도체.디스플레이.전기전자,16899.0,342.0,이큐에이㈜,,039870
191,산업통상자원부,(주)필맥스,2017,사업장,석유화학,29272.0,589.0,㈜한국품질보증원,,NULL
192,농림축산식품부,(주)하림,2017,사업장,음식료품,74118.0,1864.0,(재)한국품질재단,,136480
193,산업통상자원부,(주)한국알스트롬,2017,사업장,제지,53301.0,664.0,(재)한국품질재단,,NULL
194,농림축산식품부,(주)한국인삼공사 고려인삼창(부여공장),2017,사업장,식료품 제조업,19441.0,390.0,(주)한국경영인증원,,NULL
195,산업통상자원부,(주)한금 포항공장,2017,사업장,철강,19588.0,424.0,한국표준협회,,NULL
196,산업통상자원부,(주)한솔케미칼,2017,사업장,석유화학,102365.0,2276.0,대일이엔씨기술(주),,014680
197,농림축산식품부,(주)한솔홈데코,2017,사업장,목재,74100.0,1335.0,(주)한국경영인증원,,025750
198,산업통상자원부,(주)한양에스앤씨 함안지점,2017,사업장,자동차,20766.0,385.0,한국표준협회,,NULL
199,해양수산부,(주)한일고속,2017,업체,교통(해운),94101.0,1305.0,(주)한국경영인증원,,NULL
200,산업통상자원부,(주)한주,2017,업체,산업단지,1106189.0,13933.0,한국표준협회,,NULL
201,국토교통부,(주)한진,2017,업체,교통(화물),127009.0,1904.0,티유브이슈드코리아㈜,,002320
202,산업통상자원부,(주)한창제지,2017,업체,제지,145458.0,1995.0,한국표준협회,,009460
203,산업통상자원부,(주)한화,2017,사업장,석유화학,106472.0,1742.0,㈜디엔브이지엘비즈니스어슈어런스코리아,,000880
204,국토교통부,(주)현대백화점,2017,업체,건물,150853.0,3107.0,한국표준협회,,069960
205,국토교통부,(주)현대아이파크몰,2017,사업장,건물,20670.0,421.0,(재)한국화학융합시험연구원,,NULL
206,산업통상자원부,(주)현대케피코,2017,사업장,자동차,27723.0,564.0,㈜디엔브이지엘비즈니스어슈어런스코리아,,NULL
207,국토교통부,(주)호텔신라,2017,사업장,건물,22048.0,445.0,환경보전협회,,008770
208,산업통상자원부,(주)화승알앤에이,2017,사업장,석유화학,23523.0,475.0,한국표준협회,,378850
209,산업통상자원부,(주)화승인더스트리,2017,사업장,석유화학,31356.0,638.0,이큐에이㈜,,006060
210,산업통상자원부,(주)흥아 양산1공장,2017,사업장,석유화학,14088.0,281.0,(재)한국품질재단,,NULL
211,산업통상자원부,(주)흥아 양산2공장,2017,사업장,석유화학,14634.0,286.0,(재)한국품질재단,,NULL
212,국토교통부,(합)경남여객,2017,사업장,교통(여객),48201.0,771.0,한국표준협회,,NULL
213,국토교통부,CJ대한통운(주),2017,업체,교통(화물),202671.0,3273.0,(주)한국경영인증원,,000120
214,농림축산식품부,CJ제일제당(주),2017,업체,음식료품,363919.0,8383.0,(재)한국화학융합시험연구원,,097950
215,국토교통부,GS건설(주),2017,업체,건설,109007.0,2062.0,한국표준협회,,006360
216,산업통상자원부,GS파워,2017,업체,집단에너지,1245993.0,24115.0,(재)한국품질재단,,NULL
217,산업통상자원부,HSD엔진(주),2017,사업장,기계,29492.0,528.0,㈜디엔브이지엘비즈니스어슈어런스코리아,,NULL
218,산업통상자원부,JW 생명과학(주),2017,사업장,석유화학,24046.0,587.0,한국표준협회,,NULL
219,산업통상자원부,KPX 케미칼(주),2017,사업장,석유화학,18348.0,591.0,(주)한국경영인증원,,NULL
220,산업통상자원부,LB세미콘(주),2017,사업장,반도체.디스플레이.전기전자,20281.0,415.0,한국표준협회,,061970
221,산업통상자원부,LG엠엠에이,2017,업체,석유화학,186013.0,2775.0,(주)한국경영인증원,,NULL
222,산업통상자원부,LS산전(주) 청주사업장,2017,사업장,반도체.디스플레이.전기전자,21130.0,431.0,(주)한국경영인증원,,NULL
223,산업통상자원부,OCI SE 주식회사,2017,업체,발전에너지,1794784.0,23367.0,(재)한국품질재단,,NULL
224,산업통상자원부,S&T모티브(주),2017,사업장,자동차,19839.0,404.0,한국표준협회,,NULL
225,산업통상자원부,S&T중공업(주),2017,사업장,자동차,16814.0,312.0,한국표준협회,,NULL
226,산업통상자원부,S-Oil(주),2017,업체,정유,7710339.0,100163.0,한국표준협회,,010950
227,산업통상자원부,SK(주) 대덕 데이터센터,2017,사업장,통신,20919.0,430.0,한국표준협회,,NULL
228,산업통상자원부,SKbroadband(주),2017,업체,통신,267828.0,5483.0,(재)한국품질재단,,NULL
229,국토교통부,SK네트웍스(주) 워커힐,2017,사업장,건물,23461.0,472.0,(주)비에스아이그룹코리아,,NULL
230,산업통상자원부,SK이노베이션(주),2017,사업장,전기전자,186008.0,3779.0,한국표준협회,,096770
231,산업통상자원부,SK인천석유화학(주),2017,업체,석유화학,1712535.0,46862.0,한국표준협회,,NULL
232,산업통상자원부,STX 조선해양(주),2017,업체,조선,60916.0,1119.0,(재)한국품질재단,,NULL
233,산업통상자원부,Y&T파워텍(주),2017,사업장,자동차,17832.0,366.0,(주)비에스아이그룹코리아,,NULL
234,산업통상자원부,가온전선주식회사,2017,사업장,반도체.디스플레이.전기전자,18798.0,377.0,(주)한국경영인증원,,000500
235,국토교통부,가천대학교길병원,2017,사업장,건물,21985.0,445.0,(재)한국화학융합시험연구원,,NULL
236,국토교통부,가톨릭대학교 서울성모병원,2017,사업장,건물,39971.0,809.0,환경보전협회,,NULL
237,국토교통부,강남금융센터(주),2017,사업장,건물,17754.0,362.0,환경보전협회,,NULL
238,산업통상자원부,강남화성(주),2017,사업장,석유화학,21927.0,411.0,한국표준협회,,NULL
239,환경부,강릉공공하수처리시설,2017,사업장,폐기물,37110.0,94.0,(주)비에스아이그룹코리아,,NULL
240,국토교통부,강변테크노마트 주식회사,2017,사업장,건물,16341.0,335.0,대일이엔씨기술(주),,NULL
241,국토교통부,강원대학교 춘천캠퍼스,2017,사업장,건물,19365.0,394.0,한국표준협회,,NULL
242,환경부,거제시,2017,사업장,폐기물,65280.0,331.0,㈜한국품질보증원,,NULL
243,국토교통부,건국대학교,2017,사업장,건물,27913.0,565.0,이큐에이㈜,,NULL
244,국토교통부,경북대학교,2017,사업장,건물,35340.0,716.0,㈜한국품질보증원,,NULL
245,산업통상자원부,경산제지 주식회사,2017,사업장,제지,103132.0,913.0,한국표준협회,,NULL
248,환경부,경주시,2017,사업장,폐기물,100379.0,580.0,㈜한국품질보증원,,NULL
249,국토교통부,경진여객운수(주),2017,사업장,교통(여객),29909.0,495.0,(주)한국경영인증원,,NULL
250,산업통상자원부,경창산업(주) 본사,2017,사업장,자동차,22037.0,452.0,한국생산성본부인증원(주),,NULL
251,산업통상자원부,고려강선(주),2017,업체,철강,101572.0,2111.0,로이드인증원㈜,,NULL
252,산업통상자원부,고려기초소재,2017,사업장,시멘트,30307.0,527.0,한국표준협회,,NULL
253,산업통상자원부,고려아연 주식회사,2017,업체,비철금속,3481600.0,48424.0,(재)한국품질재단,,010130
254,산업통상자원부,고려용접봉(주),2017,사업장,기계,23128.0,470.0,㈜한국품질보증원,,NULL
255,산업통상자원부,고려제강(주),2017,업체,철강,125547.0,2539.0,로이드인증원㈜,,002240
256,산업통상자원부,고려특수선재(주),2017,사업장,철강,17040.0,349.0,로이드인증원㈜,,NULL
257,환경부,고양시,2017,사업장,폐기물,253552.0,1020.0,㈜한국품질보증원,,NULL
258,국토교통부,공항철도(주),2017,업체,교통(철도),54390.0,1116.0,대일이엔씨기술(주),,NULL
259,환경부,광명시,2017,사업장,폐기물,66517.0,338.0,㈜한국품질보증원,,NULL
260,해양수산부,광양선박(주),2017,업체,교통(해운),59693.0,821.0,㈜디엔브이지엘비즈니스어슈어런스코리아,,NULL
261,국토교통부,광주과학기술원,2017,사업장,건물,20674.0,422.0,한국표준협회,,NULL
262,환경부,광주광역시,2017,업체,폐기물,1011296.0,1623.0,(재)한국품질재단,,NULL
263,국토교통부,광주광역시도시철도공사,2017,사업장,교통(철도),18128.0,372.0,한국표준협회,,NULL
264,산업통상자원부,광진산업(주),2017,사업장,시멘트,89060.0,221.0,한국생산성본부인증원(주),,NULL
265,환경부,구리시,2017,사업장,폐기물,136985.0,595.0,㈜한국품질보증원,,NULL
266,환경부,구미시,2017,업체,폐기물,233696.0,1173.0,㈜한국품질보증원,,NULL
267,국토교통부,국가핵융합연구소,2017,사업장,건물,14234.0,292.0,(주)신화엔지니어링종합건축사사무소,,NULL
268,산업통상자원부,국도화학(주),2017,사업장,석유화학,67636.0,1407.0,로이드인증원㈜,,007690
269,국토교통부,국립대학법인 서울대학교,2017,사업장,건물,140383.0,2842.0,(재)한국품질재단,,NULL
270,국토교통부,국립암센터,2017,사업장,건물,18352.0,382.0,이큐에이㈜,,NULL
271,국토교통부,국방과학연구소,2017,사업장,건물,19200.0,387.0,(재)한국품질재단,,NULL
272,산업통상자원부,국일제지(주),2017,사업장,제지,21594.0,435.0,이큐에이㈜,,078130
273,국토교통부,국회사무처,2017,사업장,건물,21371.0,444.0,한국표준협회,,NULL
274,환경부,군산시,2017,사업장,폐기물,113588.0,386.0,한국산업기술시험원,,NULL
275,산업통상자원부,군장에너지주식회사,2017,업체,산업단지,2724232.0,42630.0,한국표준협회,,NULL
276,환경부,군포시,2017,사업장,폐기물,44354.0,80.0,한국표준협회,,NULL
277,산업통상자원부,그린케미칼 주식회사,2017,사업장,석유화학,67836.0,1416.0,한국가스안전공사,,083420
278,산업통상자원부,금강공업(주) 음성 제2공장,2017,사업장,비철금속,23834.0,401.0,(주)한국경영인증원,,NULL
279,해양수산부,금진해운(주),2017,사업장,교통(해운),21216.0,294.0,㈜디엔브이지엘비즈니스어슈어런스코리아,,NULL
280,국토교통부,금호고속(주),2017,업체,교통(여객),180413.0,2585.0,(주)한국경영인증원,,NULL
281,산업통상자원부,금호미쓰이화학 주식회사,2017,사업장,석유화학,90832.0,1606.0,(재)한국품질재단,,NULL
282,산업통상자원부,금호석유화학 주식회사,2017,업체,석유화학,3335098.0,41497.0,한국표준협회,,011780
283,산업통상자원부,금호타이어(주),2017,업체,석유화학,299495.0,5814.0,지속가능인증원주식회사,,073240
284,산업통상자원부,금호폴리켐주식회사,2017,업체,석유화학,312988.0,4852.0,(재)한국품질재단,,NULL
285,산업통상자원부,금호피앤비화학 주식회사,2017,업체,석유화학,892994.0,10591.0,한국표준협회,,NULL
286,산업통상자원부,기아자동차(주),2017,업체,자동차,760614.0,15324.0,㈜디엔브이지엘비즈니스어슈어런스코리아,,NULL
287,환경부,김천시,2017,사업장,폐기물,75957.0,291.0,㈜한국품질보증원,,NULL
288,산업통상자원부,김천에너지서비스주식회사,2017,업체,산업단지,734212.0,8000.0,한국표준협회,,NULL
289,환경부,김해시,2017,업체,폐기물,175469.0,1029.0,(재)한국품질재단,,NULL
290,산업통상자원부,깨끗한나라 주식회사,2017,업체,제지,424640.0,5462.0,(재)한국품질재단,,004540
291,산업통상자원부,나래에너지서비스 주식회사,2017,사업장,발전 · 에너지,787485.0,15668.0,한국생산성본부인증원(주),,NULL
292,산업통상자원부,나투라페이퍼 주식회사,2017,업체,제지,156852.0,1243.0,한국표준협회,,NULL
293,산업통상자원부,남양금속주식회사,2017,사업장,기계,99064.0,1827.0,(주)한국경영인증원,,NULL
294,농림축산식품부,남양유업(주),2017,사업장,음식료품,84821.0,1924.0,한국표준협회,,003920
295,환경부,남양주시,2017,업체,지정외 폐기물처리업,64956.0,941.0,(재)한국품질재단,,NULL
296,산업통상자원부,남해화학(주),2017,사업장,석유화학,65278.0,824.0,대일이엔씨기술(주),,025860
297,산업통상자원부,내포그린에너지(주),2017,사업장,발전에너지,20841.0,410.0,대일이엔씨기술(주),,NULL
298,산업통상자원부,네이버 데이터센터 각,2017,사업장,통신,49539.0,1019.0,한국표준협회,,NULL
299,산업통상자원부,네패스,2017,사업장,반도체.디스플레이.전기전자,18216.0,371.0,(주)비에스아이그룹코리아,,033640
300,산업통상자원부,넥센타이어(주),2017,사업장,석유화학,206381.0,4089.0,(주)한국경영인증원,,002350
301,산업통상자원부,넥스틸(주),2017,사업장,철강,17556.0,360.0,이큐에이㈜,,092790
302,산업통상자원부,노벨리스코리아 주식회사,2017,업체,비철금속,276900.0,5467.0,(주)한국경영인증원,,NULL
303,산업통상자원부,녹십자,2017,사업장,석유화학,35238.0,783.0,이큐에이㈜,,006280
304,국토교통부,농협은행(주),2017,업체,건물,98848.0,1435.0,티유브이슈드코리아㈜,,NULL
305,산업통상자원부,능원금속공업 주식회사,2017,사업장,비철금속,30129.0,613.0,산림조합중앙회,,NULL
306,산업통상자원부,담우물산(주),2017,사업장,시멘트,58684.0,190.0,(주)한국경영인증원,,NULL
307,환경부,대구광역시,2017,업체,폐기물,1352164.0,5603.0,㈜한국품질보증원,,NULL
308,산업통상자원부,대구그린파워(주),2017,업체,집단에너지,872669.0,17370.0,이큐에이㈜,,NULL
309,국토교통부,대구도시철도공사,2017,업체,교통(철도),96357.0,1981.0,(주)한국경영인증원,,NULL
310,산업통상자원부,대구염색산업단지관리공단,2017,업체,산업단지,805395.0,9097.0,이큐에이㈜,,NULL
311,산업통상자원부,대구텍 유한회사,2017,사업장,비철금속,,,한국표준협회,2018년 명세서 공개심사 위원회 결정사항,NULL
312,산업통상자원부,대덕전자(주),2017,사업장,전기전자,81907.0,1662.0,한국표준협회,,353200
313,산업통상자원부,대덕지디에스(주),2017,사업장,전기전자,33476.0,676.0,한국표준협회,,NULL
314,산업통상자원부,대동금속(주),2017,사업장,철강,34413.0,642.0,(주)한국경영인증원,,020400
315,산업통상자원부,대동산업주식회사,2017,사업장,요업,42824.0,771.0,한국표준협회,,NULL
316,산업통상자원부,대림산업 주식회사,2017,업체,석유화학,240386.0,4722.0,한국가스안전공사,,NULL
317,산업통상자원부,대림자동차공업(주),2017,사업장,자동차,40724.0,822.0,(주)한국경영인증원,,NULL
318,농림축산식품부,대상 주식회사,2017,업체,음식료품,530522.0,10643.0,한국표준협회,,001680
319,농림축산식품부,대성목재공업(주),2017,사업장,목재,28163.0,553.0,한국표준협회,,NULL
320,산업통상자원부,대성산업가스(주),2017,업체,석유화학,804048.0,16419.0,㈜한국품질보증원,,NULL
321,산업통상자원부,대성지엠텍(주),2017,업체,광업,133839.0,329.0,(주)한국경영인증원,,NULL
322,산업통상자원부,대신염직공업(주),2017,사업장,섬유,15274.0,287.0,이큐에이㈜,,NULL
323,국토교통부,대신정기화물자동차(주),2017,업체,교통(화물),54681.0,774.0,(주)한국경영인증원,,NULL
324,산업통상자원부,대양금속(주),2017,사업장,기계,20730.0,406.0,(재)한국품질재단,,009190
325,산업통상자원부,대양제지공업(주),2017,사업장,제지,136201.0,1540.0,한국표준협회,,006580
326,산업통상자원부,대왕제지공업(주) 소룡동지점,2017,사업장,제지,20057.0,364.0,한국생산성본부인증원(주),,NULL
327,산업통상자원부,대용산업,2017,사업장,비철금속,6025.0,123.0,㈜디엔브이지엘비즈니스어슈어런스코리아,,NULL
328,산업통상자원부,대우조선해양(주),2017,업체,조선,405217.0,7146.0,한국표준협회,,NULL
329,산업통상자원부,대원강업(주),2017,사업장,자동차,26805.0,538.0,티유브이슈드코리아㈜,,000430
330,산업통상자원부,대원화성(주),2017,사업장,석유화학,21340.0,403.0,한국표준협회,,024890
331,환경부,대일개발 주식회사,2017,사업장,폐기물,51231.0,130.0,티유브이슈드코리아㈜,,NULL
332,환경부,대전광역시,2017,업체,폐기물,567548.0,1741.0,㈜디엔브이지엘비즈니스어슈어런스코리아,,NULL
333,국토교통부,대전광역시도시철도공사,2017,사업장,교통(철도),17704.0,363.0,(주)한국경영인증원,,NULL
334,산업통상자원부,대전열병합발전주식회사,2017,업체,산업단지,221774.0,3735.0,한국표준협회,,NULL
335,산업통상자원부,대창단조(주),2017,사업장,기계,24520.0,499.0,이큐에이㈜,,015230
336,국토교통부,대창운수(주),2017,사업장,교통(여객),27185.0,509.0,한국표준협회,,NULL
337,산업통상자원부,대한광통신 주식회사,2017,사업장,반도체.디스플레이.전기전자,15801.0,323.0,(주)한국경영인증원,,010170
338,산업통상자원부,대한방직(주),2017,사업장,섬유,30793.0,485.0,한국표준협회,,001070
339,산업통상자원부,대한석탄공사,2017,사업장,광업,189281.0,553.0,한국생산성본부인증원(주),,NULL
340,산업통상자원부,대한소결금속(주),2017,사업장,자동차,22700.0,456.0,한국표준협회,,NULL
341,산업통상자원부,대한슬래그 주식회사,2017,사업장,유리 · 요업,34222.0,629.0,한국표준협회,,NULL
342,산업통상자원부,대한시멘트주식회사,2017,사업장,시멘트,87962.0,1582.0,한국표준협회,,NULL
343,산업통상자원부,대한유화 주식회사,2017,업체,석유화학,1276255.0,24519.0,한국가스안전공사,,006650
344,산업통상자원부,대한전선 주식회사,2017,사업장,기계,40491.0,811.0,이큐에이㈜,,001440
345,산업통상자원부,대한제강(주),2017,업체,철강,585542.0,9960.0,한국표준협회,,084010
346,농림축산식품부,대한제당 주식회사,2017,사업장,음식료품,77437.0,1543.0,한국표준협회,,001790
347,농림축산식품부,대한제분(주),2017,사업장,식료품 제조업,20856.0,428.0,대일이엔씨기술(주),,001130
348,산업통상자원부,대한제지주식회사,2017,업체,제지,211878.0,2512.0,한국표준협회,,NULL
349,산업통상자원부,대한특수금속(주),2017,사업장,철강,19780.0,349.0,이큐에이㈜,,NULL
350,국토교통부,대한항공,2017,업체,항공,659217.0,9888.0,㈜디엔브이지엘비즈니스어슈어런스코리아,,003490
351,산업통상자원부,대한화섬(주),2017,사업장,섬유,47998.0,1091.0,한국표준협회,,003830
352,산업통상자원부,더블유스코프코리아(주) 1공장,2017,사업장,석유화학,17440.0,658.0,㈜한국품질보증원,,NULL
353,환경부,더블유아이케이그린 주식회사,2017,사업장,폐기물,70627.0,284.0,이큐에이㈜,,NULL
354,산업통상자원부,덴소코리아 주식회사,2017,사업장,자동차,15451.0,309.0,이큐에이㈜,,047060
355,산업통상자원부,도레이배터리세퍼레이터필름 한국유한회사,2017,사업장,전기전자,71579.0,1446.0,한국표준협회,,NULL
356,산업통상자원부,도레이첨단소재 주식회사,2017,업체,섬유,500392.0,8904.0,(재)한국품질재단,,NULL
357,산업통상자원부,도레이케미칼 주식회사,2017,업체,섬유,194407.0,3806.0,(주)비에스아이그룹코리아,,008000
358,산업통상자원부,동국산업(주),2017,사업장,철강,42752.0,853.0,환경보전협회,,005160
359,산업통상자원부,동국제강 주식회사,2017,업체,철강,1994346.0,34102.0,(재)한국품질재단,,460860
360,산업통상자원부,동남정밀 주식회사,2017,사업장,자동차,20660.0,416.0,한국표준협회,,NULL
361,산업통상자원부,동두천드림파워,2017,업체,발전 · 에너지,2728946.0,54275.0,한국표준협회,,NULL
362,환경부,동두천시공공하수처리장,2017,사업장,폐기물,14899.0,103.0,한국표준협회,,NULL
363,산업통상자원부,동부인천스틸주식회사,2017,업체,철강,130934.0,2796.0,(재)한국품질재단,,NULL
364,산업통상자원부,동부제철 주식회사,2017,업체,철강,278642.0,5884.0,(재)한국품질재단,,NULL
365,산업통상자원부,동서석유화학 주식회사,2017,업체,석유화학,372084.0,1597.0,로이드인증원㈜,,NULL
366,농림축산식품부,동서식품(주),2017,업체,음식료품,120498.0,2634.0,(재)한국품질재단,,NULL
367,산업통상자원부,동서페더럴모굴(주),2017,사업장,자동차,21147.0,430.0,(주)비에스아이그룹코리아,,NULL
368,산업통상자원부,동아타이어공업(주),2017,사업장,석유화학,14529.0,288.0,한국표준협회,,282690
369,산업통상자원부,동양산업(주)성산지점,2017,사업장,자동차,17340.0,355.0,(주)한국경영인증원,,NULL
370,환경부,동양에코 주식회사,2017,업체,폐기물,278731.0,427.0,한국표준협회,,NULL
371,산업통상자원부,동양주공(주),2017,사업장,철강,15729.0,294.0,한국표준협회,,NULL
372,산업통상자원부,동양피스톤(주),2017,사업장,자동차,29349.0,596.0,이큐에이㈜,,NULL
373,산업통상자원부,동우화인켐주식회사,2017,업체,석유화학,412098.0,6732.0,(재)한국품질재단,,NULL
374,산업통상자원부,동원페이퍼(주),2017,사업장,제지,87403.0,1740.0,이큐에이㈜,,NULL
375,산업통상자원부,동은단조(주) 부산공장,2017,사업장,기계,20983.0,429.0,㈜한국품질보증원,,NULL
376,산업통상자원부,동일금속,2017,사업장,철강,6207.0,123.0,한국표준협회,,109860
377,산업통상자원부,동일산업주식회사,2017,업체,철강,295221.0,3504.0,한국표준협회,,004890
378,산업통상자원부,동일알루미늄(주),2017,사업장,비철금속,18804.0,384.0,한국표준협회,,NULL
379,산업통상자원부,동일제강(주),2017,사업장,철강,16608.0,335.0,한국표준협회,,002690
380,농림축산식품부,동화기업(주),2017,사업장,목재,117707.0,3877.0,한국표준협회,,025900
381,산업통상자원부,동화지앤피주식회사,2017,사업장,유리 · 요업,23394.0,354.0,(주)한국경영인증원,,NULL
382,산업통상자원부,동희오토(주),2017,사업장,자동차,42701.0,857.0,(주)한국경영인증원,,NULL
383,산업통상자원부,두산메카텍 주식회사,2017,사업장,기계,15245.0,271.0,(재)한국품질재단,,NULL
384,산업통상자원부,두산인프라코어(주),2017,업체,기계,97955.0,1869.0,(재)한국품질재단,,NULL
385,산업통상자원부,두산중공업 주식회사,2017,업체,기계,257251.0,4803.0,(재)한국품질재단,,NULL
386,산업통상자원부,두원중공업(주),2017,사업장,기계,28688.0,584.0,이큐에이㈜,,NULL
387,산업통상자원부,디에스파워 주식회사,2017,사업장,집단에너지,1150436.0,22877.0,한국표준협회,,NULL
388,산업통상자원부,디케이동신(주),2017,사업장,철강,22356.0,440.0,환경보전협회,,NULL
389,국토교통부,롯데건설(주),2017,업체,건설,49604.0,915.0,한국표준협회,,NULL
390,농림축산식품부,롯데네슬레코리아(주),2017,사업장,음식료품,38207.0,746.0,(재)한국품질재단,,NULL
391,국토교통부,롯데물산(주),2017,사업장,건물,37114.0,790.0,(주)한국경영인증원,,NULL
392,산업통상자원부,롯데비피화학 주식회사,2017,업체,석유화학,169585.0,2782.0,한국표준협회,,NULL
393,국토교통부,롯데쇼핑 주식회사,2017,업체,건물,849397.0,16807.0,한국표준협회,,023530
394,산업통상자원부,롯데알미늄 주식회사,2017,사업장,비철금속,93024.0,1865.0,(재)한국품질재단,,NULL
395,산업통상자원부,롯데엠시시 주식회사,2017,업체,석유화학,342825.0,2950.0,한국표준협회,,NULL
396,산업통상자원부,롯데정밀화학 주식회사,2017,업체,석유화학,621134.0,14160.0,로이드인증원㈜,,004000
397,산업통상자원부,롯데정보통신(주),2017,사업장,통신,15734.0,323.0,한국표준협회,,NULL
398,농림축산식품부,롯데제과 주식회사,2017,사업장,음식료품,126805.0,2519.0,(재)한국품질재단,,NULL
399,산업통상자원부,롯데첨단소재 주식회사,2017,업체,전기전자,385758.0,7326.0,(재)한국품질재단,,NULL
400,농림축산식품부,롯데칠성음료 주식회사,2017,업체,음식료품,157349.0,2833.0,(주)한국경영인증원,,005300
401,산업통상자원부,롯데케미칼 주식회사,2017,업체,석유화학,5944424.0,115303.0,(재)한국품질재단,,011170
402,농림축산식품부,롯데푸드(주),2017,사업장,음식료품,112017.0,2215.0,(주)한국경영인증원,,002270
403,산업통상자원부,르노삼성자동차(주),2017,사업장,자동차,111119.0,2242.0,(재)한국품질재단,,NULL
404,산업통상자원부,만호제강(주),2017,사업장,철강,32053.0,651.0,한국표준협회,,001080
405,산업통상자원부,매그나칩반도체(유),2017,업체,반도체,604879.0,4915.0,(주)비에스아이그룹코리아,,NULL
406,농림축산식품부,매일유업(주),2017,사업장,음식료품,109723.0,2067.0,(주)한국경영인증원,,267980
407,국토교통부,명성운수(주),2017,사업장,교통(여객),34934.0,572.0,이큐에이㈜,,NULL
408,산업통상자원부,무림에스피(주),2017,사업장,제지,51517.0,1034.0,(재)한국화학융합시험연구원,,NULL
409,산업통상자원부,무림파워텍 주식회사,2017,업체,산업단지,189551.0,2776.0,(재)한국화학융합시험연구원,,NULL
410,산업통상자원부,무림페이퍼(주),2017,업체,제지,218366.0,4532.0,(재)한국화학융합시험연구원,,009200
411,산업통상자원부,무림피앤피(주),2017,업체,제지,254878.0,13022.0,(재)한국화학융합시험연구원,,NULL
412,환경부,문경시 하수도사업소,2017,사업장,하수처리업,25387.0,129.0,(재)한국화학융합시험연구원,,NULL
413,국토교통부,문화방송,2017,사업장,건물,18023.0,383.0,(주)한국경영인증원,,NULL
414,산업통상자원부,미래나노텍(주),2017,사업장,반도체.디스플레이.전기전자,18541.0,362.0,(주)한국경영인증원,,095500
415,산업통상자원부,미쓰이케미칼앤드에스케이씨폴리우레탄 주식회사,2017,사업장,석유화학,19162.0,457.0,한국표준협회,,NULL
416,산업통상자원부,미원스페셜티케미칼주식회사,2017,사업장,석유화학,13681.0,514.0,이큐에이㈜,,NULL
417,산업통상자원부,바스프컬러스앤이펙츠코리아(주),2017,사업장,석유화학,14776.0,512.0,(재)한국품질재단,,NULL
418,산업통상자원부,발레오전장시스템스코리아(주),2017,사업장,자동차,13913.0,284.0,(주)비에스아이그룹코리아,,NULL
419,산업통상자원부,백광산업 주식회사,2017,업체,석유화학,195048.0,3881.0,한국표준협회,,NULL
420,산업통상자원부,버슘머트리얼즈코리아 주식회사,2017,업체,석유화학,3411.0,67.0,로이드인증원㈜,,NULL
421,산업통상자원부,버슘머트리얼즈피엠코리아,2017,사업장,석유화학,29170.0,600.0,로이드인증원㈜,,NULL
422,환경부,베올리아워터자원개발 주식회사,2017,사업장,수도,10773.0,221.0,(재)한국품질재단,,NULL
423,환경부,베올리아워터코리아대산(주),2017,사업장,수도,88039.0,1801.0,(주)한국경영인증원,,NULL
424,산업통상자원부,별내에너지,2017,사업장,집단에너지,103354.0,2048.0,환경보전협회,,NULL
425,국토교통부,보영운수(주),2017,사업장,교통(여객),20997.0,330.0,한국표준협회,,NULL
426,산업통상자원부,볼보그룹코리아(주),2017,사업장,기계,22942.0,437.0,한국표준협회,,NULL
427,환경부,부산광역시,2017,업체,폐기물,1197432.0,10575.0,(재)한국화학융합시험연구원,,NULL
428,국토교통부,부산교통공사,2017,업체,교통(철도),166529.0,3424.0,한국표준협회,,NULL
429,국토교통부,부산대학교,2017,사업장,건물,23401.0,478.0,㈜한국품질보증원,,NULL
430,산업통상자원부,부산정관에너지(주),2017,사업장,집단에너지,63680.0,1262.0,대일이엔씨기술(주),,NULL
431,산업통상자원부,부산주공(주),2017,사업장,자동차,120833.0,2229.0,(주)한국경영인증원,,005030
432,산업통상자원부,부산패션칼라산업협동조합,2017,업체,산업단지,187627.0,2690.0,이큐에이㈜,,NULL
433,환경부,부천시,2017,업체,폐기물,376952.0,1331.0,한국산업기술시험원,,NULL
434,산업통상자원부,부흥석회,2017,사업장,시멘트,51774.0,187.0,티유브이슈드코리아㈜,,NULL
435,산업통상자원부,브이피에이치메탈 유한회사,2017,사업장,철강,31757.0,610.0,(주)한국경영인증원,,NULL
436,환경부,비노텍 주식회사,2017,사업장,폐기물,85695.0,101.0,티유브이슈드코리아㈜,,NULL
437,산업통상자원부,비를라카본코리아(주),2017,사업장,석유화학,129422.0,1503.0,(재)한국품질재단,,NULL
438,국토교통부,사회복지법인 삼성생명공익재단,2017,사업장,건물,87723.0,1774.0,(재)한국품질재단,,NULL
439,산업통상자원부,삼강에스앤씨(주),2017,사업장,조선,13248.0,241.0,(재)한국품질재단,,NULL
440,산업통상자원부,삼강엠앤티,2017,사업장,조선,17454.0,280.0,한국표준협회,,NULL
441,산업통상자원부,삼광글라스(주),2017,업체,유리,190204.0,3142.0,(재)한국품질재단,,NULL
442,산업통상자원부,삼남석유화학주식회사,2017,업체,석유화학,208422.0,2507.0,한국표준협회,,NULL
443,산업통상자원부,삼미금속(주),2017,사업장,철강,20221.0,405.0,한국표준협회,,012210
444,산업통상자원부,삼보산업 주식회사,2017,사업장,비철금속,35371.0,525.0,한국표준협회,,009620
445,해양수산부,삼부해운㈜,2017,사업장,교통(해운),4516.0,63.0,(주)한국경영인증원,,NULL
446,산업통상자원부,삼성디스플레이 주식회사,2017,업체,디스플레이,5048146.0,80861.0,(재)한국품질재단,,NULL
447,국토교통부,삼성물산 주식회사,2017,사업장,건물,120914.0,2535.0,(주)한국경영인증원,,000830
448,산업통상자원부,삼성바이오로직스 주식회사,2017,사업장,석유화학,85314.0,1726.0,(재)한국품질재단,,207940
449,국토교통부,삼성생명보험 주식회사,2017,업체,건물,101769.0,1648.0,(재)한국품질재단,,NULL
450,산업통상자원부,삼성에스디아이 주식회사,2017,업체,전기전자,438461.0,8609.0,(재)한국품질재단,,NULL
451,산업통상자원부,삼성에스디에스(주),2017,사업장,통신,96681.0,1975.0,(재)한국품질재단,,018260
452,산업통상자원부,삼성전기 주식회사,2017,업체,전기전자,391022.0,8166.0,(주)비에스아이그룹코리아,,009150
453,산업통상자원부,삼성전자 주식회사,2017,업체,반도체,8589517.0,130834.0,(재)한국품질재단,,005930
454,산업통상자원부,삼성중공업 주식회사,2017,업체,조선,482339.0,7779.0,한국표준협회,,010140
455,산업통상자원부,삼성코닝어드밴스드 글라스,2017,사업장,유리 · 요업,14024.0,306.0,로이드인증원㈜,,NULL
456,산업통상자원부,삼신정밀(주),2017,사업장,자동차,23255.0,472.0,한국표준협회,,NULL
457,산업통상자원부,삼아알미늄주식회사,2017,사업장,비철금속,18832.0,374.0,한국표준협회,,006110
458,농림축산식품부,삼양식품(주) 원주공장,2017,사업장,식료품 제조업,31224.0,616.0,(주)비에스아이그룹코리아,,NULL
459,산업통상자원부,삼양이노켐 주식회사,2017,사업장,석유화학,84038.0,1627.0,환경보전협회,,NULL
460,산업통상자원부,삼양통상(주),2017,사업장,섬유,14982.0,301.0,이큐에이㈜,,002170
461,산업통상자원부,삼양화성주식회사,2017,업체,석유화학,110812.0,2539.0,환경보전협회,,NULL
462,산업통상자원부,삼영산업,2017,사업장,요업,27277.0,483.0,이큐에이㈜,,NULL
463,산업통상자원부,삼영엠텍(주),2017,사업장,철강,11764.0,238.0,한국표준협회,,054540
464,국토교통부,삼영운수(주),2017,사업장,교통(여객),35016.0,556.0,한국표준협회,,NULL
465,산업통상자원부,삼영전자공업(주),2017,업체,전기전자,141044.0,2892.0,한국산업기술시험원,,005680
466,산업통상자원부,삼영화학공업(주),2017,사업장,석유화학,31375.0,638.0,이큐에이㈜,,NULL
467,산업통상자원부,삼우중공업 주식회사,2017,사업장,조선,19758.0,327.0,(주)한국경영인증원,,NULL
468,산업통상자원부,삼정펄프(주),2017,업체,제지,162066.0,1500.0,(주)비에스아이그룹코리아,,009770
469,산업통상자원부,삼표기초소재 주식회사,2017,사업장,시멘트,28010.0,567.0,한국표준협회,,NULL
470,산업통상자원부,삼표시멘트,2017,업체,시멘트,7235875.0,37130.0,(재)한국품질재단,,038500
471,산업통상자원부,삼호제강주식회사,2017,사업장,철강,15885.0,317.0,이큐에이㈜,,NULL
472,산업통상자원부,삼화왕관(주),2017,사업장,기계,17360.0,338.0,한국표준협회,,004450
473,산업통상자원부,삼화제지(주),2017,사업장,제지,29594.0,816.0,한국표준협회,,NULL
474,산업통상자원부,삼흥열처리,2017,사업장,기계,28489.0,576.0,이큐에이㈜,,NULL
475,해양수산부,상지해운(주),2017,사업장,교통(해운),24575.0,336.0,㈜디엔브이지엘비즈니스어슈어런스코리아,,NULL
476,산업통상자원부,새론오토모티브(주),2017,사업장,자동차,22029.0,344.0,이큐에이㈜,,075180
477,산업통상자원부,생고뱅이소바코리아 주식회사,2017,사업장,유리,36421.0,702.0,이큐에이㈜,,NULL
478,농림축산식품부,서안주정(주),2017,사업장,음료제조업,19957.0,302.0,지속가능인증원주식회사,,NULL
479,농림축산식품부,서영주정(주),2017,사업장,음료제조업,20855.0,437.0,(재)한국품질재단,,NULL
480,국토교통부,서울교통공사,2017,업체,교통(철도),613550.0,12610.0,환경보전협회,,NULL
481,산업통상자원부,서울냉열 주식회사,2017,사업장,석유화학,13117.0,269.0,이큐에이㈜,,NULL
482,국토교통부,서울대학교병원,2017,사업장,건물,82113.0,1681.0,환경보전협회,,NULL
483,산업통상자원부,서울바이오시스(주),2017,사업장,반도체,87262.0,1598.0,로이드인증원㈜,,092190
484,산업통상자원부,서울반도체,2017,사업장,반도체.디스플레이.전기전자,17009.0,347.0,로이드인증원㈜,,046890
485,국토교통부,서울시메트로 9호선(주),2017,사업장,교통(철도),37165.0,763.0,이큐에이㈜,,NULL
486,산업통상자원부,서울에너지공사,2017,업체,집단에너지,268028.0,5789.0,(재)한국화학융합시험연구원,,NULL
487,농림축산식품부,서울우유협동조합,2017,업체,식료품 제조업,67150.0,1320.0,한국표준협회,,NULL
488,환경부,서울특별시,2017,업체,폐기물,3036649.0,11915.0,로이드인증원㈜,,NULL
489,국토교통부,서울특별시농수산식품공사,2017,사업장,건물,54990.0,1127.0,이큐에이㈜,,NULL
490,국토교통부,서울파이낸스센터(주),2017,사업장,건물,16328.0,333.0,한국생산성본부인증원(주),,NULL
491,산업통상자원부,서한이앤피주식회사,2017,사업장,기계,40265.0,798.0,이큐에이㈜,,NULL
492,산업통상자원부,선도화학(주),2017,사업장,석유화학,21254.0,437.0,한국가스안전공사,,NULL
493,국토교통부,선진버스(주),2017,사업장,교통(여객),27818.0,523.0,(재)한국화학융합시험연구원,,NULL
494,농림축산식품부,선창산업(주),2017,사업장,목재,88548.0,3827.0,한국표준협회,,NULL
495,환경부,성남시,2017,업체,폐기물,437871.0,2038.0,㈜한국품질보증원,,NULL
496,국토교통부,성남시내버스(주),2017,사업장,교통(여객),39207.0,687.0,한국표준협회,,NULL
497,산업통상자원부,성동조선해양 주식회사,2017,업체,조선,84656.0,1477.0,한국표준협회,,NULL
498,환경부,성림유화 주식회사,2017,업체,폐기물,218107.0,215.0,티유브이슈드코리아㈜,,NULL
499,산업통상자원부,성보공업(주),2017,사업장,철강,20014.0,374.0,한국표준협회,,NULL
500,산업통상자원부,성신양회(주),2017,업체,시멘트,5602789.0,28610.0,한국표준협회,,004980
501,산업통상자원부,성안합섬(주),2017,사업장,섬유,81679.0,1576.0,이큐에이㈜,,NULL
502,산업통상자원부,성일요업주식회사,2017,사업장,유리 · 요업,19392.0,367.0,한국표준협회,,NULL
503,농림축산식품부,성창보드(주),2017,사업장,목재,28381.0,614.0,㈜한국품질보증원,,NULL
504,산업통상자원부,성훈엔지니어링주식회사,2017,사업장,비철금속,42090.0,813.0,한국가스안전공사,,NULL
505,산업통상자원부,세메스(주),2017,사업장,기계,22689.0,433.0,한국표준협회,,NULL
506,산업통상자원부,세방전지(주),2017,사업장,전기전자,124649.0,2540.0,이큐에이㈜,,004490
507,산업통상자원부,세일철강(주),2017,사업장,철강,16446.0,325.0,(재)한국품질재단,,NULL
508,산업통상자원부,세하(주),2017,업체,제지,162735.0,1710.0,이큐에이㈜,,NULL
509,산업통상자원부,세화금속공업(주) 다산공장,2017,사업장,철강,16675.0,306.0,이큐에이㈜,,NULL
510,산업통상자원부,셀트리온,2017,사업장,석유화학,44587.0,902.0,산림조합중앙회,,068270
511,산업통상자원부,셰플러코리아(유),2017,사업장,기계,103324.0,2113.0,티유브이슈드코리아㈜,,NULL
512,국토교통부,소신여객자동차(주),2017,사업장,교통(여객),32148.0,578.0,한국표준협회,,NULL
513,환경부,속초시 환경자원사업소,2017,사업장,지정외 폐기물처리업,20010.0,224.0,(주)한국경영인증원,,NULL
514,산업통상자원부,솔베이실리카코리아(주),2017,사업장,석유화학,33218.0,661.0,이큐에이㈜,,NULL
515,산업통상자원부,솔브레인에스엘디 주식회사,2017,사업장,디스플레이,40257.0,825.0,㈜한국품질보증원,,NULL
516,산업통상자원부,송원산업(주),2017,업체,석유화학,143575.0,2878.0,한국표준협회,,004430
517,산업통상자원부,송학제지(주),2017,사업장,제지,35336.0,291.0,이큐에이㈜,,NULL
518,환경부,수도권매립지관리공사,2017,업체,폐기물,1634752.0,1724.0,한국표준협회,,NULL
519,산업통상자원부,수완에너지 주식회사,2017,업체,집단에너지,167849.0,3326.0,환경보전협회,,NULL
520,환경부,수원시,2017,업체,폐기물,318061.0,1451.0,(재)한국품질재단,,NULL
521,국토교통부,수원애경역사(주),2017,사업장,건물,18997.0,386.0,환경보전협회,,NULL
522,국토교통부,수원여객운수(주),2017,업체,교통(여객),51123.0,945.0,한국표준협회,,NULL
523,환경부,순천시,2017,업체,폐기물,132481.0,461.0,한국산업기술시험원,,NULL
524,산업통상자원부,스테코(주),2017,사업장,반도체,38754.0,794.0,한국표준협회,,NULL
525,산업통상자원부,스템코(주),2017,사업장,반도체,48623.0,1010.0,(주)한국경영인증원,,NULL
526,산업통상자원부,시그네틱스(주),2017,사업장,반도체,43546.0,888.0,(주)한국경영인증원,,033170
527,환경부,시흥시,2017,사업장,폐기물,72745.0,620.0,(재)한국품질재단,,NULL
528,산업통상자원부,신대양제지(주),2017,업체,제지,307773.0,2429.0,한국표준협회,,016590
529,산업통상자원부,신대일제지공업(주),2017,사업장,제지,98856.0,363.0,이큐에이㈜,,NULL
530,환경부,신대한정유산업 주식회사,2017,사업장,폐기물,112291.0,142.0,(주)한국경영인증원,,NULL
531,국토교통부,신분당선(주),2017,사업장,교통(철도),25783.0,530.0,(주)한국경영인증원,,NULL
532,국토교통부,신안종합리조트(주),2017,사업장,건물,16232.0,320.0,(주)한국경영인증원,,NULL
533,산업통상자원부,신양금속공업(주) 반월공장,2017,사업장,비철금속,12910.0,255.0,한국표준협회,,NULL
534,산업통상자원부,신양금속공업(주) 제1공장,2017,사업장,비철금속,15065.0,319.0,한국표준협회,,NULL
535,산업통상자원부,신창제지공업주식회사,2017,사업장,제지,35515.0,717.0,한국표준협회,,NULL
536,산업통상자원부,신풍제지(주),2017,업체,제지,98981.0,1964.0,(재)한국품질재단,,NULL
537,산업통상자원부,신한중공업(주),2017,사업장,조선,18604.0,310.0,㈜한국품질보증원,,NULL
538,산업통상자원부,신화인터텍(주),2017,사업장,반도체.디스플레이.전기전자,18632.0,375.0,한국표준협회,,056700
539,산업통상자원부,쌍용기초소재(주),2017,사업장,시멘트,23900.0,416.0,한국표준협회,,NULL
540,산업통상자원부,쌍용머티리얼(주),2017,사업장,자동차,38970.0,779.0,(재)한국품질재단,,NULL
541,산업통상자원부,쌍용양회공업 주식회사,2017,업체,시멘트,11443918.0,61315.0,한국표준협회,,NULL
542,산업통상자원부,쌍용자동차(주),2017,업체,자동차,149512.0,2968.0,㈜한국품질보증원,,NULL
543,산업통상자원부,씨엔씨티에너지 주식회사,2017,사업장,발전에너지,39472.0,787.0,티유브이슈드코리아㈜,,NULL
544,해양수산부,씨월드고속훼리(주),2017,업체,교통(해운),66326.0,909.0,(주)한국경영인증원,,NULL
545,국토교통부,씨제이씨지브이(주),2017,업체,건물,84510.0,1691.0,(주)한국경영인증원,,NULL
546,산업통상자원부,씨지앤대산전력 주식회사,2017,업체,발전 · 에너지,3382.0,56.0,㈜한국품질보증원,,NULL
547,산업통상자원부,씨지앤율촌전력 주식회사,2017,업체,발전 · 에너지,2297073.0,44789.0,㈜한국품질보증원,,NULL
548,산업통상자원부,아반스트레이트코리아 주식회사,2017,사업장,유리,20305.0,393.0,㈜한국품질보증원,,NULL
549,산업통상자원부,아사히피디글라스한국(주),2017,업체,유리,87.0,1.0,㈜디엔브이지엘비즈니스어슈어런스코리아,,NULL
550,환경부,아산시,2017,사업장,폐기물,39440.0,428.0,㈜한국품질보증원,,NULL
551,산업통상자원부,아세아시멘트 주식회사,2017,업체,시멘트,2998864.0,14735.0,한국표준협회,,183190
552,산업통상자원부,아세아제지(주),2017,업체,제지,538510.0,3991.0,한국표준협회,,002310
553,국토교통부,아시아나항공,2017,업체,항공,367886.0,5399.0,로이드인증원㈜,,020560
554,산업통상자원부,아이에스동서(주),2017,업체,유리 · 요업,102379.0,1894.0,한국표준협회,,010780
555,국토교통부,아주대학교의료원,2017,사업장,건물,25515.0,516.0,한국생산성본부인증원(주),,NULL
556,산업통상자원부,아즈텍 주식회사,2017,사업장,반도체,3675.0,75.0,㈜한국품질보증원,,NULL
557,환경부,안동시,2017,사업장,폐기물,75446.0,336.0,(재)한국품질재단,,NULL
558,산업통상자원부,안산도시개발(주),2017,사업장,집단에너지,13312.0,265.0,한국가스안전공사,,NULL
559,환경부,안산시,2017,업체,폐기물,285153.0,1217.0,㈜한국품질보증원,,NULL
560,환경부,안양시,2017,사업장,폐기물,81266.0,612.0,㈜한국품질보증원,,NULL
561,산업통상자원부,애경유화(주),2017,업체,석유화학,140240.0,1100.0,한국표준협회,,NULL
562,산업통상자원부,앰코테크놀로지코리아(주),2017,업체,반도체,186088.0,3772.0,(주)비에스아이그룹코리아,,NULL
563,국토교통부,양산부산대학교병원,2017,사업장,건물,19215.0,391.0,한국산업기술시험원,,NULL
564,환경부,양산시,2017,사업장,폐기물,90374.0,742.0,(재)한국품질재단,,NULL
565,환경부,양주시,2017,사업장,폐기물,59508.0,877.0,㈜한국품질보증원,,NULL
566,산업통상자원부,에너원(주),2017,사업장,발전 · 에너지,41070.0,479.0,(주)한국경영인증원,,NULL
567,산업통상자원부,에스에스엘엠 주식회사,2017,사업장,반도체,27438.0,558.0,한국표준협회,,NULL
568,산업통상자원부,에스엔에프코리아(주) 울산공장,2017,사업장,석유화학,33181.0,668.0,(재)한국화학융합시험연구원,,NULL
569,산업통상자원부,에스케이루브리컨츠 주식회사,2017,업체,정유,217958.0,6342.0,한국표준협회,,NULL
570,산업통상자원부,에스케이머티리얼즈 주식회사,2017,업체,석유화학,214684.0,4396.0,한국가스안전공사,,036490
571,산업통상자원부,에스케이실트론 주식회사,2017,업체,반도체,273699.0,5644.0,(주)한국경영인증원,,NULL
572,산업통상자원부,에스케이씨 주식회사,2017,업체,석유화학,712180.0,13434.0,한국표준협회,,NULL
573,산업통상자원부,에스케이씨솔믹스주식회사,2017,사업장,반도체.디스플레이.전기전자,6706.0,137.0,한국표준협회,,NULL
574,산업통상자원부,에스케이씨코오롱피아이 주식회사,2017,사업장,석유화학,98241.0,1177.0,(주)비에스아이그룹코리아,,NULL
575,산업통상자원부,에스케이씨하이테크앤마케팅(주),2017,사업장,석유화학,34579.0,664.0,로이드인증원㈜,,NULL
576,산업통상자원부,에스케이어드밴스드주식회사,2017,업체,석유화학,632821.0,12357.0,한국표준협회,,NULL
577,산업통상자원부,에스케이에너지 주식회사,2017,업체,정유,7517570.0,77788.0,한국표준협회,,NULL
578,산업통상자원부,에스케이에어가스주식회사,2017,사업장,석유화학,195906.0,6659.0,한국표준협회,,NULL
579,산업통상자원부,에스케이이엔에스 주식회사,2017,업체,발전 · 에너지,2471647.0,50013.0,(주)한국경영인증원,,NULL
580,산업통상자원부,에스케이종합화학 주식회사,2017,업체,석유화학,3250472.0,73803.0,한국표준협회,,NULL
581,산업통상자원부,에스케이케미칼(주),2017,업체,석유화학,587035.0,9087.0,(주)비에스아이그룹코리아,,285130
582,산업통상자원부,에스케이텔레콤 주식회사,2017,업체,통신,875405.0,17983.0,㈜디엔브이지엘비즈니스어슈어런스코리아,,017670
583,산업통상자원부,에스케이하이닉스 시스템아이씨(주),2017,업체,반도체,248808.0,3457.0,(주)비에스아이그룹코리아,,NULL
584,산업통상자원부,에스케이하이닉스 주식회사,2017,업체,반도체,3077307.0,58280.0,(주)비에스아이그룹코리아,,000660
585,산업통상자원부,에스폼(주),2017,사업장,비철금속,47003.0,821.0,한국표준협회,,NULL
586,농림축산식품부,에스피엘(주),2017,사업장,음식료품,29130.0,618.0,(주)비에스아이그룹코리아,,NULL
587,산업통상자원부,에어리퀴드코리아 주식회사,2017,업체,석유화학,208543.0,2342.0,로이드인증원㈜,,NULL
588,국토교통부,에어부산(주),2017,사업장,항공,194881.0,2797.0,한국표준협회,,298690
589,산업통상자원부,에어프로덕츠코리아 주식회사,2017,업체,석유화학,711658.0,14620.0,로이드인증원㈜,,NULL
590,산업통상자원부,에이에스이코리아주식회사,2017,사업장,반도체,95353.0,1943.0,(재)한국품질재단,,NULL
591,산업통상자원부,에이지씨디스플레이글라스 오창 주식회사,2017,사업장,유리 · 요업,18647.0,383.0,㈜디엔브이지엘비즈니스어슈어런스코리아,,NULL
592,산업통상자원부,에이지씨화인테크노한국주식회사,2017,업체,유리,264727.0,5145.0,㈜디엔브이지엘비즈니스어슈어런스코리아,,NULL
593,산업통상자원부,에이치디씨현대이피 주식회사,2017,사업장,석유화학,24389.0,461.0,한국표준협회,,NULL
594,산업통상자원부,에코플라스틱(주) 1공장,2017,사업장,자동차,17057.0,348.0,(재)한국품질재단,,NULL
595,산업통상자원부,엘앤에프,2017,사업장,반도체.디스플레이.전기전자,25567.0,487.0,(주)한국경영인증원,,066970
596,산업통상자원부,엘에스니꼬 동제련 주식회사,2017,업체,비철금속,511088.0,8241.0,한국표준협회,,NULL
597,산업통상자원부,엘에스메탈 주식회사,2017,사업장,비철금속,25013.0,511.0,(주)한국경영인증원,,NULL
598,산업통상자원부,엘에스엠트론(주),2017,사업장,비철금속,29221.0,573.0,(주)한국경영인증원,,NULL
599,산업통상자원부,엘에스전선 주식회사,2017,업체,기계,152130.0,3007.0,㈜한국품질보증원,,NULL
600,산업통상자원부,엘지디스플레이(주),2017,업체,디스플레이,6315796.0,63451.0,(재)한국품질재단,,034220
601,산업통상자원부,엘지유플러스(주),2017,업체,통신,1015286.0,20913.0,한국표준협회,,032640
602,산업통상자원부,엘지이노텍 주식회사,2017,업체,전기전자,357019.0,7419.0,(주)비에스아이그룹코리아,,011070
603,산업통상자원부,엘지전자 주식회사,2017,업체,전기전자,1293811.0,9499.0,㈜디엔브이지엘비즈니스어슈어런스코리아,,066570
604,산업통상자원부,엠이엠씨코리아주식회사,2017,사업장,반도체,66538.0,1368.0,(주)신화엔지니어링종합건축사사무소,,NULL
605,환경부,여수시,2017,업체,지정외 폐기물처리업 등,81491.0,711.0,한국산업기술시험원,,NULL
606,산업통상자원부,여천엔씨씨 주식회사,2017,업체,석유화학,3732791.0,74045.0,(재)한국품질재단,,NULL
607,국토교통부,영남대학교,2017,사업장,건물,19270.0,389.0,㈜한국품질보증원,,NULL
608,산업통상자원부,영보화학(주),2017,사업장,석유화학,18163.0,346.0,(주)한국경영인증원,,014440
609,산업통상자원부,영신금속공업(주),2017,사업장,기계,17107.0,347.0,(재)한국품질재단,,NULL
610,산업통상자원부,영진글로벌 주식회사,2017,사업장,시멘트,27715.0,560.0,한국표준협회,,NULL
611,산업통상자원부,영풍전자(주),2017,사업장,전기전자,59771.0,1129.0,이큐에이㈜,,NULL
612,산업통상자원부,영풍제지(주),2017,사업장,제지,113444.0,1042.0,한국표준협회,,NULL
613,산업통상자원부,영풍파일(주),2017,사업장,시멘트,5501.0,94.0,한국표준협회,,NULL
614,산업통상자원부,영화금속(주),2017,사업장,철강,99127.0,1404.0,한국표준협회,,012280
615,산업통상자원부,영흥철강(주),2017,사업장,철강,14259.0,314.0,한국표준협회,,NULL
616,농림축산식품부,오뚜기라면(주),2017,사업장,음식료품,49172.0,982.0,(주)비에스아이그룹코리아,,NULL
617,산업통상자원부,오리온엔지니어드카본즈 주식회사,2017,업체,석유화학,676773.0,8599.0,㈜디엔브이지엘비즈니스어슈어런스코리아,,NULL
618,농림축산식품부,오비맥주(주),2017,사업장,음식료품,125400.0,2323.0,(주)비에스아이그룹코리아,,NULL
619,환경부,오산시 환경사업소,2017,사업장,하수처리업,18276.0,246.0,㈜한국품질보증원,,NULL
620,산업통상자원부,오씨아이 주식회사,2017,업체,석유화학,2355925.0,42150.0,㈜디엔브이지엘비즈니스어슈어런스코리아,,NULL
621,산업통상자원부,온세미컨덕터코리아(주),2017,업체,반도체,124632.0,1555.0,(주)비에스아이그룹코리아,,NULL
622,산업통상자원부,와이케이스틸(주),2017,업체,철강,354432.0,6236.0,한국표준협회,,NULL
623,국토교통부,용남고속(주),2017,사업장,교통(여객),32087.0,571.0,한국표준협회,,NULL
624,산업통상자원부,용산화학(주),2017,사업장,석유화학,105176.0,887.0,한국가스안전공사,,NULL
625,환경부,용인시,2017,업체,폐기물,198109.0,1690.0,㈜한국품질보증원,,NULL
626,산업통상자원부,욱성화학(주),2017,사업장,석유화학,14079.0,279.0,한국표준협회,,NULL
627,국토교통부,울산과학기술대학교,2017,사업장,건물,29794.0,611.0,(주)비에스아이그룹코리아,,NULL
628,환경부,울산광역시,2017,업체,폐기물,267847.0,3421.0,한국산업기술시험원,,NULL
629,산업통상자원부,울산아로마틱스(주),2017,업체,석유화학,412565.0,10672.0,(재)한국품질재단,,NULL
630,산업통상자원부,울산알루미늄 주식회사,2017,업체,비철금속,151345.0,3014.0,(주)한국경영인증원,,NULL
631,산업통상자원부,웅진에너지 주식회사,2017,사업장,반도체,127178.0,2618.0,한국표준협회,,103130
632,환경부,원주시,2017,사업장,폐기물,147233.0,627.0,(재)한국품질재단,,NULL
633,산업통상자원부,월산페이퍼 주식회사,2017,업체,제지,183835.0,3092.0,이큐에이㈜,,NULL
634,산업통상자원부,유니드,2017,업체,석유화학,301242.0,8580.0,로이드인증원㈜,,014830
635,산업통상자원부,유성기업(주) 아산공장,2017,사업장,자동차,12750.0,260.0,(주)비에스아이그룹코리아,,NULL
636,산업통상자원부,유성기업(주) 영동공장,2017,사업장,자동차,19657.0,398.0,(주)비에스아이그룹코리아,,NULL
637,산업통상자원부,유한킴벌리 주식회사,2017,업체,제지,202986.0,3977.0,(재)한국품질재단,,NULL
638,산업통상자원부,유한회사 스태츠칩팩코리아,2017,사업장,반도체,72258.0,1477.0,(주)신화엔지니어링종합건축사사무소,,NULL
639,산업통상자원부,율촌화학(주),2017,사업장,석유화학,42577.0,689.0,한국산업기술시험원,,008730
640,환경부,의정부시,2017,사업장,폐기물,133272.0,695.0,㈜한국품질보증원,,NULL
641,산업통상자원부,이구산업(주),2017,사업장,비철금속,32675.0,663.0,한국생산성본부인증원(주),,025820
642,산업통상자원부,이래에이엠에스 주식회사,2017,사업장,자동차,27623.0,561.0,㈜한국품질보증원,,NULL
643,산업통상자원부,이래오토모티브시스템 주식회사,2017,사업장,자동차,9136.0,187.0,㈜한국품질보증원,,NULL
644,산업통상자원부,이스트만화이버코리아 주식회사,2017,사업장,섬유,47236.0,793.0,(주)한국경영인증원,,NULL
645,환경부,이천시,2017,사업장,폐기물,82787.0,1061.0,(재)한국품질재단,,NULL
646,국토교통부,이화여자대학교,2017,사업장,건물,34533.0,703.0,이큐에이㈜,,NULL
647,환경부,익산시,2017,사업장,폐기물,121430.0,67468.0,한국산업기술시험원,,NULL
648,농림축산식품부,인그리디언코리아 유한회사,2017,업체,음식료품,150771.0,2778.0,(재)한국품질재단,,NULL
649,산업통상자원부,인지에이엠티,2017,사업장,자동차,26758.0,394.0,(주)한국경영인증원,,NULL
650,산업통상자원부,인천공항에너지,2017,업체,집단에너지,232129.0,4596.0,㈜한국품질보증원,,NULL
651,환경부,인천광역시,2017,업체,폐기물,476753.0,2753.0,(재)한국품질재단,,NULL
652,국토교통부,인천교통공사,2017,업체,교통(철도),75835.0,1559.0,(재)한국품질재단,,NULL
653,국토교통부,인천국제공항공사,2017,업체,건물,212863.0,4046.0,(재)한국품질재단,,NULL
654,산업통상자원부,인천종합에너지(주),2017,업체,집단에너지,281351.0,5574.0,㈜디엔브이지엘비즈니스어슈어런스코리아,,NULL
655,국토교통부,인터지스(주),2017,사업장,교통(화물),37673.0,551.0,(주)한국경영인증원,,129260
656,산업통상자원부,일본전기초자한국주식회사,2017,사업장,유리 · 요업,15521.0,302.0,이큐에이㈜,,NULL
657,농림축산식품부,일산실업(주) 칠서에탄올공장,2017,사업장,음료제조업,19539.0,344.0,한국표준협회,,NULL
658,산업통상자원부,일신방직(주),2017,사업장,섬유,99240.0,1993.0,한국표준협회,,003200
659,산업통상자원부,일진디스플레이(주),2017,사업장,전기전자,28189.0,579.0,환경보전협회,,NULL
660,산업통상자원부,일진머티리얼즈 주식회사,2017,업체,비철금속,112554.0,2303.0,이큐에이㈜,,NULL
661,산업통상자원부,일진제강(주),2017,사업장,철강,50543.0,1015.0,한국표준협회,,NULL
662,국토교통부,재단법인 대구경북과학기술원,2017,사업장,건물,26194.0,535.0,한국표준협회,,NULL
663,국토교통부,재단법인 아산사회복지재단,2017,사업장,건물,88576.0,1781.0,한국표준협회,,NULL
664,산업통상자원부,재원산업,2017,사업장,석유화학,28805.0,525.0,(재)한국품질재단,,NULL
665,산업통상자원부,전기초자코리아(주),2017,사업장,유리,157352.0,3069.0,한국표준협회,,NULL
666,국토교통부,전남대학교,2017,사업장,건물,36004.0,726.0,한국표준협회,,NULL
667,산업통상자원부,전방(주),2017,업체,섬유,75978.0,1630.0,이큐에이㈜,,000950
668,국토교통부,전북대학교,2017,사업장,건물,30525.0,636.0,이큐에이㈜,,NULL
669,국토교통부,전북대학교병원,2017,사업장,건물,21294.0,430.0,(재)한국화학융합시험연구원,,NULL
670,산업통상자원부,전북에너지서비스주식회사,2017,업체,집단에너지,729.0,14.0,한국표준협회,,NULL
671,산업통상자원부,전북집단에너지 주식회사,2017,업체,산업단지,213220.0,2403.0,한국표준협회,,NULL
672,환경부,전주시,2017,업체,폐기물,234323.0,1633.0,(재)한국화학융합시험연구원,,NULL
673,산업통상자원부,제이비 주식회사 청수에너지,2017,사업장,발전에너지,24378.0,481.0,(재)한국품질재단,,NULL
674,산업통상자원부,제일제강공업(주),2017,사업장,철강,12451.0,250.0,한국표준협회,,NULL
675,환경부,제주특별자치도,2017,업체,폐기물,362822.0,2958.0,한국표준협회,,NULL
676,농림축산식품부,제주특별자치도개발공사,2017,사업장,음식료품,29174.0,598.0,한국표준협회,,NULL
677,국토교통부,제주항공(주),2017,사업장,항공,211608.0,3033.0,한국표준협회,,089590
678,환경부,제천시,2017,업체,폐기물,110580.0,261.0,(재)한국품질재단,,NULL
679,산업통상자원부,조광피혁(주),2017,사업장,섬유,15769.0,393.0,한국표준협회,,004700
680,산업통상자원부,조선내화(주),2017,사업장,유리 · 요업,17250.0,336.0,로이드인증원㈜,,462520
681,국토교통부,조선대학교,2017,사업장,건물,16790.0,340.0,한국생산성본부인증원(주),,NULL
682,산업통상자원부,조일알미늄 주식회사,2017,사업장,비철금속,76239.0,1528.0,(재)한국품질재단,,018470
683,산업통상자원부,주성엔지니어링(주),2017,사업장,기계,19237.0,395.0,(재)한국품질재단,,036930
684,산업통상자원부,주식회사 경원,2017,업체,시멘트,131743.0,887.0,(주)신화엔지니어링종합건축사사무소,,NULL
685,산업통상자원부,주식회사 고려시멘트,2017,업체,시멘트,669758.0,3761.0,한국표준협회,,003660
686,산업통상자원부,주식회사 고려제지,2017,업체,제지,128655.0,1940.0,(주)한국경영인증원,,NULL
687,농림축산식품부,주식회사 광원목재,2017,사업장,목재,25612.0,814.0,한국표준협회,,NULL
688,산업통상자원부,주식회사 녹수,2017,사업장,석유화학,14241.0,284.0,한국표준협회,,NULL
689,농림축산식품부,주식회사 농심,2017,업체,음식료품,171616.0,3370.0,한국표준협회,,004370
690,환경부,주식회사 뉴그린,2017,업체,폐기물,137529.0,221.0,이큐에이㈜,,NULL
691,산업통상자원부,주식회사 대륜발전,2017,업체,집단에너지,446238.0,8988.0,환경보전협회,,NULL
692,산업통상자원부,주식회사 대보세라믹스,2017,사업장,요업,24322.0,436.0,한국생산성본부인증원(주),,NULL
693,산업통상자원부,주식회사 대유글로벌,2017,사업장,비철금속,30457.0,614.0,이큐에이㈜,,NULL
694,산업통상자원부,주식회사 대창,2017,사업장,비철금속,37027.0,753.0,한국가스안전공사,,012800
695,산업통상자원부,주식회사 대창에이티,2017,사업장,비철금속,17346.0,348.0,한국표준협회,,NULL
696,산업통상자원부,주식회사 대한세라믹스,2017,사업장,요업,41353.0,757.0,이큐에이㈜,,NULL
697,산업통상자원부,주식회사 대호에이엘,2017,사업장,비철금속,31638.0,635.0,한국생산성본부인증원(주),,069460
698,국토교통부,주식회사 더블유티씨서울,2017,사업장,건물,63228.0,1281.0,(주)한국경영인증원,,NULL
699,산업통상자원부,주식회사 덕양,2017,사업장,석유화학,305347.0,1564.0,(재)한국품질재단,,NULL
700,산업통상자원부,주식회사 동성코퍼레이션,2017,사업장,석유화학,22639.0,95.0,한국생산성본부인증원(주),,NULL
701,산업통상자원부,주식회사 동아,2017,사업장,기계,19783.0,405.0,한국표준협회,,NULL
702,산업통상자원부,주식회사 디비메탈,2017,업체,철강,851325.0,8780.0,(재)한국품질재단,,NULL
703,산업통상자원부,주식회사 디비하이텍,2017,업체,반도체,303962.0,3580.0,㈜디엔브이지엘비즈니스어슈어런스코리아,,NULL
704,산업통상자원부,주식회사 디티알 오토모티브,2017,사업장,반도체.디스플레이.전기전자,16567.0,338.0,한국표준협회,,NULL
705,환경부,주식회사 명성환경,2017,사업장,폐기물,42623.0,39.0,이큐에이㈜,,NULL
706,환경부,주식회사 범우,2017,사업장,폐기물,73891.0,387.0,㈜한국품질보증원,,NULL
707,산업통상자원부,주식회사 베어링아트,2017,사업장,자동차,43334.0,885.0,한국표준협회,,NULL
708,산업통상자원부,주식회사 삼기오토모티브,2017,사업장,자동차,49685.0,927.0,이큐에이㈜,,NULL
709,산업통상자원부,주식회사 삼보광업,2017,사업장,광업,101116.0,243.0,한국생산성본부인증원(주),,NULL
710,농림축산식품부,주식회사 삼양사,2017,업체,음식료품,288903.0,6739.0,한국표준협회,,145990
711,산업통상자원부,주식회사 삼양패키징,2017,업체,석유화학,132138.0,2698.0,환경보전협회,,272550
712,국토교통부,주식회사 삼원에이엠씨,2017,사업장,건물,20105.0,411.0,(주)한국경영인증원,,NULL
713,산업통상자원부,주식회사 세아창원특수강,2017,업체,철강,535155.0,9452.0,한국표준협회,,NULL
714,산업통상자원부,주식회사 세진메탈,2017,사업장,비철금속,29063.0,465.0,산림조합중앙회,,NULL
715,산업통상자원부,주식회사 수석,2017,사업장,유리,34892.0,544.0,(주)한국경영인증원,,NULL
716,산업통상자원부,주식회사 심텍,2017,사업장,전기전자,93716.0,1951.0,(주)한국경영인증원,,222800
717,산업통상자원부,주식회사 알테크노메탈,2017,사업장,비철금속,35334.0,592.0,이큐에이㈜,,NULL
718,환경부,주식회사 에너지네트웍,2017,업체,폐기물,178092.0,611.0,이큐에이㈜,,NULL
719,산업통상자원부,주식회사 에스에프에이반도체,2017,사업장,반도체,32935.0,676.0,대일이엔씨기술(주),,NULL
720,산업통상자원부,주식회사 에스엔엔씨,2017,업체,비철금속,1620284.0,17703.0,(재)한국품질재단,,NULL
721,농림축산식품부,주식회사 에스피씨삼립,2017,사업장,음식료품,35279.0,749.0,(주)비에스아이그룹코리아,,NULL
722,산업통상자원부,주식회사 엘지화학,2017,업체,석유화학,7965910.0,153368.0,(재)한국품질재단,,051910
723,산업통상자원부,주식회사 영풍,2017,업체,비철금속,1183385.0,19402.0,(재)한국품질재단,,000670
724,환경부,주식회사 영흥산업환경,2017,사업장,폐기물,90719.0,187.0,㈜한국품질보증원,,NULL
725,산업통상자원부,주식회사 울산이앤피,2017,업체,발전에너지,65923.0,782.0,한국표준협회,,NULL
726,환경부,주식회사 유니큰,2017,사업장,폐기물,138107.0,483.0,한국산업기술시험원,,NULL
727,국토교통부,주식회사 이랜드리테일,2017,업체,건물,186521.0,3799.0,한국산업기술시험원,,NULL
728,환경부,주식회사 이엠케이승경,2017,사업장,폐기물,56592.0,148.0,(주)한국경영인증원,,NULL
729,산업통상자원부,주식회사 정산인터내셔널,2017,사업장,섬유,20927.0,534.0,(재)한국품질재단,,NULL
730,산업통상자원부,주식회사 정선라임,2017,업체,시멘트,89922.0,325.0,한국표준협회,,NULL
731,산업통상자원부,주식회사 지알엠,2017,사업장,비철금속,90138.0,1069.0,한국표준협회,,NULL
732,산업통상자원부,주식회사 지에스이앤알,2017,업체,산업단지,2368968.0,27208.0,(재)한국품질재단,,NULL
733,농림축산식품부,주식회사 진로발효,2017,사업장,음식료품,36357.0,807.0,한국표준협회,,018120
734,국토교통부,주식회사 진에어,2017,사업장,항공,176083.0,2520.0,한국표준협회,,272450
735,산업통상자원부,주식회사 징크옥사이드코퍼레이션,2017,업체,비철금속,84397.0,784.0,한국표준협회,,NULL
736,산업통상자원부,주식회사 카프로,2017,업체,석유화학,836610.0,7140.0,(재)한국품질재단,,006380
737,산업통상자원부,주식회사 케이티,2017,업체,통신,1111079.0,22727.0,㈜한국품질보증원,,030200
738,산업통상자원부,주식회사 케이피에프,2017,사업장,기계,55417.0,1129.0,한국표준협회,,024880
739,산업통상자원부,주식회사 코리아에어텍,2017,사업장,석유화학,30837.0,634.0,이큐에이㈜,,NULL
740,환경부,주식회사 코엔텍,2017,업체,폐기물,442140.0,506.0,한국표준협회,,029960
741,산업통상자원부,주식회사 태영이엠씨,2017,업체,광업,147051.0,738.0,한국표준협회,,NULL
742,국토교통부,주식회사 티웨이항공,2017,사업장,항공,130668.0,1871.0,한국표준협회,,091810
743,산업통상자원부,주식회사 팜한농,2017,업체,석유화학,333504.0,1546.0,한국표준협회,,NULL
744,산업통상자원부,주식회사 포스코,2017,업체,철강,71340238.0,397789.0,(재)한국품질재단,,NULL
745,산업통상자원부,주식회사 포스코대우,2017,사업장,비철금속,69536.0,1396.0,㈜디엔브이지엘비즈니스어슈어런스코리아,,NULL
746,산업통상자원부,주식회사 포스코켐텍,2017,업체,요업,2274130.0,13256.0,(재)한국품질재단,,NULL
747,산업통상자원부,주식회사 풍산,2017,업체,비철금속,235850.0,4795.0,한국표준협회,,103140
748,환경부,주식회사 피엔알,2017,업체,폐기물,133595.0,1223.0,(재)한국품질재단,,NULL
749,산업통상자원부,주식회사 피엠씨텍,2017,업체,석유화학,117817.0,1155.0,(재)한국품질재단,,NULL
750,국토교통부,주식회사 하나은행,2017,업체,건물,67438.0,908.0,한국표준협회,,002860
751,산업통상자원부,주식회사 한국화이바,2017,사업장,유리,2251.0,45.0,한국표준협회,,NULL
752,국토교통부,주식회사 호텔롯데,2017,사업장,건물,148254.0,2963.0,(주)한국경영인증원,,NULL
753,산업통상자원부,주식회사 효성,2017,업체,섬유,1588066.0,33533.0,(재)한국품질재단,,004800
754,산업통상자원부,주식회사 후성,2017,업체,석유화학,394447.0,608.0,한국가스안전공사,,093370
755,산업통상자원부,주식회사 휴스틸,2017,사업장,철강,44609.0,909.0,(주)신화엔지니어링종합건축사사무소,,005010
756,국토교통부,중소기업은행,2017,업체,건물,59633.0,878.0,한국표준협회,,NULL
757,국토교통부,중앙대학교,2017,사업장,건물,20649.0,419.0,한국표준협회,,NULL
758,산업통상자원부,지에스에코메탈 주식회사,2017,사업장,비철금속,19008.0,254.0,한국표준협회,,NULL
759,산업통상자원부,지에스이피에스,2017,업체,발전 · 에너지,2724784.0,59903.0,(재)한국품질재단,,NULL
760,산업통상자원부,지에스칼텍스 주식회사,2017,업체,정유,7997929.0,102382.0,㈜디엔브이지엘비즈니스어슈어런스코리아,,NULL
761,산업통상자원부,진양특수강(주),2017,사업장,철강,38618.0,767.0,한국표준협회,,NULL
762,산업통상자원부,진영산업(주),2017,사업장,기계,14708.0,301.0,한국표준협회,,NULL
763,산업통상자원부,진영제지공업(주),2017,사업장,제지,76454.0,427.0,이큐에이㈜,,NULL
764,환경부,진주시,2017,업체,폐기물,136419.0,541.0,한국산업기술시험원,,NULL
765,환경부,창원시,2017,업체,폐기물,456004.0,2573.0,㈜한국품질보증원,,NULL
766,환경부,천안시,2017,업체,폐기물,164917.0,1362.0,㈜한국품질보증원,,NULL
767,국토교통부,천일정기화물자동차(주),2017,사업장,교통(여객),29591.0,433.0,한국표준협회,,NULL
768,산업통상자원부,천일제지(주),2017,사업장,제지,58403.0,1049.0,한국표준협회,,NULL
769,환경부,청주시,2017,사업장,폐기물,358047.0,1664.0,(재)한국화학융합시험연구원,,NULL
770,환경부,춘천시,2017,업체,폐기물,236530.0,495.0,지속가능인증원주식회사,,NULL
771,국토교통부,충남대학교,2017,사업장,건물,30397.0,615.0,티유브이슈드코리아㈜,,NULL
772,국토교통부,충남대학교병원,2017,사업장,건물,18629.0,378.0,한국표준협회,,NULL
773,국토교통부,충북대학교,2017,사업장,건물,17620.0,353.0,한국표준협회,,NULL
774,환경부,충주시,2017,업체,폐기물,133107.0,718.0,(재)한국품질재단,,NULL
775,산업통상자원부,컨버즈주식회사,2017,사업장,제지,27487.0,843.0,이큐에이㈜,,NULL
776,산업통상자원부,케이씨글라스(주),2017,사업장,유리,31977.0,510.0,(주)신화엔지니어링종합건축사사무소,,NULL
777,산업통상자원부,케이씨씨,2017,업체,유리,1685346.0,24079.0,(재)한국품질재단,,002380
778,산업통상자원부,케이씨에프테크놀로지스 주식회사,2017,사업장,비철금속,86412.0,1774.0,(주)한국경영인증원,,NULL
779,산업통상자원부,케이씨주식회사,2017,업체,석유화학,163213.0,2226.0,한국표준협회,,029460
780,환경부,케이씨환경서비스 주식회사,2017,사업장,폐기물,272156.0,638.0,(재)한국품질재단,,NULL
781,산업통상자원부,케이알코폴리머 유한회사,2017,사업장,석유화학,32477.0,431.0,(주)한국경영인증원,,NULL
782,산업통상자원부,케이오씨(주),2017,사업장,석유화학,50017.0,1188.0,한국생산성본부인증원(주),,NULL
783,환경부,케이지이티에스 주식회사,2017,업체,폐기물,336354.0,1391.0,티유브이슈드코리아㈜,,NULL
784,산업통상자원부,케이지케미칼 주식회사,2017,사업장,석유화학,22451.0,428.0,이큐에이㈜,,NULL
785,산업통상자원부,코넥,2017,사업장,자동차,26722.0,542.0,(주)한국경영인증원,,NULL
786,산업통상자원부,코닝정밀소재 주식회사,2017,업체,유리,520863.0,10389.0,로이드인증원㈜,,NULL
787,산업통상자원부,코리아PTG(주),2017,업체,석유화학,112623.0,959.0,(재)한국품질재단,,NULL
788,산업통상자원부,코리아니켈(주),2017,사업장,비철금속,20879.0,282.0,한국표준협회,,NULL
789,산업통상자원부,코리아오토글라스(주),2017,사업장,유리,78453.0,1604.0,(재)한국품질재단,,152330
790,산업통상자원부,코스모신소재(주),2017,사업장,석유화학,34188.0,605.0,한국표준협회,,005070
791,산업통상자원부,코스모화학,2017,사업장,석유화학,67427.0,1537.0,로이드인증원㈜,,005420
792,산업통상자원부,코오롱글로텍(주) 구미공장,2017,사업장,섬유,16337.0,319.0,한국표준협회,,NULL
793,산업통상자원부,코오롱인더스트리 주식회사,2017,업체,석유화학,665903.0,12407.0,한국표준협회,,NULL
794,산업통상자원부,코오롱패션머티리얼(주),2017,업체,섬유,103183.0,2073.0,(주)한국경영인증원,,NULL
795,산업통상자원부,코오롱플라스틱(주),2017,사업장,석유화학,146999.0,2356.0,한국표준협회,,NULL
796,농림축산식품부,코카콜라음료(주) 여주공장,2017,사업장,음료제조업,19435.0,393.0,㈜디엔브이지엘비즈니스어슈어런스코리아,,NULL
797,산업통상자원부,콘티넨탈 오토모티브 시스템(주),2017,사업장,자동차,15908.0,319.0,(주)한국경영인증원,,NULL
798,산업통상자원부,타타대우상용차 주식회사,2017,사업장,자동차,18996.0,368.0,(재)한국품질재단,,NULL
799,산업통상자원부,태경산업(주),2017,업체,철강,112608.0,1464.0,이큐에이㈜,,015890
800,산업통상자원부,태광산업 주식회사,2017,업체,섬유,1107894.0,16148.0,한국표준협회,,003240
801,산업통상자원부,태림페이퍼주식회사,2017,업체,제지,197649.0,2684.0,이큐에이㈜,,019300
802,산업통상자원부,태봉광업 주식회사,2017,업체,시멘트,269034.0,720.0,(주)비에스아이그룹코리아,,NULL
803,산업통상자원부,태상,2017,사업장,철강,19190.0,373.0,(주)한국경영인증원,,NULL
804,산업통상자원부,태양금속공업(주),2017,사업장,기계,25187.0,498.0,(재)한국품질재단,,004100
805,산업통상자원부,태영세라믹(주),2017,사업장,유리 · 요업,27252.0,499.0,한국표준협회,,NULL
806,산업통상자원부,태원물산(주) 울산공장,2017,사업장,유리 · 요업,15943.0,217.0,한국표준협회,,NULL
807,국토교통부,태화상운(주),2017,사업장,교통(여객),30420.0,462.0,한국표준협회,,NULL
808,환경부,통영시 환경자원화센터,2017,사업장,지정외 폐기물처리업,33087.0,155.0,(재)한국품질재단,,NULL
809,산업통상자원부,티케이케미칼,2017,업체,섬유,237242.0,4758.0,이큐에이㈜,,104480
810,산업통상자원부,티피피 주식회사,2017,사업장,집단에너지,12466.0,223.0,대일이엔씨기술(주),,NULL
811,환경부,파주시,2017,사업장,폐기물,154389.0,1413.0,(재)한국품질재단,,NULL
812,산업통상자원부,파주에너지서비스,2017,업체,발전에너지,2684761.0,53478.0,(재)한국품질재단,,NULL
813,산업통상자원부,파주전기초자 주식회사,2017,사업장,유리,45218.0,631.0,㈜디엔브이지엘비즈니스어슈어런스코리아,,NULL
814,산업통상자원부,팔미금속공업(주),2017,사업장,철강,19289.0,352.0,한국표준협회,,NULL
815,산업통상자원부,페이퍼코리아,2017,업체,제지,190045.0,2579.0,한국표준협회,,001020
816,환경부,평택시,2017,업체,폐기물,122359.0,419.0,(재)한국품질재단,,NULL
817,산업통상자원부,평택에너지서비스(주),2017,업체,집단에너지,1021075.0,20071.0,㈜디엔브이지엘비즈니스어슈어런스코리아,,NULL
818,산업통상자원부,평화산업(주),2017,사업장,자동차,29701.0,601.0,한국생산성본부인증원(주),,090080
819,산업통상자원부,포스코강판(주),2017,사업장,철강,111046.0,2253.0,한국표준협회,,NULL
820,산업통상자원부,포스코에너지(주),2017,업체,발전 · 에너지,11322151.0,100861.0,(주)한국경영인증원,,NULL
821,산업통상자원부,포천민자발전 주식회사,2017,업체,발전에너지,1325636.0,26345.0,㈜디엔브이지엘비즈니스어슈어런스코리아,,NULL
822,산업통상자원부,포천파워(주),2017,업체,발전에너지,1591393.0,31653.0,로이드인증원㈜,,NULL
823,환경부,포항시,2017,업체,지정외 폐기물처리업,104683.0,1077.0,한국산업기술시험원,,NULL
824,산업통상자원부,폴리미래(주),2017,사업장,석유화학,120623.0,2245.0,이큐에이㈜,,NULL
825,농림축산식품부,풍국주정공업(주),2017,사업장,음식료품,38402.0,456.0,한국표준협회,,NULL
826,산업통상자원부,프렉스에어코리아 주식회사,2017,업체,석유화학,586483.0,12064.0,(재)한국품질재단,,NULL
827,산업통상자원부,하나마이크론,2017,사업장,반도체,30519.0,625.0,(주)한국경영인증원,,067310
828,환경부,하남시 환경기초시설,2017,사업장,하수처리업,24057.0,420.0,한국산업기술시험원,,NULL
829,농림축산식품부,하이트진로(주),2017,업체,음식료품,156954.0,2756.0,(재)한국품질재단,,000080
830,산업통상자원부,하이트진로산업(주),2017,사업장,유리,26442.0,399.0,이큐에이㈜,,NULL
831,산업통상자원부,하이호경금속 주식회사,2017,사업장,비철금속,45054.0,734.0,㈜한국품질보증원,,NULL
832,국토교통부,학교법인 경희학원,2017,업체,건물,61244.0,1244.0,한국표준협회,,NULL
833,국토교통부,학교법인 고려중앙학원,2017,사업장,건물,94695.0,1916.0,㈜한국품질보증원,,NULL
834,국토교통부,학교법인 성균관대학,2017,사업장,건물,39435.0,793.0,이큐에이㈜,,NULL
835,국토교통부,학교법인 연세대학교,2017,업체,건물,169653.0,3453.0,(재)한국품질재단,,NULL
836,국토교통부,학교법인 포항공과대학교,2017,사업장,건물,71034.0,1586.0,㈜한국품질보증원,,NULL
837,국토교통부,학교법인 한양학원,2017,사업장,건물,76582.0,1548.0,(주)한국경영인증원,,NULL
838,산업통상자원부,한국NSK(주),2017,사업장,기계,23935.0,492.0,한국표준협회,,NULL
839,산업통상자원부,한국가스공사,2017,업체,발전 · 에너지,911531.0,12624.0,한국표준협회,,036460
840,산업통상자원부,한국경남태양유전(주),2017,사업장,전기전자,69384.0,1352.0,이큐에이㈜,,NULL
841,국토교통부,한국공항공사,2017,사업장,건물,35642.0,720.0,한국산업기술시험원,,NULL
842,국토교통부,한국과학기술연구원,2017,사업장,건물,16643.0,339.0,㈜한국품질보증원,,NULL
843,국토교통부,한국과학기술원,2017,사업장,건물,76208.0,1507.0,이큐에이㈜,,NULL
844,국토교통부,한국과학기술정보연구원,2017,사업장,건물,12118.0,249.0,(주)신화엔지니어링종합건축사사무소,,NULL
845,산업통상자원부,한국기초소재(주),2017,사업장,시멘트,21677.0,438.0,한국표준협회,,NULL
846,산업통상자원부,한국남동발전,2017,업체,발전 · 에너지,58140700.0,652401.0,대일이엔씨기술(주),,NULL
847,산업통상자원부,한국남부발전 주식회사,2017,업체,발전 · 에너지,36512472.0,454589.0,(주)신화엔지니어링종합건축사사무소,,NULL
848,산업통상자원부,한국넥슬렌유한회사,2017,업체,석유화학,137833.0,2763.0,한국표준협회,,NULL
849,산업통상자원부,한국니토옵티칼(주),2017,사업장,석유화학,33805.0,578.0,㈜디엔브이지엘비즈니스어슈어런스코리아,,NULL
850,국토교통부,한국도로공사,2017,업체,건물,262531.0,5195.0,한국표준협회,,NULL
851,산업통상자원부,한국동서발전 주식회사,2017,업체,발전 · 에너지,38577917.0,463403.0,(주)신화엔지니어링종합건축사사무소,,NULL
852,산업통상자원부,한국바스프 주식회사,2017,업체,석유화학,681847.0,9697.0,(재)한국품질재단,,NULL
853,산업통상자원부,한국바이린(주),2017,사업장,섬유,14133.0,276.0,한국표준협회,,NULL
854,국토교통부,한국방송공사,2017,사업장,건물,17574.0,360.0,한국표준협회,,NULL
855,산업통상자원부,한국서부발전,2017,업체,발전 · 에너지,36970623.0,436257.0,로이드인증원㈜,,NULL
856,산업통상자원부,한국세큐리트(주) 군산공장,2017,사업장,유리 · 요업,20128.0,411.0,이큐에이㈜,,NULL
857,산업통상자원부,한국세큐리트(주) 익산공장,2017,사업장,유리 · 요업,19958.0,409.0,이큐에이㈜,,NULL
858,산업통상자원부,한국솔베이(주),2017,업체,석유화학,85956.0,1834.0,한국표준협회,,NULL
859,산업통상자원부,한국수력원자력,2017,업체,발전 · 에너지,3445777.0,70065.0,한국표준협회,,NULL
860,환경부,한국수자원공사,2017,업체,수도,720687.0,14783.0,이큐에이㈜,,NULL
861,산업통상자원부,한국수출포장공업(주),2017,사업장,제지,118754.0,1848.0,(재)한국품질재단,,002200
862,산업통상자원부,한국실리콘 주식회사,2017,업체,석유화학,535389.0,10917.0,한국표준협회,,NULL
863,산업통상자원부,한국씨엔티(주),2017,사업장,시멘트,60435.0,1140.0,이큐에이㈜,,NULL
864,산업통상자원부,한국알콜산업(주),2017,사업장,석유화학,21096.0,1178.0,한국생산성본부인증원(주),,NULL
865,산업통상자원부,한국엔지니어링플라스틱,2017,업체,석유화학,216093.0,4026.0,한국표준협회,,NULL
866,산업통상자원부,한국오웬스코닝(주),2017,사업장,유리,91492.0,1757.0,대일이엔씨기술(주),,NULL
867,국토교통부,한국원자력연구원,2017,사업장,건물,20645.0,421.0,한국표준협회,,NULL
868,산업통상자원부,한국유리공업 주식회사,2017,업체,유리,309044.0,3621.0,이큐에이㈜,,NULL
869,산업통상자원부,한국유미코아유한회사,2017,사업장,전기전자,42790.0,824.0,(재)한국품질재단,,NULL
870,산업통상자원부,한국유에스지보랄 주식회사,2017,사업장,시멘트,160262.0,3175.0,(재)한국품질재단,,NULL
871,산업통상자원부,한국이네오스스티롤루션 주식회사,2017,사업장,석유화학,90370.0,1796.0,(재)한국품질재단,,NULL
872,산업통상자원부,한국전력공사,2017,업체,발전 · 에너지,1474906.0,6569.0,(재)한국품질재단,,015760
873,국토교통부,한국전자통신연구원,2017,사업장,건물,17922.0,366.0,(주)신화엔지니어링종합건축사사무소,,NULL
874,산업통상자원부,한국제강 주식회사,2017,업체,철강,262839.0,4552.0,한국표준협회,,NULL
875,산업통상자원부,한국제지 주식회사,2017,업체,제지,207578.0,5803.0,한국표준협회,,002300
876,산업통상자원부,한국주철관공업(주),2017,사업장,철강,87719.0,1157.0,한국표준협회,,000970
877,산업통상자원부,한국중부발전,2017,업체,발전 · 에너지,40578692.0,488936.0,이큐에이㈜,,NULL
878,산업통상자원부,한국지엠 주식회사,2017,업체,자동차,342927.0,6912.0,한국표준협회,,NULL
879,산업통상자원부,한국지역난방공사,2017,업체,집단에너지,4479895.0,88071.0,(주)신화엔지니어링종합건축사사무소,,NULL
880,산업통상자원부,한국철강,2017,업체,철강,514772.0,9001.0,㈜한국품질보증원,,104700
881,국토교통부,한국철도공사,2017,업체,교통(철도),1607168.0,30481.0,(주)신화엔지니어링종합건축사사무소,,NULL
882,산업통상자원부,한국타이어 주식회사,2017,업체,석유화학,497546.0,10087.0,(재)한국품질재단,,NULL
883,산업통상자원부,한국토지주택공사,2017,사업장,집단에너지,166883.0,3300.0,㈜디엔브이지엘비즈니스어슈어런스코리아,,NULL
884,국토교통부,한국통운(주),2017,사업장,교통(화물),34606.0,492.0,(재)한국품질재단,,NULL
885,산업통상자원부,한국특수형강(주),2017,업체,철강,226415.0,3950.0,이큐에이㈜,,NULL
886,국토교통부,한국표준과학연구원,2017,사업장,건물,20167.0,409.0,(주)신화엔지니어링종합건축사사무소,,NULL
887,산업통상자원부,한국프랜지공업(주) 제2공장,2017,사업장,철강,17762.0,363.0,한국표준협회,,NULL
888,산업통상자원부,한국항공우주산업(주),2017,사업장,기계,48052.0,951.0,이큐에이㈜,,NULL
889,산업통상자원부,한라스택폴(주),2017,사업장,자동차,19503.0,383.0,한국표준협회,,NULL
890,산업통상자원부,한라시멘트주식회사,2017,업체,시멘트,5526854.0,31198.0,한국표준협회,,NULL
891,국토교통부,한무쇼핑(주),2017,업체,건물,57742.0,1196.0,한국표준협회,,NULL
892,산업통상자원부,한미약품(주),2017,사업장,석유화학,26739.0,542.0,이큐에이㈜,,128940
893,국토교통부,한솔개발(주),2017,업체,건물,16155.0,321.0,환경보전협회,,NULL
894,산업통상자원부,한솔제지,2017,업체,제지,966377.0,15342.0,(주)한국경영인증원,,213500
895,산업통상자원부,한솔테크닉스(주),2017,사업장,전기전자,23370.0,480.0,한국표준협회,,004710
896,산업통상자원부,한솔페이퍼텍주식회사,2017,사업장,제지,114955.0,940.0,(주)한국경영인증원,,NULL
897,산업통상자원부,한온시스템 주식회사,2017,사업장,자동차,66964.0,1378.0,(재)한국품질재단,,018880
898,산업통상자원부,한일시멘트 주식회사,2017,업체,시멘트,5517579.0,29809.0,한국표준협회,,300720
899,산업통상자원부,한일제관(주),2017,사업장,기계,69465.0,1412.0,(재)한국품질재단,,NULL
900,산업통상자원부,한일현대시멘트 주식회사,2017,업체,시멘트,3707662.0,20696.0,한국표준협회,,006390
901,산업통상자원부,한일화학공업(주),2017,사업장,석유화학,17641.0,347.0,(재)한국화학융합시험연구원,,NULL
902,산업통상자원부,한주금속(주),2017,사업장,자동차,18082.0,364.0,(재)한국품질재단,,NULL
903,산업통상자원부,한진중공업(주),2017,사업장,조선,15992.0,281.0,한국표준협회,,NULL
904,산업통상자원부,한화에너지주식회사,2017,업체,산업단지,4313335.0,47569.0,한국표준협회,,NULL
905,산업통상자원부,한화에어로스페이스(주),2017,사업장,기계,23176.0,465.0,(주)비에스아이그룹코리아,,012450
906,산업통상자원부,한화엘앤씨(주),2017,사업장,석유화학,33409.0,674.0,한국표준협회,,NULL
907,산업통상자원부,한화종합화학 주식회사,2017,업체,석유화학,428640.0,7217.0,㈜디엔브이지엘비즈니스어슈어런스코리아,,NULL
908,산업통상자원부,한화첨단소재 주식회사,2017,사업장,석유화학,29295.0,568.0,한국표준협회,,NULL
909,산업통상자원부,한화케미칼 주식회사,2017,업체,석유화학,2703988.0,52977.0,㈜디엔브이지엘비즈니스어슈어런스코리아,,NULL
910,산업통상자원부,한화큐셀코리아(주) 진천사업장,2017,사업장,반도체.디스플레이.전기전자,83761.0,1718.0,한국표준협회,,NULL
911,산업통상자원부,한화토탈 주식회사,2017,업체,석유화학,4322205.0,97451.0,한국가스안전공사,,NULL
912,국토교통부,한화호텔앤드리조트(주),2017,업체,건물,77271.0,1432.0,한국표준협회,,NULL
913,산업통상자원부,한황산업주식회사,2017,사업장,철강,29628.0,549.0,㈜한국품질보증원,,NULL
914,산업통상자원부,해성디에스 주식회사,2017,사업장,반도체,39375.0,870.0,(주)비에스아이그룹코리아,,195870
915,산업통상자원부,핸즈식스주식회사,2017,업체,자동차,67712.0,1370.0,이큐에이㈜,,NULL
916,산업통상자원부,핸즈코퍼레이션주식회사,2017,사업장,자동차,113490.0,2281.0,(재)한국품질재단,,143210
917,국토교통부,현대건설(주),2017,업체,건설,71880.0,1356.0,(재)한국품질재단,,000720
918,산업통상자원부,현대그린파워 주식회사,2017,업체,발전 · 에너지,11093258.0,50180.0,(주)한국경영인증원,,NULL
919,국토교통부,현대글로비스(주),2017,업체,교통(화물),78897.0,1169.0,한국표준협회,,086280
920,산업통상자원부,현대다이모스(주),2017,사업장,자동차,45539.0,930.0,한국표준협회,,NULL
921,산업통상자원부,현대로템 주식회사 창원공장,2017,사업장,기계,17250.0,343.0,한국표준협회,,NULL
922,산업통상자원부,현대모비스(주),2017,업체,자동차,135998.0,2755.0,로이드인증원㈜,,012330
923,산업통상자원부,현대미포조선,2017,업체,조선,118813.0,2205.0,한국표준협회,,NULL
924,산업통상자원부,현대비앤지스틸(주),2017,사업장,철강,83964.0,1706.0,㈜디엔브이지엘비즈니스어슈어런스코리아,,004560
925,산업통상자원부,현대삼호중공업 주식회사,2017,업체,조선,189336.0,3263.0,㈜디엔브이지엘비즈니스어슈어런스코리아,,NULL
926,산업통상자원부,현대석회(주),2017,사업장,시멘트,103848.0,271.0,한국생산성본부인증원(주),,NULL
927,산업통상자원부,현대성우메탈 주식회사,2017,사업장,자동차,90037.0,1815.0,한국표준협회,,NULL
928,산업통상자원부,현대성우쏠라이트 주식회사,2017,사업장,전기전자,39892.0,812.0,한국표준협회,,NULL
929,산업통상자원부,현대성우캐스팅 주식회사,2017,사업장,철강,104771.0,1942.0,(재)한국품질재단,,NULL
930,산업통상자원부,현대성우홀딩스 주식회사,2017,업체,자동차,437.0,8.0,한국표준협회,,NULL
931,산업통상자원부,현대에너지,2017,업체,산업단지,965395.0,12237.0,한국표준협회,,NULL
932,산업통상자원부,현대오일뱅크,2017,업체,정유,5453482.0,63809.0,(재)한국품질재단,,NULL
933,산업통상자원부,현대오토에버주식회사,2017,사업장,통신,23994.0,493.0,(재)한국품질재단,,307950
934,산업통상자원부,현대위아 주식회사,2017,사업장,자동차,215057.0,4206.0,한국표준협회,,011210
935,산업통상자원부,현대자동차 주식회사,2017,업체,자동차,1524576.0,30669.0,로이드인증원㈜,,005380
936,산업통상자원부,현대정보기술 주식회사,2017,사업장,통신,39409.0,811.0,한국표준협회,,026180
937,산업통상자원부,현대제철 주식회사,2017,업체,철강,21513310.0,120281.0,로이드인증원㈜,,004020
938,산업통상자원부,현대종합금속(주),2017,사업장,기계,20086.0,416.0,로이드인증원㈜,,NULL
939,산업통상자원부,현대종합특수강 주식회사,2017,사업장,철강,43690.0,866.0,한국표준협회,,NULL
940,산업통상자원부,현대중공업 주식회사,2017,업체,조선,682848.0,12301.0,한국표준협회,,NULL
941,산업통상자원부,현대케미칼주식회사,2017,업체,정유,1114143.0,19254.0,(재)한국품질재단,,NULL
942,산업통상자원부,현대파워텍주식회사,2017,업체,자동차,139443.0,2837.0,㈜디엔브이지엘비즈니스어슈어런스코리아,,NULL
943,산업통상자원부,현우산업,2017,사업장,반도체.디스플레이.전기전자,22213.0,456.0,한국표준협회,,092300
944,산업통상자원부,현진소재(주),2017,사업장,기계,43077.0,852.0,(주)한국경영인증원,,053660
945,산업통상자원부,호스트웨이아이디씨(주),2017,사업장,통신,16981.0,349.0,한국표준협회,,NULL
946,국토교통부,홈플러스 주식회사,2017,업체,건물,379375.0,7602.0,로이드인증원㈜,,NULL
947,국토교통부,홈플러스스토어즈 주식회사,2017,업체,건물,92755.0,1906.0,로이드인증원㈜,,NULL
948,산업통상자원부,홍덕산업(주),2017,사업장,철강,101278.0,2225.0,로이드인증원㈜,,NULL
949,산업통상자원부,홍원제지(주),2017,업체,제지,121405.0,1788.0,한국표준협회,,NULL
950,환경부,화성시,2017,사업장,폐기물,97067.0,751.0,㈜한국품질보증원,,NULL
951,국토교통부,화영운수(주),2017,사업장,교통(여객),24368.0,347.0,한국표준협회,,NULL
952,산업통상자원부,화인베스틸,2017,사업장,철강,20534.0,374.0,한국표준협회,,133820
953,환경부,환경시설관리 주식회사,2017,업체,"하수, 폐수 및 분뇨 처리업",48598.0,509.0,㈜한국품질보증원,,NULL
954,산업통상자원부,환영철강공업,2017,업체,철강,344912.0,6174.0,한국표준협회,,NULL
955,국토교통부,휘닉스중앙평창(주),2017,사업장,건물,22500.0,441.0,(주)한국경영인증원,,NULL
956,산업통상자원부,휴비스,2017,업체,섬유,560144.0,8403.0,한국표준협회,,079980
957,산업통상자원부,휴켐스 주식회사,2017,업체,석유화학,126663.0,1090.0,㈜한국품질보증원,,NULL
958,산업통상자원부,희성전자(주) 대구공장,2017,사업장,반도체.디스플레이.전기전자,9243.0,188.0,(주)한국경영인증원,,NULL
1,산업통상자원부,(유)에스케이씨에보닉페록사이드코리아,2016,사업장,석유화학,60242.0,1195.0,(재)한국품질재단,,NULL
2,농림축산식품부,(주)MH에탄올,2016,사업장,음식료품,23971.0,287.0,(재)한국화학융합시험연구원,,023150
3,농림축산식품부,(주)MSC,2016,사업장,음식료품,25332.0,506.0,대일이엔씨기술(주),,NULL
4,산업통상자원부,(주)SIMPAC METALLOY,2016,업체,철강,334985.0,3726.0,안진회계법인,,NULL
5,산업통상자원부,(주)SPP조선,2016,사업장,조선,50797.0,898.0,한국생산성본부인증원(주),,NULL
6,국토교통부,(주)가든파이브라이프,2016,사업장,건물,11114.0,239.0,산림조합중앙회,,NULL
7,국토교통부,(주)강원랜드,2016,사업장,건물,71448.0,1403.0,한국표준협회,,035250
8,산업통상자원부,(주)건화,2016,사업장,조선,29325.0,488.0,한국표준협회,,NULL
9,국토교통부,(주)경기고속,2016,업체,교통(여객),178894.0,2749.0,(주)한국경영인증원,,NULL
10,국토교통부,(주)경남고속,2016,사업장,교통(여객),26731.0,378.0,(주)한국경영인증원,,NULL
11,산업통상자원부,(주)경동,2016,업체,광업,276458.0,443.0,(재)한국품질재단,,NULL
12,산업통상자원부,(주)경방,2016,업체,섬유,63753.0,1291.0,한국생산성본부인증원(주),,000050
13,국토교통부,(주)경북코치서비스,2016,업체,교통(여객),61494.0,867.0,(주)한국경영인증원,,NULL
14,산업통상자원부,(주)경신전선,2016,사업장,반도체.디스플레이.전기전자,16078.0,328.0,한국표준협회,,NULL
15,국토교통부,(주)국민은행,2016,업체,건물,117495.0,1749.0,한국표준협회,,031150
16,산업통상자원부,(주)국일방적 정읍공장,2016,사업장,섬유,23716.0,487.0,대일이엔씨기술(주),,NULL
17,농림축산식품부,(주)그린바이텍,2016,사업장,음식료품,5857.0,264.0,(재)한국품질재단,,NULL
18,환경부,(주)그린스코,2016,사업장,폐기물,49300.0,105.0,(주)한국경영인증원,,NULL
19,국토교통부,(주)금남고속,2016,사업장,교통(여객),37742.0,534.0,(주)한국경영인증원,,NULL
20,산업통상자원부,(주)금비,2016,사업장,유리,85034.0,1191.0,한국표준협회,,008870
21,산업통상자원부,(주)넥센,2016,사업장,석유화학,22133.0,401.0,한국표준협회,,005720
22,국토교통부,(주)농협물류,2016,사업장,교통(화물),30191.0,428.0,티유브이슈드코리아㈜,,NULL
23,농림축산식품부,(주)농협사료,2016,업체,음식료품,81987.0,1592.0,(재)한국품질재단,,NULL
24,산업통상자원부,(주)단석산업 군산지점,2016,사업장,비철금속,32183.0,356.0,한국표준협회,,NULL
25,산업통상자원부,(주)단석산업 시흥공장,2016,사업장,석유화학,17814.0,456.0,한국표준협회,,NULL
26,산업통상자원부,(주)대농 청원공장,2016,사업장,섬유,18202.0,374.0,지속가능인증원주식회사,,NULL
27,산업통상자원부,(주)대림제지,2016,사업장,제지,86836.0,1221.0,이큐에이㈜,,017650
28,국토교통부,(주)대명레저산업,2016,사업장,건물,49970.0,1003.0,한국표준협회,,NULL
29,산업통상자원부,(주)대보세라믹스,2016,사업장,요업,26762.0,477.0,한국생산성본부인증원(주),,NULL
30,국토교통부,(주)대우건설,2016,업체,건설,68589.0,1359.0,한국표준협회,,047040
31,산업통상자원부,(주)대욱케스트,2016,사업장,철강,19333.0,360.0,이큐에이㈜,,NULL
32,국토교통부,(주)대원고속,2016,업체,교통(여객),165784.0,2535.0,(주)한국경영인증원,,NULL
33,산업통상자원부,(주)대유코아 춘추광업소,2016,사업장,시멘트,38747.0,80.0,한국생산성본부인증원(주),,NULL
34,산업통상자원부,(주)대호피앤씨 포항공장,2016,사업장,철강,21811.0,441.0,한국표준협회,,NULL
35,산업통상자원부,(주)대화제지,2016,사업장,제지,26149.0,524.0,한국생산성본부인증원(주),,NULL
36,산업통상자원부,(주)동남 서산공장,2016,사업장,비철금속,16348.0,238.0,한국표준협회,,NULL
37,산업통상자원부,(주)동남 울산공장,2016,사업장,비철금속,22661.0,329.0,한국표준협회,,NULL
38,국토교통부,(주)동방,2016,사업장,교통(화물),47498.0,683.0,한국표준협회,,004140
39,국토교통부,(주)동부익스프레스,2016,업체,교통(여객),63617.0,931.0,한국표준협회,,NULL
40,산업통상자원부,(주)동부하이텍,2016,업체,반도체,310272.0,3607.0,(주)한국경영인증원,,NULL
41,산업통상자원부,(주)동서기공 당진지점,2016,사업장,자동차,21753.0,444.0,한국표준협회,,NULL
42,산업통상자원부,(주)동서기공 시흥,2016,사업장,비철금속,16719.0,337.0,한국표준협회,,NULL
43,산업통상자원부,(주)동신포리마,2016,사업장,석유화학,23066.0,461.0,(주)한국경영인증원,,NULL
44,국토교통부,(주)동양고속,2016,업체,교통(여객),67772.0,964.0,(주)한국경영인증원,,084670
45,산업통상자원부,(주)동양이앤씨,2016,사업장,기계,13834.0,272.0,한국표준협회,,NULL
46,환경부,(주)동양환경,2016,사업장,폐기물,192420.0,138.0,한국표준협회,,NULL
47,농림축산식품부,(주)동원F&B,2016,업체,음식료품,64154.0,1272.0,(주)한국경영인증원,,049770
48,산업통상자원부,(주)동진쎄미켐,2016,사업장,석유화학,19167.0,357.0,대일이엔씨기술(주),,005290
49,산업통상자원부,(주)두산,2016,사업장,전기전자,81610.0,1633.0,(재)한국품질재단,,000150
50,산업통상자원부,(주)디스플레이테크,2016,사업장,반도체.디스플레이.전기전자,27624.0,561.0,한국표준협회,,NULL
51,산업통상자원부,(주)디씨알이,2016,사업장,석유화학,59241.0,636.0,대일이엔씨기술(주),,NULL
52,산업통상자원부,(주)디에이피,2016,사업장,전기전자,39537.0,809.0,대일이엔씨기술(주),,066900
53,산업통상자원부,(주)로옴코리아,2016,사업장,반도체.디스플레이.전기전자,17904.0,368.0,㈜한국품질보증원,,NULL
54,산업통상자원부,(주)린데코리아,2016,업체,석유화학,432356.0,8514.0,한국가스안전공사,,NULL
55,산업통상자원부,(주)만도,2016,업체,자동차,117721.0,2411.0,(주)비에스아이그룹코리아,,NULL
56,산업통상자원부,(주)모나리자,2016,사업장,제지,40453.0,790.0,㈜한국품질보증원,,012690
57,국토교통부,(주)무주덕유산리조트,2016,사업장,건물,21863.0,385.0,(주)한국경영인증원,,NULL
58,산업통상자원부,(주)미래엔인천에너지,2016,사업장,집단에너지,7728.0,153.0,(재)한국품질재단,,NULL
59,산업통상자원부,(주)미래페이퍼,2016,사업장,제지,70155.0,762.0,한국표준협회,,NULL
60,산업통상자원부,(주)방림,2016,사업장,섬유,26475.0,469.0,한국표준협회,,003610
61,산업통상자원부,(주)백광소재,2016,업체,시멘트,515544.0,2164.0,이큐에이㈜,,NULL
62,국토교통부,(주)범한판토스,2016,사업장,교통(화물),39575.0,602.0,한국표준협회,,NULL
63,산업통상자원부,(주)벽산,2016,사업장,유리,72487.0,1309.0,한국표준협회,,007210
64,국토교통부,(주)부산롯데호텔,2016,사업장,건물,17847.0,363.0,이큐에이㈜,,NULL
65,산업통상자원부,(주)비엠금속,2016,사업장,철강,23064.0,420.0,이큐에이㈜,,NULL
66,농림축산식품부,(주)빙그레,2016,업체,음식료품,58400.0,1141.0,(주)한국경영인증원,,005180
67,산업통상자원부,(주)사파이어테크놀로지,2016,사업장,반도체.디스플레이.전기전자,10489.0,215.0,(재)한국품질재단,,NULL
68,산업통상자원부,(주)삼동 문경공장,2016,사업장,반도체.디스플레이.전기전자,26414.0,538.0,이큐에이㈜,,NULL
69,산업통상자원부,(주)삼동 음성공장,2016,사업장,반도체.디스플레이.전기전자,17443.0,357.0,이큐에이㈜,,NULL
70,산업통상자원부,(주)삼보광업,2016,사업장,광업,104496.0,245.0,한국생산성본부인증원(주),,NULL
71,산업통상자원부,(주)삼원강재,2016,사업장,자동차,28521.0,573.0,(재)한국품질재단,,023000
72,산업통상자원부,(주)삼천리,2016,사업장,집단에너지,17819.0,337.0,한국가스안전공사,,004690
73,산업통상자원부,(주)삼한씨원,2016,사업장,유리 · 요업,16507.0,326.0,한국생산성본부인증원(주),,NULL
74,산업통상자원부,(주)삼현,2016,사업장,요업,32020.0,581.0,한국표준협회,,437730
75,국토교통부,(주)삼화고속,2016,사업장,교통(여객),22816.0,341.0,(주)한국경영인증원,,NULL
76,산업통상자원부,(주)상공에너지,2016,업체,산업단지,129537.0,1458.0,이큐에이㈜,,NULL
77,농림축산식품부,(주)샤니 대구공장,2016,사업장,음식료품,15408.0,310.0,(주)비에스아이그룹코리아,,NULL
78,농림축산식품부,(주)샤니 성남공장,2016,사업장,음식료품,19408.0,392.0,(주)비에스아이그룹코리아,,NULL
79,국토교통부,(주)서브원 곤지암리조트,2016,사업장,건물,19228.0,387.0,안진회계법인,,NULL
80,산업통상자원부,(주)서원,2016,사업장,비철금속,18904.0,385.0,한국가스안전공사,,021050
81,산업통상자원부,(주)서진캠,2016,사업장,자동차,21942.0,451.0,(재)한국품질재단,,NULL
82,산업통상자원부,(주)서흥,2016,사업장,석유화학,33264.0,678.0,한국표준협회,,008490
83,산업통상자원부,(주)선일다이파스,2016,사업장,기계,18778.0,382.0,(주)신화엔지니어링종합건축사사무소,,NULL
84,산업통상자원부,(주)성광벤드,2016,사업장,철강,14158.0,276.0,한국표준협회,,014620
85,산업통상자원부,(주)성호금속 경주2공장,2016,사업장,비철금속,24157.0,435.0,이큐에이㈜,,NULL
86,산업통상자원부,(주)성호금속 영천공장,2016,사업장,철강,17152.0,312.0,이큐에이㈜,,NULL
87,산업통상자원부,(주)성호기업,2016,사업장,철강,21187.0,429.0,이큐에이㈜,,NULL
88,산업통상자원부,(주)세아베스틸,2016,업체,철강,1215225.0,19906.0,한국표준협회,,NULL
89,산업통상자원부,(주)세아제강,2016,사업장,철강,68025.0,1378.0,한국표준협회,,306200
90,산업통상자원부,(주)세아특수강,2016,사업장,철강,25366.0,519.0,한국표준협회,,019440
91,산업통상자원부,(주)스타플렉스,2016,사업장,석유화학,16657.0,339.0,이큐에이㈜,,115570
92,산업통상자원부,(주)신동,2016,사업장,시멘트,83749.0,278.0,한국표준협회,,NULL
93,산업통상자원부,(주)신성솔라에너지,2016,사업장,반도체.디스플레이.전기전자,25121.0,506.0,한국표준협회,,NULL
94,국토교통부,(주)신세계,2016,업체,건물,167426.0,3416.0,(주)한국경영인증원,,004170
95,산업통상자원부,(주)신안주철,2016,사업장,철강,20673.0,372.0,한국표준협회,,NULL
96,산업통상자원부,(주)신우금속,2016,사업장,철강,16526.0,282.0,(재)한국품질재단,,NULL
97,산업통상자원부,(주)신한방,2016,사업장,섬유,19952.0,409.0,이큐에이㈜,,NULL
98,국토교통부,(주)신한은행,2016,업체,건물,83246.0,1282.0,㈜디엔브이지엘비즈니스어슈어런스코리아,,000010
99,산업통상자원부,(주)쌍용씨앤비,2016,사업장,제지,70187.0,1256.0,(주)한국경영인증원,,NULL
100,산업통상자원부,(주)씨텍,2016,업체,산업단지,312763.0,4345.0,(재)한국품질재단,,NULL
101,국토교통부,(주)아라리오,2016,사업장,건물,15835.0,322.0,(주)한국경영인증원,,NULL
102,산업통상자원부,(주)아진피앤피,2016,사업장,제지,89086.0,1228.0,한국산업기술시험원,,NULL
103,산업통상자원부,(주)아트라스비엑스,2016,사업장,전기전자,30697.0,627.0,(재)한국화학융합시험연구원,,NULL
104,산업통상자원부,(주)에스아이플렉스,2016,사업장,반도체.디스플레이.전기전자,14201.0,289.0,(주)한국경영인증원,,NULL
105,산업통상자원부,(주)에스에이치에너지화학,2016,사업장,석유화학,18283.0,308.0,㈜한국품질보증원,,NULL
106,산업통상자원부,(주)에스제이금속,2016,사업장,철강,19351.0,335.0,(재)한국품질재단,,NULL
107,산업통상자원부,(주)에스파워,2016,업체,발전에너지,1710173.0,33519.0,(재)한국품질재단,,NULL
108,산업통상자원부,(주)에이에스에이 김제공장,2016,사업장,자동차,18185.0,348.0,지속가능인증원주식회사,,NULL
109,산업통상자원부,(주)에이에스에이 전주공장,2016,사업장,자동차,31358.0,596.0,지속가능인증원주식회사,,NULL
110,환경부,(주)엔아이티,2016,업체,폐기물,165169.0,429.0,㈜한국품질보증원,,NULL
111,산업통상자원부,(주)엘지생활건강 울산공장,2016,사업장,석유화학,23200.0,454.0,㈜디엔브이지엘비즈니스어슈어런스코리아,,NULL
112,산업통상자원부,(주)엘지씨엔에스,2016,사업장,통신,26610.0,585.0,대일이엔씨기술(주),,064400
113,산업통상자원부,(주)엘지하우시스,2016,업체,석유화학,151272.0,2854.0,㈜디엔브이지엘비즈니스어슈어런스코리아,,NULL
114,산업통상자원부,(주)영신물산,2016,사업장,섬유,31144.0,179.0,한국표준협회,,NULL
115,농림축산식품부,(주)오뚜기 대풍공장,2016,사업장,음식료품,37379.0,752.0,한국생산성본부인증원(주),,NULL
116,농림축산식품부,(주)오리온,2016,사업장,음식료품,68907.0,1330.0,한국표준협회,,271560
117,산업통상자원부,(주)오미아코리아,2016,사업장,석유화학,74707.0,1523.0,㈜디엔브이지엘비즈니스어슈어런스코리아,,NULL
118,산업통상자원부,(주)오영,2016,사업장,석유화학,17508.0,371.0,(재)한국품질재단,,NULL
119,농림축산식품부,(주)올품,2016,사업장,음식료품,24615.0,433.0,한국표준협회,,NULL
120,국토교통부,(주)용평리조트,2016,사업장,건물,30463.0,604.0,(재)한국품질재단,,NULL
121,산업통상자원부,(주)우룡,2016,업체,시멘트,149918.0,643.0,(주)한국경영인증원,,NULL
122,국토교통부,(주)우리은행,2016,업체,건물,88472.0,1315.0,㈜디엔브이지엘비즈니스어슈어런스코리아,,000030
123,산업통상자원부,(주)유니온,2016,업체,시멘트,175280.0,1442.0,한국표준협회,,000910
124,환경부,(주)유니큰,2016,업체,폐기물,188056.0,403.0,한국산업기술시험원,,NULL
125,국토교통부,(주)유성티엔에스,2016,업체,교통(화물),47269.0,693.0,(주)한국경영인증원,,024800
126,국토교통부,(주)이마트,2016,업체,건물,492413.0,10050.0,한국표준협회,,139480
127,산업통상자원부,(주)이수페타시스,2016,사업장,전기전자,51400.0,737.0,이큐에이㈜,,007660
128,산업통상자원부,(주)이수화학,2016,업체,석유화학,273854.0,5030.0,한국표준협회,,005950
129,환경부,(주)이엠케이승경,2016,사업장,폐기물,66147.0,177.0,(주)한국경영인증원,,NULL
130,산업통상자원부,(주)인터플렉스,2016,사업장,전기전자,59375.0,1196.0,한국표준협회,,051370
131,산업통상자원부,(주)일진글로벌,2016,사업장,자동차,38977.0,802.0,한국표준협회,,NULL
132,산업통상자원부,(주)일진베어링 2공장,2016,사업장,자동차,14611.0,300.0,한국표준협회,,NULL
133,산업통상자원부,(주)전주페이퍼,2016,업체,제지,710479.0,12917.0,한국표준협회,,NULL
134,농림축산식품부,(주)정·식품,2016,사업장,음식료품,19907.0,395.0,한국표준협회,,NULL
135,산업통상자원부,(주)제이앤티씨,2016,사업장,반도체.디스플레이.전기전자,27252.0,557.0,한국표준협회,,204270
136,산업통상자원부,(주)제이엠씨,2016,사업장,석유화학,33549.0,759.0,이큐에이㈜,,NULL
137,산업통상자원부,(주)젤텍,2016,사업장,석유화학,20554.0,413.0,한국표준협회,,NULL
138,산업통상자원부,(주)종근당바이오,2016,사업장,석유화학,80077.0,1451.0,이큐에이㈜,,063160
139,국토교통부,(주)중앙고속,2016,업체,교통(여객),65112.0,919.0,(주)한국경영인증원,,NULL
140,산업통상자원부,(주)지엠씨,2016,사업장,광업,16816.0,343.0,이큐에이㈜,,NULL
141,국토교통부,(주)진에어,2016,사업장,항공,193600.0,2770.0,한국표준협회,,272450
142,산업통상자원부,(주)진합,2016,사업장,자동차,27855.0,567.0,한국표준협회,,NULL
143,산업통상자원부,(주)진흥주물 군산공장,2016,사업장,철강,22367.0,391.0,한국표준협회,,NULL
144,산업통상자원부,(주)진흥주물 인천공장,2016,사업장,철강,18379.0,319.0,한국표준협회,,NULL
145,농림축산식품부,(주)참프레,2016,사업장,음식료품,28230.0,566.0,한국표준협회,,NULL
146,국토교통부,(주)천일고속,2016,사업장,교통(여객),29854.0,424.0,(주)한국경영인증원,,000650
147,농림축산식품부,(주)체리부로,2016,사업장,음식료품,16943.0,342.0,(주)한국경영인증원,,066360
148,산업통상자원부,(주)충남도시가스,2016,사업장,발전에너지,34785.0,686.0,티유브이슈드코리아㈜,,NULL
149,산업통상자원부,(주)충무화학정선,2016,사업장,시멘트,148972.0,603.0,(재)한국품질재단,,NULL
150,산업통상자원부,(주)칼링크,2016,사업장,비철금속,26706.0,536.0,지속가능인증원주식회사,,NULL
151,산업통상자원부,(주)캐스텍코리아,2016,사업장,자동차,53526.0,940.0,한국표준협회,,071850
152,환경부,(주)케이비텍,2016,사업장,폐기물,145375.0,76.0,티유브이슈드코리아㈜,,NULL
153,산업통상자원부,(주)케이에프엔티,2016,사업장,석유화학,14662.0,317.0,(주)한국경영인증원,,NULL
154,산업통상자원부,(주)케이이씨,2016,사업장,반도체,46662.0,617.0,로이드인증원㈜,,NULL
155,농림축산식품부,(주)케이티앤지,2016,사업장,음식료품,94760.0,1832.0,한국표준협회,,033780
156,산업통상자원부,(주)케이피켐텍,2016,사업장,섬유,36833.0,837.0,(재)한국품질재단,,NULL
157,산업통상자원부,(주)코다코,2016,사업장,자동차,30165.0,607.0,(재)한국품질재단,,046070
158,산업통상자원부,(주)코리아써키트,2016,사업장,전기전자,99327.0,1986.0,(주)비에스아이그룹코리아,,007810
159,산업통상자원부,(주)코스모텍,2016,사업장,반도체.디스플레이.전기전자,19233.0,393.0,(주)한국경영인증원,,NULL
160,산업통상자원부,(주)코스틸,2016,사업장,철강,48690.0,841.0,이큐에이㈜,,NULL
161,산업통상자원부,(주)크린앤사이언스,2016,사업장,제지,12593.0,357.0,(주)신화엔지니어링종합건축사사무소,,045520
162,산업통상자원부,(주)태광,2016,사업장,철강,15178.0,297.0,산림조합중앙회,,023160
163,산업통상자원부,(주)태우,2016,사업장,비철금속,18112.0,354.0,한국가스안전공사,,NULL
164,산업통상자원부,(주)태웅,2016,사업장,기계,119608.0,2347.0,(재)한국품질재단,,044490
165,산업통상자원부,(주)태평양금속,2016,사업장,기계,56660.0,1128.0,이큐에이㈜,,NULL
166,산업통상자원부,(주)테크팩솔루션,2016,업체,유리,220408.0,3592.0,(재)한국품질재단,,NULL
167,산업통상자원부,(주)티씨씨동양,2016,사업장,철강,27129.0,567.0,이큐에이㈜,,NULL
168,농림축산식품부,(주)파리크라상 성남공장,2016,사업장,음식료품,20092.0,405.0,한국표준협회,,NULL
169,산업통상자원부,(주)퍼시픽글라스,2016,사업장,유리,30085.0,501.0,한국표준협회,,009080
170,산업통상자원부,(주)평화,2016,사업장,섬유,13186.0,244.0,한국표준협회,,NULL
171,농림축산식품부,(주)포레스코,2016,사업장,목재,30836.0,734.0,한국표준협회,,NULL
172,산업통상자원부,(주)풍농 장항공장,2016,사업장,석유화학,19842.0,363.0,이큐에이㈜,,NULL
173,산업통상자원부,(주)풍정주공,2016,사업장,철강,32305.0,662.0,한국표준협회,,NULL
174,산업통상자원부,(주)피케이엘,2016,사업장,반도체.디스플레이.전기전자,17200.0,349.0,(주)비에스아이그룹코리아,,039870
175,산업통상자원부,(주)필맥스,2016,사업장,석유화학,28391.0,570.0,㈜한국품질보증원,,NULL
176,농림축산식품부,(주)하림,2016,사업장,음식료품,72087.0,1823.0,(재)한국품질재단,,136480
177,산업통상자원부,(주)한국알스트롬,2016,사업장,제지,49332.0,596.0,(재)한국품질재단,,NULL
178,농림축산식품부,(주)한국인삼공사 고려인삼창(부여공장),2016,사업장,음식료품,21793.0,437.0,(주)한국경영인증원,,NULL
179,산업통상자원부,(주)한금 포항공장,2016,사업장,철강,21365.0,430.0,한국표준협회,,NULL
180,산업통상자원부,(주)한솔케미칼,2016,사업장,석유화학,88777.0,2090.0,대일이엔씨기술(주),,014680
181,농림축산식품부,(주)한솔홈데코,2016,사업장,목재,67208.0,1216.0,(주)한국경영인증원,,025750
182,산업통상자원부,(주)한양에스앤씨 함안지점,2016,사업장,자동차,22600.0,419.0,한국표준협회,,NULL
183,국토교통부,(주)한일고속,2016,사업장,교통(여객),18581.0,263.0,(주)한국경영인증원,,NULL
184,산업통상자원부,(주)한주,2016,업체,산업단지,1144502.0,14438.0,한국표준협회,,NULL
185,국토교통부,(주)한진,2016,업체,교통(화물),131917.0,1971.0,티유브이슈드코리아㈜,,002320
186,산업통상자원부,(주)한창제지,2016,업체,제지,142395.0,1947.0,한국표준협회,,009460
187,산업통상자원부,(주)한화,2016,사업장,석유화학,122062.0,1594.0,㈜디엔브이지엘비즈니스어슈어런스코리아,,000880
188,산업통상자원부,(주)현대단조,2016,사업장,기계,10238.0,197.0,한국표준협회,,NULL
189,국토교통부,(주)현대백화점,2016,업체,건물,142085.0,2896.0,한국표준협회,,069960
190,국토교통부,(주)현대아이파크몰,2016,사업장,건물,21748.0,444.0,(재)한국화학융합시험연구원,,NULL
191,산업통상자원부,(주)현대케피코,2016,사업장,자동차,27692.0,564.0,㈜디엔브이지엘비즈니스어슈어런스코리아,,NULL
192,국토교통부,(주)호텔신라,2016,사업장,건물,21946.0,442.0,(재)한국품질재단,,008770
193,산업통상자원부,(주)화승알앤에이,2016,사업장,석유화학,22997.0,464.0,한국표준협회,,378850
194,산업통상자원부,(주)화승인더스트리,2016,사업장,석유화학,29883.0,607.0,이큐에이㈜,,006060
195,국토교통부,(주)휘닉스중앙평창,2016,사업장,건물,23084.0,452.0,(주)한국경영인증원,,NULL
196,산업통상자원부,(주)흥아 양산1공장,2016,사업장,석유화학,14472.0,288.0,(재)한국품질재단,,NULL
197,산업통상자원부,(주)흥아 양산2공장,2016,사업장,석유화학,14751.0,289.0,(재)한국품질재단,,NULL
198,국토교통부,(합)경남여객,2016,사업장,교통(여객),48175.0,769.0,한국표준협회,,NULL
199,국토교통부,CJ대한통운(주),2016,업체,교통(화물),195574.0,3147.0,(주)한국경영인증원,,000120
200,농림축산식품부,CJ제일제당(주),2016,업체,음식료품,336497.0,7937.0,(재)한국화학융합시험연구원,,097950
201,국토교통부,GS건설(주),2016,업체,건설,98360.0,1860.0,한국표준협회,,006360
202,산업통상자원부,GS파워,2016,업체,집단에너지,1245755.0,24104.0,(재)한국품질재단,,NULL
203,산업통상자원부,JW생명과학(주),2016,사업장,석유화학,23856.0,558.0,한국표준협회,,234080
204,산업통상자원부,KPX그린케미칼(주),2016,사업장,석유화학,68590.0,1257.0,한국가스안전공사,,NULL
205,산업통상자원부,LB 세미콘(주),2016,사업장,반도체.디스플레이.전기전자,19461.0,398.0,(재)한국품질재단,,NULL
206,산업통상자원부,LG엠엠에이,2016,업체,석유화학,181184.0,2722.0,(주)한국경영인증원,,NULL
207,산업통상자원부,LS산전(주),2016,사업장,반도체.디스플레이.전기전자,20242.0,413.0,한국표준협회,,NULL
208,산업통상자원부,S&T모티브(주),2016,사업장,자동차,20515.0,412.0,한국표준협회,,NULL
209,산업통상자원부,S-Oil(주),2016,업체,정유,7641045.0,108442.0,한국표준협회,,010950
210,산업통상자원부,SK(주) 대덕 데이터센터,2016,사업장,통신,20533.0,422.0,한국표준협회,,NULL
211,산업통상자원부,SKbroadband(주),2016,업체,통신,264833.0,5416.0,한국표준협회,,NULL
212,국토교통부,SK네트웍스(주) 워커힐,2016,사업장,건물,24736.0,498.0,(주)비에스아이그룹코리아,,NULL
213,산업통상자원부,SK이노베이션(주),2016,사업장,전기전자,166661.0,3386.0,한국표준협회,,096770
214,산업통상자원부,SK인천석유화학(주),2016,업체,석유화학,1614318.0,42078.0,한국표준협회,,NULL
215,산업통상자원부,STX 조선해양(주),2016,업체,조선,87431.0,1572.0,(재)한국품질재단,,NULL
216,산업통상자원부,S＆T중공업(주),2016,사업장,자동차,17384.0,329.0,한국표준협회,,NULL
217,산업통상자원부,Y&T파워텍(주),2016,사업장,자동차,18781.0,385.0,(주)비에스아이그룹코리아,,NULL
218,산업통상자원부,nexolon,2016,업체,반도체,90324.0,1858.0,㈜디엔브이지엘비즈니스어슈어런스코리아,,NULL
219,농림축산식품부,㈜창해에탄올 익산사무소,2016,사업장,음식료품,15732.0,302.0,한국생산성본부인증원(주),,NULL
220,산업통상자원부,가온전선주식회사,2016,사업장,반도체.디스플레이.전기전자,18896.0,380.0,(주)한국경영인증원,,000500
221,국토교통부,가천대학교길병원,2016,사업장,건물,21730.0,440.0,(재)한국화학융합시험연구원,,NULL
222,국토교통부,가톨릭대학교 서울성모병원,2016,사업장,건물,39486.0,800.0,환경보전협회,,NULL
223,국토교통부,강남금융센터(주),2016,사업장,건물,17931.0,365.0,환경보전협회,,NULL
224,산업통상자원부,강남화성(주),2016,사업장,석유화학,20544.0,382.0,한국표준협회,,NULL
225,환경부,강릉공공하수처리시설,2016,사업장,폐기물,36219.0,91.0,(주)비에스아이그룹코리아,,NULL
226,국토교통부,강원대학교 춘천캠퍼스,2016,사업장,건물,19586.0,399.0,한국표준협회,,NULL
227,환경부,거제시,2016,사업장,폐기물,60116.0,377.0,(재)한국품질재단,,NULL
228,국토교통부,건국대학교,2016,사업장,건물,26838.0,544.0,㈜한국품질보증원,,NULL
229,국토교통부,경북대학교,2016,사업장,건물,35253.0,715.0,㈜한국품질보증원,,NULL
230,산업통상자원부,경산제지 주식회사,2016,사업장,제지,105639.0,874.0,한국표준협회,,NULL
233,환경부,경주시,2016,업체,폐기물,104522.0,648.0,㈜한국품질보증원,,NULL
234,산업통상자원부,경창산업(주)본사,2016,사업장,자동차,23284.0,478.0,한국표준협회,,NULL
235,산업통상자원부,고려강선(주),2016,업체,철강,96823.0,2010.0,로이드인증원㈜,,NULL
236,산업통상자원부,고려기초소재,2016,사업장,시멘트,29513.0,522.0,한국표준협회,,NULL
237,산업통상자원부,고려아연 주식회사,2016,업체,비철금속,3363119.0,47871.0,(재)한국품질재단,,010130
238,산업통상자원부,고려용접봉(주),2016,사업장,기계,21968.0,446.0,㈜한국품질보증원,,NULL
239,산업통상자원부,고려제강(주),2016,업체,철강,124912.0,2524.0,로이드인증원㈜,,002240
240,산업통상자원부,고려특수선재(주),2016,사업장,철강,17464.0,358.0,로이드인증원㈜,,NULL
241,산업통상자원부,고성조선해양(주),2016,사업장,조선,28858.0,522.0,(재)한국품질재단,,NULL
242,환경부,고양시,2016,사업장,폐기물,220227.0,915.0,㈜한국품질보증원,,NULL
243,국토교통부,공항철도(주),2016,업체,교통(철도),56886.0,1168.0,한국산업기술시험원,,NULL
244,환경부,광명시,2016,사업장,폐기물,66172.0,317.0,㈜한국품질보증원,,NULL
245,국토교통부,광주과학기술원,2016,사업장,건물,18770.0,383.0,한국표준협회,,NULL
246,환경부,광주광역시,2016,업체,폐기물,812324.0,1692.0,이큐에이㈜,,NULL
247,국토교통부,광주광역시도시철도공사,2016,사업장,교통(철도),18171.0,373.0,한국표준협회,,NULL
248,산업통상자원부,광진산업(주),2016,사업장,시멘트,78166.0,200.0,한국생산성본부인증원(주),,NULL
249,환경부,구리시,2016,사업장,폐기물,137217.0,623.0,(재)한국품질재단,,NULL
250,환경부,구미시,2016,업체,폐기물,242758.0,1219.0,㈜한국품질보증원,,NULL
251,산업통상자원부,국도화학(주),2016,사업장,석유화학,75202.0,1421.0,로이드인증원㈜,,007690
252,국토교통부,국립대학법인 서울대학교,2016,사업장,건물,135989.0,2753.0,(재)한국품질재단,,NULL
253,국토교통부,국립암센터,2016,사업장,건물,18576.0,386.0,이큐에이㈜,,NULL
254,국토교통부,국방과학연구소,2016,사업장,건물,17182.0,348.0,(재)한국품질재단,,NULL
255,산업통상자원부,국일제지(주),2016,사업장,제지,20234.0,407.0,이큐에이㈜,,078130
256,국토교통부,국회사무처,2016,사업장,건물,22376.0,464.0,한국표준협회,,NULL
257,환경부,군산시,2016,사업장,폐기물,114961.0,387.0,한국산업기술시험원,,NULL
258,산업통상자원부,군장에너지주식회사,2016,업체,산업단지,3173174.0,35879.0,한국표준협회,,NULL
259,환경부,군포시,2016,사업장,폐기물,45059.0,74.0,한국표준협회,,NULL
260,국토교통부,금호고속(주),2016,업체,교통(여객),184378.0,2622.0,(주)한국경영인증원,,NULL
261,산업통상자원부,금호미쓰이화학 주식회사,2016,사업장,석유화학,92681.0,1588.0,(재)한국품질재단,,NULL
262,산업통상자원부,금호석유화학 주식회사,2016,업체,석유화학,3089075.0,39073.0,한국표준협회,,011780
263,산업통상자원부,금호타이어(주),2016,업체,석유화학,312105.0,6001.0,지속가능인증원주식회사,,073240
264,산업통상자원부,금호폴리켐 주식회사,2016,업체,석유화학,290289.0,4387.0,(재)한국품질재단,,NULL
265,산업통상자원부,금호피앤비화학 주식회사,2016,업체,석유화학,772738.0,9287.0,한국표준협회,,NULL
266,산업통상자원부,기아자동차(주),2016,업체,자동차,770023.0,15558.0,㈜디엔브이지엘비즈니스어슈어런스코리아,,NULL
267,환경부,김천시,2016,업체,폐기물,76655.0,297.0,㈜한국품질보증원,,NULL
268,산업통상자원부,김천에너지서비스주식회사,2016,업체,산업단지,772785.0,8201.0,한국표준협회,,NULL
269,환경부,김해시,2016,업체,폐기물,184520.0,1036.0,(재)한국품질재단,,NULL
270,산업통상자원부,깨끗한나라 주식회사,2016,업체,제지,440058.0,5597.0,(재)한국품질재단,,004540
271,산업통상자원부,나래에너지서비스 주식회사,2016,사업장,집단에너지,338.0,6.0,한국생산성본부인증원(주),,NULL
272,산업통상자원부,남양금속주식회사,2016,사업장,기계,92757.0,1703.0,㈜한국품질보증원,,NULL
273,농림축산식품부,남양유업(주),2016,사업장,음식료품,96493.0,1944.0,한국표준협회,,003920
274,산업통상자원부,남해화학(주),2016,사업장,석유화학,81470.0,1121.0,대일이엔씨기술(주),,025860
275,산업통상자원부,네이버 데이터센터 각,2016,사업장,통신,39357.0,810.0,한국표준협회,,NULL
276,산업통상자원부,네패스,2016,사업장,반도체.디스플레이.전기전자,15432.0,314.0,(주)비에스아이그룹코리아,,033640
277,산업통상자원부,넥센타이어(주),2016,사업장,석유화학,204065.0,4043.0,(주)한국경영인증원,,002350
278,산업통상자원부,넥스틸(주),2016,사업장,철강,11939.0,245.0,이큐에이㈜,,092790
279,산업통상자원부,노벨리스코리아 주식회사,2016,업체,비철금속,423474.0,8383.0,(주)한국경영인증원,,NULL
280,산업통상자원부,녹십자,2016,사업장,석유화학,38285.0,768.0,이큐에이㈜,,006280
281,국토교통부,농협은행(주),2016,업체,건물,99195.0,1431.0,티유브이슈드코리아㈜,,NULL
282,산업통상자원부,능원금속공업 주식회사,2016,사업장,비철금속,28427.0,579.0,산림조합중앙회,,NULL
283,산업통상자원부,담우물산(주),2016,사업장,시멘트,54109.0,182.0,한국생산성본부인증원(주),,NULL
284,환경부,대구광역시,2016,업체,폐기물,1290483.0,4715.0,(재)한국화학융합시험연구원,,NULL
285,산업통상자원부,대구그린파워(주),2016,업체,발전에너지,1003737.0,20079.0,이큐에이㈜,,NULL
286,국토교통부,대구도시철도공사,2016,업체,교통(철도),94501.0,1942.0,(주)한국경영인증원,,NULL
287,산업통상자원부,대구염색산업단지관리공단,2016,업체,산업단지,837758.0,9601.0,이큐에이㈜,,NULL
288,산업통상자원부,대구텍 유한회사,2016,사업장,비철금속,49097.0,1000.0,한국표준협회,,NULL
289,환경부,대구환경공단,2016,업체,폐기물,,,(재)한국화학융합시험연구원,,NULL
290,환경부,대길그린 주식회사,2016,사업장,폐기물,71882.0,86.0,이큐에이㈜,,NULL
291,산업통상자원부,대덕전자(주),2016,사업장,전기전자,84402.0,1688.0,한국표준협회,,353200
292,산업통상자원부,대덕지디에스(주),2016,사업장,전기전자,32469.0,655.0,한국표준협회,,NULL
293,산업통상자원부,대동금속(주),2016,사업장,철강,29662.0,562.0,㈜한국품질보증원,,020400
294,산업통상자원부,대동산업주식회사,2016,사업장,요업,49226.0,913.0,한국표준협회,,NULL
295,산업통상자원부,대림산업 주식회사,2016,업체,석유화학,213811.0,4194.0,한국가스안전공사,,NULL
296,산업통상자원부,대림자동차공업(주),2016,사업장,자동차,44061.0,889.0,(재)한국품질재단,,NULL
297,농림축산식품부,대상 주식회사,2016,업체,음식료품,516058.0,10092.0,한국표준협회,,001680
298,농림축산식품부,대성목재공업(주),2016,사업장,목재,27087.0,529.0,한국표준협회,,NULL
299,산업통상자원부,대성산업가스(주),2016,업체,석유화학,782664.0,15860.0,㈜한국품질보증원,,NULL
300,산업통상자원부,대성지엠텍(주),2016,업체,광업,125783.0,334.0,한국생산성본부인증원(주),,NULL
301,산업통상자원부,대신염직공업(주),2016,사업장,섬유,16680.0,311.0,이큐에이㈜,,NULL
302,국토교통부,대신정기화물자동차(주),2016,사업장,교통(화물),55224.0,782.0,(재)한국품질재단,,NULL
303,산업통상자원부,대양금속(주),2016,사업장,기계,20351.0,399.0,(재)한국품질재단,,009190
304,산업통상자원부,대양제지공업(주),2016,사업장,제지,136492.0,1526.0,한국표준협회,,006580
305,산업통상자원부,대왕제지공업(주)소룡동지점,2016,사업장,제지,19912.0,353.0,한국생산성본부인증원(주),,NULL
306,산업통상자원부,대용산업,2016,사업장,비철금속,14695.0,301.0,㈜디엔브이지엘비즈니스어슈어런스코리아,,NULL
307,산업통상자원부,대우조선해양(주),2016,업체,조선,402695.0,7188.0,한국표준협회,,NULL
308,산업통상자원부,대원강업(주),2016,사업장,자동차,29017.0,583.0,티유브이슈드코리아㈜,,000430
309,산업통상자원부,대원화성(주),2016,사업장,석유화학,20862.0,405.0,한국표준협회,,024890
310,환경부,대일개발 주식회사,2016,사업장,폐기물,53092.0,245.0,티유브이슈드코리아㈜,,NULL
311,환경부,대전광역시,2016,업체,폐기물,600780.0,1807.0,이큐에이㈜,,NULL
312,국토교통부,대전광역시도시철도공사,2016,사업장,교통(철도),18357.0,376.0,(주)한국경영인증원,,NULL
313,산업통상자원부,대전열병합발전주식회사,2016,업체,산업단지,245408.0,3794.0,한국표준협회,,NULL
314,산업통상자원부,대창단조(주),2016,사업장,기계,22308.0,451.0,이큐에이㈜,,015230
315,국토교통부,대창운수(주),2016,사업장,교통(여객),28203.0,528.0,㈜한국품질보증원,,NULL
316,산업통상자원부,대한광통신주식회사,2016,사업장,반도체.디스플레이.전기전자,16563.0,338.0,(주)한국경영인증원,,010170
317,산업통상자원부,대한방직(주),2016,사업장,섬유,31991.0,498.0,한국표준협회,,001070
318,산업통상자원부,대한석탄공사,2016,사업장,광업,209084.0,553.0,한국생산성본부인증원(주),,NULL
319,산업통상자원부,대한소결금속(주),2016,사업장,자동차,23361.0,470.0,한국표준협회,,NULL
320,산업통상자원부,대한슬래그 주식회사,2016,사업장,유리 · 요업,32386.0,600.0,한국표준협회,,NULL
321,산업통상자원부,대한시멘트주식회사,2016,사업장,시멘트,83689.0,1519.0,한국표준협회,,NULL
322,산업통상자원부,대한유화 주식회사,2016,업체,석유화학,1165438.0,22607.0,한국가스안전공사,,006650
323,산업통상자원부,대한전선 주식회사,2016,사업장,기계,36851.0,739.0,이큐에이㈜,,001440
324,산업통상자원부,대한제강(주),2016,업체,철강,482778.0,8499.0,한국표준협회,,084010
325,농림축산식품부,대한제당 주식회사,2016,사업장,음식료품,77387.0,1539.0,한국표준협회,,001790
326,농림축산식품부,대한제분(주),2016,사업장,음식료품,19866.0,408.0,한국표준협회,,001130
327,산업통상자원부,대한제지주식회사,2016,업체,제지,213215.0,2553.0,한국표준협회,,NULL
328,산업통상자원부,대한특수금속(주),2016,사업장,철강,18795.0,331.0,이큐에이㈜,,NULL
329,국토교통부,대한항공,2016,업체,항공,675003.0,10119.0,㈜디엔브이지엘비즈니스어슈어런스코리아,,003490
330,산업통상자원부,대한화섬(주),2016,사업장,섬유,50210.0,1134.0,한국표준협회,,003830
331,산업통상자원부,덴소코리아오토모티브(주),2016,사업장,자동차,14910.0,298.0,이큐에이㈜,,NULL
332,산업통상자원부,도레이배터리세퍼레이터필름한국 유한회사,2016,사업장,전기전자,46645.0,942.0,한국표준협회,,NULL
333,산업통상자원부,도레이첨단소재 주식회사,2016,업체,섬유,475727.0,8675.0,(재)한국품질재단,,NULL
334,산업통상자원부,도레이케미칼 주식회사,2016,업체,섬유,182945.0,3633.0,(주)비에스아이그룹코리아,,008000
335,산업통상자원부,동국산업(주),2016,사업장,철강,39238.0,803.0,환경보전협회,,005160
336,산업통상자원부,동국제강 주식회사,2016,업체,철강,1894882.0,32590.0,안진회계법인,,460860
337,산업통상자원부,동남정밀 주식회사,2016,사업장,자동차,18688.0,379.0,한국표준협회,,NULL
338,산업통상자원부,동두천드림파워,2016,업체,발전에너지,3675993.0,72986.0,한국표준협회,,NULL
339,환경부,동두천시공공하수처리장,2016,사업장,폐기물,19593.0,115.0,한국표준협회,,NULL
340,산업통상자원부,동부대우전자 주식회사,2016,사업장,기계,12331.0,249.0,(주)한국경영인증원,,NULL
341,산업통상자원부,동부인천스틸주식회사,2016,업체,철강,130601.0,2848.0,(재)한국품질재단,,NULL
342,산업통상자원부,동부제철 주식회사,2016,업체,철강,278244.0,5879.0,(재)한국품질재단,,NULL
343,산업통상자원부,동서석유화학 주식회사,2016,업체,석유화학,356449.0,1566.0,로이드인증원㈜,,NULL
344,농림축산식품부,동서식품(주),2016,업체,음식료품,139085.0,2717.0,한국표준협회,,NULL
345,산업통상자원부,동서페더럴모굴(주),2016,사업장,자동차,21817.0,443.0,(주)비에스아이그룹코리아,,NULL
346,산업통상자원부,동아타이어공업(주),2016,사업장,석유화학,15956.0,304.0,한국표준협회,,282690
347,산업통상자원부,동양산업(주),2016,사업장,자동차,19097.0,391.0,한국표준협회,,NULL
348,산업통상자원부,동양시멘트 주식회사,2016,업체,시멘트,7446270.0,39260.0,(재)한국품질재단,,NULL
349,환경부,동양에코 주식회사,2016,업체,폐기물,260116.0,545.0,한국표준협회,,NULL
350,산업통상자원부,동양주공㈜,2016,사업장,철강,17842.0,335.0,한국표준협회,,NULL
351,산업통상자원부,동양피스톤(주),2016,사업장,자동차,28779.0,585.0,이큐에이㈜,,NULL
352,산업통상자원부,동우화인켐주식회사,2016,업체,석유화학,402843.0,6527.0,(재)한국품질재단,,NULL
353,산업통상자원부,동원페이퍼 주식회사,2016,사업장,제지,97705.0,1719.0,이큐에이㈜,,NULL
354,산업통상자원부,동은단조(주),2016,사업장,기계,17911.0,366.0,㈜한국품질보증원,,NULL
355,산업통상자원부,동일금속,2016,사업장,철강,8098.0,157.0,한국표준협회,,109860
356,산업통상자원부,동일산업주식회사,2016,업체,철강,255819.0,3171.0,한국표준협회,,004890
357,산업통상자원부,동일알루미늄(주),2016,사업장,비철금속,19250.0,392.0,한국표준협회,,NULL
358,산업통상자원부,동일제강(주),2016,사업장,철강,24937.0,449.0,한국표준협회,,002690
359,농림축산식품부,동화기업(주),2016,사업장,목재,117632.0,4085.0,한국표준협회,,025900
360,산업통상자원부,동화지앤피주식회사,2016,사업장,유리 · 요업,23788.0,364.0,(주)한국경영인증원,,NULL
361,산업통상자원부,동희오토(주),2016,사업장,자동차,41808.0,839.0,(주)한국경영인증원,,NULL
362,산업통상자원부,두산메카텍 주식회사,2016,사업장,기계,24058.0,437.0,(주)한국경영인증원,,NULL
363,산업통상자원부,두산엔진(주),2016,사업장,기계,32477.0,580.0,㈜디엔브이지엘비즈니스어슈어런스코리아,,NULL
364,산업통상자원부,두산인프라코어(주),2016,업체,기계,87413.0,1682.0,(재)한국품질재단,,NULL
365,산업통상자원부,두산중공업 주식회사,2016,업체,기계,269221.0,4996.0,(재)한국품질재단,,NULL
366,산업통상자원부,두원중공업(주),2016,사업장,기계,29426.0,599.0,이큐에이㈜,,NULL
367,산업통상자원부,디에스파워 주식회사,2016,사업장,집단에너지,1175224.0,23353.0,한국표준협회,,NULL
368,산업통상자원부,디케이동신(주),2016,사업장,철강,22108.0,447.0,환경보전협회,,NULL
369,국토교통부,롯데건설(주),2016,업체,건설,48740.0,908.0,한국표준협회,,NULL
370,농림축산식품부,롯데네슬레코리아(주),2016,사업장,음식료품,38022.0,698.0,(재)한국품질재단,,NULL
371,국토교통부,롯데물산(주),2016,사업장,건물,24001.0,553.0,(주)한국경영인증원,,NULL
372,산업통상자원부,롯데비피화학 주식회사,2016,업체,석유화학,134682.0,2078.0,한국표준협회,,NULL
373,국토교통부,롯데쇼핑 주식회사,2016,업체,건물,833855.0,16509.0,(재)한국품질재단,,023530
374,산업통상자원부,롯데알미늄 주식회사,2016,사업장,비철금속,94454.0,1905.0,(재)한국품질재단,,NULL
375,산업통상자원부,롯데엠시시 주식회사,2016,업체,석유화학,351226.0,3027.0,한국표준협회,,NULL
376,산업통상자원부,롯데정밀화학 주식회사,2016,업체,석유화학,654859.0,14272.0,로이드인증원㈜,,004000
377,산업통상자원부,롯데정보통신(주),2016,사업장,통신,16082.0,330.0,한국표준협회,,NULL
378,농림축산식품부,롯데제과 주식회사,2016,사업장,음식료품,131361.0,2605.0,(재)한국품질재단,,NULL
379,산업통상자원부,롯데첨단소재 주식회사,2016,업체,전기전자,386453.0,7383.0,(재)한국품질재단,,NULL
380,농림축산식품부,롯데칠성음료 주식회사,2016,업체,음식료품,146155.0,2642.0,(주)한국경영인증원,,005300
381,산업통상자원부,롯데케미칼 주식회사,2016,업체,석유화학,5689231.0,108768.0,(재)한국품질재단,,011170
382,농림축산식품부,롯데푸드(주),2016,사업장,음식료품,106280.0,2097.0,(주)한국경영인증원,,002270
383,산업통상자원부,르노삼성자동차(주),2016,사업장,자동차,104848.0,2201.0,(재)한국품질재단,,NULL
384,산업통상자원부,만호제강(주),2016,사업장,철강,32905.0,668.0,한국표준협회,,001080
385,산업통상자원부,매그나칩반도체(유),2016,업체,반도체,581309.0,47668.0,(주)비에스아이그룹코리아,,NULL
386,농림축산식품부,매일유업(주),2016,사업장,음식료품,110673.0,2089.0,(주)한국경영인증원,,267980
387,산업통상자원부,무림에스피(주),2016,사업장,제지,49898.0,1001.0,(재)한국화학융합시험연구원,,NULL
388,산업통상자원부,무림파워텍 주식회사,2016,업체,산업단지,195786.0,2821.0,(재)한국화학융합시험연구원,,NULL
389,산업통상자원부,무림페이퍼(주),2016,업체,제지,202677.0,4613.0,(재)한국화학융합시험연구원,,009200
390,산업통상자원부,무림피앤피(주),2016,업체,제지,248345.0,12961.0,(재)한국화학융합시험연구원,,NULL
391,환경부,문경시 하수도사업소,2016,사업장,폐기물,25776.0,115.0,한국표준협회,,NULL
392,국토교통부,문화방송,2016,사업장,건물,18602.0,394.0,(주)한국경영인증원,,NULL
393,산업통상자원부,미래나노텍(주),2016,사업장,반도체.디스플레이.전기전자,17218.0,348.0,(주)한국경영인증원,,095500
394,산업통상자원부,미원스페셜티케미칼(주),2016,사업장,석유화학,12875.0,505.0,이큐에이㈜,,NULL
395,산업통상자원부,발레오전장시스템코리아(주),2016,사업장,반도체.디스플레이.전기전자,14555.0,298.0,(주)비에스아이그룹코리아,,NULL
396,산업통상자원부,백광산업 주식회사,2016,업체,석유화학,192080.0,3821.0,대일이엔씨기술(주),,NULL
397,산업통상자원부,버슘머트리얼즈코리아 주식회사,2016,업체,석유화학,3328.0,65.0,로이드인증원㈜,,NULL
398,환경부,베올리아워터자원개발 주식회사,2016,사업장,수도,10298.0,212.0,(재)한국품질재단,,NULL
399,환경부,베올리아워터코리아대산㈜,2016,사업장,수도,89223.0,1825.0,㈜한국경영인증원,,NULL
400,산업통상자원부,별내에너지,2016,사업장,집단에너지,83656.0,1651.0,한국생산성본부인증원(주),,NULL
401,산업통상자원부,보워터코리아 유한회사,2016,업체,제지,142450.0,3264.0,㈜한국품질보증원,,NULL
402,산업통상자원부,볼보그룹코리아(주),2016,사업장,기계,20016.0,383.0,한국표준협회,,NULL
403,환경부,부산광역시,2016,업체,폐기물,1246674.0,8582.0,안진회계법인,,NULL
404,국토교통부,부산교통공사,2016,업체,교통(철도),157188.0,3231.0,한국표준협회,,NULL
405,국토교통부,부산대학교,2016,사업장,건물,23795.0,486.0,㈜한국품질보증원,,NULL
406,산업통상자원부,부산정관에너지(주),2016,사업장,집단에너지,58409.0,1159.0,(재)한국품질재단,,NULL
407,산업통상자원부,부산주공(주),2016,사업장,자동차,120215.0,2221.0,(주)한국경영인증원,,005030
408,산업통상자원부,부산패션칼라산업협동조합,2016,업체,산업단지,193804.0,2768.0,이큐에이㈜,,NULL
409,환경부,부천시,2016,업체,폐기물,243858.0,1204.0,한국산업기술시험원,,NULL
410,산업통상자원부,부흥석회,2016,사업장,시멘트,60874.0,202.0,티유브이슈드코리아㈜,,NULL
411,산업통상자원부,브이피에이치메탈 유한회사,2016,사업장,철강,35686.0,660.0,㈜한국품질보증원,,NULL
412,환경부,비노텍 주식회사,2016,사업장,폐기물,76763.0,103.0,티유브이슈드코리아㈜,,NULL
413,국토교통부,사회복지법인 삼성생명공익재단,2016,사업장,건물,85553.0,1730.0,(재)한국품질재단,,NULL
414,산업통상자원부,삼강엠앤티,2016,사업장,조선,23896.0,380.0,한국표준협회,,NULL
415,산업통상자원부,삼광글라스(주),2016,업체,유리,199710.0,3298.0,안진회계법인,,NULL
416,산업통상자원부,삼남석유화학주식회사,2016,업체,석유화학,197439.0,2499.0,한국표준협회,,NULL
417,산업통상자원부,삼미금속(주),2016,사업장,철강,19628.0,394.0,한국표준협회,,012210
418,산업통상자원부,삼보산업 주식회사,2016,사업장,비철금속,33837.0,503.0,한국표준협회,,009620
419,산업통상자원부,삼성디스플레이 주식회사,2016,업체,디스플레이,4416141.0,74069.0,(재)한국품질재단,,NULL
420,국토교통부,삼성물산 주식회사,2016,사업장,건물,132760.0,2531.0,(주)한국경영인증원,,000830
421,산업통상자원부,삼성바이오로직스 주식회사,2016,사업장,석유화학,68479.0,1387.0,㈜디엔브이지엘비즈니스어슈어런스코리아,,207940
422,국토교통부,삼성생명보험 주식회사,2016,업체,건물,123548.0,2069.0,(재)한국품질재단,,NULL
423,산업통상자원부,삼성에스디아이 주식회사,2016,업체,전기전자,407676.0,8033.0,(재)한국품질재단,,NULL
424,산업통상자원부,삼성에스디에스(주),2016,사업장,전기전자,101236.0,2070.0,(재)한국품질재단,,018260
425,산업통상자원부,삼성전기 주식회사,2016,업체,전기전자,392450.0,8193.0,(주)비에스아이그룹코리아,,009150
426,산업통상자원부,삼성전자 주식회사,2016,업체,반도체,6897195.0,115605.0,(재)한국품질재단,,005930
427,산업통상자원부,삼성중공업 주식회사,2016,업체,조선,417831.0,7021.0,한국표준협회,,010140
428,산업통상자원부,삼성코닝어드밴스드 글라스,2016,사업장,디스플레이,15282.0,333.0,로이드인증원㈜,,NULL
429,농림축산식품부,삼양식품(주) 원주공장,2016,사업장,음식료품,24304.0,479.0,(주)비에스아이그룹코리아,,NULL
430,산업통상자원부,삼양이노켐 주식회사,2016,사업장,석유화학,85876.0,1661.0,환경보전협회,,NULL
431,산업통상자원부,삼양통상(주),2016,사업장,섬유,15871.0,318.0,이큐에이㈜,,002170
432,산업통상자원부,삼양화성주식회사,2016,업체,석유화학,102993.0,2536.0,환경보전협회,,NULL
433,산업통상자원부,삼영산업,2016,사업장,요업,27152.0,479.0,이큐에이㈜,,NULL
434,산업통상자원부,삼영엠텍(주),2016,사업장,철강,14983.0,302.0,한국표준협회,,054540
435,산업통상자원부,삼영전자공업(주),2016,업체,전기전자,120483.0,2471.0,한국산업기술시험원,,005680
436,산업통상자원부,삼영화학공업(주),2016,사업장,석유화학,30566.0,622.0,한국표준협회,,NULL
437,산업통상자원부,삼우중공업 주식회사,2016,사업장,조선,21040.0,388.0,(주)한국경영인증원,,NULL
438,산업통상자원부,삼정펄프(주),2016,업체,제지,166176.0,1496.0,(주)비에스아이그룹코리아,,009770
439,산업통상자원부,삼표기초소재 주식회사,2016,사업장,시멘트,30588.0,619.0,한국표준협회,,NULL
440,산업통상자원부,삼호제강주식회사,2016,사업장,철강,16084.0,321.0,이큐에이㈜,,NULL
441,산업통상자원부,삼화제지(주),2016,사업장,제지,47447.0,844.0,한국표준협회,,NULL
442,산업통상자원부,삼흥열처리,2016,사업장,기계,29849.0,604.0,이큐에이㈜,,NULL
443,산업통상자원부,새론오토모티브(주),2016,사업장,자동차,22237.0,348.0,이큐에이㈜,,075180
444,농림축산식품부,서안주정(주),2016,사업장,음식료품,17504.0,266.0,지속가능인증원주식회사,,NULL
445,농림축산식품부,서영주정(주),2016,사업장,음식료품,21979.0,441.0,안진회계법인,,NULL
446,산업통상자원부,서울냉열 주식회사,2016,사업장,석유화학,14157.0,291.0,이큐에이㈜,,NULL
447,국토교통부,서울대학교병원,2016,사업장,건물,81274.0,1662.0,환경보전협회,,NULL
448,국토교통부,서울메트로,2016,업체,교통(철도),331949.0,6829.0,(주)한국경영인증원,,NULL
449,산업통상자원부,서울바이오시스(주),2016,사업장,반도체,80205.0,1515.0,로이드인증원㈜,,092190
450,산업통상자원부,서울반도체,2016,사업장,반도체.디스플레이.전기전자,16025.0,327.0,로이드인증원㈜,,046890
451,국토교통부,서울시메트로 9호선(주),2016,사업장,교통(철도),40806.0,838.0,(주)한국경영인증원,,NULL
452,산업통상자원부,서울에너지공사,2016,사업장,집단에너지,270132.0,5862.0,(재)한국화학융합시험연구원,,NULL
453,농림축산식품부,서울우유협동조합,2016,업체,음식료품,69112.0,1355.0,한국표준협회,,NULL
454,환경부,서울특별시,2016,업체,폐기물,3045658.0,11756.0,한국생산성본부인증원(주),,NULL
455,국토교통부,서울특별시농수산식품공사,2016,사업장,건물,60646.0,1244.0,이큐에이㈜,,NULL
456,국토교통부,서울특별시도시철도공사,2016,업체,교통(철도),298421.0,6140.0,환경보전협회,,NULL
457,국토교통부,서울파이낸스센터(주),2016,사업장,건물,19079.0,390.0,한국생산성본부인증원(주),,NULL
458,산업통상자원부,서한이앤피주식회사,2016,사업장,기계,48829.0,968.0,이큐에이㈜,,NULL
459,산업통상자원부,선도화학(주),2016,사업장,석유화학,21596.0,444.0,한국가스안전공사,,NULL
460,농림축산식품부,선창산업(주),2016,사업장,목재,78826.0,3654.0,한국표준협회,,NULL
461,환경부,성남시,2016,업체,폐기물,424170.0,2148.0,(재)한국화학융합시험연구원,,NULL
462,국토교통부,성남시내버스(주),2016,사업장,교통(여객),39749.0,713.0,한국표준협회,,NULL
463,산업통상자원부,성동조선해양 주식회사,2016,업체,조선,184854.0,3282.0,한국표준협회,,NULL
464,환경부,성림유화 주식회사,2016,업체,폐기물,203011.0,208.0,티유브이슈드코리아㈜,,NULL
465,산업통상자원부,성보공업(주),2016,사업장,철강,18389.0,371.0,한국표준협회,,NULL
466,산업통상자원부,성신양회(주),2016,업체,시멘트,6002369.0,30761.0,한국표준협회,,004980
467,산업통상자원부,성안합섬(주),2016,사업장,섬유,81307.0,1541.0,이큐에이㈜,,NULL
468,산업통상자원부,성일요업주식회사,2016,사업장,유리 · 요업,19635.0,372.0,한국표준협회,,NULL
469,농림축산식품부,성창보드(주),2016,사업장,목재,26675.0,578.0,한국표준협회,,NULL
470,산업통상자원부,성훈엔지니어링주식회사,2016,사업장,비철금속,49542.0,918.0,한국가스안전공사,,NULL
471,산업통상자원부,세방전지(주),2016,사업장,전기전자,119727.0,2440.0,이큐에이㈜,,004490
472,산업통상자원부,세일철강(주),2016,사업장,철강,21195.0,420.0,(재)한국품질재단,,NULL
473,산업통상자원부,세하(주),2016,업체,제지,168751.0,1783.0,이큐에이㈜,,NULL
474,산업통상자원부,세화금속공업(주) 다산공장,2016,사업장,철강,15821.0,290.0,이큐에이㈜,,NULL
475,산업통상자원부,셀트리온,2016,사업장,석유화학,45249.0,916.0,산림조합중앙회,,068270
476,산업통상자원부,셰플러코리아(유),2016,사업장,기계,100012.0,2045.0,티유브이슈드코리아㈜,,NULL
477,국토교통부,소신여객자동차(주),2016,사업장,교통(여객),33859.0,609.0,한국표준협회,,NULL
478,환경부,속초시 환경자원사업소,2016,사업장,폐기물,20236.0,262.0,(주)한국경영인증원,,NULL
479,산업통상자원부,솔베이실리카코리아(주),2016,사업장,석유화학,56040.0,987.0,이큐에이㈜,,NULL
480,산업통상자원부,솔브레인에스엘디 주식회사,2016,사업장,디스플레이,38672.0,793.0,㈜한국품질보증원,,NULL
481,산업통상자원부,송원산업(주),2016,업체,석유화학,122464.0,2469.0,한국표준협회,,004430
482,산업통상자원부,송학제지(주),2016,사업장,제지,40207.0,303.0,이큐에이㈜,,NULL
483,환경부,수도권매립지관리공사,2016,업체,폐기물,1657412.0,1976.0,한국생산성본부인증원(주),,NULL
484,산업통상자원부,수완에너지 주식회사,2016,업체,집단에너지,154829.0,3068.0,대일이엔씨기술(주),,NULL
485,환경부,수원시,2016,업체,폐기물,300268.0,1392.0,(재)한국품질재단,,NULL
486,국토교통부,수원애경역사(주),2016,사업장,건물,20488.0,416.0,환경보전협회,,NULL
487,국토교통부,수원여객운수(주),2016,업체,교통(여객),50430.0,935.0,한국표준협회,,NULL
488,환경부,순천시,2016,업체,폐기물,130196.0,486.0,한국산업기술시험원,,NULL
489,산업통상자원부,스테코(주),2016,사업장,반도체,29062.0,596.0,한국표준협회,,NULL
490,산업통상자원부,스템코(주),2016,사업장,반도체,47087.0,960.0,(주)한국경영인증원,,NULL
491,산업통상자원부,시그네틱스(주),2016,사업장,반도체,41405.0,844.0,(주)한국경영인증원,,033170
492,환경부,시흥시,2016,사업장,폐기물,71821.0,640.0,한국생산성본부인증원(주),,NULL
493,산업통상자원부,신대양제지(주),2016,업체,제지,256733.0,2026.0,한국표준협회,,016590
494,산업통상자원부,신대일제지공업(주),2016,사업장,제지,93246.0,361.0,이큐에이㈜,,NULL
495,환경부,신대한정유산업 주식회사,2016,사업장,폐기물,96155.0,96.0,(주)한국경영인증원,,NULL
496,국토교통부,신분당선(주),2016,사업장,교통(화물),27352.0,562.0,(주)한국경영인증원,,NULL
497,국토교통부,신안종합리조트(주),2016,사업장,건물,15520.0,305.0,(주)한국경영인증원,,NULL
498,산업통상자원부,신양금속공업(주) 반월공장,2016,사업장,비철금속,12940.0,256.0,한국표준협회,,NULL
499,산업통상자원부,신양금속공업(주) 제1공장,2016,사업장,비철금속,14664.0,310.0,한국표준협회,,NULL
500,산업통상자원부,신창제지공업주식회사,2016,사업장,제지,23576.0,745.0,한국표준협회,,NULL
501,산업통상자원부,신풍제지(주),2016,업체,제지,93533.0,1959.0,(재)한국품질재단,,NULL
502,산업통상자원부,신한중공업(주),2016,사업장,조선,17932.0,303.0,한국표준협회,,NULL
503,산업통상자원부,쌍용기초소재(주),2016,사업장,시멘트,23057.0,397.0,한국표준협회,,NULL
504,산업통상자원부,쌍용머티리얼(주),2016,사업장,자동차,38021.0,759.0,(재)한국품질재단,,NULL
505,산업통상자원부,쌍용양회공업 주식회사,2016,업체,시멘트,12248603.0,63522.0,한국표준협회,,NULL
506,산업통상자원부,쌍용자동차(주),2016,업체,자동차,149709.0,2980.0,㈜한국품질보증원,,NULL
507,국토교통부,쌍용해운(주),2016,업체,교통(해운),71196.0,996.0,㈜디엔브이지엘비즈니스어슈어런스코리아,,NULL
508,국토교통부,씨월드고속훼리(주),2016,업체,교통(해운),64760.0,887.0,(주)한국경영인증원,,NULL
509,국토교통부,씨제이씨지브이(주),2016,업체,건물,84276.0,1691.0,(주)한국경영인증원,,NULL
510,산업통상자원부,씨지앤대산전력 주식회사,2016,업체,발전 · 에너지,5724.0,91.0,㈜한국품질보증원,,NULL
511,산업통상자원부,씨지앤율촌전력 주식회사,2016,업체,발전 · 에너지,2638862.0,51520.0,㈜한국품질보증원,,NULL
512,산업통상자원부,아반스트레이트코리아 주식회사,2016,사업장,유리,27816.0,540.0,㈜한국품질보증원,,NULL
513,산업통상자원부,아사히초자화인테크노한국주식회사,2016,업체,유리,280121.0,5239.0,㈜디엔브이지엘비즈니스어슈어런스코리아,,NULL
514,산업통상자원부,아사히피디글라스한국(주),2016,업체,유리,183.0,3.0,㈜디엔브이지엘비즈니스어슈어런스코리아,,NULL
515,환경부,아산시,2016,사업장,폐기물,39739.0,470.0,㈜한국품질보증원,,NULL
516,산업통상자원부,아세아시멘트 주식회사,2016,업체,시멘트,2996583.0,17034.0,한국표준협회,,183190
517,산업통상자원부,아세아아세틸스 주식회사,2016,사업장,석유화학,47730.0,850.0,한국표준협회,,NULL
518,산업통상자원부,아세아제지(주),2016,업체,제지,516811.0,3880.0,한국표준협회,,002310
519,국토교통부,아시아나항공,2016,업체,항공,351284.0,5210.0,로이드인증원㈜,,020560
520,산업통상자원부,아이에스동서(주),2016,업체,유리 · 요업,99239.0,1845.0,한국표준협회,,010780
521,국토교통부,아주대학교의료원,2016,사업장,건물,24721.0,501.0,한국생산성본부인증원(주),,NULL
522,산업통상자원부,아즈텍 주식회사,2016,사업장,반도체,2724.0,56.0,㈜한국품질보증원,,NULL
523,환경부,안동시,2016,업체,폐기물,65997.0,325.0,(재)한국품질재단,,NULL
524,산업통상자원부,안산도시개발(주),2016,사업장,집단에너지,20183.0,1765.0,한국가스안전공사,,NULL
525,환경부,안산시,2016,업체,폐기물,239981.0,1485.0,㈜한국품질보증원,,NULL
526,환경부,안양시,2016,사업장,폐기물,133925.0,739.0,㈜한국품질보증원,,NULL
527,산업통상자원부,애경유화(주),2016,업체,석유화학,136865.0,1125.0,한국표준협회,,NULL
528,산업통상자원부,앰코테크놀로지코리아(주),2016,업체,반도체,171986.0,3469.0,(주)비에스아이그룹코리아,,NULL
529,국토교통부,양산부산대학교병원,2016,사업장,건물,18546.0,379.0,한국산업기술시험원,,NULL
530,환경부,양산시,2016,사업장,폐기물,84318.0,669.0,(재)한국품질재단,,NULL
531,환경부,양주시,2016,사업장,폐기물,73553.0,444.0,㈜한국품질보증원,,NULL
532,산업통상자원부,에너원(주),2016,사업장,발전 · 에너지,40063.0,469.0,(주)한국경영인증원,,NULL
533,산업통상자원부,에스에스엘엠 주식회사,2016,사업장,반도체,45489.0,935.0,한국표준협회,,NULL
534,산업통상자원부,에스엔에프코리아(주) 울산공장,2016,사업장,석유화학,28399.0,572.0,이큐에이㈜,,NULL
535,산업통상자원부,에스케이루브리컨츠 주식회사,2016,업체,정유,194188.0,5669.0,한국표준협회,,NULL
536,산업통상자원부,에스케이머티리얼즈 주식회사,2016,업체,석유화학,196810.0,4029.0,한국가스안전공사,,036490
537,산업통상자원부,에스케이씨 주식회사,2016,업체,석유화학,699772.0,13088.0,한국표준협회,,NULL
538,산업통상자원부,에스케이씨솔믹스주식회사,2016,사업장,반도체,17089.0,351.0,한국표준협회,,NULL
539,산업통상자원부,에스케이씨코오롱피아이 주식회사,2016,사업장,석유화학,82941.0,1026.0,(주)비에스아이그룹코리아,,NULL
540,산업통상자원부,에스케이씨코오롱피아이 주식회사 구미공장,2016,사업장,석유화학,29415.0,561.0,(주)비에스아이그룹코리아,,NULL
541,산업통상자원부,에스케이씨하스디스플레이필름(유),2016,사업장,석유화학,40339.0,647.0,로이드인증원㈜,,NULL
542,산업통상자원부,에스케이에너지 주식회사,2016,업체,정유,7718837.0,84813.0,한국표준협회,,NULL
543,산업통상자원부,에스케이에어가스주식회사,2016,업체,석유화학,151882.0,3136.0,한국표준협회,,NULL
544,산업통상자원부,에스케이유화 주식회사,2016,업체,석유화학,105226.0,1702.0,(주)비에스아이그룹코리아,,NULL
545,산업통상자원부,에스케이이엔에스 주식회사,2016,업체,발전 · 에너지,1920327.0,38890.0,(주)한국경영인증원,,NULL
546,산업통상자원부,에스케이종합화학 주식회사,2016,업체,석유화학,3149816.0,71270.0,한국표준협회,,NULL
547,산업통상자원부,에스케이케미칼 주식회사,2016,업체,석유화학,485851.0,7205.0,(주)비에스아이그룹코리아,,285130
548,산업통상자원부,에스케이텔레콤 주식회사,2016,업체,통신,828073.0,17012.0,㈜디엔브이지엘비즈니스어슈어런스코리아,,017670
549,산업통상자원부,에스케이하이닉스 주식회사,2016,업체,반도체,3099900.0,52983.0,(주)비에스아이그룹코리아,,000660
550,농림축산식품부,에스피엘(주),2016,사업장,음식료품,31736.0,647.0,(주)비에스아이그룹코리아,,NULL
551,산업통상자원부,에어리퀴드코리아 주식회사,2016,업체,석유화학,212287.0,2318.0,로이드인증원㈜,,NULL
552,국토교통부,에어부산(주),2016,사업장,항공,178558.0,2558.0,한국표준협회,,298690
553,산업통상자원부,에어프로덕츠코리아 주식회사,2016,업체,석유화학,648760.0,13325.0,로이드인증원㈜,,NULL
554,산업통상자원부,에이에스이코리아주식회사,2016,사업장,반도체,85260.0,1732.0,(재)한국품질재단,,NULL
555,산업통상자원부,에이지씨디스플레이글라스 오창 주식회사,2016,사업장,유리 · 요업,18556.0,381.0,㈜디엔브이지엘비즈니스어슈어런스코리아,,NULL
556,산업통상자원부,에코플라스틱(주) 1공장,2016,사업장,자동차,19097.0,389.0,(재)한국품질재단,,NULL
557,산업통상자원부,엘앤에프,2016,사업장,반도체.디스플레이.전기전자,20917.0,407.0,(주)한국경영인증원,,066970
558,산업통상자원부,엘에스니꼬 동제련 주식회사,2016,업체,비철금속,513430.0,8396.0,한국표준협회,,NULL
559,산업통상자원부,엘에스메탈 주식회사,2016,사업장,비철금속,23959.0,489.0,(주)한국경영인증원,,NULL
560,산업통상자원부,엘에스엠트론(주),2016,사업장,비철금속,110137.0,2231.0,(주)한국경영인증원,,NULL
561,산업통상자원부,엘에스전선 주식회사,2016,업체,기계,153452.0,3028.0,㈜한국품질보증원,,NULL
562,산업통상자원부,엘지디스플레이(주),2016,업체,디스플레이,6091611.0,60423.0,(주)비에스아이그룹코리아,,034220
563,산업통상자원부,엘지유플러스(주),2016,업체,통신,1028652.0,21183.0,한국표준협회,,032640
564,산업통상자원부,엘지이노텍 주식회사,2016,업체,전기전자,327143.0,6784.0,(주)비에스아이그룹코리아,,011070
565,산업통상자원부,엘지전자 주식회사,2016,업체,전기전자,513628.0,8354.0,㈜디엔브이지엘비즈니스어슈어런스코리아,,066570
566,산업통상자원부,엠이엠씨코리아주식회사,2016,사업장,반도체,66766.0,1372.0,(주)신화엔지니어링종합건축사사무소,,NULL
567,환경부,여수시,2016,업체,폐기물,84866.0,558.0,한국산업기술시험원,,NULL
568,산업통상자원부,여천엔씨씨 주식회사,2016,업체,석유화학,3630444.0,71897.0,(재)한국품질재단,,NULL
569,국토교통부,영남대학교,2016,사업장,건물,20322.0,410.0,㈜한국품질보증원,,NULL
570,산업통상자원부,영신금속공업(주),2016,사업장,기계,17188.0,349.0,(재)한국품질재단,,NULL
571,산업통상자원부,영진글로벌 주식회사,2016,사업장,시멘트,26933.0,544.0,한국표준협회,,NULL
572,산업통상자원부,영풍전자(주),2016,사업장,전기전자,31724.0,604.0,이큐에이㈜,,NULL
573,산업통상자원부,영풍제지(주),2016,사업장,제지,111944.0,1014.0,한국표준협회,,NULL
574,산업통상자원부,영풍파일(주),2016,사업장,시멘트,8389.0,139.0,한국표준협회,,NULL
575,산업통상자원부,영화금속(주),2016,사업장,철강,93873.0,1306.0,한국표준협회,,012280
576,산업통상자원부,영흥철강(주),2016,사업장,철강,13926.0,306.0,한국표준협회,,NULL
577,농림축산식품부,오뚜기라면(주),2016,사업장,음식료품,46884.0,935.0,(주)비에스아이그룹코리아,,NULL
578,산업통상자원부,오리온엔지니어드카본즈 주식회사,2016,업체,석유화학,729802.0,9542.0,㈜디엔브이지엘비즈니스어슈어런스코리아,,NULL
579,농림축산식품부,오비맥주(주),2016,사업장,음식료품,126775.0,2356.0,(주)비에스아이그룹코리아,,NULL
580,환경부,오산시 환경사업소,2016,사업장,폐기물,20911.0,263.0,(주)한국경영인증원,,NULL
581,산업통상자원부,오씨아이 주식회사,2016,업체,석유화학,2463988.0,42092.0,㈜디엔브이지엘비즈니스어슈어런스코리아,,NULL
582,산업통상자원부,와이케이스틸(주),2016,업체,철강,312752.0,5300.0,한국표준협회,,NULL
583,산업통상자원부,용산화학(주),2016,사업장,석유화학,111525.0,924.0,한국가스안전공사,,NULL
584,환경부,용인시,2016,업체,폐기물,193868.0,1286.0,㈜한국품질보증원,,NULL
585,산업통상자원부,욱성화학(주),2016,사업장,석유화학,15085.0,299.0,한국표준협회,,NULL
586,국토교통부,울산과학기술대학교,2016,사업장,건물,22903.0,472.0,(주)비에스아이그룹코리아,,NULL
587,환경부,울산광역시,2016,업체,폐기물,321246.0,2579.0,(재)한국품질재단,,NULL
588,산업통상자원부,울산아로마틱스(주),2016,업체,석유화학,561737.0,11433.0,한국표준협회,,NULL
589,산업통상자원부,웅진에너지 주식회사,2016,사업장,반도체,111198.0,2289.0,안진회계법인,,103130
590,환경부,원주시,2016,사업장,폐기물,148532.0,599.0,(재)한국품질재단,,NULL
591,산업통상자원부,월산페이퍼 주식회사,2016,업체,제지,208678.0,3447.0,이큐에이㈜,,NULL
592,산업통상자원부,유니드,2016,업체,석유화학,512903.0,12819.0,로이드인증원㈜,,014830
593,산업통상자원부,유성기업(주) 아산공장,2016,사업장,자동차,13380.0,273.0,(주)비에스아이그룹코리아,,NULL
594,산업통상자원부,유성기업(주) 영동공장,2016,사업장,자동차,17922.0,360.0,(주)비에스아이그룹코리아,,NULL
595,산업통상자원부,유한킴벌리 주식회사,2016,업체,제지,204943.0,4009.0,(재)한국품질재단,,NULL
596,산업통상자원부,유한회사 스태츠칩팩코리아,2016,사업장,반도체,74568.0,1524.0,(주)신화엔지니어링종합건축사사무소,,NULL
597,산업통상자원부,율촌화학(주),2016,사업장,석유화학,41928.0,695.0,대일이엔씨기술(주),,008730
598,환경부,의정부시,2016,사업장,폐기물,132887.0,672.0,㈜한국품질보증원,,NULL
599,산업통상자원부,이구산업(주),2016,사업장,비철금속,29213.0,593.0,한국생산성본부인증원(주),,025820
600,산업통상자원부,이래오토모티브시스템 주식회사,2016,사업장,자동차,38631.0,786.0,㈜한국품질보증원,,NULL
601,국토교통부,이스타항공(주),2016,사업장,항공,136320.0,1950.0,(재)한국품질재단,,NULL
602,산업통상자원부,이스트만화이버코리아 주식회사,2016,사업장,섬유,58418.0,922.0,(주)한국경영인증원,,NULL
603,환경부,이천시,2016,사업장,폐기물,90394.0,1132.0,(재)한국품질재단,,NULL
604,국토교통부,이화여자대학교,2016,사업장,건물,33697.0,687.0,이큐에이㈜,,NULL
605,환경부,익산시,2016,사업장,폐기물,114928.0,21057.0,한국산업기술시험원,,NULL
606,농림축산식품부,인그리디언코리아 유한회사,2016,업체,음식료품,145903.0,2761.0,(재)한국품질재단,,NULL
607,산업통상자원부,인천공항에너지,2016,업체,집단에너지,194999.0,3861.0,㈜한국품질보증원,,NULL
608,환경부,인천광역시,2016,업체,폐기물,516847.0,3815.0,(재)한국품질재단,,NULL
609,국토교통부,인천교통공사,2016,사업장,교통(철도),62004.0,1275.0,한국표준협회,,NULL
610,국토교통부,인천국제공항공사,2016,업체,건물,176879.0,3276.0,(재)한국품질재단,,NULL
611,산업통상자원부,인천종합에너지(주),2016,업체,집단에너지,270661.0,5363.0,㈜디엔브이지엘비즈니스어슈어런스코리아,,NULL
612,산업통상자원부,일본전기초자한국주식회사,2016,사업장,유리,17598.0,348.0,이큐에이㈜,,NULL
613,농림축산식품부,일산실업(주) 칠서에탄올공장,2016,사업장,음식료품,21378.0,369.0,한국표준협회,,NULL
614,산업통상자원부,일신방직(주),2016,사업장,섬유,104766.0,2095.0,한국표준협회,,003200
615,산업통상자원부,일진디스플레이(주),2016,사업장,반도체.디스플레이.전기전자,27440.0,564.0,㈜한국품질보증원,,NULL
616,산업통상자원부,일진머티리얼즈 주식회사,2016,업체,비철금속,114468.0,2342.0,㈜디엔브이지엘비즈니스어슈어런스코리아,,NULL
617,산업통상자원부,일진제강(주),2016,사업장,철강,40853.0,822.0,한국표준협회,,NULL
618,국토교통부,재단법인 대구경북과학기술원,2016,사업장,건물,23706.0,484.0,한국표준협회,,NULL
619,국토교통부,재단법인 아산사회복지재단,2016,사업장,건물,89532.0,1797.0,한국표준협회,,NULL
620,산업통상자원부,재원산업,2016,사업장,석유화학,29689.0,533.0,(재)한국품질재단,,NULL
621,산업통상자원부,전기초자코리아(주),2016,업체,유리,153873.0,3026.0,한국표준협회,,NULL
622,국토교통부,전남대학교,2016,사업장,건물,34603.0,673.0,한국표준협회,,NULL
623,산업통상자원부,전방(주),2016,업체,섬유,82991.0,1795.0,이큐에이㈜,,000950
624,국토교통부,전북대학교,2016,사업장,건물,30247.0,619.0,이큐에이㈜,,NULL
625,국토교통부,전북대학교병원,2016,사업장,건물,21282.0,739.0,(재)한국화학융합시험연구원,,NULL
626,산업통상자원부,전북에너지서비스주식회사,2016,업체,집단에너지,780.0,15.0,한국표준협회,,NULL
627,산업통상자원부,전북집단에너지 주식회사,2016,업체,산업단지,235845.0,2831.0,한국표준협회,,NULL
628,환경부,전주시,2016,업체,폐기물,189699.0,1232.0,(재)한국화학융합시험연구원,,NULL
629,산업통상자원부,제일제강공업(주),2016,사업장,철강,13549.0,272.0,한국표준협회,,NULL
630,환경부,제주특별자치도,2016,업체,폐기물,302230.0,2818.0,한국표준협회,,NULL
631,농림축산식품부,제주특별자치도개발공사,2016,사업장,음식료품,28574.0,586.0,한국표준협회,,NULL
632,국토교통부,제주항공(주),2016,사업장,항공,219776.0,3148.0,한국표준협회,,089590
633,환경부,제천시,2016,업체,폐기물,96697.0,275.0,한국표준협회,,NULL
634,산업통상자원부,조광피혁(주),2016,사업장,섬유,16217.0,401.0,한국표준협회,,004700
635,산업통상자원부,조선내화(주),2016,사업장,유리 · 요업,16010.0,316.0,로이드인증원㈜,,462520
636,국토교통부,조선대학교,2016,사업장,건물,16957.0,344.0,지속가능인증원주식회사,,NULL
637,산업통상자원부,조일알미늄 주식회사,2016,사업장,비철금속,78145.0,1566.0,안진회계법인,,018470
638,산업통상자원부,주성엔지니어링(주),2016,사업장,기계,18793.0,386.0,(재)한국품질재단,,036930
639,산업통상자원부,주식회사 경원,2016,업체,시멘트,138692.0,892.0,(주)신화엔지니어링종합건축사사무소,,NULL
640,산업통상자원부,주식회사 고려시멘트,2016,업체,시멘트,684875.0,4155.0,한국표준협회,,003660
641,산업통상자원부,주식회사 고려제지,2016,업체,제지,147571.0,2290.0,(주)한국경영인증원,,NULL
642,농림축산식품부,주식회사 광원목재,2016,사업장,목재,34216.0,1140.0,한국표준협회,,NULL
643,농림축산식품부,주식회사 농심,2016,업체,음식료품,176221.0,3450.0,한국표준협회,,004370
644,환경부,주식회사 뉴그린,2016,업체,폐기물,135954.0,197.0,이큐에이㈜,,NULL
645,산업통상자원부,주식회사 대륜발전,2016,업체,집단에너지,983277.0,19784.0,한국생산성본부인증원(주),,NULL
646,산업통상자원부,주식회사 대유글로벌,2016,사업장,비철금속,30996.0,618.0,이큐에이㈜,,NULL
647,산업통상자원부,주식회사 대창,2016,사업장,비철금속,29481.0,599.0,한국가스안전공사,,012800
648,산업통상자원부,주식회사 대창에이티,2016,사업장,비철금속,17039.0,342.0,한국표준협회,,NULL
649,산업통상자원부,주식회사 대한세라믹스,2016,사업장,요업,41313.0,751.0,이큐에이㈜,,NULL
650,산업통상자원부,주식회사 대호에이엘,2016,사업장,비철금속,32730.0,657.0,한국생산성본부인증원(주),,069460
651,국토교통부,주식회사 더블유티씨서울,2016,사업장,건물,64039.0,1297.0,(주)한국경영인증원,,NULL
652,산업통상자원부,주식회사 덕양,2016,업체,석유화학,377649.0,2938.0,한국가스안전공사,,NULL
653,산업통상자원부,주식회사 동부메탈,2016,업체,철강,902657.0,9700.0,(재)한국품질재단,,NULL
654,산업통상자원부,주식회사 동성코퍼레이션,2016,사업장,석유화학,21998.0,416.0,한국생산성본부인증원(주),,NULL
655,환경부,주식회사 명성환경,2016,사업장,폐기물,52735.0,192.0,이큐에이㈜,,NULL
656,환경부,주식회사 범우,2016,사업장,폐기물,74211.0,52.0,한국산업기술시험원,,NULL
657,산업통상자원부,주식회사 삼기오토모티브 서산공장,2016,사업장,자동차,37393.0,674.0,이큐에이㈜,,NULL
658,산업통상자원부,주식회사 삼기오토모티브 평택공장,2016,사업장,자동차,14230.0,289.0,이큐에이㈜,,NULL
659,농림축산식품부,주식회사 삼양사,2016,업체,음식료품,300094.0,6793.0,한국표준협회,,145990
660,산업통상자원부,주식회사 삼양패키징,2016,업체,석유화학,129322.0,2640.0,환경보전협회,,272550
661,국토교통부,주식회사 삼원에이엠씨,2016,사업장,건물,20740.0,424.0,(주)한국경영인증원,,NULL
662,산업통상자원부,주식회사 세아창원특수강,2016,업체,철강,513785.0,9057.0,한국표준협회,,NULL
663,산업통상자원부,주식회사 세진메탈,2016,사업장,비철금속,27719.0,442.0,산림조합중앙회,,NULL
664,산업통상자원부,주식회사 수석,2016,사업장,유리,33837.0,531.0,(주)한국경영인증원,,NULL
665,산업통상자원부,주식회사 신아에스비,2016,사업장,조선,1266.0,21.0,한국표준협회,,NULL
666,산업통상자원부,주식회사 심텍,2016,사업장,전기전자,93316.0,1962.0,(주)한국경영인증원,,222800
667,산업통상자원부,주식회사 알테크노메탈,2016,사업장,비철금속,28591.0,479.0,한국표준협회,,NULL
668,환경부,주식회사 에너지네트웍,2016,업체,폐기물,163117.0,563.0,이큐에이㈜,,NULL
669,산업통상자원부,주식회사 에스에프에이반도체,2016,사업장,반도체,34944.0,717.0,대일이엔씨기술(주),,NULL
670,산업통상자원부,주식회사 에스엔엔씨,2016,업체,비철금속,1551617.0,17300.0,(재)한국품질재단,,NULL
671,농림축산식품부,주식회사 에스피씨삼립,2016,사업장,음식료품,35905.0,738.0,(주)비에스아이그룹코리아,,NULL
672,산업통상자원부,주식회사 엘지실트론,2016,업체,반도체,274058.0,5647.0,(주)한국경영인증원,,NULL
673,산업통상자원부,주식회사 엘지화학,2016,업체,석유화학,7504641.0,149533.0,(재)한국품질재단,,051910
674,산업통상자원부,주식회사 영풍,2016,업체,비철금속,1247880.0,19841.0,(재)한국품질재단,,000670
675,환경부,주식회사 영흥산업환경,2016,사업장,폐기물,95812.0,113.0,티유브이슈드코리아㈜,,NULL
676,국토교통부,주식회사 이랜드리테일,2016,업체,건물,195235.0,3983.0,한국산업기술시험원,,NULL
677,산업통상자원부,주식회사 정산인터내셔널,2016,사업장,섬유,22746.0,560.0,(재)한국품질재단,,NULL
678,산업통상자원부,주식회사 정선라임,2016,사업장,시멘트,101671.0,378.0,한국표준협회,,NULL
679,산업통상자원부,주식회사 존슨콘트롤즈델코배터리,2016,사업장,전기전자,47019.0,961.0,(주)한국경영인증원,,NULL
680,산업통상자원부,주식회사 지알엠,2016,사업장,비철금속,79649.0,1022.0,한국표준협회,,NULL
681,산업통상자원부,주식회사 지에스이앤알,2016,업체,산업단지,2289900.0,26396.0,(재)한국품질재단,,NULL
682,산업통상자원부,주식회사 지케이메탈,2016,사업장,자동차,12051.0,193.0,이큐에이㈜,,NULL
683,농림축산식품부,주식회사 진로발효,2016,사업장,음식료품,27948.0,689.0,안진회계법인,,018120
684,산업통상자원부,주식회사 카프로,2016,업체,석유화학,1040527.0,6314.0,(재)한국품질재단,,006380
685,산업통상자원부,주식회사 케이티,2016,업체,통신,1084327.0,22179.0,㈜한국품질보증원,,030200
686,산업통상자원부,주식회사 케이피에프,2016,사업장,철강,53054.0,1081.0,한국표준협회,,024880
687,산업통상자원부,주식회사 코리아에어텍,2016,사업장,석유화학,36843.0,757.0,이큐에이㈜,,NULL
688,환경부,주식회사 코엔텍,2016,업체,폐기물,437999.0,532.0,한국표준협회,,029960
689,산업통상자원부,주식회사 태영이엠씨,2016,업체,광업,141850.0,727.0,한국표준협회,,NULL
690,산업통상자원부,주식회사 팜한농,2016,업체,석유화학,315739.0,1382.0,한국표준협회,,NULL
691,산업통상자원부,주식회사 포스코,2016,업체,철강,71017261.0,407730.0,(재)한국품질재단,,NULL
692,산업통상자원부,주식회사 포스코켐텍,2016,업체,요업,2329254.0,13364.0,(재)한국품질재단,,NULL
693,산업통상자원부,주식회사 풍산,2016,업체,비철금속,245720.0,4995.0,한국표준협회,,103140
694,국토교통부,주식회사 하나은행,2016,업체,건물,74513.0,1473.0,한국표준협회,,002860
695,산업통상자원부,주식회사 한국화이바,2016,사업장,유리,2531.0,51.0,한국표준협회,,NULL
696,국토교통부,주식회사 호텔롯데,2016,사업장,건물,137138.0,2735.0,(주)한국경영인증원,,NULL
697,산업통상자원부,주식회사 효성,2016,업체,섬유,1506475.0,31916.0,(재)한국품질재단,,004800
698,산업통상자원부,주식회사 후성,2016,업체,석유화학,341877.0,456.0,한국가스안전공사,,093370
699,산업통상자원부,주식회사 휴스틸,2016,사업장,철강,31314.0,636.0,(주)신화엔지니어링종합건축사사무소,,005010
700,산업통상자원부,중부도시가스-청수에너지,2016,사업장,발전에너지,22856.0,450.0,(재)한국품질재단,,NULL
701,국토교통부,중소기업은행,2016,업체,건물,64550.0,963.0,한국표준협회,,NULL
702,국토교통부,중앙대학교,2016,사업장,건물,20366.0,414.0,한국표준협회,,NULL
703,산업통상자원부,지에스에코메탈 주식회사,2016,사업장,비철금속,19387.0,270.0,㈜디엔브이지엘비즈니스어슈어런스코리아,,NULL
704,산업통상자원부,지에스이피에스,2016,업체,발전 · 에너지,1803748.0,41885.0,(재)한국품질재단,,NULL
705,산업통상자원부,지에스칼텍스 주식회사,2016,업체,정유,8427949.0,104510.0,㈜디엔브이지엘비즈니스어슈어런스코리아,,NULL
706,산업통상자원부,진양특수강(주),2016,사업장,철강,31292.0,623.0,한국표준협회,,NULL
707,산업통상자원부,진영산업(주),2016,사업장,기계,15671.0,321.0,한국표준협회,,NULL
708,산업통상자원부,진영제지공업(주),2016,사업장,제지,83004.0,461.0,이큐에이㈜,,NULL
709,환경부,진주산업(주),2016,사업장,폐기물,170326.0,140.0,한국표준협회,,NULL
710,환경부,진주시,2016,업체,폐기물,124238.0,516.0,한국산업기술시험원,,NULL
711,환경부,창원시,2016,업체,폐기물,431931.0,2269.0,㈜한국품질보증원,,NULL
712,환경부,천안시,2016,업체,폐기물,168062.0,1439.0,㈜한국품질보증원,,NULL
713,국토교통부,천일정기화물자동차(주),2016,사업장,교통(여객),29771.0,436.0,한국표준협회,,NULL
714,산업통상자원부,천일제지(주),2016,사업장,제지,57399.0,621.0,한국표준협회,,NULL
715,환경부,청주시,2016,사업장,폐기물,185843.0,1586.0,(재)한국화학융합시험연구원,,NULL
716,환경부,춘천시,2016,업체,폐기물,239693.0,471.0,지속가능인증원주식회사,,NULL
717,국토교통부,충남대학교,2016,사업장,건물,30015.0,607.0,티유브이슈드코리아㈜,,NULL
718,국토교통부,충남대학교병원,2016,사업장,건물,19156.0,388.0,한국표준협회,,NULL
719,국토교통부,충북대학교,2016,사업장,건물,17378.0,350.0,한국표준협회,,NULL
720,환경부,충주시,2016,업체,폐기물,143504.0,702.0,(재)한국품질재단,,NULL
721,산업통상자원부,케이씨글라스(주),2016,사업장,유리,27264.0,424.0,(주)신화엔지니어링종합건축사사무소,,NULL
722,산업통상자원부,케이씨씨,2016,업체,유리,1629876.0,23263.0,(재)한국품질재단,,002380
723,산업통상자원부,케이씨주식회사,2016,업체,석유화학,168191.0,2318.0,한국표준협회,,029460
724,환경부,케이씨환경서비스 주식회사,2016,사업장,폐기물,289191.0,553.0,(재)한국품질재단,,NULL
725,산업통상자원부,케이알코폴리머(주),2016,사업장,석유화학,23385.0,468.0,(주)한국경영인증원,,NULL
726,산업통상자원부,케이오씨(주),2016,사업장,석유화학,43780.0,1041.0,한국생산성본부인증원(주),,NULL
727,환경부,케이지이티에스 주식회사,2016,업체,폐기물,334166.0,1360.0,티유브이슈드코리아㈜,,NULL
728,산업통상자원부,케이지케미칼 주식회사,2016,사업장,석유화학,19372.0,392.0,이큐에이㈜,,NULL
729,산업통상자원부,케이지피 주식회사,2016,사업장,제지,24026.0,747.0,이큐에이㈜,,NULL
730,산업통상자원부,코넥,2016,사업장,자동차,30736.0,624.0,(주)한국경영인증원,,NULL
731,산업통상자원부,코닝정밀소재 주식회사,2016,업체,유리,527579.0,10525.0,로이드인증원㈜,,NULL
732,산업통상자원부,코리아PTG(주),2016,업체,석유화학,111601.0,946.0,(재)한국품질재단,,NULL
733,산업통상자원부,코리아니켈(주),2016,사업장,비철금속,26818.0,360.0,한국표준협회,,NULL
734,산업통상자원부,코리아오토글라스(주),2016,사업장,유리,84098.0,1727.0,(재)한국품질재단,,152330
735,산업통상자원부,코스모신소재(주),2016,사업장,석유화학,26312.0,548.0,한국표준협회,,005070
736,산업통상자원부,코스모화학,2016,사업장,석유화학,80484.0,1603.0,로이드인증원㈜,,005420
737,산업통상자원부,코오롱글로텍(주) 구미공장,2016,사업장,섬유,16164.0,316.0,한국표준협회,,NULL
738,산업통상자원부,코오롱인더스트리 주식회사,2016,업체,석유화학,640051.0,12036.0,한국표준협회,,NULL
739,산업통상자원부,코오롱패션머티리얼(주),2016,업체,섬유,105317.0,2080.0,(주)한국경영인증원,,NULL
740,산업통상자원부,코오롱플라스틱(주),2016,사업장,석유화학,145651.0,2297.0,한국표준협회,,NULL
741,농림축산식품부,코카콜라음료(주) 여주공장,2016,사업장,음식료품,21993.0,404.0,㈜디엔브이지엘비즈니스어슈어런스코리아,,NULL
742,산업통상자원부,콘티넨탈 오토모티브 시스템(주),2016,사업장,자동차,15751.0,317.0,(주)한국경영인증원,,NULL
743,산업통상자원부,콜롬비안케미컬즈코리아(주),2016,사업장,석유화학,116302.0,442.0,(재)한국품질재단,,NULL
744,산업통상자원부,타타 대우상용차(주),2016,사업장,자동차,19218.0,369.0,(재)한국화학융합시험연구원,,NULL
745,산업통상자원부,태경산업(주),2016,업체,철강,92837.0,1251.0,이큐에이㈜,,015890
746,산업통상자원부,태광산업 주식회사,2016,업체,섬유,1096111.0,16148.0,한국표준협회,,003240
747,산업통상자원부,태림페이퍼 주식회사,2016,업체,제지,203624.0,3887.0,이큐에이㈜,,019300
748,산업통상자원부,태봉광업 주식회사,2016,업체,시멘트,246949.0,673.0,(주)비에스아이그룹코리아,,NULL
749,산업통상자원부,태상,2016,사업장,철강,20471.0,401.0,(주)한국경영인증원,,NULL
750,산업통상자원부,태양금속공업(주),2016,사업장,기계,25810.0,509.0,(재)한국품질재단,,004100
751,산업통상자원부,태영세라믹(주),2016,사업장,유리 · 요업,25171.0,459.0,한국표준협회,,NULL
752,산업통상자원부,태원물산(주) 울산공장,2016,사업장,유리 · 요업,21664.0,282.0,한국표준협회,,NULL
753,국토교통부,티웨이항공,2016,사업장,항공,126960.0,1816.0,한국표준협회,,091810
754,산업통상자원부,티케이케미칼,2016,업체,섬유,240921.0,4829.0,이큐에이㈜,,104480
755,산업통상자원부,티피피 주식회사,2016,사업장,집단에너지,16697.0,299.0,대일이엔씨기술(주),,NULL
756,환경부,파주시,2016,사업장,폐기물,135525.0,1303.0,(재)한국화학융합시험연구원,,NULL
757,산업통상자원부,파주전기초자 주식회사,2016,사업장,유리,59901.0,690.0,㈜디엔브이지엘비즈니스어슈어런스코리아,,NULL
758,산업통상자원부,팔미금속공업(주),2016,사업장,철강,19935.0,362.0,한국표준협회,,NULL
759,산업통상자원부,페어차일드코리아반도체(주),2016,업체,반도체,118610.0,1499.0,(주)비에스아이그룹코리아,,NULL
760,산업통상자원부,페이퍼코리아,2016,업체,제지,291809.0,3886.0,한국표준협회,,001020
761,환경부,평택시,2016,업체,폐기물,75314.0,415.0,(주)한국경영인증원,,NULL
762,산업통상자원부,평택에너지서비스(주),2016,업체,집단에너지,807377.0,15869.0,㈜디엔브이지엘비즈니스어슈어런스코리아,,NULL
763,산업통상자원부,평화산업(주),2016,사업장,자동차,29557.0,598.0,한국표준협회,,090080
764,산업통상자원부,포스코강판(주),2016,사업장,철강,105888.0,2159.0,한국표준협회,,NULL
765,산업통상자원부,포스코에너지(주),2016,업체,발전 · 에너지,12163252.0,111754.0,(재)한국품질재단,,NULL
766,산업통상자원부,포스코피앤에스,2016,사업장,비철금속,63313.0,1253.0,㈜디엔브이지엘비즈니스어슈어런스코리아,,NULL
767,산업통상자원부,포천파워(주),2016,업체,발전에너지,2001309.0,40064.0,한국가스안전공사,,NULL
768,환경부,포항시,2016,업체,폐기물,103278.0,1038.0,㈜한국품질보증원,,NULL
769,산업통상자원부,폴리미래(주),2016,사업장,석유화학,119905.0,2240.0,이큐에이㈜,,NULL
770,농림축산식품부,풍국주정공업(주),2016,사업장,음식료품,38616.0,454.0,안진회계법인,,NULL
771,국토교통부,프라임산업(주) 테크노마트21,2016,사업장,건물,16362.0,335.0,대일이엔씨기술(주),,NULL
772,산업통상자원부,프렉스에어코리아 주식회사,2016,업체,석유화학,524891.0,10793.0,안진회계법인,,NULL
773,산업통상자원부,하나마이크론,2016,사업장,반도체,28086.0,575.0,(주)한국경영인증원,,067310
774,산업통상자원부,하이디스테크놀로지 주식회사,2016,사업장,디스플레이,21694.0,444.0,로이드인증원㈜,,NULL
775,농림축산식품부,하이트진로(주),2016,업체,음식료품,160356.0,2841.0,(재)한국품질재단,,000080
776,산업통상자원부,하이트진로산업(주),2016,사업장,유리,29096.0,427.0,이큐에이㈜,,NULL
777,산업통상자원부,하이호경금속 주식회사,2016,사업장,비철금속,53701.0,869.0,㈜한국품질보증원,,NULL
778,국토교통부,학교법인 경희학원,2016,업체,건물,60754.0,1231.0,한국표준협회,,NULL
779,국토교통부,학교법인 고려중앙학원,2016,사업장,건물,93099.0,1885.0,(재)한국화학융합시험연구원,,NULL
780,국토교통부,학교법인 성균관대학,2016,사업장,건물,38789.0,780.0,이큐에이㈜,,NULL
781,국토교통부,학교법인 연세대학교,2016,업체,건물,167933.0,3415.0,(재)한국품질재단,,NULL
782,국토교통부,학교법인 포항공과대학교,2016,사업장,건물,72975.0,1631.0,안진회계법인,,NULL
783,국토교통부,학교법인 한양학원,2016,사업장,건물,74877.0,1510.0,(주)한국경영인증원,,NULL
784,산업통상자원부,한국NSK(주),2016,사업장,기계,22989.0,472.0,한국표준협회,,NULL
785,산업통상자원부,한국가스공사,2016,업체,발전 · 에너지,828695.0,10654.0,한국표준협회,,036460
786,산업통상자원부,한국경남태양유전(주),2016,사업장,전기전자,67681.0,1320.0,이큐에이㈜,,NULL
787,국토교통부,한국공항공사,2016,사업장,건물,30823.0,623.0,한국표준협회,,NULL
788,국토교통부,한국과학기술원,2016,사업장,건물,74608.0,1473.0,이큐에이㈜,,NULL
789,국토교통부,한국과학기술정보연구원,2016,사업장,건물,12970.0,266.0,(주)신화엔지니어링종합건축사사무소,,NULL
790,산업통상자원부,한국남동발전,2016,업체,발전 · 에너지,59734301.0,670228.0,대일이엔씨기술(주),,NULL
791,산업통상자원부,한국남부발전 주식회사,2016,업체,발전 · 에너지,34255207.0,440943.0,(주)신화엔지니어링종합건축사사무소,,NULL
792,산업통상자원부,한국니토옵티칼(주)현곡공장,2016,사업장,석유화학,35333.0,587.0,㈜디엔브이지엘비즈니스어슈어런스코리아,,NULL
793,국토교통부,한국도로공사,2016,업체,건물,228019.0,4510.0,한국표준협회,,NULL
794,산업통상자원부,한국동서발전 주식회사,2016,업체,발전 · 에너지,39743822.0,481624.0,(주)신화엔지니어링종합건축사사무소,,NULL
795,산업통상자원부,한국바스프 주식회사,2016,업체,석유화학,664381.0,9784.0,(재)한국품질재단,,NULL
796,산업통상자원부,한국바이린(주),2016,사업장,섬유,14190.0,278.0,한국표준협회,,NULL
797,국토교통부,한국방송공사,2016,사업장,건물,17667.0,364.0,한국표준협회,,NULL
798,산업통상자원부,한국서부발전,2016,업체,발전 · 에너지,36702972.0,456000.0,로이드인증원㈜,,NULL
799,산업통상자원부,한국세큐리트(주) 군산공장,2016,사업장,유리 · 요업,19145.0,391.0,이큐에이㈜,,NULL
800,산업통상자원부,한국세큐리트(주) 익산공장,2016,사업장,유리 · 요업,21040.0,432.0,이큐에이㈜,,NULL
801,산업통상자원부,한국솔베이(주),2016,업체,석유화학,83622.0,1794.0,한국표준협회,,NULL
802,산업통상자원부,한국수력원자력,2016,업체,발전 · 에너지,3057742.0,61742.0,대일이엔씨기술(주),,NULL
803,환경부,한국수자원공사,2016,업체,수도,651687.0,13363.0,㈜한국품질보증원,,NULL
804,산업통상자원부,한국수출포장공업(주),2016,사업장,제지,118293.0,1916.0,(재)한국품질재단,,002200
805,산업통상자원부,한국실리콘 주식회사,2016,업체,석유화학,499297.0,10181.0,한국표준협회,,NULL
806,산업통상자원부,한국씨엔티(주),2016,사업장,시멘트,58422.0,1097.0,이큐에이㈜,,NULL
807,산업통상자원부,한국알콜산업(주),2016,사업장,석유화학,46290.0,1016.0,한국생산성본부인증원(주),,NULL
808,산업통상자원부,한국엔지니어링플라스틱,2016,업체,석유화학,196509.0,3760.0,한국표준협회,,NULL
809,산업통상자원부,한국오웬스코닝(주),2016,사업장,유리,91393.0,1745.0,대일이엔씨기술(주),,NULL
810,국토교통부,한국원자력연구원,2016,사업장,건물,19405.0,396.0,한국표준협회,,NULL
811,산업통상자원부,한국유리공업 주식회사,2016,업체,유리,322780.0,3579.0,이큐에이㈜,,NULL
812,산업통상자원부,한국유미코아유한회사,2016,사업장,전기전자,42601.0,815.0,(재)한국품질재단,,NULL
813,산업통상자원부,한국유에스지보랄 주식회사,2016,사업장,시멘트,141886.0,2816.0,(재)한국품질재단,,NULL
814,산업통상자원부,한국이네오스스티롤루션 주식회사,2016,사업장,석유화학,91998.0,1816.0,(재)한국품질재단,,NULL
815,산업통상자원부,한국전력공사,2016,업체,발전 · 에너지,1396423.0,6309.0,대일이엔씨기술(주),,015760
816,국토교통부,한국전자통신연구원,2016,사업장,건물,19439.0,396.0,(주)신화엔지니어링종합건축사사무소,,NULL
817,산업통상자원부,한국제강 주식회사,2016,업체,철강,258451.0,4466.0,한국표준협회,,NULL
818,산업통상자원부,한국제지 주식회사,2016,업체,제지,209619.0,5918.0,한국표준협회,,002300
819,산업통상자원부,한국주철관공업(주),2016,사업장,철강,87217.0,1133.0,한국표준협회,,000970
820,산업통상자원부,한국중부발전,2016,업체,발전 · 에너지,33364725.0,413757.0,이큐에이㈜,,NULL
821,산업통상자원부,한국지엠 주식회사,2016,업체,자동차,360546.0,7263.0,한국표준협회,,NULL
822,산업통상자원부,한국지역난방공사,2016,업체,집단에너지,4066038.0,79390.0,(주)신화엔지니어링종합건축사사무소,,NULL
823,산업통상자원부,한국철강,2016,업체,철강,542129.0,9299.0,한국표준협회,,104700
824,국토교통부,한국철도공사,2016,업체,교통(철도),1620288.0,30673.0,이큐에이㈜,,NULL
825,산업통상자원부,한국타이어 주식회사,2016,업체,석유화학,507231.0,10278.0,(재)한국품질재단,,NULL
826,산업통상자원부,한국토지주택공사,2016,사업장,집단에너지,137364.0,2712.0,㈜디엔브이지엘비즈니스어슈어런스코리아,,NULL
827,국토교통부,한국통운(주),2016,사업장,교통(화물),30273.0,431.0,(재)한국품질재단,,NULL
828,산업통상자원부,한국특수형강(주),2016,업체,철강,185898.0,3262.0,한국표준협회,,NULL
829,산업통상자원부,한국파워트레인㈜,2016,사업장,자동차,22483.0,448.0,한국표준협회,,NULL
830,국토교통부,한국표준과학연구원,2016,사업장,건물,19269.0,391.0,한국표준협회,,NULL
831,산업통상자원부,한국프랜지공업(주) 제2공장,2016,사업장,철강,18910.0,387.0,한국표준협회,,NULL
832,산업통상자원부,한국하니소 주식회사,2016,사업장,유리,36034.0,695.0,이큐에이㈜,,NULL
833,산업통상자원부,한국항공우주산업(주),2016,사업장,기계,47261.0,935.0,이큐에이㈜,,NULL
834,산업통상자원부,한라스택폴(주),2016,사업장,자동차,19341.0,379.0,한국표준협회,,NULL
835,산업통상자원부,한라시멘트 주식회사,2016,업체,시멘트,5215485.0,29249.0,한국표준협회,,NULL
836,국토교통부,한솔개발(주),2016,업체,건물,16173.0,319.0,환경보전협회,,NULL
837,산업통상자원부,한솔아트원제지(주),2016,업체,제지,,,(주)한국경영인증원,,007190
838,산업통상자원부,한솔제지,2016,업체,제지,970444.0,15720.0,(주)한국경영인증원,,213500
839,산업통상자원부,한솔테크닉스(주),2016,사업장,전기전자,27619.0,568.0,한국표준협회,,004710
840,산업통상자원부,한솔페이퍼텍주식회사,2016,사업장,제지,125304.0,1118.0,(주)한국경영인증원,,NULL
841,산업통상자원부,한온시스템 주식회사,2016,사업장,자동차,66519.0,1368.0,(재)한국품질재단,,018880
842,산업통상자원부,한일시멘트 주식회사,2016,업체,시멘트,5393086.0,30414.0,한국표준협회,,300720
843,산업통상자원부,한일제관(주),2016,사업장,기계,73584.0,1497.0,(재)한국품질재단,,NULL
844,산업통상자원부,한일화학공업(주),2016,사업장,석유화학,17937.0,354.0,(재)한국화학융합시험연구원,,NULL
845,산업통상자원부,한주금속(주),2016,사업장,자동차,18349.0,369.0,(재)한국품질재단,,NULL
846,산업통상자원부,한화에너지주식회사,2016,업체,산업단지,4068243.0,46550.0,한국표준협회,,NULL
847,산업통상자원부,한화엘앤씨(주),2016,사업장,석유화학,30435.0,614.0,한국표준협회,,NULL
848,산업통상자원부,한화종합화학 주식회사,2016,업체,석유화학,416956.0,7108.0,㈜디엔브이지엘비즈니스어슈어런스코리아,,NULL
849,산업통상자원부,한화첨단소재 주식회사,2016,사업장,석유화학,31325.0,614.0,한국표준협회,,NULL
850,산업통상자원부,한화케미칼 주식회사,2016,업체,석유화학,2392822.0,47433.0,㈜디엔브이지엘비즈니스어슈어런스코리아,,NULL
851,산업통상자원부,한화테크윈(주),2016,사업장,기계,25144.0,496.0,(주)비에스아이그룹코리아,,NULL
852,산업통상자원부,한화토탈 주식회사,2016,업체,석유화학,4438781.0,95216.0,한국가스안전공사,,NULL
853,국토교통부,한화호텔앤드리조트(주),2016,업체,건물,75317.0,1386.0,(주)한국경영인증원,,NULL
854,산업통상자원부,한황산업주식회사,2016,사업장,철강,27980.0,519.0,㈜한국품질보증원,,NULL
855,산업통상자원부,해성디에스 주식회사,2016,사업장,반도체,35322.0,783.0,(주)비에스아이그룹코리아,,195870
856,산업통상자원부,핸즈식스주식회사,2016,업체,자동차,65051.0,1316.0,이큐에이㈜,,NULL
857,산업통상자원부,핸즈코퍼레이션주식회사,2016,사업장,자동차,114800.0,2309.0,(재)한국품질재단,,143210
858,산업통상자원부,현대EP(주),2016,사업장,석유화학,24843.0,482.0,한국표준협회,,NULL
859,국토교통부,현대건설(주),2016,업체,건설,74174.0,1447.0,(재)한국품질재단,,000720
860,산업통상자원부,현대그린파워 주식회사,2016,업체,발전 · 에너지,10456523.0,49445.0,(주)한국경영인증원,,NULL
861,국토교통부,현대글로비스(주),2016,업체,교통(화물),77359.0,1140.0,한국표준협회,,086280
862,산업통상자원부,현대다이모스(주),2016,사업장,자동차,50705.0,1035.0,한국표준협회,,NULL
863,산업통상자원부,현대로템 주식회사 창원공장,2016,사업장,기계,20269.0,403.0,한국표준협회,,NULL
864,산업통상자원부,현대모비스(주),2016,업체,자동차,119628.0,2419.0,로이드인증원㈜,,012330
865,산업통상자원부,현대미포조선,2016,업체,조선,165173.0,3051.0,한국표준협회,,NULL
866,산업통상자원부,현대비앤지스틸(주),2016,사업장,철강,82377.0,1674.0,㈜디엔브이지엘비즈니스어슈어런스코리아,,004560
867,산업통상자원부,현대삼호중공업 주식회사,2016,업체,조선,261137.0,4648.0,㈜디엔브이지엘비즈니스어슈어런스코리아,,NULL
868,산업통상자원부,현대석회(주),2016,사업장,시멘트,99768.0,265.0,한국생산성본부인증원(주),,NULL
869,산업통상자원부,현대성우메탈 주식회사,2016,사업장,자동차,90462.0,1824.0,안진회계법인,,NULL
870,산업통상자원부,현대성우쏠라이트 주식회사,2016,사업장,전기전자,39439.0,803.0,안진회계법인,,NULL
871,산업통상자원부,현대성우캐스팅 주식회사,2016,사업장,자동차,85902.0,1763.0,안진회계법인,,NULL
872,산업통상자원부,현대성우홀딩스 주식회사,2016,업체,자동차,425.0,8.0,안진회계법인,,NULL
873,산업통상자원부,현대시멘트 주식회사,2016,업체,시멘트,4207696.0,22256.0,한국표준협회,,NULL
874,산업통상자원부,현대에너지,2016,업체,산업단지,779352.0,8684.0,티유브이슈드코리아㈜,,NULL
875,산업통상자원부,현대오일뱅크,2016,업체,정유,5234734.0,60404.0,(재)한국품질재단,,NULL
876,산업통상자원부,현대오토에버주식회사,2016,사업장,통신,23870.0,491.0,(재)한국품질재단,,307950
877,산업통상자원부,현대위아 주식회사,2016,사업장,자동차,219471.0,4210.0,한국표준협회,,011210
878,산업통상자원부,현대자동차 주식회사,2016,업체,자동차,1494293.0,30314.0,로이드인증원㈜,,005380
879,산업통상자원부,현대정보기술 주식회사,2016,사업장,통신,29383.0,604.0,로이드인증원㈜,,026180
880,산업통상자원부,현대제철 주식회사,2016,업체,철강,19103169.0,310709.0,로이드인증원㈜,,004020
881,산업통상자원부,현대종합금속(주),2016,사업장,기계,22489.0,460.0,로이드인증원㈜,,NULL
882,산업통상자원부,현대종합특수강 주식회사,2016,사업장,철강,41182.0,837.0,한국표준협회,,NULL
883,산업통상자원부,현대중공업 주식회사,2016,업체,조선,897215.0,16166.0,한국표준협회,,NULL
884,산업통상자원부,현대파워텍주식회사,2016,업체,자동차,145681.0,2962.0,㈜디엔브이지엘비즈니스어슈어런스코리아,,NULL
885,산업통상자원부,현우산업,2016,사업장,반도체.디스플레이.전기전자,21488.0,441.0,한국표준협회,,092300
886,산업통상자원부,현진소재(주),2016,사업장,기계,50850.0,1007.0,(주)한국경영인증원,,053660
887,산업통상자원부,호스트웨이아이디씨(주),2016,사업장,통신,16704.0,344.0,한국표준협회,,NULL
888,국토교통부,홈플러스 주식회사,2016,업체,건물,383391.0,7671.0,로이드인증원㈜,,NULL
889,국토교통부,홈플러스스토어즈 주식회사,2016,업체,건물,94007.0,1941.0,로이드인증원㈜,,NULL
890,산업통상자원부,홍덕산업(주),2016,사업장,철강,105459.0,2233.0,로이드인증원㈜,,NULL
891,산업통상자원부,홍원제지(주),2016,업체,제지,118408.0,1765.0,한국표준협회,,NULL
892,환경부,화성시,2016,사업장,폐기물,72127.0,507.0,㈜한국품질보증원,,NULL
893,산업통상자원부,화인베스틸,2016,사업장,철강,29736.0,567.0,한국표준협회,,133820
894,환경부,환경관리(주),2016,업체,폐기물,50446.0,507.0,㈜한국품질보증원,,NULL
895,산업통상자원부,환영철강공업,2016,업체,철강,329035.0,5926.0,한국표준협회,,NULL
896,산업통상자원부,휴비스,2016,업체,섬유,551550.0,8412.0,한국표준협회,,079980
897,산업통상자원부,휴켐스 주식회사,2016,업체,석유화학,112012.0,1015.0,한국표준협회,,NULL
898,산업통상자원부,희성전자(주) 대구공장,2016,사업장,반도체.디스플레이.전기전자,12094.0,247.0,(주)한국경영인증원,,NULL
1,산업통상자원부,(유)에스케이씨에보닉페록사이드코리아,2015,사업장,석유화학,58574.0,1145.0,(재)한국품질재단,,NULL
2,농림축산식품부,(주)MH에탄올,2015,사업장,음식료품,24592.0,302.0,(재)한국화학융합시험연구원,,023150
3,농림축산식품부,(주)MSC,2015,사업장,음식료품,25204.0,504.0,대일이엔씨기술(주),,NULL
4,산업통상자원부,(주)SIMPAC METALLOY,2015,업체,철강,389514.0,4409.0,안진회계법인,,NULL
5,산업통상자원부,(주)SPP조선,2015,업체,조선,94733.0,1736.0,한국생산성본부인증원(주),,NULL
6,국토교통부,(주)가든파이브라이프,2015,사업장,건물,13160.0,281.0,산림조합중앙회,,NULL
7,국토교통부,(주)강원랜드,2015,사업장,건물,71204.0,1393.0,한국표준협회,,035250
8,산업통상자원부,(주)건화,2015,사업장,조선,29047.0,485.0,한국표준협회,,NULL
9,국토교통부,(주)경기고속,2015,업체,교통(여객),179250.0,2784.0,(주)한국경영인증원,,NULL
10,국토교통부,(주)경남고속,2015,사업장,교통(여객),25732.0,364.0,(주)한국경영인증원,,NULL
11,산업통상자원부,(주)경동,2015,업체,광업,284902.0,431.0,(재)한국품질재단,,NULL
12,산업통상자원부,(주)경방,2015,업체,섬유,67807.0,1373.0,한국생산성본부인증원(주),,000050
13,국토교통부,(주)경북코치서비스,2015,업체,교통(여객),57974.0,818.0,(주)한국경영인증원,,NULL
14,산업통상자원부,(주)경신전선,2015,사업장,반도체.디스플레이.전기전자,15866.0,324.0,한국표준협회,,NULL
15,국토교통부,(주)국민은행,2015,업체,건물,121180.0,1828.0,한국표준협회,,031150
16,산업통상자원부,(주)국일방적 정읍공장,2015,사업장,섬유,24466.0,502.0,대일이엔씨기술(주),,NULL
17,농림축산식품부,(주)그린바이텍,2015,사업장,음식료품,6638.0,259.0,(재)한국품질재단,,NULL
18,환경부,(주)그린스코,2015,사업장,폐기물,68588.0,127.0,(주)한국경영인증원,,NULL
19,국토교통부,(주)금남고속,2015,사업장,교통(여객),38597.0,547.0,(주)한국경영인증원,,NULL
20,산업통상자원부,(주)금비,2015,사업장,유리 · 요업,83008.0,1224.0,한국표준협회,,008870
21,산업통상자원부,(주)넥센,2015,사업장,석유화학,21889.0,388.0,한국표준협회,,005720
22,농림축산식품부,(주)농협사료,2015,업체,음식료품,78436.0,1540.0,(재)한국품질재단,,NULL
23,산업통상자원부,(주)단석산업 시흥공장,2015,사업장,석유화학,15631.0,391.0,한국표준협회,,NULL
24,산업통상자원부,(주)대농 청원공장,2015,사업장,섬유,17641.0,362.0,지속가능인증원주식회사,,NULL
25,산업통상자원부,(주)대림제지,2015,사업장,제지,85689.0,1108.0,이큐에이㈜,,017650
26,국토교통부,(주)대명레저산업,2015,사업장,건물,48533.0,973.0,한국표준협회,,NULL
27,산업통상자원부,(주)대보세라믹스,2015,사업장,유리 · 요업,27486.0,484.0,한국생산성본부인증원(주),,NULL
28,국토교통부,(주)대우건설,2015,업체,건설,66508.0,1312.0,한국표준협회,,047040
29,국토교통부,(주)대원고속,2015,업체,교통(여객),165785.0,2558.0,(주)한국경영인증원,,NULL
30,산업통상자원부,(주)대유코아 춘추광업소,2015,사업장,시멘트,38921.0,81.0,한국생산성본부인증원(주),,NULL
31,산업통상자원부,(주)대호피앤씨 포항공장,2015,사업장,철강,20794.0,431.0,한국표준협회,,NULL
32,산업통상자원부,(주)대화제지,2015,사업장,제지,23876.0,479.0,이큐에이㈜,,NULL
33,산업통상자원부,(주)동남 울산공장,2015,사업장,비철금속,25655.0,371.0,한국표준협회,,NULL
34,산업통상자원부,(주)동부하이텍,2015,업체,반도체,289445.0,3443.0,(주)한국경영인증원,,NULL
35,산업통상자원부,(주)동서기공 당진지점,2015,사업장,자동차,19578.0,399.0,한국표준협회,,NULL
36,산업통상자원부,(주)동서기공 시흥,2015,사업장,비철금속,17229.0,347.0,한국표준협회,,NULL
37,산업통상자원부,(주)동신포리마,2015,사업장,석유화학,20141.0,402.0,(주)한국경영인증원,,NULL
38,국토교통부,(주)동양고속,2015,업체,교통(여객),65627.0,933.0,(주)한국경영인증원,,084670
39,산업통상자원부,(주)동양이앤씨,2015,사업장,기계,18141.0,357.0,한국표준협회,,NULL
40,농림축산식품부,(주)동원F&B,2015,업체,음식료품,61515.0,1217.0,(주)한국경영인증원,,049770
41,산업통상자원부,(주)동진쎄미켐,2015,사업장,석유화학,18385.0,341.0,대일이엔씨기술(주),,005290
42,산업통상자원부,(주)두산,2015,사업장,전기전자,77482.0,1552.0,(재)한국품질재단,,000150
43,산업통상자원부,(주)디씨알이,2015,사업장,석유화학,86164.0,901.0,대일이엔씨기술(주),,NULL
44,산업통상자원부,(주)디에이피,2015,사업장,전기전자,38400.0,785.0,대일이엔씨기술(주),,066900
45,산업통상자원부,(주)로옴코리아,2015,사업장,반도체.디스플레이.전기전자,17587.0,361.0,㈜한국품질보증원,,NULL
46,산업통상자원부,(주)린데코리아,2015,업체,석유화학,456427.0,9051.0,한국가스안전공사,,NULL
47,산업통상자원부,(주)만도,2015,업체,자동차,123544.0,2528.0,(주)비에스아이그룹코리아,,NULL
48,산업통상자원부,(주)모나리자,2015,사업장,제지,43251.0,855.0,(주)한국경영인증원,,012690
49,국토교통부,(주)무주덕유산리조트,2015,사업장,건물,20157.0,356.0,이큐에이㈜,,NULL
50,산업통상자원부,(주)미래엔 세종사업장,2015,사업장,제지,6815.0,138.0,한국표준협회,,NULL
51,산업통상자원부,(주)미래엔인천에너지,2015,사업장,집단에너지,7806.0,154.0,(재)한국품질재단,,NULL
52,산업통상자원부,(주)미래페이퍼,2015,사업장,제지,77315.0,787.0,한국표준협회,,NULL
53,산업통상자원부,(주)방림,2015,사업장,섬유,26875.0,467.0,한국표준협회,,003610
54,산업통상자원부,(주)백광소재,2015,업체,시멘트,571167.0,2286.0,한국표준협회,,NULL
55,산업통상자원부,(주)벽산,2015,사업장,유리,76833.0,1385.0,한국표준협회,,007210
56,국토교통부,(주)부산롯데호텔,2015,사업장,건물,17680.0,359.0,(재)한국품질재단,,NULL
57,산업통상자원부,(주)비엠금속,2015,사업장,철강,21659.0,396.0,이큐에이㈜,,NULL
58,농림축산식품부,(주)빙그레,2015,업체,음식료품,60557.0,1183.0,한국표준협회,,005180
59,산업통상자원부,(주)사파이어테크놀로지,2015,사업장,반도체.디스플레이.전기전자,16237.0,334.0,한국표준협회,,NULL
60,산업통상자원부,(주)삼동 문경공장,2015,사업장,반도체.디스플레이.전기전자,26197.0,534.0,한국표준협회,,NULL
61,산업통상자원부,(주)삼동 음성공장,2015,사업장,반도체.디스플레이.전기전자,17982.0,368.0,한국표준협회,,NULL
62,산업통상자원부,(주)삼보광업,2015,업체,광업,60984.0,158.0,한국생산성본부인증원(주),,NULL
63,산업통상자원부,(주)삼원강재,2015,사업장,자동차,29697.0,596.0,(재)한국품질재단,,023000
64,산업통상자원부,(주)삼천리,2015,사업장,집단에너지,36166.0,697.0,한국가스안전공사,,004690
65,산업통상자원부,(주)삼한씨원,2015,사업장,유리 · 요업,13959.0,275.0,한국생산성본부인증원(주),,NULL
66,산업통상자원부,(주)삼현,2015,사업장,요업,31079.0,564.0,한국표준협회,,437730
67,국토교통부,(주)삼화고속,2015,사업장,교통(여객),27751.0,424.0,(주)한국경영인증원,,NULL
68,산업통상자원부,(주)상공에너지,2015,업체,발전에너지,123589.0,1382.0,한국표준협회,,NULL
69,농림축산식품부,(주)샤니 대구공장,2015,사업장,음식료품,14761.0,297.0,(주)비에스아이그룹코리아,,NULL
70,농림축산식품부,(주)샤니 성남공장,2015,사업장,음식료품,18279.0,369.0,(주)비에스아이그룹코리아,,NULL
71,환경부,(주)서광하이테크,2015,사업장,폐기물,44751.0,94.0,(주)한국경영인증원,,NULL
72,국토교통부,(주)서브원 곤지암리조트,2015,사업장,건물,18267.0,362.0,안진회계법인,,NULL
73,산업통상자원부,(주)서원,2015,사업장,비철금속,17388.0,353.0,한국가스안전공사,,021050
74,산업통상자원부,(주)서진캠,2015,사업장,자동차,21384.0,440.0,(주)한국경영인증원,,NULL
75,산업통상자원부,(주)서흥,2015,사업장,석유화학,31206.0,635.0,한국표준협회,,008490
76,산업통상자원부,(주)선일다이파스,2015,사업장,기계,18457.0,376.0,(주)신화엔지니어링종합건축사사무소,,NULL
77,산업통상자원부,(주)성광벤드,2015,사업장,철강,14814.0,289.0,한국표준협회,,014620
78,산업통상자원부,(주)성호금속 경주2공장,2015,사업장,비철금속,24679.0,443.0,이큐에이㈜,,NULL
79,산업통상자원부,(주)성호금속 영천공장,2015,사업장,철강,19863.0,359.0,이큐에이㈜,,NULL
80,산업통상자원부,(주)성호기업,2015,사업장,철강,20200.0,408.0,이큐에이㈜,,NULL
81,산업통상자원부,(주)세아베스틸,2015,업체,철강,1224364.0,20189.0,한국표준협회,,NULL
82,산업통상자원부,(주)세아제강,2015,사업장,철강,130076.0,2604.0,한국표준협회,,306200
83,산업통상자원부,(주)세아특수강,2015,사업장,철강,24142.0,509.0,한국표준협회,,019440
84,산업통상자원부,(주)스타플렉스,2015,사업장,석유화학,16912.0,344.0,이큐에이㈜,,115570
85,산업통상자원부,(주)신동,2015,사업장,시멘트,96148.0,302.0,한국표준협회,,NULL
86,산업통상자원부,(주)신성솔라에너지,2015,사업장,반도체.디스플레이.전기전자,26572.0,543.0,한국표준협회,,NULL
87,국토교통부,(주)신세계,2015,업체,건물,150594.0,3072.0,(주)한국경영인증원,,004170
88,산업통상자원부,(주)신안주철,2015,사업장,철강,20120.0,375.0,한국표준협회,,NULL
89,산업통상자원부,(주)신우금속,2015,사업장,철강,16754.0,286.0,(재)한국품질재단,,NULL
90,산업통상자원부,(주)신한방,2015,사업장,섬유,24715.0,507.0,이큐에이㈜,,NULL
91,국토교통부,(주)신한은행,2015,업체,건물,86789.0,1340.0,㈜디엔브이지엘비즈니스어슈어런스코리아,,000010
92,산업통상자원부,(주)심팩메탈,2015,업체,철강,185253.0,2051.0,안진회계법인,,090730
93,산업통상자원부,(주)쌍용씨앤비,2015,사업장,제지,69306.0,1247.0,(주)한국경영인증원,,NULL
94,산업통상자원부,(주)씨텍,2015,업체,산업단지,415480.0,5760.0,㈜디엔브이지엘비즈니스어슈어런스코리아,,NULL
95,국토교통부,(주)아라리오,2015,사업장,건물,15108.0,308.0,㈜한국품질보증원,,NULL
96,산업통상자원부,(주)아진피앤피,2015,사업장,제지,95647.0,1111.0,한국산업기술시험원,,NULL
97,산업통상자원부,(주)아트라스비엑스,2015,사업장,전기전자,30512.0,623.0,(재)한국화학융합시험연구원,,NULL
98,산업통상자원부,(주)에스아이플렉스,2015,사업장,반도체.디스플레이.전기전자,16893.0,345.0,(주)한국경영인증원,,NULL
99,산업통상자원부,(주)에스에이치에너지화학,2015,사업장,석유화학,17253.0,294.0,㈜한국품질보증원,,NULL
100,산업통상자원부,(주)에스제이금속,2015,사업장,철강,18956.0,327.0,(재)한국품질재단,,NULL
101,산업통상자원부,(주)에스파워,2015,업체,발전에너지,1867787.0,36542.0,(재)한국품질재단,,NULL
102,산업통상자원부,(주)에이에스에이 김제공장,2015,사업장,자동차,18719.0,358.0,지속가능인증원주식회사,,NULL
103,산업통상자원부,(주)에이에스에이 전주공장,2015,사업장,자동차,28997.0,583.0,지속가능인증원주식회사,,NULL
104,산업통상자원부,(주)에이티세미콘,2015,사업장,반도체.디스플레이.전기전자,14975.0,307.0,한국표준협회,,089530
105,환경부,(주)엔아이티,2015,업체,폐기물,245022.0,471.0,㈜한국품질보증원,,NULL
106,산업통상자원부,(주)엘지생명과학,2015,사업장,석유화학,27170.0,546.0,한국표준협회,,068870
107,산업통상자원부,(주)엘지생활건강 울산공장,2015,사업장,석유화학,21877.0,435.0,(재)한국품질재단,,NULL
108,산업통상자원부,(주)엘지씨엔에스,2015,사업장,통신,31843.0,698.0,대일이엔씨기술(주),,064400
109,산업통상자원부,(주)엘지하우시스,2015,업체,석유화학,136718.0,2794.0,㈜디엔브이지엘비즈니스어슈어런스코리아,,NULL
110,산업통상자원부,(주)영신물산,2015,사업장,섬유,27688.0,162.0,한국표준협회,,NULL
111,농림축산식품부,(주)오뚜기 대풍공장,2015,사업장,음식료품,30432.0,612.0,한국생산성본부인증원(주),,NULL
112,농림축산식품부,(주)오리온,2015,업체,음식료품,72365.0,1398.0,한국표준협회,,271560
113,산업통상자원부,(주)오미아코리아,2015,사업장,석유화학,75524.0,1541.0,㈜디엔브이지엘비즈니스어슈어런스코리아,,NULL
114,산업통상자원부,(주)오영,2015,사업장,석유화학,16907.0,354.0,(재)한국품질재단,,NULL
115,농림축산식품부,(주)올품,2015,사업장,음식료품,23435.0,414.0,한국표준협회,,NULL
116,국토교통부,(주)용평리조트,2015,사업장,건물,30087.0,597.0,(재)한국품질재단,,NULL
117,산업통상자원부,(주)우룡,2015,업체,시멘트,155316.0,669.0,㈜한국품질보증원,,NULL
118,국토교통부,(주)우리은행,2015,업체,건물,91322.0,1360.0,㈜디엔브이지엘비즈니스어슈어런스코리아,,000030
119,산업통상자원부,(주)유니온,2015,업체,시멘트,187120.0,1614.0,한국표준협회,,000910
120,환경부,(주)유니큰,2015,사업장,폐기물,167672.0,271.0,한국산업기술시험원,,NULL
121,국토교통부,(주)이마트,2015,업체,건물,484589.0,9881.0,한국표준협회,,139480
122,산업통상자원부,(주)이수페타시스,2015,사업장,전기전자,46171.0,679.0,이큐에이㈜,,007660
123,산업통상자원부,(주)이수화학,2015,업체,석유화학,301815.0,5192.0,한국표준협회,,005950
124,환경부,(주)이엠케이승경,2015,사업장,폐기물,86506.0,148.0,(주)한국경영인증원,,NULL
125,산업통상자원부,(주)인터플렉스,2015,사업장,전기전자,53286.0,1075.0,한국표준협회,,051370
126,산업통상자원부,(주)일진글로벌,2015,사업장,자동차,34218.0,704.0,한국표준협회,,NULL
127,산업통상자원부,(주)일진베어링 2공장,2015,사업장,자동차,14271.0,293.0,한국표준협회,,NULL
128,산업통상자원부,(주)전주페이퍼,2015,업체,제지,699733.0,12617.0,한국표준협회,,NULL
129,농림축산식품부,(주)정·식품,2015,사업장,음식료품,19586.0,389.0,한국표준협회,,NULL
130,산업통상자원부,(주)제이엠씨,2015,사업장,석유화학,30875.0,688.0,이큐에이㈜,,NULL
131,산업통상자원부,(주)젤텍,2015,사업장,석유화학,15883.0,319.0,한국표준협회,,NULL
132,산업통상자원부,(주)종근당바이오,2015,사업장,석유화학,84882.0,1540.0,이큐에이㈜,,063160
133,국토교통부,(주)중앙고속,2015,업체,교통(여객),62352.0,881.0,㈜한국경영인증원,,NULL
134,산업통상자원부,(주)지엠씨,2015,사업장,광업,15995.0,327.0,(재)한국화학융합시험연구원,,NULL
135,국토교통부,(주)진에어,2015,업체,교통(항공),162706.0,602.0,한국표준협회,,272450
136,산업통상자원부,(주)진합,2015,사업장,자동차,27442.0,558.0,한국표준협회,,NULL
137,산업통상자원부,(주)진흥주물 군산공장,2015,사업장,철강,21842.0,384.0,한국표준협회,,NULL
138,산업통상자원부,(주)진흥주물 인천공장,2015,사업장,철강,19112.0,330.0,한국표준협회,,NULL
139,농림축산식품부,(주)참프레,2015,사업장,음식료품,27324.0,547.0,한국표준협회,,NULL
140,농림축산식품부,(주)창해에탄올 익산사무소,2015,사업장,음식료품,15398.0,289.0,한국표준협회,,NULL
141,국토교통부,(주)천일고속,2015,사업장,교통(여객),29961.0,426.0,㈜한국경영인증원,,000650
142,농림축산식품부,(주)체리부로,2015,사업장,음식료품,15327.0,310.0,(주)한국경영인증원,,066360
143,산업통상자원부,(주)충남도시가스,2015,사업장,발전에너지,30104.0,593.0,티유브이슈드코리아㈜,,NULL
144,산업통상자원부,(주)충무화학정선,2015,사업장,시멘트,153152.0,611.0,(재)한국품질재단,,NULL
145,산업통상자원부,(주)칼링크,2015,사업장,비철금속,26885.0,540.0,지속가능인증원주식회사,,NULL
146,산업통상자원부,(주)캐스텍코리아,2015,사업장,자동차,51795.0,908.0,한국표준협회,,071850
147,산업통상자원부,(주)케이에프엔티,2015,사업장,석유화학,19391.0,429.0,(주)한국경영인증원,,NULL
148,산업통상자원부,(주)케이이씨,2015,사업장,반도체,49195.0,672.0,로이드인증원㈜,,NULL
149,농림축산식품부,(주)케이티앤지,2015,사업장,음식료품,89626.0,1713.0,한국표준협회,,033780
150,산업통상자원부,(주)케이피켐텍,2015,사업장,섬유,29867.0,815.0,(재)한국품질재단,,NULL
151,산업통상자원부,(주)코다코,2015,사업장,자동차,25827.0,519.0,(재)한국품질재단,,046070
152,산업통상자원부,(주)코리아써키트,2015,사업장,전기전자,97714.0,1950.0,(주)비에스아이그룹코리아,,007810
153,산업통상자원부,(주)코스모텍,2015,사업장,반도체.디스플레이.전기전자,18120.0,371.0,(주)한국경영인증원,,NULL
154,산업통상자원부,(주)코스틸,2015,사업장,철강,54853.0,951.0,산림조합중앙회,,NULL
155,산업통상자원부,(주)크린앤사이언스,2015,사업장,제지,12438.0,368.0,(주)신화엔지니어링종합건축사사무소,,045520
156,산업통상자원부,(주)태광,2015,사업장,철강,15624.0,306.0,산림조합중앙회,,023160
157,산업통상자원부,(주)태우,2015,사업장,비철금속,19232.0,379.0,한국가스안전공사,,NULL
158,산업통상자원부,(주)태웅,2015,사업장,기계,107617.0,2123.0,(주)한국경영인증원,,044490
159,산업통상자원부,(주)태평양금속,2015,사업장,기계,57488.0,1141.0,(주)한국경영인증원,,NULL
160,산업통상자원부,(주)테크팩솔루션,2015,업체,유리,215415.0,3487.0,(재)한국품질재단,,NULL
161,산업통상자원부,(주)티씨씨동양,2015,사업장,철강,30508.0,663.0,이큐에이㈜,,NULL
162,농림축산식품부,(주)파리크라상 성남공장,2015,사업장,음식료품,18844.0,380.0,한국표준협회,,NULL
163,산업통상자원부,(주)퍼시픽글라스,2015,사업장,유리,31987.0,534.0,한국표준협회,,009080
164,산업통상자원부,(주)평화,2015,사업장,섬유,12596.0,230.0,한국표준협회,,NULL
165,산업통상자원부,(주)포레스코,2015,사업장,목재,29648.0,703.0,한국표준협회,,NULL
166,산업통상자원부,(주)풍농 장항공장,2015,사업장,석유화학,21132.0,362.0,환경보전협회,,NULL
167,산업통상자원부,(주)피케이엘,2015,사업장,반도체.디스플레이.전기전자,17072.0,345.0,로이드인증원㈜,,039870
168,산업통상자원부,(주)필맥스,2015,사업장,석유화학,27819.0,560.0,㈜한국품질보증원,,NULL
169,농림축산식품부,(주)하림,2015,사업장,음식료품,70406.0,1765.0,(재)한국품질재단,,136480
170,산업통상자원부,(주)한국알스트롬,2015,사업장,제지,26345.0,564.0,(재)한국품질재단,,NULL
171,농림축산식품부,(주)한국인삼공사 고려인삼창(부여공장),2015,사업장,음식료품,23199.0,465.0,(주)한국경영인증원,,NULL
172,산업통상자원부,(주)한금 포항공장,2015,사업장,철강,20192.0,406.0,한국표준협회,,NULL
173,산업통상자원부,(주)한솔케미칼,2015,사업장,석유화학,88362.0,1999.0,대일이엔씨기술(주),,014680
174,산업통상자원부,(주)한솔홈데코,2015,사업장,목재,68806.0,1246.0,(주)한국경영인증원,,025750
175,국토교통부,(주)한일고속,2015,사업장,교통(여객),17949.0,254.0,㈜한국경영인증원,,NULL
176,산업통상자원부,(주)한주,2015,업체,산업단지,1249195.0,14948.0,한국표준협회,,NULL
177,국토교통부,(주)한진,2015,업체,교통(화물),128885.0,1922.0,한국표준협회,,002320
178,산업통상자원부,(주)한창제지,2015,업체,제지,138874.0,1906.0,한국표준협회,,009460
179,산업통상자원부,(주)한화,2015,사업장,석유화학,131089.0,1553.0,㈜디엔브이지엘비즈니스어슈어런스코리아,,000880
180,국토교통부,(주)현대백화점,2015,업체,건물,108921.0,2229.0,한국표준협회,,069960
181,국토교통부,(주)현대아이파크몰,2015,사업장,건물,21787.0,445.0,한국생산성본부인증원(주),,NULL
182,산업통상자원부,(주)현대케피코,2015,사업장,자동차,27220.0,555.0,㈜디엔브이지엘비즈니스어슈어런스코리아,,NULL
183,산업통상자원부,(주)협화,2015,사업장,석유화학,14173.0,281.0,이큐에이㈜,,NULL
184,국토교통부,(주)호텔신라,2015,사업장,건물,21468.0,433.0,(재)한국품질재단,,008770
185,산업통상자원부,(주)화승알앤에이,2015,사업장,석유화학,22554.0,453.0,한국표준협회,,378850
186,산업통상자원부,(주)화승인더스트리,2015,사업장,석유화학,32703.0,665.0,이큐에이㈜,,006060
187,국토교통부,(주)휘닉스중앙평창,2015,사업장,건물,22200.0,435.0,(주)한국경영인증원,,NULL
188,산업통상자원부,(주)흥아 양산1공장,2015,사업장,석유화학,15101.0,300.0,(재)한국화학융합시험연구원,,NULL
189,산업통상자원부,(주)흥아 양산2공장,2015,사업장,석유화학,14165.0,278.0,(재)한국화학융합시험연구원,,NULL
190,국토교통부,CJ대한통운(주),2015,업체,교통(화물),200848.0,3192.0,(주)한국경영인증원,,000120
191,농림축산식품부,CJ제일제당(주),2015,업체,음식료품,305899.0,7183.0,(재)한국화학융합시험연구원,,097950
192,국토교통부,GS건설(주),2015,업체,건설,97912.0,1819.0,한국표준협회,,006360
193,산업통상자원부,GS파워,2015,업체,집단에너지,1135025.0,21837.0,대일이엔씨기술(주),,NULL
194,산업통상자원부,JW생명과학(주),2015,사업장,석유화학,20270.0,412.0,한국표준협회,,234080
195,산업통상자원부,KPX그린케미칼(주),2015,사업장,석유화학,67717.0,1158.0,한국가스안전공사,,NULL
196,산업통상자원부,LG엠엠에이,2015,업체,석유화학,184856.0,2777.0,(주)한국경영인증원,,NULL
197,산업통상자원부,LS산전(주),2015,사업장,반도체.디스플레이.전기전자,19591.0,400.0,한국표준협회,,NULL
198,산업통상자원부,S&T모티브(주),2015,사업장,자동차,19798.0,401.0,한국표준협회,,NULL
199,산업통상자원부,S-Oil(주),2015,업체,정유,7396169.0,101487.0,한국표준협회,,010950
200,산업통상자원부,SK(주) 대덕 데이터센터,2015,사업장,통신,19590.0,403.0,한국표준협회,,NULL
201,산업통상자원부,SKbroadband(주),2015,업체,통신,259587.0,5311.0,한국표준협회,,NULL
202,국토교통부,SK네트웍스(주) 워커힐,2015,사업장,건물,25472.0,513.0,(주)비에스아이그룹코리아,,NULL
203,산업통상자원부,SK이노베이션(주),2015,사업장,전기전자,169228.0,3434.0,한국표준협회,,096770
204,산업통상자원부,SK인천석유화학(주),2015,업체,석유화학,1647268.0,44432.0,한국표준협회,,NULL
205,산업통상자원부,STX 조선해양(주),2015,업체,조선,123299.0,2159.0,(재)한국품질재단,,NULL
206,산업통상자원부,STX엔진(주) 제1사업장,2015,사업장,기계,14563.0,258.0,㈜디엔브이지엘비즈니스어슈어런스코리아,,NULL
207,산업통상자원부,S＆T중공업(주),2015,사업장,자동차,18036.0,345.0,한국표준협회,,NULL
208,산업통상자원부,Y&T파워텍(주),2015,사업장,자동차,19130.0,392.0,(주)비에스아이그룹코리아,,NULL
209,산업통상자원부,nexolon,2015,업체,반도체,82650.0,1700.0,㈜디엔브이지엘비즈니스어슈어런스코리아,,NULL
210,산업통상자원부,가온전선주식회사,2015,사업장,반도체.디스플레이.전기전자,18951.0,381.0,(주)한국경영인증원,,000500
211,국토교통부,가천대학교길병원,2015,사업장,건물,20236.0,410.0,한국표준협회,,NULL
212,국토교통부,가톨릭대학교 서울성모병원,2015,사업장,건물,38224.0,774.0,환경보전협회,,NULL
213,국토교통부,강남금융센터(주),2015,사업장,건물,16699.0,340.0,환경보전협회,,NULL
214,산업통상자원부,강남화성(주),2015,사업장,석유화학,19828.0,365.0,한국표준협회,,NULL
215,환경부,강릉공공하수처리시설,2015,사업장,폐기물,33404.0,101.0,(주)비에스아이그룹코리아,,NULL
216,국토교통부,강원대학교 춘천캠퍼스,2015,사업장,건물,18662.0,380.0,한국표준협회,,NULL
217,환경부,거제시,2015,업체,폐기물,75164.0,368.0,한국산업기술시험원,,NULL
218,국토교통부,건국대학교,2015,사업장,건물,26456.0,536.0,이큐에이㈜,,NULL
219,국토교통부,경북대학교,2015,사업장,건물,33172.0,672.0,㈜한국품질보증원,,NULL
220,산업통상자원부,경산제지 주식회사,2015,사업장,제지,101039.0,822.0,한국표준협회,,NULL
223,환경부,경주시,2015,업체,폐기물,105346.0,1948.0,한국산업기술시험원,,NULL
224,산업통상자원부,경창산업(주)본사,2015,사업장,자동차,22004.0,452.0,한국표준협회,,NULL
225,산업통상자원부,고려강선(주),2015,업체,철강,100940.0,2079.0,로이드인증원㈜,,NULL
226,산업통상자원부,고려아연 주식회사,2015,업체,비철금속,3023851.0,43057.0,(재)한국품질재단,,010130
227,산업통상자원부,고려용접봉(주),2015,사업장,기계,22659.0,458.0,㈜한국품질보증원,,NULL
228,산업통상자원부,고려제강(주),2015,업체,철강,128727.0,2600.0,로이드인증원㈜,,002240
229,산업통상자원부,고려특수선재(주),2015,사업장,철강,18062.0,370.0,로이드인증원㈜,,NULL
230,산업통상자원부,고성조선해양(주),2015,사업장,조선,48211.0,826.0,(재)한국품질재단,,NULL
231,환경부,고양시,2015,사업장,폐기물,241446.0,1002.0,㈜한국품질보증원,,NULL
232,국토교통부,공항철도(주),2015,업체,교통(철도),55929.0,1148.0,이큐에이㈜,,NULL
233,환경부,광명시,2015,사업장,폐기물,68281.0,322.0,㈜한국품질보증원,,NULL
234,국토교통부,광주과학기술원,2015,사업장,건물,17638.0,360.0,한국표준협회,,NULL
235,환경부,광주광역시,2015,업체,폐기물,854260.0,1802.0,지속가능인증원주식회사,,NULL
236,국토교통부,광주광역시도시철도공사,2015,사업장,교통(철도),18035.0,370.0,한국표준협회,,NULL
237,산업통상자원부,광진산업(주),2015,사업장,시멘트,55827.0,148.0,한국생산성본부인증원(주),,NULL
238,환경부,구리시,2015,사업장,폐기물,134465.0,619.0,(재)한국품질재단,,NULL
239,환경부,구미시,2015,업체,폐기물,291296.0,1228.0,이큐에이㈜,,NULL
240,산업통상자원부,국도정밀(주),2015,사업장,석유화학,12351.0,317.0,(주)한국경영인증원,,NULL
241,산업통상자원부,국도화학(주),2015,사업장,석유화학,65164.0,1251.0,(주)신화엔지니어링종합건축사사무소,,007690
242,국토교통부,국립대학법인 서울대학교,2015,사업장,건물,126144.0,2555.0,(재)한국품질재단,,NULL
243,국토교통부,국방과학연구소,2015,사업장,건물,17491.0,352.0,한국표준협회,,NULL
244,산업통상자원부,국일제지(주),2015,사업장,제지,20834.0,419.0,이큐에이㈜,,078130
245,국토교통부,국회사무처,2015,사업장,건물,22597.0,469.0,한국표준협회,,NULL
246,환경부,군산시,2015,업체,폐기물,141739.0,347.0,㈜한국품질보증원,,NULL
247,산업통상자원부,군장에너지주식회사,2015,업체,산업단지,2083985.0,22040.0,한국표준협회,,NULL
248,환경부,군포시,2015,사업장,폐기물,42905.0,71.0,한국표준협회,,NULL
249,국토교통부,금호고속(주),2015,업체,교통(여객),181175.0,2573.0,(주)한국경영인증원,,NULL
250,산업통상자원부,금호미쓰이화학 주식회사,2015,사업장,석유화학,90683.0,1593.0,(재)한국품질재단,,NULL
251,산업통상자원부,금호석유화학 주식회사,2015,업체,석유화학,2197018.0,28588.0,한국표준협회,,011780
252,산업통상자원부,금호타이어(주),2015,업체,석유화학,302270.0,5682.0,지속가능인증원주식회사,,073240
253,산업통상자원부,금호폴리켐 주식회사,2015,업체,석유화학,303134.0,4592.0,(재)한국품질재단,,NULL
254,산업통상자원부,금호피앤비화학 주식회사,2015,업체,석유화학,591439.0,7807.0,한국표준협회,,NULL
255,산업통상자원부,기아자동차(주),2015,업체,자동차,787407.0,15888.0,㈜디엔브이지엘비즈니스어슈어런스코리아,,NULL
256,환경부,김천시,2015,업체,폐기물,74936.0,308.0,㈜한국품질보증원,,NULL
257,산업통상자원부,김천에너지서비스주식회사,2015,업체,발전에너지,759501.0,8165.0,한국표준협회,,NULL
258,환경부,김해시,2015,업체,폐기물,171713.0,1307.0,(주)신화엔지니어링종합건축사사무소,,NULL
259,산업통상자원부,깨끗한나라 주식회사,2015,업체,제지,418388.0,5000.0,(재)한국품질재단,,004540
260,산업통상자원부,나래에너지서비스 주식회사,2015,사업장,집단에너지,8115.0,160.0,한국생산성본부인증원(주),,NULL
261,산업통상자원부,나영식산업㈜,2015,사업장,섬유,11488.0,203.0,한국표준협회,,NULL
262,산업통상자원부,남양금속주식회사,2015,사업장,기계,98692.0,1803.0,㈜한국품질보증원,,NULL
263,농림축산식품부,남양유업(주),2015,사업장,음식료품,97685.0,1957.0,한국표준협회,,003920
264,산업통상자원부,남해화학(주),2015,사업장,석유화학,65443.0,930.0,(주)한국경영인증원,,025860
265,산업통상자원부,네이버 데이터센터 각,2015,사업장,통신,34892.0,718.0,한국표준협회,,NULL
266,산업통상자원부,넥센타이어(주),2015,사업장,석유화학,196352.0,3892.0,(주)한국경영인증원,,002350
267,산업통상자원부,넥스틸(주),2015,사업장,철강,7649.0,156.0,한국표준협회,,092790
268,산업통상자원부,노벨리스코리아 주식회사,2015,업체,비철금속,432367.0,8546.0,한국표준협회,,NULL
269,산업통상자원부,녹십자,2015,사업장,석유화학,26637.0,531.0,이큐에이㈜,,006280
270,국토교통부,농협은행(주),2015,업체,건물,93281.0,1298.0,한국표준협회,,NULL
271,산업통상자원부,능원금속공업 주식회사,2015,사업장,비철금속,28896.0,588.0,산림조합중앙회,,NULL
272,산업통상자원부,담우물산(주),2015,사업장,시멘트,58608.0,204.0,한국생산성본부인증원(주),,NULL
273,환경부,대구광역시,2015,업체,폐기물,215745.0,1884.0,(재)한국화학융합시험연구원,,NULL
274,산업통상자원부,대구그린파워(주),2015,업체,발전에너지,921899.0,18283.0,이큐에이㈜,,NULL
275,국토교통부,대구도시철도공사,2015,업체,교통(철도),86251.0,1773.0,(주)한국경영인증원,,NULL
276,산업통상자원부,대구염색산업단지관리공단,2015,업체,산업단지,867081.0,9847.0,이큐에이㈜,,NULL
277,산업통상자원부,대구텍 유한회사,2015,사업장,비철금속,,,한국표준협회,2016년 명세서 공개심사 위원회 결정사항,NULL
278,환경부,대구환경공단,2015,업체,폐기물,1101379.0,1954.0,(재)한국화학융합시험연구원,,NULL
279,환경부,대길그린 주식회사,2015,사업장,폐기물,70395.0,75.0,이큐에이㈜,,NULL
280,산업통상자원부,대덕전자(주),2015,사업장,전기전자,79635.0,1601.0,한국표준협회,,353200
281,산업통상자원부,대덕지디에스(주),2015,사업장,전기전자,30419.0,612.0,한국표준협회,,NULL
282,산업통상자원부,대동금속(주),2015,사업장,철강,26918.0,509.0,㈜한국품질보증원,,020400
283,산업통상자원부,대동산업주식회사,2015,사업장,요업,47269.0,875.0,티유브이슈드코리아㈜,,NULL
284,산업통상자원부,대림산업 주식회사,2015,업체,석유화학,198427.0,3877.0,한국가스안전공사,,NULL
285,산업통상자원부,대림자동차공업(주),2015,사업장,자동차,39757.0,801.0,(주)한국경영인증원,,NULL
286,농림축산식품부,대상 주식회사,2015,업체,음식료품,484645.0,10418.0,한국표준협회,,001680
287,산업통상자원부,대성목재공업(주),2015,사업장,목재,28262.0,549.0,한국표준협회,,NULL
288,산업통상자원부,대성산업가스(주),2015,업체,석유화학,750711.0,15225.0,㈜한국품질보증원,,NULL
289,산업통상자원부,대성지엠텍(주),2015,업체,광업,125917.0,342.0,한국생산성본부인증원(주),,NULL
290,산업통상자원부,대신염직공업(주),2015,사업장,섬유,17131.0,316.0,한국표준협회,,NULL
291,산업통상자원부,대양금속(주),2015,사업장,기계,17761.0,348.0,(재)한국품질재단,,009190
292,산업통상자원부,대양제지공업(주),2015,사업장,제지,130923.0,1402.0,한국표준협회,,006580
293,산업통상자원부,대왕제지공업(주)소룡동지점,2015,사업장,제지,18908.0,334.0,한국생산성본부인증원(주),,NULL
294,산업통상자원부,대용산업,2015,사업장,비철금속,21650.0,444.0,㈜디엔브이지엘비즈니스어슈어런스코리아,,NULL
295,산업통상자원부,대우조선해양(주),2015,업체,조선,381599.0,6778.0,한국표준협회,,NULL
296,산업통상자원부,대원강업(주),2015,사업장,자동차,30102.0,604.0,티유브이슈드코리아㈜,,000430
297,산업통상자원부,대원화성(주),2015,사업장,석유화학,21056.0,410.0,한국표준협회,,024890
298,환경부,대일개발 주식회사,2015,사업장,폐기물,52415.0,214.0,티유브이슈드코리아㈜,,NULL
299,환경부,대전광역시,2015,업체,폐기물,412724.0,1725.0,㈜한국품질보증원,,NULL
300,국토교통부,대전광역시도시철도공사,2015,사업장,교통(철도),18801.0,386.0,(주)한국경영인증원,,NULL
301,산업통상자원부,대전열병합발전주식회사,2015,업체,발전 · 에너지,244222.0,3714.0,한국표준협회,,NULL
302,산업통상자원부,대창단조(주),2015,사업장,기계,22981.0,462.0,이큐에이㈜,,015230
303,산업통상자원부,대한방직(주),2015,사업장,섬유,34366.0,535.0,한국표준협회,,001070
304,산업통상자원부,대한석탄공사,2015,사업장,광업,219478.0,553.0,한국생산성본부인증원(주),,NULL
305,산업통상자원부,대한소결금속(주),2015,사업장,자동차,23671.0,476.0,한국표준협회,,NULL
306,산업통상자원부,대한슬래그 주식회사,2015,사업장,유리 · 요업,23078.0,467.0,한국표준협회,,NULL
307,산업통상자원부,대한시멘트주식회사,2015,사업장,시멘트,78939.0,1445.0,한국표준협회,,NULL
308,산업통상자원부,대한유화 주식회사,2015,업체,석유화학,1160331.0,22433.0,한국가스안전공사,,006650
309,산업통상자원부,대한전선 주식회사,2015,사업장,기계,37563.0,754.0,이큐에이㈜,,001440
310,산업통상자원부,대한제강(주),2015,업체,철강,490597.0,8533.0,한국표준협회,,084010
311,농림축산식품부,대한제당 주식회사,2015,사업장,음식료품,75997.0,1514.0,한국표준협회,,001790
312,농림축산식품부,대한제분(주),2015,사업장,음식료품,20277.0,416.0,대일이엔씨기술(주),,001130
313,산업통상자원부,대한제지주식회사,2015,업체,제지,223801.0,2621.0,한국표준협회,,NULL
314,산업통상자원부,대한특수금속(주),2015,사업장,철강,16970.0,299.0,이큐에이㈜,,NULL
315,국토교통부,대한항공,2015,업체,항공,652869.0,9742.0,㈜디엔브이지엘비즈니스어슈어런스코리아,,003490
316,산업통상자원부,대한화섬(주),2015,사업장,섬유,67926.0,1452.0,한국표준협회,,003830
317,산업통상자원부,덴소코리아오토모티브(주),2015,사업장,자동차,15523.0,310.0,이큐에이㈜,,NULL
318,산업통상자원부,도레이배터리세퍼레이터필름한국 유한회사,2015,사업장,반도체.디스플레이.전기전자,25231.0,509.0,한국표준협회,,NULL
319,산업통상자원부,도레이첨단소재 주식회사,2015,업체,섬유,427615.0,7886.0,(재)한국품질재단,,NULL
320,산업통상자원부,도레이케미칼 주식회사,2015,업체,섬유,181240.0,3608.0,(주)비에스아이그룹코리아,,008000
321,산업통상자원부,동국산업(주),2015,사업장,철강,37989.0,795.0,환경보전협회,,005160
322,산업통상자원부,동국제강 주식회사,2015,업체,철강,1905686.0,32981.0,안진회계법인,,460860
323,산업통상자원부,동남정밀 주식회사,2015,사업장,자동차,17104.0,348.0,한국생산성본부인증원(주),,NULL
324,산업통상자원부,동두천드림파워,2015,업체,발전에너지,3388391.0,67170.0,한국표준협회,,NULL
325,환경부,동두천시공공하수처리장,2015,사업장,폐기물,23355.0,158.0,한국표준협회,,NULL
326,산업통상자원부,동부대우전자 주식회사,2015,사업장,기계,16300.0,327.0,(주)한국경영인증원,,NULL
327,산업통상자원부,동부인천스틸주식회사,2015,업체,철강,124536.0,2702.0,(재)한국품질재단,,NULL
328,산업통상자원부,동부제철 주식회사,2015,업체,철강,269348.0,5695.0,(재)한국품질재단,,NULL
329,산업통상자원부,동서석유화학 주식회사,2015,업체,석유화학,344538.0,1574.0,로이드인증원㈜,,NULL
330,농림축산식품부,동서식품(주),2015,업체,음식료품,140606.0,2748.0,한국표준협회,,NULL
331,산업통상자원부,동서페더럴모굴(주),2015,사업장,자동차,21798.0,442.0,(주)비에스아이그룹코리아,,NULL
332,산업통상자원부,동아타이어공업(주),2015,사업장,석유화학,15336.0,448.0,㈜한국품질보증원,,282690
333,산업통상자원부,동양시멘트 주식회사,2015,업체,시멘트,6826287.0,37423.0,(재)한국품질재단,,NULL
334,환경부,동양에코 주식회사,2015,업체,폐기물,237897.0,147.0,한국표준협회,,NULL
335,산업통상자원부,동양주공㈜,2015,사업장,철강,15580.0,288.0,한국표준협회,,NULL
336,산업통상자원부,동양피스톤(주),2015,사업장,자동차,28355.0,576.0,이큐에이㈜,,NULL
337,산업통상자원부,동우화인켐주식회사,2015,업체,석유화학,377494.0,6446.0,(재)한국품질재단,,NULL
338,산업통상자원부,동원페이퍼(주),2015,사업장,제지,109603.0,1558.0,이큐에이㈜,,NULL
339,산업통상자원부,동은단조(주),2015,사업장,기계,18125.0,370.0,(주)비에스아이그룹코리아,,NULL
340,산업통상자원부,동일금속,2015,사업장,철강,15649.0,298.0,한국표준협회,,109860
341,산업통상자원부,동일방직(주) 장항공장,2015,사업장,섬유,,,,,NULL
342,산업통상자원부,동일산업주식회사,2015,업체,철강,334913.0,4032.0,한국표준협회,,004890
343,산업통상자원부,동일제강(주),2015,사업장,철강,29850.0,528.0,한국표준협회,,002690
344,산업통상자원부,동화기업(주),2015,사업장,목재,120439.0,4229.0,한국표준협회,,025900
345,산업통상자원부,동화지앤피주식회사,2015,사업장,유리 · 요업,22790.0,340.0,㈜한국품질보증원,,NULL
346,산업통상자원부,동희오토(주),2015,사업장,자동차,45031.0,904.0,(주)한국경영인증원,,NULL
347,산업통상자원부,두산건설(주) 창원1공장,2015,사업장,기계,15064.0,276.0,(주)한국경영인증원,,NULL
348,산업통상자원부,두산엔진(주),2015,사업장,기계,27949.0,489.0,㈜디엔브이지엘비즈니스어슈어런스코리아,,NULL
349,산업통상자원부,두산인프라코어(주),2015,업체,기계,128758.0,2480.0,(재)한국품질재단,,NULL
350,산업통상자원부,두산중공업 주식회사,2015,업체,기계,277290.0,5135.0,(재)한국품질재단,,NULL
351,산업통상자원부,두원중공업(주),2015,사업장,기계,29771.0,605.0,이큐에이㈜,,NULL
352,산업통상자원부,디에스파워 주식회사,2015,사업장,집단에너지,81157.0,1607.0,한국표준협회,,NULL
353,산업통상자원부,디케이동신(주),2015,사업장,철강,18795.0,390.0,환경보전협회,,NULL
354,산업통상자원부,디케이아즈텍 주식회사,2015,사업장,반도체.디스플레이.전기전자,9652.0,198.0,㈜한국품질보증원,,NULL
355,국토교통부,롯데건설(주),2015,업체,건설,40638.0,777.0,한국표준협회,,NULL
356,농림축산식품부,롯데네슬레코리아(주),2015,사업장,음식료품,35450.0,891.0,(재)한국품질재단,,NULL
357,산업통상자원부,롯데비피화학 주식회사,2015,업체,석유화학,130344.0,1956.0,한국표준협회,,NULL
358,국토교통부,롯데쇼핑 주식회사,2015,업체,건물,806936.0,15990.0,한국표준협회,,023530
359,산업통상자원부,롯데알미늄 주식회사,2015,사업장,비철금속,100481.0,2017.0,(재)한국품질재단,,NULL
360,산업통상자원부,롯데엠알시 주식회사,2015,업체,석유화학,321888.0,2912.0,한국표준협회,,NULL
361,산업통상자원부,롯데정밀화학 주식회사,2015,업체,석유화학,694955.0,14149.0,로이드인증원㈜,,004000
362,산업통상자원부,롯데정보통신(주),2015,사업장,통신,16935.0,348.0,한국표준협회,,NULL
363,농림축산식품부,롯데제과 주식회사,2015,사업장,음식료품,130534.0,2576.0,(재)한국품질재단,,NULL
364,산업통상자원부,롯데첨단소재 주식회사,2015,업체,전기전자,390077.0,7302.0,(재)한국품질재단,,NULL
365,농림축산식품부,롯데칠성음료 주식회사,2015,업체,음식료품,135839.0,2416.0,(주)한국경영인증원,,005300
366,산업통상자원부,롯데케미칼 주식회사,2015,업체,석유화학,5632981.0,108026.0,(재)한국품질재단,,011170
367,농림축산식품부,롯데푸드(주),2015,사업장,음식료품,102060.0,2008.0,(주)한국경영인증원,,002270
368,산업통상자원부,르노삼성자동차(주),2015,사업장,자동차,96505.0,2053.0,(재)한국품질재단,,NULL
369,산업통상자원부,마이스코 본산,2015,사업장,철강,8732.0,172.0,이큐에이㈜,,NULL
370,산업통상자원부,만호제강(주),2015,사업장,철강,32738.0,665.0,한국표준협회,,001080
371,산업통상자원부,매그나칩반도체(유),2015,업체,반도체,701671.0,5778.0,(주)비에스아이그룹코리아,,NULL
372,농림축산식품부,매일유업(주),2015,사업장,음식료품,107203.0,2029.0,(주)한국경영인증원,,267980
373,산업통상자원부,무림에스피(주),2015,사업장,제지,44694.0,897.0,(재)한국화학융합시험연구원,,NULL
374,산업통상자원부,무림파워텍 주식회사,2015,업체,산업단지,228614.0,3261.0,(재)한국화학융합시험연구원,,NULL
375,산업통상자원부,무림페이퍼(주),2015,업체,제지,242554.0,5363.0,(재)한국화학융합시험연구원,,009200
376,산업통상자원부,무림피앤피(주),2015,업체,제지,241555.0,12861.0,(재)한국화학융합시험연구원,,NULL
377,산업통상자원부,미래나노텍(주),2015,사업장,반도체.디스플레이.전기전자,18453.0,376.0,(주)한국경영인증원,,095500
378,산업통상자원부,미원스페셜티케미칼(주),2015,사업장,석유화학,11055.0,450.0,이큐에이㈜,,NULL
379,산업통상자원부,발레오전장시스템코리아(주),2015,사업장,반도체.디스플레이.전기전자,15055.0,308.0,(주)비에스아이그룹코리아,,NULL
380,산업통상자원부,백광산업 주식회사,2015,업체,석유화학,174435.0,3469.0,대일이엔씨기술(주),,NULL
381,환경부,베올리아워터자원개발 주식회사,2015,사업장,수도,10130.0,208.0,(재)한국품질재단,,NULL
382,환경부,베올리아워터코리아대산(주),2015,사업장,수도,87916.0,1798.0,(주)한국경영인증원,,NULL
383,산업통상자원부,별내에너지,2015,업체,발전에너지,51398.0,1054.0,한국생산성본부인증원(주),,NULL
384,산업통상자원부,보명실업㈜,2015,사업장,섬유,4823.0,87.0,이큐에이㈜,,NULL
385,산업통상자원부,보워터코리아 유한회사,2015,업체,제지,145548.0,2794.0,㈜한국품질보증원,,NULL
386,산업통상자원부,볼보그룹코리아(주),2015,사업장,기계,20714.0,398.0,한국표준협회,,NULL
387,환경부,부산광역시,2015,업체,폐기물,1380790.0,8678.0,(재)한국화학융합시험연구원,,NULL
388,국토교통부,부산교통공사,2015,업체,교통(철도),153655.0,3158.0,한국표준협회,,NULL
389,국토교통부,부산대학교,2015,사업장,건물,23212.0,475.0,㈜한국품질보증원,,NULL
390,산업통상자원부,부산정관에너지(주),2015,사업장,발전 · 에너지,54927.0,1085.0,(재)한국품질재단,,NULL
391,산업통상자원부,부산주공(주),2015,사업장,자동차,124304.0,2292.0,㈜한국품질보증원,,005030
392,산업통상자원부,부산패션칼라산업협동조합,2015,업체,산업단지,195891.0,2794.0,이큐에이㈜,,NULL
393,환경부,부천시,2015,업체,폐기물,308021.0,1297.0,한국산업기술시험원,,NULL
394,산업통상자원부,부흥석회,2015,사업장,시멘트,51645.0,166.0,티유브이슈드코리아㈜,,NULL
395,환경부,비노텍 주식회사,2015,사업장,폐기물,104809.0,123.0,티유브이슈드코리아㈜,,NULL
396,국토교통부,사회복지법인 삼성생명공익재단,2015,사업장,건물,77933.0,1579.0,(재)한국품질재단,,NULL
397,산업통상자원부,삼강엠앤티,2015,사업장,조선,24930.0,404.0,한국표준협회,,NULL
398,산업통상자원부,삼광글라스(주),2015,업체,유리,205081.0,3369.0,안진회계법인,,NULL
399,산업통상자원부,삼남석유화학주식회사,2015,업체,석유화학,271063.0,3371.0,환경보전협회,,NULL
400,산업통상자원부,삼미금속(주),2015,사업장,철강,19883.0,400.0,한국표준협회,,012210
401,산업통상자원부,삼보산업 주식회사,2015,사업장,비철금속,29221.0,449.0,한국표준협회,,009620
402,산업통상자원부,삼성디스플레이 주식회사,2015,업체,디스플레이,5109419.0,76761.0,(재)한국품질재단,,NULL
403,국토교통부,삼성물산 주식회사,2015,사업장,건물,135092.0,2745.0,㈜디엔브이지엘비즈니스어슈어런스코리아,,000830
404,산업통상자원부,삼성바이오로직스 주식회사,2015,사업장,석유화학,58665.0,1188.0,㈜디엔브이지엘비즈니스어슈어런스코리아,,207940
405,국토교통부,삼성생명보험 주식회사,2015,업체,건물,131646.0,2242.0,(재)한국품질재단,,NULL
406,산업통상자원부,삼성에스디아이 주식회사,2015,업체,전기전자,356766.0,7612.0,(재)한국품질재단,,NULL
407,산업통상자원부,삼성에스디에스(주),2015,사업장,전기전자,93698.0,1914.0,(주)한국경영인증원,,018260
408,산업통상자원부,삼성전기 주식회사,2015,업체,전기전자,394686.0,8287.0,(주)비에스아이그룹코리아,,009150
409,산업통상자원부,삼성전자 주식회사,2015,업체,반도체,6698062.0,110573.0,(재)한국품질재단,,005930
410,산업통상자원부,삼성중공업 주식회사,2015,업체,조선,427139.0,7013.0,한국표준협회,,010140
411,산업통상자원부,삼성코닝어드밴스드 글라스,2015,사업장,디스플레이,16935.0,370.0,로이드인증원㈜,,NULL
412,농림축산식품부,삼양식품(주) 원주공장,2015,사업장,음식료품,21788.0,386.0,(주)비에스아이그룹코리아,,NULL
413,산업통상자원부,삼양이노켐 주식회사,2015,업체,석유화학,88855.0,1688.0,환경보전협회,,NULL
414,산업통상자원부,삼양통상(주),2015,사업장,섬유,17603.0,353.0,한국표준협회,,002170
415,산업통상자원부,삼양화성주식회사,2015,업체,석유화학,110024.0,2433.0,환경보전협회,,NULL
416,산업통상자원부,삼영산업,2015,사업장,요업,25785.0,459.0,이큐에이㈜,,NULL
417,산업통상자원부,삼영엠텍(주),2015,사업장,철강,16507.0,333.0,한국표준협회,,054540
418,산업통상자원부,삼영전자공업(주),2015,업체,전기전자,126497.0,2594.0,한국산업기술시험원,,005680
419,산업통상자원부,삼영화학공업(주),2015,사업장,석유화학,28953.0,589.0,한국표준협회,,NULL
420,산업통상자원부,삼우중공업 주식회사,2015,사업장,조선,25935.0,475.0,한국표준협회,,NULL
421,산업통상자원부,삼일제지(주),2015,사업장,제지,,,,,NULL
422,산업통상자원부,삼정펄프(주),2015,업체,제지,163587.0,1451.0,(주)비에스아이그룹코리아,,009770
423,산업통상자원부,삼표기초소재 주식회사,2015,사업장,시멘트,28620.0,580.0,한국표준협회,,NULL
424,산업통상자원부,삼호제강주식회사,2015,사업장,철강,15209.0,303.0,이큐에이㈜,,NULL
425,산업통상자원부,삼화제지(주),2015,사업장,제지,42951.0,776.0,한국표준협회,,NULL
426,산업통상자원부,삼흥열처리,2015,사업장,기계,29648.0,601.0,이큐에이㈜,,NULL
427,산업통상자원부,새론오토모티브(주),2015,사업장,자동차,16791.0,342.0,이큐에이㈜,,075180
428,농림축산식품부,서안주정(주),2015,사업장,음식료품,18729.0,274.0,지속가능인증원주식회사,,NULL
429,농림축산식품부,서영주정(주),2015,사업장,음식료품,21030.0,428.0,안진회계법인,,NULL
430,국토교통부,서울대학교병원,2015,사업장,건물,78663.0,1610.0,환경보전협회,,NULL
431,국토교통부,서울메트로,2015,업체,교통(철도),331539.0,6800.0,㈜디엔브이지엘비즈니스어슈어런스코리아,,NULL
432,산업통상자원부,서울바이오시스(주),2015,사업장,반도체,75310.0,1407.0,로이드인증원㈜,,092190
433,산업통상자원부,서울반도체,2015,사업장,반도체.디스플레이.전기전자,16962.0,346.0,로이드인증원㈜,,046890
434,국토교통부,서울시메트로 9호선(주),2015,사업장,교통(철도),39280.0,807.0,이큐에이㈜,,NULL
435,농림축산식품부,서울우유협동조합,2015,업체,음식료품,70698.0,1384.0,한국표준협회,,NULL
436,환경부,서울특별시,2015,업체,폐기물,3515470.0,20363.0,(재)한국화학융합시험연구원,,NULL
437,국토교통부,서울특별시농수산식품공사,2015,사업장,건물,42217.0,865.0,(주)한국경영인증원,,NULL
438,국토교통부,서울특별시도시철도공사,2015,업체,교통(철도),297203.0,6115.0,이큐에이㈜,,NULL
439,국토교통부,서울파이낸스센터(주),2015,사업장,건물,18624.0,380.0,한국생산성본부인증원(주),,NULL
440,산업통상자원부,서한이앤피주식회사,2015,사업장,기계,56349.0,1116.0,이큐에이㈜,,NULL
441,산업통상자원부,선도화학(주),2015,사업장,석유화학,22049.0,453.0,한국가스안전공사,,NULL
442,산업통상자원부,선창산업(주),2015,사업장,목재,76775.0,3606.0,한국표준협회,,NULL
443,환경부,성남시,2015,업체,폐기물,411039.0,2109.0,(재)한국화학융합시험연구원,,NULL
444,산업통상자원부,성동조선해양 주식회사,2015,업체,조선,170075.0,2970.0,한국표준협회,,NULL
445,환경부,성림유화 주식회사,2015,업체,폐기물,197095.0,218.0,티유브이슈드코리아㈜,,NULL
446,산업통상자원부,성보공업(주),2015,사업장,철강,17845.0,360.0,한국표준협회,,NULL
447,산업통상자원부,성신양회(주),2015,업체,시멘트,6076299.0,30655.0,한국표준협회,,004980
448,산업통상자원부,성안합섬(주),2015,사업장,섬유,73037.0,1396.0,이큐에이㈜,,NULL
449,산업통상자원부,성일요업주식회사,2015,사업장,유리 · 요업,18610.0,359.0,한국표준협회,,NULL
450,산업통상자원부,성창보드(주),2015,사업장,목재,25609.0,549.0,이큐에이㈜,,NULL
451,산업통상자원부,성훈엔지니어링주식회사,2015,사업장,비철금속,51192.0,948.0,한국가스안전공사,,NULL
452,산업통상자원부,세방전지(주),2015,사업장,전기전자,111031.0,2262.0,이큐에이㈜,,004490
453,산업통상자원부,세일철강(주),2015,사업장,철강,18381.0,369.0,(재)한국품질재단,,NULL
454,산업통상자원부,세하(주),2015,업체,제지,151847.0,1752.0,이큐에이㈜,,NULL
455,산업통상자원부,세화금속공업(주) 다산공장,2015,사업장,철강,16497.0,302.0,한국표준협회,,NULL
456,산업통상자원부,셀트리온,2015,사업장,석유화학,43900.0,889.0,산림조합중앙회,,068270
457,산업통상자원부,셰플러코리아(유),2015,사업장,기계,100146.0,2047.0,티유브이슈드코리아㈜,,NULL
458,산업통상자원부,솔베이실리카코리아(주),2015,사업장,석유화학,54980.0,916.0,이큐에이㈜,,NULL
459,산업통상자원부,솔브레인에스엘디 주식회사,2015,사업장,디스플레이,34573.0,710.0,㈜한국품질보증원,,NULL
460,산업통상자원부,송원산업(주),2015,업체,석유화학,128861.0,2597.0,한국표준협회,,004430
461,산업통상자원부,송학제지(주),2015,사업장,제지,35982.0,325.0,이큐에이㈜,,NULL
462,환경부,수도권매립지관리공사,2015,업체,폐기물,1485950.0,1758.0,(재)한국품질재단,,NULL
463,산업통상자원부,수완에너지 주식회사,2015,업체,집단에너지,146881.0,2912.0,대일이엔씨기술(주),,NULL
464,환경부,수원시,2015,업체,폐기물,281757.0,1283.0,(재)한국품질재단,,NULL
465,국토교통부,수원애경역사(주),2015,사업장,건물,20148.0,409.0,환경보전협회,,NULL
466,국토교통부,수원여객운수(주),2015,업체,교통(여객),50552.0,936.0,한국표준협회,,NULL
467,환경부,순천시,2015,업체,폐기물,116270.0,509.0,한국산업기술시험원,,NULL
468,산업통상자원부,스테코(주),2015,사업장,반도체,28381.0,582.0,한국표준협회,,NULL
469,산업통상자원부,스템코(주),2015,사업장,반도체,45946.0,937.0,(주)한국경영인증원,,NULL
470,산업통상자원부,시그네틱스(주),2015,사업장,반도체,40530.0,825.0,(주)한국경영인증원,,033170
471,환경부,시흥시,2015,사업장,폐기물,78274.0,443.0,한국생산성본부인증원(주),,NULL
472,산업통상자원부,신대양제지(주),2015,업체,제지,305924.0,2484.0,한국표준협회,,016590
473,산업통상자원부,신대일제지공업(주),2015,사업장,제지,83945.0,381.0,이큐에이㈜,,NULL
474,환경부,신대한정유산업 주식회사,2015,업체,폐기물,110372.0,94.0,(주)한국경영인증원,,NULL
475,국토교통부,신분당선(주),2015,사업장,교통(화물),20057.0,412.0,(주)한국경영인증원,,NULL
476,국토교통부,신안종합리조트(주),2015,사업장,건물,15319.0,300.0,한국산업기술시험원,,NULL
477,산업통상자원부,신양금속공업(주) 반월공장,2015,사업장,비철금속,13946.0,272.0,한국표준협회,,NULL
478,산업통상자원부,신양금속공업(주) 제1공장,2015,사업장,비철금속,15989.0,336.0,한국표준협회,,NULL
479,산업통상자원부,신창제지공업주식회사,2015,사업장,제지,24254.0,786.0,(재)한국화학융합시험연구원,,NULL
480,산업통상자원부,신풍제지(주),2015,업체,제지,85345.0,1785.0,한국표준협회,,NULL
481,산업통상자원부,신한중공업(주),2015,사업장,조선,24188.0,395.0,한국표준협회,,NULL
482,산업통상자원부,쌍용기초소재(주),2015,사업장,시멘트,17812.0,306.0,한국표준협회,,NULL
483,산업통상자원부,쌍용머티리얼(주),2015,사업장,자동차,36991.0,739.0,(재)한국품질재단,,NULL
484,산업통상자원부,쌍용양회공업 주식회사,2015,업체,시멘트,12015798.0,61568.0,한국표준협회,,NULL
485,산업통상자원부,쌍용자동차(주),2015,업체,자동차,141505.0,2814.0,㈜한국품질보증원,,NULL
486,산업통상자원부,쌍용제지(주),2015,사업장,제지,,,,,NULL
487,국토교통부,쌍용해운(주),2015,업체,교통(해운),87384.0,1215.0,㈜디엔브이지엘비즈니스어슈어런스코리아,,NULL
488,국토교통부,씨월드고속훼리(주),2015,사업장,교통(해운),46482.0,638.0,(주)한국경영인증원,,NULL
489,산업통상자원부,씨지앤대산전력 주식회사,2015,업체,발전 · 에너지,6926.0,108.0,㈜한국품질보증원,,NULL
490,산업통상자원부,씨지앤율촌전력 주식회사,2015,업체,발전 · 에너지,2607121.0,51208.0,㈜한국품질보증원,,NULL
491,산업통상자원부,아반스트레이트코리아 주식회사,2015,사업장,유리,44707.0,878.0,㈜한국품질보증원,,NULL
492,산업통상자원부,아사히초자화인테크노한국주식회사,2015,업체,유리,,,㈜디엔브이지엘비즈니스어슈어런스코리아,2016년 명세서 공개심사 위원회 결정사항,NULL
493,산업통상자원부,아사히피디글라스한국(주),2015,업체,유리,,,㈜디엔브이지엘비즈니스어슈어런스코리아,2016년 명세서 공개심사 위원회 결정사항,NULL
494,환경부,아산시,2015,사업장,폐기물,45907.0,441.0,㈜한국품질보증원,,NULL
495,산업통상자원부,아세아시멘트 주식회사,2015,업체,시멘트,2977985.0,17272.0,한국표준협회,,183190
496,산업통상자원부,아세아아세틸스 주식회사,2015,사업장,석유화학,44877.0,820.0,한국표준협회,,NULL
497,산업통상자원부,아세아제지(주),2015,업체,제지,505285.0,3749.0,한국표준협회,,002310
498,국토교통부,아시아나항공,2015,업체,항공,344887.0,5066.0,로이드인증원㈜,,020560
499,산업통상자원부,아이에스동서(주),2015,업체,유리 · 요업,88894.0,1668.0,한국표준협회,,010780
500,국토교통부,아주대학교의료원,2015,사업장,건물,23234.0,470.0,한국생산성본부인증원(주),,NULL
501,산업통상자원부,아주베스틸(주),2015,사업장,철강,8405.0,169.0,한국표준협회,,NULL
502,환경부,안동시공공하수처리장,2015,사업장,폐기물,36161.0,187.0,(재)한국품질재단,,NULL
503,산업통상자원부,안산도시개발(주),2015,사업장,집단에너지,6983.0,296.0,한국가스안전공사,,NULL
504,환경부,안산시,2015,업체,폐기물,254632.0,1341.0,㈜한국품질보증원,,NULL
505,환경부,안양시,2015,사업장,폐기물,161904.0,830.0,㈜한국품질보증원,,NULL
506,산업통상자원부,애경유화(주),2015,업체,석유화학,128962.0,1050.0,한국표준협회,,NULL
507,산업통상자원부,앰코테크놀로지코리아(주),2015,업체,반도체,169714.0,3442.0,㈜디엔브이지엘비즈니스어슈어런스코리아,,NULL
508,국토교통부,양산부산대학교병원,2015,사업장,건물,16808.0,343.0,한국산업기술시험원,,NULL
509,환경부,양산시,2015,사업장,폐기물,77773.0,685.0,(재)한국품질재단,,NULL
510,환경부,양주시,2015,업체,폐기물,79234.0,443.0,㈜한국품질보증원,,NULL
511,산업통상자원부,에너원(주),2015,사업장,발전 · 에너지,40619.0,473.0,(주)한국경영인증원,,NULL
512,산업통상자원부,에스에스엘엠 주식회사,2015,사업장,반도체.디스플레이.전기전자,43946.0,904.0,한국표준협회,,NULL
513,산업통상자원부,에스엔에프코리아(주) 울산공장,2015,사업장,석유화학,26099.0,524.0,(재)한국화학융합시험연구원,,NULL
514,산업통상자원부,에스엠피 주식회사,2015,사업장,석유화학,55873.0,1524.0,한국표준협회,,NULL
515,산업통상자원부,에스케이루브리컨츠 주식회사,2015,업체,정유,184015.0,5515.0,한국표준협회,,NULL
516,산업통상자원부,에스케이머티리얼즈 주식회사,2015,업체,석유화학,163369.0,3344.0,한국가스안전공사,,036490
517,산업통상자원부,에스케이씨 주식회사,2015,업체,석유화학,805153.0,13655.0,한국표준협회,,NULL
518,산업통상자원부,에스케이씨솔믹스주식회사,2015,사업장,반도체.디스플레이.전기전자,25557.0,525.0,한국표준협회,,NULL
519,산업통상자원부,에스케이씨코오롱피아이 주식회사,2015,사업장,석유화학,47680.0,452.0,(주)비에스아이그룹코리아,,NULL
520,산업통상자원부,에스케이씨코오롱피아이 주식회사 구미공장,2015,사업장,석유화학,21801.0,426.0,(주)비에스아이그룹코리아,,NULL
521,산업통상자원부,에스케이씨하스디스플레이필름(유),2015,사업장,석유화학,31475.0,634.0,로이드인증원㈜,,NULL
522,산업통상자원부,에스케이에너지 주식회사,2015,업체,정유,7706635.0,79712.0,한국표준협회,,NULL
523,산업통상자원부,에스케이에어가스주식회사,2015,업체,석유화학,146836.0,3031.0,한국표준협회,,NULL
524,산업통상자원부,에스케이유화 주식회사,2015,업체,석유화학,94814.0,1509.0,(주)비에스아이그룹코리아,,NULL
525,산업통상자원부,에스케이이엔에스 주식회사,2015,업체,발전 · 에너지,2073186.0,42136.0,(주)한국경영인증원,,NULL
526,산업통상자원부,에스케이종합화학 주식회사,2015,업체,석유화학,3350065.0,74856.0,한국표준협회,,NULL
527,산업통상자원부,에스케이케미칼 주식회사,2015,업체,석유화학,585356.0,7755.0,(주)비에스아이그룹코리아,,285130
528,산업통상자원부,에스케이텔레콤 주식회사,2015,업체,통신,686118.0,14081.0,로이드인증원㈜,,017670
529,산업통상자원부,에스케이하이닉스 주식회사,2015,업체,반도체,2796370.0,46064.0,(주)비에스아이그룹코리아,,000660
530,농림축산식품부,에스피엘(주),2015,사업장,음식료품,25043.0,511.0,(주)비에스아이그룹코리아,,NULL
531,산업통상자원부,에어리퀴드코리아 주식회사,2015,업체,석유화학,182562.0,2256.0,로이드인증원㈜,,NULL
532,국토교통부,에어부산(주),2015,사업장,항공,161077.0,2306.0,한국표준협회,,298690
533,산업통상자원부,에어프로덕츠코리아 주식회사,2015,업체,석유화학,663468.0,13628.0,로이드인증원㈜,,NULL
534,산업통상자원부,에이에스이코리아주식회사,2015,사업장,반도체,78512.0,1594.0,(재)한국품질재단,,NULL
535,산업통상자원부,에이지씨디스플레이글라스 오창 주식회사,2015,사업장,유리 · 요업,19312.0,396.0,㈜디엔브이지엘비즈니스어슈어런스코리아,,NULL
536,산업통상자원부,에코플라스틱(주) 1공장,2015,사업장,자동차,19213.0,391.0,(재)한국품질재단,,NULL
537,산업통상자원부,엘앤에프,2015,사업장,반도체.디스플레이.전기전자,18726.0,367.0,(주)한국경영인증원,,066970
538,산업통상자원부,엘에스니꼬 동제련 주식회사,2015,업체,비철금속,498677.0,8125.0,한국표준협회,,NULL
539,산업통상자원부,엘에스메탈 주식회사,2015,사업장,비철금속,25858.0,529.0,㈜한국품질보증원,,NULL
540,산업통상자원부,엘에스엠트론(주),2015,사업장,비철금속,107340.0,2174.0,(주)한국경영인증원,,NULL
541,산업통상자원부,엘에스전선 주식회사,2015,업체,기계,151184.0,2990.0,(주)한국경영인증원,,NULL
542,산업통상자원부,엘지디스플레이(주),2015,업체,디스플레이,7348474.0,60146.0,(재)한국품질재단,,034220
543,산업통상자원부,엘지유플러스(주),2015,업체,통신,1030646.0,21211.0,한국표준협회,,032640
544,산업통상자원부,엘지이노텍 주식회사,2015,업체,전기전자,322230.0,6853.0,(주)비에스아이그룹코리아,,011070
545,산업통상자원부,엘지전자 주식회사,2015,업체,전기전자,522803.0,7458.0,(주)비에스아이그룹코리아,,066570
546,산업통상자원부,엠이엠씨코리아주식회사,2015,사업장,반도체,65391.0,1344.0,(주)신화엔지니어링종합건축사사무소,,NULL
547,환경부,여수시,2015,업체,폐기물,87190.0,601.0,한국산업기술시험원,,NULL
548,산업통상자원부,여천엔씨씨 주식회사,2015,업체,석유화학,3477154.0,69614.0,(재)한국품질재단,,NULL
549,국토교통부,영남대학교,2015,사업장,건물,20175.0,407.0,㈜한국품질보증원,,NULL
550,산업통상자원부,영풍전자(주),2015,사업장,반도체.디스플레이.전기전자,30522.0,568.0,이큐에이㈜,,NULL
551,산업통상자원부,영풍제지(주),2015,사업장,제지,104020.0,851.0,대일이엔씨기술(주),,NULL
552,산업통상자원부,영풍파일(주),2015,사업장,시멘트,5988.0,96.0,한국표준협회,,NULL
553,산업통상자원부,영화금속(주),2015,사업장,철강,96306.0,1344.0,한국표준협회,,012280
554,산업통상자원부,영흥철강(주),2015,사업장,철강,15221.0,333.0,한국표준협회,,NULL
555,농림축산식품부,오뚜기라면(주),2015,사업장,음식료품,38707.0,771.0,(주)비에스아이그룹코리아,,NULL
556,산업통상자원부,오리온엔지니어드카본즈 주식회사,2015,업체,석유화학,699475.0,9523.0,㈜디엔브이지엘비즈니스어슈어런스코리아,,NULL
557,농림축산식품부,오비맥주(주),2015,사업장,음식료품,128684.0,2268.0,(주)비에스아이그룹코리아,,NULL
558,산업통상자원부,오성엘에스티㈜,2015,사업장,기계,,,,,NULL
559,산업통상자원부,오씨아이 주식회사,2015,업체,석유화학,2519552.0,43763.0,㈜디엔브이지엘비즈니스어슈어런스코리아,,NULL
560,산업통상자원부,와이케이스틸(주),2015,업체,철강,298059.0,4925.0,한국표준협회,,NULL
561,산업통상자원부,용산화학(주),2015,사업장,석유화학,108993.0,1510.0,한국가스안전공사,,NULL
562,환경부,용인시,2015,업체,폐기물,199377.0,1165.0,㈜한국품질보증원,,NULL
563,산업통상자원부,욱성화학(주),2015,사업장,석유화학,15174.0,301.0,한국표준협회,,NULL
564,국토교통부,울산과학기술대학교,2015,사업장,건물,19303.0,399.0,(주)비에스아이그룹코리아,,NULL
565,환경부,울산광역시,2015,업체,폐기물,308342.0,2525.0,㈜디엔브이지엘비즈니스어슈어런스코리아,,NULL
566,산업통상자원부,울산아로마틱스(주),2015,업체,석유화학,570968.0,11951.0,㈜디엔브이지엘비즈니스어슈어런스코리아,,NULL
567,산업통상자원부,웅진에너지 주식회사,2015,사업장,반도체,116085.0,2389.0,안진회계법인,,103130
568,환경부,원주시,2015,업체,폐기물,141424.0,635.0,지속가능인증원주식회사,,NULL
569,산업통상자원부,월산페이퍼 주식회사,2015,업체,제지,201478.0,3277.0,이큐에이㈜,,NULL
570,산업통상자원부,유니드,2015,업체,석유화학,541615.0,13235.0,로이드인증원㈜,,014830
571,산업통상자원부,유성기업(주) 아산공장,2015,사업장,자동차,13473.0,275.0,(주)비에스아이그룹코리아,,NULL
572,산업통상자원부,유한킴벌리 주식회사,2015,업체,제지,201723.0,3945.0,(재)한국품질재단,,NULL
573,산업통상자원부,유한회사 스태츠칩팩코리아,2015,사업장,반도체,81895.0,1673.0,(주)신화엔지니어링종합건축사사무소,,NULL
574,산업통상자원부,율촌화학(주),2015,사업장,석유화학,42383.0,717.0,대일이엔씨기술(주),,008730
575,환경부,의정부시,2015,사업장,폐기물,146534.0,415.0,한국산업기술시험원,,NULL
576,산업통상자원부,이구산업(주),2015,사업장,비철금속,26369.0,536.0,한국생산성본부인증원(주),,025820
577,산업통상자원부,이래오토모티브시스템 주식회사,2015,사업장,자동차,40474.0,824.0,㈜한국품질보증원,,NULL
578,국토교통부,이스타항공(주),2015,사업장,항공,112171.0,1604.0,한국표준협회,,NULL
579,산업통상자원부,이스트만화이버코리아 주식회사,2015,업체,섬유,55089.0,836.0,(주)한국경영인증원,,NULL
580,환경부,이천시,2015,사업장,폐기물,102898.0,886.0,(재)한국품질재단,,NULL
581,국토교통부,이화여자대학교,2015,사업장,건물,27617.0,562.0,이큐에이㈜,,NULL
582,환경부,익산시,2015,사업장,폐기물,114562.0,76940.0,한국산업기술시험원,,NULL
583,농림축산식품부,인그리디언코리아 유한회사,2015,업체,음식료품,141438.0,2765.0,(재)한국품질재단,,NULL
584,산업통상자원부,인천공항에너지,2015,업체,집단에너지,178567.0,3535.0,㈜한국품질보증원,,NULL
585,환경부,인천광역시,2015,업체,폐기물,551077.0,3652.0,(재)한국품질재단,,NULL
586,국토교통부,인천교통공사,2015,사업장,교통(철도),44824.0,921.0,한국표준협회,,NULL
587,국토교통부,인천국제공항공사,2015,업체,건물,168909.0,3157.0,(재)한국품질재단,,NULL
588,산업통상자원부,인천종합에너지(주),2015,업체,집단에너지,213724.0,4469.0,㈜디엔브이지엘비즈니스어슈어런스코리아,,NULL
589,산업통상자원부,일본전기초자한국주식회사,2015,사업장,유리,23401.0,461.0,이큐에이㈜,,NULL
590,농림축산식품부,일산실업(주) 칠서에탄올공장,2015,사업장,음식료품,21658.0,376.0,(재)한국품질재단,,NULL
591,산업통상자원부,일신방직(주),2015,사업장,섬유,104284.0,2079.0,한국표준협회,,003200
592,산업통상자원부,일진디스플레이(주),2015,사업장,반도체.디스플레이.전기전자,30686.0,630.0,환경보전협회,,NULL
593,산업통상자원부,일진머티리얼즈 주식회사,2015,업체,비철금속,112598.0,2305.0,㈜디엔브이지엘비즈니스어슈어런스코리아,,NULL
594,산업통상자원부,일진제강(주),2015,사업장,철강,36091.0,726.0,한국표준협회,,NULL
595,국토교통부,재단법인 아산사회복지재단,2015,사업장,건물,83191.0,1669.0,한국표준협회,,NULL
596,산업통상자원부,재원산업,2015,사업장,석유화학,25808.0,472.0,(주)한국경영인증원,,NULL
597,산업통상자원부,전기초자코리아(주),2015,업체,유리 · 요업,160233.0,3139.0,한국표준협회,,NULL
598,국토교통부,전남대학교,2015,사업장,건물,32151.0,755.0,한국표준협회,,NULL
599,산업통상자원부,전방(주),2015,업체,섬유,94243.0,2021.0,이큐에이㈜,,000950
600,국토교통부,전북대학교,2015,사업장,건물,29175.0,588.0,이큐에이㈜,,NULL
601,국토교통부,전북대학교병원,2015,사업장,건물,20487.0,414.0,한국표준협회,,NULL
602,산업통상자원부,전북에너지서비스주식회사,2015,업체,집단에너지,809.0,16.0,한국표준협회,,NULL
603,산업통상자원부,전북집단에너지 주식회사,2015,업체,산업단지,242859.0,2927.0,한국표준협회,,NULL
604,환경부,전주시,2015,업체,폐기물,186625.0,937.0,(재)한국품질재단,,NULL
605,환경부,제주특별자치도,2015,업체,폐기물,306072.0,2680.0,한국표준협회,,NULL
606,국토교통부,제주항공(주),2015,사업장,항공,195576.0,2800.0,한국표준협회,,089590
607,산업통상자원부,조광피혁(주),2015,사업장,섬유,15615.0,396.0,한국표준협회,,004700
608,산업통상자원부,조선내화(주),2015,사업장,유리 · 요업,16304.0,317.0,로이드인증원㈜,,462520
609,국토교통부,조선대학교,2015,사업장,건물,16366.0,332.0,한국표준협회,,NULL
610,산업통상자원부,조일알미늄 주식회사,2015,사업장,비철금속,67231.0,1347.0,안진회계법인,,018470
611,산업통상자원부,주식회사 고려시멘트,2015,업체,시멘트,671633.0,3773.0,한국표준협회,,003660
612,산업통상자원부,주식회사 고려제지,2015,업체,제지,167722.0,2257.0,(주)한국경영인증원,,NULL
613,산업통상자원부,주식회사 광원목재,2015,사업장,목재,34512.0,1346.0,한국표준협회,,NULL
614,농림축산식품부,주식회사 농심,2015,업체,음식료품,181112.0,3553.0,한국표준협회,,004370
615,환경부,주식회사 뉴그린,2015,업체,폐기물,142660.0,186.0,이큐에이㈜,,NULL
616,산업통상자원부,주식회사 대륜발전,2015,업체,발전에너지,835577.0,16805.0,한국생산성본부인증원(주),,NULL
617,산업통상자원부,주식회사 대유글로벌,2015,사업장,비철금속,39365.0,768.0,이큐에이㈜,,NULL
618,산업통상자원부,주식회사 대창,2015,사업장,비철금속,40057.0,814.0,한국가스안전공사,,012800
619,산업통상자원부,주식회사 대창에이티,2015,사업장,비철금속,12269.0,246.0,한국표준협회,,NULL
620,산업통상자원부,주식회사 대한세라믹스,2015,사업장,요업,43855.0,798.0,이큐에이㈜,,NULL
621,산업통상자원부,주식회사 대호에이엘,2015,사업장,비철금속,29532.0,593.0,한국생산성본부인증원(주),,069460
622,국토교통부,주식회사 더블유티씨서울,2015,사업장,건물,62862.0,1273.0,(주)한국경영인증원,,NULL
623,산업통상자원부,주식회사 덕양,2015,사업장,석유화학,300326.0,2484.0,한국가스안전공사,,NULL
624,산업통상자원부,주식회사 동부메탈,2015,업체,철강,1302107.0,13685.0,(재)한국품질재단,,NULL
625,산업통상자원부,주식회사 동성코퍼레이션,2015,사업장,석유화학,20954.0,385.0,한국생산성본부인증원(주),,NULL
626,환경부,주식회사 명성환경,2015,사업장,폐기물,58727.0,68.0,이큐에이㈜,,NULL
627,환경부,주식회사 범우,2015,업체,폐기물,108139.0,192.0,한국산업기술시험원,,NULL
628,산업통상자원부,주식회사 삼기오토모티브 서산공장,2015,사업장,자동차,32254.0,577.0,(재)한국화학융합시험연구원,,NULL
629,산업통상자원부,주식회사 삼기오토모티브 평택공장,2015,사업장,자동차,16276.0,331.0,이큐에이㈜,,NULL
630,농림축산식품부,주식회사 삼양사,2015,업체,음식료품,285869.0,5773.0,한국표준협회,,145990
631,산업통상자원부,주식회사 삼양패키징,2015,업체,석유화학,128761.0,2629.0,환경보전협회,,272550
632,국토교통부,주식회사 삼원에이엠씨,2015,사업장,건물,21605.0,442.0,(주)한국경영인증원,,NULL
633,산업통상자원부,주식회사 세아창원특수강,2015,업체,철강,551223.0,9592.0,한국표준협회,,NULL
634,산업통상자원부,주식회사 세진메탈,2015,사업장,비철금속,30625.0,559.0,산림조합중앙회,,NULL
635,산업통상자원부,주식회사 수석,2015,사업장,유리,35146.0,555.0,㈜한국품질보증원,,NULL
636,산업통상자원부,주식회사 신아에스비,2015,사업장,조선,14287.0,280.0,한국표준협회,,NULL
637,산업통상자원부,주식회사 심텍,2015,사업장,전기전자,92133.0,1950.0,(주)한국경영인증원,,222800
638,산업통상자원부,주식회사 알테크노메탈,2015,사업장,비철금속,27447.0,464.0,한국표준협회,,NULL
639,환경부,주식회사 에너지네트웍,2015,업체,폐기물,192612.0,585.0,이큐에이㈜,,NULL
640,산업통상자원부,주식회사 에스에프에이반도체,2015,사업장,반도체,37420.0,767.0,대일이엔씨기술(주),,NULL
641,산업통상자원부,주식회사 에스엔엔씨,2015,업체,비철금속,1433217.0,15424.0,(재)한국품질재단,,NULL
642,농림축산식품부,주식회사 에스피씨삼립,2015,사업장,음식료품,35932.0,742.0,(주)비에스아이그룹코리아,,NULL
643,산업통상자원부,주식회사 엘지실트론,2015,업체,반도체,266450.0,5496.0,(주)한국경영인증원,,NULL
644,산업통상자원부,주식회사 엘지화학,2015,업체,석유화학,7294567.0,142035.0,(재)한국품질재단,,051910
645,산업통상자원부,주식회사 영풍,2015,업체,비철금속,1165931.0,19059.0,(재)한국품질재단,,000670
646,환경부,주식회사 영흥산업환경,2015,사업장,폐기물,109607.0,192.0,티유브이슈드코리아㈜,,NULL
647,국토교통부,주식회사 이랜드리테일,2015,업체,건물,193578.0,3946.0,한국산업기술시험원,,NULL
648,산업통상자원부,주식회사 정산인터내셔널,2015,사업장,섬유,21276.0,534.0,(재)한국품질재단,,NULL
649,산업통상자원부,주식회사 존슨콘트롤즈델코배터리,2015,사업장,전기전자,44794.0,916.0,(주)한국경영인증원,,NULL
650,산업통상자원부,주식회사 지알엠,2015,사업장,비철금속,90757.0,1168.0,한국표준협회,,NULL
651,산업통상자원부,주식회사 지에스이앤알,2015,업체,산업단지,2283795.0,26213.0,(재)한국품질재단,,NULL
652,산업통상자원부,주식회사 지케이메탈,2015,사업장,자동차,27527.0,472.0,이큐에이㈜,,NULL
653,농림축산식품부,주식회사 진로발효,2015,사업장,음식료품,26302.0,615.0,안진회계법인,,018120
654,산업통상자원부,주식회사 카프로,2015,업체,석유화학,656387.0,4327.0,(재)한국품질재단,,006380
655,산업통상자원부,주식회사 케이티,2015,업체,통신,1096043.0,22427.0,㈜한국품질보증원,,030200
656,산업통상자원부,주식회사 케이피에프,2015,사업장,철강,49583.0,1011.0,한국표준협회,,024880
657,산업통상자원부,주식회사 코리아에어텍,2015,사업장,석유화학,32244.0,663.0,한국표준협회,,NULL
658,환경부,주식회사 코엔텍,2015,업체,폐기물,265198.0,471.0,한국표준협회,,029960
659,산업통상자원부,주식회사 태영이엠씨,2015,업체,광업,157154.0,769.0,한국표준협회,,NULL
660,산업통상자원부,주식회사 팜한농,2015,업체,석유화학,219319.0,1297.0,한국표준협회,,NULL
661,산업통상자원부,주식회사 포스코,2015,업체,철강,73056083.0,417949.0,(재)한국품질재단,,NULL
662,산업통상자원부,주식회사 포스코켐텍,2015,업체,요업,2239853.0,12781.0,(재)한국품질재단,,NULL
663,산업통상자원부,주식회사 풍산,2015,업체,비철금속,234663.0,4784.0,한국표준협회,,103140
664,산업통상자원부,주식회사 프라임테크,2015,업체,시멘트,131947.0,794.0,(주)신화엔지니어링종합건축사사무소,,NULL
665,산업통상자원부,주식회사 한국화이바,2015,사업장,유리,6137.0,120.0,한국표준협회,,NULL
666,국토교통부,주식회사 호텔롯데,2015,사업장,건물,127391.0,2536.0,(주)한국경영인증원,,NULL
667,산업통상자원부,주식회사 효성,2015,업체,섬유,1299488.0,27933.0,(재)한국품질재단,,004800
668,산업통상자원부,주식회사 후성,2015,업체,석유화학,346170.0,496.0,한국가스안전공사,,093370
669,산업통상자원부,주식회사 휴스틸,2015,사업장,철강,27446.0,557.0,(주)신화엔지니어링종합건축사사무소,,005010
670,산업통상자원부,중부도시가스-청수에너지,2015,사업장,발전에너지,21570.0,425.0,(재)한국품질재단,,NULL
671,국토교통부,중소기업은행,2015,업체,건물,63210.0,947.0,한국표준협회,,NULL
672,국토교통부,중앙대학교,2015,사업장,건물,19123.0,389.0,한국표준협회,,NULL
673,산업통상자원부,지에스이피에스,2015,업체,발전 · 에너지,1674390.0,35889.0,(재)한국품질재단,,NULL
674,산업통상자원부,지에스칼텍스 주식회사,2015,업체,정유,8434893.0,105284.0,(재)한국품질재단,,NULL
675,산업통상자원부,진양특수강(주),2015,사업장,철강,28457.0,566.0,한국표준협회,,NULL
676,산업통상자원부,진영제지공업(주),2015,사업장,제지,77246.0,457.0,이큐에이㈜,,NULL
677,환경부,진주시,2015,업체,폐기물,79045.0,511.0,한국산업기술시험원,,NULL
678,환경부,창원시,2015,업체,폐기물,444091.0,2332.0,(재)한국품질재단,,NULL
679,환경부,천안시,2015,업체,폐기물,131060.0,863.0,㈜한국품질보증원,,NULL
680,산업통상자원부,천일제지(주),2015,사업장,제지,46116.0,1028.0,한국표준협회,,NULL
681,환경부,청주시,2015,사업장,폐기물,214806.0,1314.0,(재)한국화학융합시험연구원,,NULL
682,환경부,초당환경(유),2015,사업장,폐기물,47817.0,53.0,(재)한국화학융합시험연구원,,NULL
683,환경부,춘천시,2015,업체,폐기물,199375.0,517.0,지속가능인증원주식회사,,NULL
684,국토교통부,충남대학교,2015,사업장,건물,28240.0,571.0,티유브이슈드코리아㈜,,NULL
685,국토교통부,충남대학교병원,2015,사업장,건물,17368.0,351.0,한국표준협회,,NULL
686,국토교통부,충북대학교,2015,사업장,건물,17049.0,344.0,한국표준협회,,NULL
687,환경부,충주시,2015,업체,폐기물,148376.0,1682.0,(주)신화엔지니어링종합건축사사무소,,NULL
688,산업통상자원부,케이씨글라스(주),2015,사업장,유리,33978.0,525.0,(주)신화엔지니어링종합건축사사무소,,NULL
689,산업통상자원부,케이씨씨,2015,업체,유리,1488727.0,21729.0,(재)한국품질재단,,002380
690,산업통상자원부,케이씨주식회사,2015,업체,석유화학,156026.0,2169.0,한국표준협회,,029460
691,환경부,케이씨한미산업 주식회사,2015,사업장,폐기물,54883.0,66.0,(재)한국품질재단,,NULL
692,환경부,케이씨환경서비스 주식회사,2015,사업장,폐기물,136959.0,471.0,(재)한국품질재단,,NULL
693,산업통상자원부,케이알코폴리머(주),2015,사업장,석유화학,35532.0,455.0,㈜한국경영인증원,,NULL
694,산업통상자원부,케이오씨(주),2015,사업장,석유화학,45076.0,1066.0,한국생산성본부인증원(주),,NULL
695,환경부,케이지이티에스 주식회사,2015,업체,폐기물,333576.0,1661.0,티유브이슈드코리아㈜,,NULL
696,산업통상자원부,케이지케미칼 주식회사,2015,사업장,석유화학,21228.0,420.0,이큐에이㈜,,NULL
697,산업통상자원부,케이지피 주식회사,2015,사업장,제지,26221.0,806.0,이큐에이㈜,,NULL
698,산업통상자원부,켐그린에너지 주식회사,2015,업체,석유화학,30104.0,618.0,한국표준협회,,NULL
699,산업통상자원부,코넥,2015,사업장,자동차,28335.0,574.0,(주)한국경영인증원,,NULL
700,산업통상자원부,코닝정밀소재 주식회사,2015,업체,유리,,,로이드인증원㈜,2016년 명세서 공개심사 위원회 결정사항,NULL
701,산업통상자원부,코리아PTG(주),2015,업체,석유화학,119164.0,1033.0,(재)한국품질재단,,NULL
702,산업통상자원부,코리아니켈(주),2015,사업장,비철금속,15714.0,229.0,한국표준협회,,NULL
703,산업통상자원부,코리아오토글라스(주),2015,사업장,유리,91846.0,1884.0,(재)한국품질재단,,152330
704,산업통상자원부,코스모신소재(주),2015,사업장,석유화학,21496.0,489.0,한국표준협회,,005070
705,산업통상자원부,코스모화학,2015,사업장,석유화학,88626.0,1548.0,로이드인증원㈜,,005420
706,산업통상자원부,코오롱글로텍(주) 구미공장,2015,사업장,섬유,16899.0,332.0,한국표준협회,,NULL
707,산업통상자원부,코오롱인더스트리 주식회사,2015,업체,석유화학,641991.0,12085.0,한국표준협회,,NULL
708,산업통상자원부,코오롱패션머티리얼(주),2015,업체,섬유,112820.0,2210.0,(주)한국경영인증원,,NULL
709,산업통상자원부,코오롱플라스틱(주),2015,사업장,석유화학,,,한국표준협회,2016년 명세서 공개심사 위원회 결정사항,NULL
710,농림축산식품부,코카콜라음료(주) 여주공장,2015,사업장,음식료품,19726.0,392.0,(재)한국품질재단,,NULL
711,산업통상자원부,콜롬비안케미컬즈코리아(주),2015,사업장,석유화학,100677.0,406.0,(재)한국품질재단,,NULL
712,산업통상자원부,타타 대우상용차(주),2015,사업장,자동차,19603.0,377.0,(재)한국화학융합시험연구원,,NULL
713,산업통상자원부,태경산업(주),2015,업체,철강,105165.0,1389.0,한국표준협회,,015890
714,산업통상자원부,태광산업 주식회사,2015,업체,섬유,1074520.0,15733.0,한국표준협회,,003240
715,산업통상자원부,태림페이퍼주식회사,2015,업체,제지,196288.0,3744.0,이큐에이㈜,,019300
716,산업통상자원부,태봉광업 주식회사,2015,업체,시멘트,268683.0,743.0,(주)비에스아이그룹코리아,,NULL
717,산업통상자원부,태상,2015,사업장,철강,19420.0,380.0,(주)한국경영인증원,,NULL
718,산업통상자원부,태양금속공업(주),2015,사업장,기계,26165.0,514.0,(재)한국품질재단,,004100
719,산업통상자원부,태영세라믹(주),2015,사업장,유리 · 요업,24894.0,446.0,한국표준협회,,NULL
720,산업통상자원부,태원물산(주) 울산공장,2015,사업장,유리 · 요업,17466.0,215.0,이큐에이㈜,,NULL
721,국토교통부,티웨이항공,2015,업체,교통(항공),117222.0,1677.0,한국표준협회,,091810
722,산업통상자원부,티케이케미칼,2015,업체,섬유,237457.0,4767.0,이큐에이㈜,,104480
723,산업통상자원부,티피피 주식회사,2015,사업장,집단에너지,15045.0,296.0,대일이엔씨기술(주),,NULL
724,환경부,파주시,2015,사업장,폐기물,126474.0,1387.0,(재)한국화학융합시험연구원,,NULL
725,산업통상자원부,파주전기초자 주식회사,2015,사업장,유리,48476.0,695.0,㈜디엔브이지엘비즈니스어슈어런스코리아,,NULL
726,산업통상자원부,팔미금속공업(주),2015,사업장,철강,19667.0,357.0,한국표준협회,,NULL
727,산업통상자원부,페어차일드코리아반도체(주),2015,업체,반도체,135584.0,1849.0,(주)비에스아이그룹코리아,,NULL
728,산업통상자원부,페이퍼코리아,2015,업체,제지,289850.0,3885.0,한국표준협회,,001020
729,환경부,평택시,2015,업체,폐기물,128418.0,348.0,(주)신화엔지니어링종합건축사사무소,,NULL
730,산업통상자원부,평택에너지서비스(주),2015,업체,발전에너지,1135023.0,22366.0,한국표준협회,,NULL
731,산업통상자원부,평화기공(주),2015,사업장,자동차,14146.0,287.0,한국표준협회,,NULL
732,산업통상자원부,평화산업(주),2015,사업장,자동차,29863.0,605.0,한국표준협회,,090080
733,산업통상자원부,포스코강판(주),2015,사업장,철강,102150.0,2086.0,한국표준협회,,NULL
734,산업통상자원부,포스코에너지(주),2015,업체,발전 · 에너지,12439923.0,116385.0,(재)한국품질재단,,NULL
735,산업통상자원부,포스코피앤에스,2015,사업장,비철금속,51319.0,1010.0,㈜디엔브이지엘비즈니스어슈어런스코리아,,NULL
736,산업통상자원부,포천파워(주),2015,업체,발전에너지,2285501.0,45656.0,한국가스안전공사,,NULL
737,환경부,포항시,2015,업체,폐기물,101755.0,1020.0,㈜한국품질보증원,,NULL
738,산업통상자원부,폴리미래(주),2015,사업장,석유화학,120480.0,2245.0,이큐에이㈜,,NULL
739,농림축산식품부,풍국주정공업(주),2015,사업장,음식료품,42722.0,461.0,안진회계법인,,NULL
740,국토교통부,프라임산업(주) 테크노마트21,2015,사업장,건물,17244.0,354.0,대일이엔씨기술(주),,NULL
741,산업통상자원부,프렉스에어코리아 주식회사,2015,업체,석유화학,504509.0,10370.0,안진회계법인,,NULL
742,산업통상자원부,하나마이크론,2015,사업장,반도체,28104.0,574.0,(주)한국경영인증원,,067310
743,산업통상자원부,하이디스테크놀로지 주식회사,2015,사업장,디스플레이,35648.0,731.0,로이드인증원㈜,,NULL
744,농림축산식품부,하이트진로(주),2015,업체,음식료품,171914.0,2979.0,한국표준협회,,000080
745,산업통상자원부,하이트진로산업(주),2015,사업장,유리 · 요업,27513.0,416.0,안진회계법인,,NULL
746,산업통상자원부,하이호경금속 주식회사,2015,사업장,비철금속,54816.0,877.0,㈜한국품질보증원,,NULL
747,국토교통부,학교법인 경희학원,2015,업체,건물,58206.0,1179.0,한국표준협회,,NULL
748,국토교통부,학교법인 고려중앙학원,2015,사업장,건물,90074.0,1825.0,이큐에이㈜,,NULL
749,국토교통부,학교법인 성균관대학,2015,사업장,건물,35787.0,713.0,이큐에이㈜,,NULL
750,국토교통부,학교법인 연세대학교,2015,업체,건물,160721.0,3450.0,한국표준협회,,NULL
751,국토교통부,학교법인 포항공과대학교,2015,사업장,건물,62205.0,1407.0,안진회계법인,,NULL
752,국토교통부,학교법인 한양학원,2015,사업장,건물,72965.0,1474.0,(주)한국경영인증원,,NULL
753,산업통상자원부,한국NSK(주),2015,사업장,기계,20808.0,427.0,한국표준협회,,NULL
754,산업통상자원부,한국가스공사,2015,업체,발전 · 에너지,808681.0,10208.0,(재)한국품질재단,,036460
755,산업통상자원부,한국경남태양유전(주),2015,사업장,전기전자,61575.0,1263.0,이큐에이㈜,,NULL
756,국토교통부,한국공항공사,2015,사업장,건물,29862.0,603.0,㈜디엔브이지엘비즈니스어슈어런스코리아,,NULL
757,국토교통부,한국과학기술연구원,2015,사업장,건물,15342.0,313.0,(주)한국경영인증원,,NULL
758,국토교통부,한국과학기술원,2015,사업장,건물,71635.0,1413.0,이큐에이㈜,,NULL
759,국토교통부,한국과학기술정보연구원,2015,사업장,건물,16317.0,335.0,(주)신화엔지니어링종합건축사사무소,,NULL
760,산업통상자원부,한국남동발전,2015,업체,발전 · 에너지,59101362.0,658805.0,대일이엔씨기술(주),,NULL
761,산업통상자원부,한국남부발전 주식회사,2015,업체,발전 · 에너지,32107758.0,425191.0,(주)신화엔지니어링종합건축사사무소,,NULL
762,산업통상자원부,한국니토옵티칼(주)현곡공장,2015,사업장,반도체.디스플레이.전기전자,38592.0,518.0,한국표준협회,,NULL
763,산업통상자원부,한국동서발전 주식회사,2015,업체,발전 · 에너지,37950778.0,458684.0,(주)신화엔지니어링종합건축사사무소,,NULL
764,산업통상자원부,한국바스프 주식회사,2015,업체,석유화학,695777.0,10296.0,(재)한국품질재단,,NULL
765,산업통상자원부,한국바이린(주),2015,사업장,섬유,15158.0,299.0,한국표준협회,,NULL
766,국토교통부,한국방송공사,2015,사업장,건물,18540.0,382.0,한국표준협회,,NULL
767,산업통상자원부,한국서부발전,2015,업체,발전 · 에너지,33848583.0,424796.0,로이드인증원㈜,,NULL
768,산업통상자원부,한국세큐리트(주) 군산공장,2015,사업장,유리 · 요업,19064.0,390.0,이큐에이㈜,,NULL
769,산업통상자원부,한국세큐리트(주) 익산공장,2015,사업장,유리 · 요업,20253.0,415.0,이큐에이㈜,,NULL
770,산업통상자원부,한국솔베이(주),2015,업체,석유화학,86424.0,1749.0,한국표준협회,,NULL
771,산업통상자원부,한국수력원자력,2015,업체,발전 · 에너지,2997754.0,60867.0,대일이엔씨기술(주),,NULL
772,환경부,한국수자원공사,2015,업체,수도,646559.0,13255.0,㈜한국품질보증원,,NULL
773,산업통상자원부,한국수출포장공업(주),2015,사업장,제지,123468.0,1319.0,(재)한국품질재단,,002200
774,산업통상자원부,한국실리콘 주식회사,2015,업체,석유화학,467630.0,9526.0,한국표준협회,,NULL
775,산업통상자원부,한국씨엔티(주),2015,사업장,시멘트,57974.0,1088.0,이큐에이㈜,,NULL
776,산업통상자원부,한국엔지니어링플라스틱,2015,업체,석유화학,199438.0,3137.0,한국표준협회,,NULL
777,산업통상자원부,한국오웬스코닝(주),2015,사업장,유리,90935.0,1743.0,한국표준협회,,NULL
778,국토교통부,한국원자력연구원,2015,사업장,건물,19785.0,404.0,한국표준협회,,NULL
779,산업통상자원부,한국유리공업 주식회사,2015,업체,유리,312264.0,3470.0,이큐에이㈜,,NULL
780,산업통상자원부,한국유미코아유한회사,2015,사업장,전기전자,39891.0,773.0,(재)한국품질재단,,NULL
781,산업통상자원부,한국유에스지보랄 주식회사,2015,사업장,시멘트,,,(재)한국품질재단,2016년 명세서 공개심사 위원회 결정사항,NULL
782,산업통상자원부,한국이네오스스티롤루션 주식회사,2015,사업장,석유화학,87837.0,1708.0,(재)한국품질재단,,NULL
783,산업통상자원부,한국전력공사,2015,업체,발전 · 에너지,1309343.0,5995.0,한국표준협회,,015760
784,국토교통부,한국전자통신연구원,2015,사업장,건물,18316.0,374.0,(주)신화엔지니어링종합건축사사무소,,NULL
785,산업통상자원부,한국제강 주식회사,2015,업체,철강,256751.0,4415.0,한국표준협회,,NULL
786,산업통상자원부,한국제지 주식회사,2015,업체,제지,202342.0,5699.0,한국표준협회,,002300
787,산업통상자원부,한국주철관공업(주),2015,사업장,철강,77950.0,1013.0,한국표준협회,,000970
788,산업통상자원부,한국중부발전,2015,업체,발전 · 에너지,33663109.0,417850.0,이큐에이㈜,,NULL
789,산업통상자원부,한국지엠 주식회사,2015,업체,자동차,359853.0,7256.0,한국표준협회,,NULL
790,산업통상자원부,한국지역난방공사,2015,업체,집단에너지,4129531.0,80831.0,(주)신화엔지니어링종합건축사사무소,,NULL
791,산업통상자원부,한국철강,2015,업체,철강,544063.0,9198.0,한국표준협회,,104700
792,국토교통부,한국철도공사,2015,업체,교통(철도),1654825.0,30981.0,환경보전협회,,NULL
793,산업통상자원부,한국타이어 주식회사,2015,업체,석유화학,502563.0,10178.0,(재)한국품질재단,,NULL
794,산업통상자원부,한국토지주택공사,2015,사업장,집단에너지,117036.0,2310.0,㈜디엔브이지엘비즈니스어슈어런스코리아,,NULL
795,산업통상자원부,한국특수형강(주),2015,업체,철강,199659.0,3553.0,한국표준협회,,NULL
796,산업통상자원부,한국파워트레인(주),2015,사업장,자동차,26471.0,527.0,한국표준협회,,NULL
797,산업통상자원부,한국프랜지공업(주) 제2공장,2015,사업장,철강,20910.0,428.0,한국표준협회,,NULL
798,산업통상자원부,한국하니소 주식회사,2015,사업장,유리,30698.0,586.0,이큐에이㈜,,NULL
799,산업통상자원부,한국항공우주산업(주),2015,사업장,기계,44526.0,880.0,이큐에이㈜,,NULL
800,산업통상자원부,한남시멘트주식회사,2015,사업장,시멘트,43375.0,807.0,한국표준협회,,NULL
801,산업통상자원부,한라스택폴(주),2015,사업장,자동차,18118.0,369.0,한국표준협회,,NULL
802,산업통상자원부,한라시멘트 주식회사,2015,업체,시멘트,5382697.0,29881.0,한국표준협회,,NULL
803,국토교통부,한솔개발(주),2015,업체,건물,15877.0,312.0,환경보전협회,,NULL
804,산업통상자원부,한솔아트원제지(주),2015,업체,제지,147024.0,3589.0,(주)한국경영인증원,,007190
805,산업통상자원부,한솔제지,2015,업체,제지,858225.0,12987.0,(주)한국경영인증원,,213500
806,산업통상자원부,한솔테크닉스(주),2015,사업장,반도체.디스플레이.전기전자,32265.0,664.0,한국표준협회,,004710
807,산업통상자원부,한솔페이퍼텍주식회사,2015,사업장,제지,117239.0,1017.0,(주)한국경영인증원,,NULL
808,산업통상자원부,한온시스템 주식회사,2015,사업장,자동차,61595.0,1268.0,(재)한국품질재단,,018880
809,산업통상자원부,한일시멘트 주식회사,2015,업체,시멘트,4644300.0,26077.0,한국표준협회,,300720
810,산업통상자원부,한일제관(주),2015,사업장,기계,72569.0,1476.0,(재)한국품질재단,,NULL
811,산업통상자원부,한일화학공업(주),2015,사업장,석유화학,18263.0,362.0,㈜한국경영인증원,,NULL
812,산업통상자원부,한주금속(주),2015,사업장,자동차,17309.0,348.0,(재)한국품질재단,,NULL
813,산업통상자원부,한화에너지주식회사,2015,업체,산업단지,4104503.0,45056.0,한국표준협회,,NULL
814,산업통상자원부,한화엘앤씨(주),2015,사업장,석유화학,29887.0,604.0,한국표준협회,,NULL
815,산업통상자원부,한화종합화학 주식회사,2015,업체,석유화학,514142.0,8820.0,㈜디엔브이지엘비즈니스어슈어런스코리아,,NULL
816,산업통상자원부,한화첨단소재 주식회사,2015,업체,석유화학,31174.0,608.0,한국표준협회,,NULL
817,산업통상자원부,한화케미칼 주식회사,2015,업체,석유화학,2350833.0,46555.0,㈜디엔브이지엘비즈니스어슈어런스코리아,,NULL
818,산업통상자원부,한화테크윈(주),2015,사업장,기계,22018.0,435.0,(주)비에스아이그룹코리아,,NULL
819,산업통상자원부,한화토탈 주식회사,2015,업체,석유화학,4267574.0,90215.0,한국가스안전공사,,NULL
820,국토교통부,한화호텔앤드리조트(주),2015,업체,건물,77707.0,1440.0,(주)한국경영인증원,,NULL
821,산업통상자원부,한황산업주식회사,2015,사업장,철강,29510.0,546.0,㈜한국품질보증원,,NULL
822,산업통상자원부,해성디에스 주식회사,2015,사업장,반도체,30666.0,693.0,(주)비에스아이그룹코리아,,195870
823,산업통상자원부,핸즈코퍼레이션주식회사,2015,사업장,자동차,110601.0,2222.0,(재)한국품질재단,,143210
824,산업통상자원부,현대EP(주),2015,사업장,석유화학,23894.0,453.0,한국표준협회,,NULL
825,국토교통부,현대건설(주),2015,업체,건설,73923.0,1396.0,(재)한국품질재단,,000720
826,산업통상자원부,현대그린파워 주식회사,2015,업체,발전 · 에너지,10912754.0,51288.0,(주)한국경영인증원,,NULL
827,국토교통부,현대글로비스(주),2015,업체,교통(화물),78000.0,1145.0,한국표준협회,,086280
828,산업통상자원부,현대다이모스(주),2015,사업장,자동차,45018.0,919.0,한국표준협회,,NULL
829,산업통상자원부,현대로템 주식회사 창원공장,2015,사업장,기계,21081.0,418.0,한국표준협회,,NULL
830,산업통상자원부,현대모비스(주),2015,업체,자동차,112350.0,2268.0,로이드인증원㈜,,012330
831,산업통상자원부,현대미포조선,2015,업체,조선,213988.0,3920.0,한국표준협회,,NULL
832,산업통상자원부,현대비앤지스틸(주),2015,사업장,철강,83937.0,1705.0,㈜디엔브이지엘비즈니스어슈어런스코리아,,004560
833,산업통상자원부,현대삼호중공업 주식회사,2015,업체,조선,239725.0,4203.0,㈜디엔브이지엘비즈니스어슈어런스코리아,,NULL
834,산업통상자원부,현대석회(주),2015,사업장,시멘트,97021.0,250.0,한국생산성본부인증원(주),,NULL
835,산업통상자원부,현대성우메탈 주식회사,2015,사업장,자동차,91173.0,1837.0,안진회계법인,,NULL
836,산업통상자원부,현대성우쏠라이트 주식회사,2015,사업장,전기전자,39006.0,794.0,안진회계법인,,NULL
837,산업통상자원부,현대성우캐스팅 주식회사,2015,사업장,자동차,93658.0,1923.0,안진회계법인,,NULL
838,산업통상자원부,현대성우홀딩스 주식회사,2015,업체,자동차,480.0,9.0,안진회계법인,,NULL
839,산업통상자원부,현대시멘트 주식회사,2015,업체,시멘트,3902882.0,20603.0,한국표준협회,,NULL
840,산업통상자원부,현대에너지,2015,업체,발전에너지,957620.0,10483.0,티유브이슈드코리아㈜,,NULL
841,산업통상자원부,현대오일뱅크,2015,업체,정유,4895793.0,118764.0,(재)한국품질재단,,NULL
842,산업통상자원부,현대오토에버주식회사,2015,사업장,통신,22060.0,454.0,한국표준협회,,307950
843,산업통상자원부,현대위아 주식회사,2015,사업장,자동차,217482.0,4178.0,㈜디엔브이지엘비즈니스어슈어런스코리아,,011210
844,산업통상자원부,현대자동차 주식회사,2015,업체,자동차,1533406.0,31100.0,로이드인증원㈜,,005380
845,산업통상자원부,현대정보기술 주식회사,2015,사업장,통신,23306.0,479.0,한국표준협회,,026180
846,산업통상자원부,현대제철 주식회사,2015,업체,철강,19573202.0,314234.0,로이드인증원㈜,,004020
847,산업통상자원부,현대종합금속(주),2015,사업장,기계,23773.0,492.0,로이드인증원㈜,,NULL
848,산업통상자원부,현대종합특수강 주식회사,2015,사업장,철강,38020.0,796.0,한국표준협회,,NULL
849,산업통상자원부,현대중공업 주식회사,2015,업체,조선,959261.0,17302.0,한국표준협회,,NULL
850,산업통상자원부,현대파워텍주식회사,2015,업체,자동차,147328.0,2998.0,㈜디엔브이지엘비즈니스어슈어런스코리아,,NULL
851,산업통상자원부,현우산업,2015,사업장,반도체.디스플레이.전기전자,21356.0,439.0,한국표준협회,,092300
852,산업통상자원부,현진소재(주),2015,사업장,기계,59226.0,1174.0,(주)한국경영인증원,,053660
853,산업통상자원부,호스트웨이아이디씨(주),2015,사업장,통신,17224.0,354.0,한국표준협회,,NULL
854,국토교통부,홈플러스 주식회사,2015,업체,건물,373522.0,7464.0,로이드인증원㈜,,NULL
855,국토교통부,홈플러스스토어즈 주식회사,2015,업체,건물,94161.0,1920.0,로이드인증원㈜,,NULL
856,산업통상자원부,홍덕산업(주),2015,사업장,철강,112598.0,2343.0,로이드인증원㈜,,NULL
857,산업통상자원부,홍원제지(주),2015,업체,제지,119399.0,1722.0,한국표준협회,,NULL
858,환경부,화성시,2015,업체,폐기물,68250.0,460.0,㈜한국품질보증원,,NULL
859,산업통상자원부,화인베스틸,2015,사업장,철강,33571.0,668.0,한국표준협회,,133820
860,환경부,환경관리(주),2015,업체,폐기물,49703.0,495.0,㈜한국품질보증원,,NULL
861,산업통상자원부,환영철강공업,2015,업체,철강,318710.0,5677.0,한국표준협회,,NULL
862,산업통상자원부,휴비스,2015,업체,섬유,535131.0,8732.0,한국표준협회,,079980
863,산업통상자원부,휴켐스 주식회사,2015,업체,석유화학,100967.0,854.0,한국표준협회,,NULL
864,산업통상자원부,희성전자(주) 대구공장,2015,사업장,반도체.디스플레이.전기전자,13826.0,282.0,(주)한국경영인증원,,NULL
1,산업통상자원부,(유)에스케이씨에보닉페록사이드코리아,2014,업체,석유화학,59304.0,1126.0,(재)한국품질재단,,NULL
2,농림축산식품부,(주)MH에탄올,2014,사업장,음식료품,22984.0,525.0,(재)한국화학융합시험연구원,,023150
3,농림축산식품부,(주)MSC,2014,사업장,음식료품,25569.0,511.0,대일이엔씨기술(주),,NULL
4,산업통상자원부,(주)SIMPAC METALLOY,2014,업체,철강,235311.0,2704.0,안진회계법인,,NULL
5,산업통상자원부,(주)SPP조선,2014,업체,조선,115618.0,2124.0,이큐에이㈜,,NULL
6,국토교통부,(주)가든파이브라이프,2014,사업장,건물,14236.0,301.0,티유브이슈드코리아㈜,,NULL
7,국토교통부,(주)강원랜드,2014,업체,건물,72346.0,1388.0,한국표준협회,,035250
8,산업통상자원부,(주)건화,2014,사업장,조선,29603.0,490.0,한국표준협회,,NULL
9,국토교통부,(주)경기고속,2014,업체,교통(여객),172843.0,2704.0,(주)한국경영인증원,,NULL
10,국토교통부,(주)경남고속,2014,사업장,교통(여객),25480.0,361.0,한국표준협회,,NULL
11,산업통상자원부,(주)경동,2014,사업장,광업,282014.0,426.0,(재)한국품질재단,,NULL
12,산업통상자원부,(주)경방,2014,업체,섬유,66893.0,1355.0,(재)한국품질재단,,000050
13,국토교통부,(주)경북코치서비스,2014,업체,교통(여객),55924.0,792.0,(주)한국경영인증원,,NULL
14,산업통상자원부,(주)경신전선,2014,사업장,반도체.디스플레이.전기전자,16192.0,330.0,한국표준협회,,NULL
15,국토교통부,(주)국민은행,2014,업체,건물,120040.0,1795.0,한국표준협회,,031150
16,산업통상자원부,(주)국일방적 정읍공장,2014,사업장,섬유,24075.0,494.0,대일이엔씨기술(주),,NULL
17,농림축산식품부,(주)그린바이텍,2014,사업장,음식료품,21967.0,310.0,(재)한국품질재단,,NULL
18,환경부,(주)그린스코,2014,사업장,폐기물,60438.0,130.0,(주)한국경영인증원,,NULL
19,국토교통부,(주)금남고속,2014,사업장,교통(여객),40535.0,574.0,(주)한국경영인증원,,NULL
20,산업통상자원부,(주)금비,2014,업체,유리,77496.0,1165.0,한국표준협회,,008870
21,산업통상자원부,(주)넥센,2014,사업장,석유화학,23467.0,429.0,한국표준협회,,005720
22,농림축산식품부,(주)농협사료,2014,업체,음식료품,79364.0,1555.0,(재)한국품질재단,,NULL
23,산업통상자원부,(주)단석산업 시흥공장,2014,사업장,석유화학,17471.0,416.0,한국표준협회,,NULL
24,산업통상자원부,(주)대농 청원공장,2014,사업장,섬유,16920.0,348.0,지속가능인증원주식회사,,NULL
25,산업통상자원부,(주)대림제지,2014,업체,제지,88706.0,1108.0,(주)한국경영인증원,,017650
26,국토교통부,(주)대명레저산업,2014,사업장,건물,48502.0,973.0,한국표준협회,,NULL
27,산업통상자원부,(주)대보세라믹스,2014,사업장,요업,28126.0,492.0,한국표준협회,,NULL
28,국토교통부,(주)대우건설,2014,업체,건설,63233.0,1247.0,한국표준협회,,047040
29,국토교통부,(주)대원고속,2014,업체,교통(여객),159520.0,2484.0,(주)한국경영인증원,,NULL
30,산업통상자원부,(주)대유코아 춘추광업소,2014,사업장,시멘트,44316.0,100.0,한국생산성본부인증원(주),,NULL
31,산업통상자원부,(주)대호피앤씨 포항공장,2014,사업장,철강,22065.0,447.0,한국표준협회,,NULL
32,산업통상자원부,(주)대화제지,2014,사업장,제지,24275.0,487.0,이큐에이㈜,,NULL
33,산업통상자원부,(주)동남 울산공장,2014,사업장,비철금속,19540.0,288.0,한국표준협회,,NULL
34,산업통상자원부,(주)동부하이텍,2014,업체,반도체,276481.0,3380.0,(주)한국경영인증원,,NULL
35,산업통상자원부,(주)동서기공 당진지점,2014,사업장,자동차,16664.0,339.0,한국표준협회,,NULL
36,산업통상자원부,(주)동서기공 시흥,2014,사업장,비철금속,15651.0,315.0,한국표준협회,,NULL
37,산업통상자원부,(주)동신포리마,2014,사업장,석유화학,19291.0,386.0,(주)한국경영인증원,,NULL
38,국토교통부,(주)동양고속,2014,업체,교통(여객),65097.0,926.0,(주)한국경영인증원,,084670
39,산업통상자원부,(주)동양이앤씨,2014,사업장,기계,16872.0,332.0,한국표준협회,,NULL
40,농림축산식품부,(주)동원F&B,2014,업체,음식료품,57996.0,1151.0,(주)한국경영인증원,,049770
41,산업통상자원부,(주)동진쎄미켐,2014,사업장,석유화학,18175.0,338.0,대일이엔씨기술(주),,005290
42,산업통상자원부,(주)두산,2014,업체,전기전자,78860.0,1582.0,(재)한국품질재단,,000150
43,산업통상자원부,(주)디씨알이,2014,업체,석유화학,92140.0,964.0,대일이엔씨기술(주),,NULL
44,산업통상자원부,(주)디에이피,2014,사업장,전기전자,29566.0,604.0,대일이엔씨기술(주),,066900
45,산업통상자원부,(주)로옴코리아,2014,사업장,반도체.디스플레이.전기전자,17803.0,366.0,㈜한국품질보증원,,NULL
46,산업통상자원부,(주)린데코리아,2014,업체,석유화학,449606.0,8892.0,한국가스안전공사,,NULL
47,산업통상자원부,(주)만도,2014,업체,자동차,135928.0,2781.0,(주)비에스아이그룹코리아,,NULL
48,산업통상자원부,(주)모나리자,2014,사업장,제지,46197.0,891.0,㈜한국품질보증원,,012690
49,국토교통부,(주)무주덕유산리조트,2014,사업장,건물,21733.0,385.0,이큐에이㈜,,NULL
50,산업통상자원부,(주)미래엔 세종사업장,2014,사업장,제지,6896.0,139.0,한국표준협회,,NULL
51,산업통상자원부,(주)미래엔인천에너지,2014,업체,집단에너지,45382.0,897.0,(재)한국품질재단,,NULL
52,산업통상자원부,(주)미래페이퍼,2014,업체,제지,85493.0,825.0,한국표준협회,,NULL
53,산업통상자원부,(주)방림,2014,사업장,섬유,28946.0,512.0,한국표준협회,,003610
54,산업통상자원부,(주)백광소재,2014,업체,시멘트,572713.0,2362.0,한국표준협회,,NULL
55,산업통상자원부,(주)벽산,2014,업체,유리,79690.0,1454.0,한국표준협회,,007210
56,국토교통부,(주)부산롯데호텔,2014,사업장,건물,17399.0,354.0,(주)한국경영인증원,,NULL
57,산업통상자원부,(주)비엠금속,2014,사업장,철강,20895.0,383.0,㈜디엔브이지엘비즈니스어슈어런스코리아,,NULL
58,농림축산식품부,(주)빙그레,2014,업체,음식료품,60943.0,1188.0,한국표준협회,,005180
59,산업통상자원부,(주)사파이어테크놀로지,2014,사업장,반도체.디스플레이.전기전자,27687.0,569.0,한국표준협회,,NULL
60,산업통상자원부,(주)삼동 문경공장,2014,사업장,반도체.디스플레이.전기전자,27696.0,565.0,한국표준협회,,NULL
61,산업통상자원부,(주)삼동 음성공장,2014,사업장,반도체.디스플레이.전기전자,18790.0,384.0,한국표준협회,,NULL
62,산업통상자원부,(주)삼보광업,2014,사업장,광업,90410.0,238.0,한국생산성본부인증원(주),,NULL
63,산업통상자원부,(주)삼원강재,2014,사업장,자동차,31250.0,627.0,(재)한국품질재단,,023000
64,산업통상자원부,(주)삼천리,2014,업체,집단에너지,59281.0,1151.0,한국가스안전공사,,004690
65,산업통상자원부,(주)삼한씨원,2014,사업장,유리 · 요업,20016.0,395.0,한국생산성본부인증원(주),,NULL
66,산업통상자원부,(주)삼현,2014,사업장,요업,28977.0,511.0,(재)한국화학융합시험연구원,,437730
67,국토교통부,(주)삼화고속,2014,사업장,교통(여객),31277.0,481.0,(주)한국경영인증원,,NULL
68,산업통상자원부,(주)상공에너지,2014,업체,산업단지,117304.0,1315.0,한국표준협회,,NULL
69,농림축산식품부,(주)샤니 대구공장,2014,사업장,음식료품,15428.0,311.0,(주)비에스아이그룹코리아,,NULL
70,농림축산식품부,(주)샤니 성남공장,2014,사업장,음식료품,18474.0,373.0,(주)비에스아이그룹코리아,,NULL
71,환경부,(주)서광하이테크,2014,사업장,폐기물,57092.0,82.0,(주)한국경영인증원,,NULL
72,국토교통부,(주)서브원 곤지암리조트,2014,사업장,건물,19240.0,376.0,안진회계법인,,NULL
73,산업통상자원부,(주)서원,2014,사업장,비철금속,18980.0,385.0,한국가스안전공사,,021050
74,산업통상자원부,(주)서진캠,2014,사업장,자동차,21865.0,449.0,지속가능인증원주식회사,,NULL
75,산업통상자원부,(주)서흥,2014,사업장,석유화학,32952.0,671.0,한국표준협회,,008490
76,산업통상자원부,(주)선일다이파스,2014,사업장,기계,18518.0,377.0,(주)신화엔지니어링종합건축사사무소,,NULL
77,산업통상자원부,(주)성광벤드,2014,사업장,철강,15638.0,306.0,한국표준협회,,014620
78,산업통상자원부,(주)성호금속 경주2공장,2014,사업장,비철금속,22006.0,403.0,이큐에이㈜,,NULL
79,산업통상자원부,(주)성호금속 영천공장,2014,사업장,철강,18045.0,327.0,이큐에이㈜,,NULL
80,산업통상자원부,(주)성호기업,2014,사업장,철강,19686.0,397.0,이큐에이㈜,,NULL
81,산업통상자원부,(주)세아베스틸,2014,업체,철강,1380105.0,22494.0,한국표준협회,,NULL
82,산업통상자원부,(주)세아제강,2014,업체,철강,143356.0,2931.0,한국표준협회,,306200
83,산업통상자원부,(주)세아특수강,2014,사업장,철강,28827.0,594.0,한국표준협회,,019440
84,산업통상자원부,(주)스타플렉스,2014,사업장,석유화학,16506.0,336.0,이큐에이㈜,,115570
85,산업통상자원부,(주)신동,2014,업체,시멘트,95582.0,291.0,한국표준협회,,NULL
86,산업통상자원부,(주)신성솔라에너지,2014,사업장,반도체.디스플레이.전기전자,23734.0,486.0,한국표준협회,,NULL
87,국토교통부,(주)신세계,2014,업체,건물,155994.0,3182.0,(주)한국경영인증원,,004170
88,산업통상자원부,(주)신안주철,2014,사업장,철강,20453.0,375.0,한국표준협회,,NULL
89,산업통상자원부,(주)신우금속,2014,사업장,철강,14439.0,247.0,(재)한국품질재단,,NULL
90,산업통상자원부,(주)신한방,2014,사업장,섬유,23237.0,477.0,이큐에이㈜,,NULL
91,국토교통부,(주)신한은행,2014,업체,건물,88273.0,1356.0,㈜디엔브이지엘비즈니스어슈어런스코리아,,000010
92,산업통상자원부,(주)심팩메탈,2014,업체,철강,213968.0,2322.0,안진회계법인,,090730
93,산업통상자원부,(주)쌍용씨앤비,2014,업체,제지,102617.0,1648.0,(주)한국경영인증원,,NULL
94,산업통상자원부,(주)씨텍,2014,업체,산업단지,568509.0,7798.0,㈜한국품질보증원,,NULL
95,국토교통부,(주)아라리오,2014,사업장,건물,15690.0,320.0,㈜한국품질보증원,,NULL
96,산업통상자원부,(주)아진피앤피,2014,업체,제지,101286.0,1158.0,한국산업기술시험원,,NULL
97,산업통상자원부,(주)아트라스비엑스,2014,사업장,전기전자,31222.0,637.0,(재)한국화학융합시험연구원,,NULL
98,산업통상자원부,(주)에스아이플렉스,2014,사업장,반도체.디스플레이.전기전자,17933.0,366.0,(주)한국경영인증원,,NULL
99,산업통상자원부,(주)에스에이치에너지화학,2014,사업장,석유화학,17387.0,283.0,㈜한국품질보증원,,NULL
100,산업통상자원부,(주)에스제이금속,2014,사업장,철강,22685.0,390.0,(재)한국품질재단,,NULL
101,산업통상자원부,(주)에스파워,2014,업체,발전에너지,289299.0,5728.0,(재)한국품질재단,,NULL
102,산업통상자원부,(주)에이에스에이 김제공장,2014,사업장,자동차,17746.0,339.0,지속가능인증원주식회사,,NULL
103,산업통상자원부,(주)에이에스에이 전주공장,2014,사업장,자동차,27017.0,544.0,지속가능인증원주식회사,,NULL
104,산업통상자원부,(주)에이티세미콘,2014,사업장,반도체.디스플레이.전기전자,15011.0,308.0,한국표준협회,,089530
105,환경부,(주)엔아이티,2014,사업장,폐기물,231168.0,398.0,티유브이슈드코리아㈜,,NULL
106,산업통상자원부,(주)엘지생명과학,2014,사업장,석유화학,27067.0,541.0,한국표준협회,,068870
107,산업통상자원부,(주)엘지생활건강 울산공장,2014,사업장,석유화학,20693.0,410.0,(재)한국품질재단,,NULL
108,산업통상자원부,(주)엘지씨엔에스,2014,사업장,통신,33107.0,713.0,대일이엔씨기술(주),,064400
109,산업통상자원부,(주)엘지하우시스,2014,업체,석유화학,139140.0,2711.0,㈜디엔브이지엘비즈니스어슈어런스코리아,,NULL
110,산업통상자원부,(주)영신물산,2014,사업장,섬유,25194.0,345.0,한국표준협회,,NULL
111,농림축산식품부,(주)오뚜기 대풍공장,2014,사업장,음식료품,27160.0,547.0,(주)비에스아이그룹코리아,,NULL
112,산업통상자원부,(주)오미아코리아,2014,업체,석유화학,77509.0,1583.0,㈜디엔브이지엘비즈니스어슈어런스코리아,,NULL
113,산업통상자원부,(주)오영,2014,사업장,석유화학,18123.0,378.0,(재)한국품질재단,,NULL
114,농림축산식품부,(주)올품,2014,사업장,음식료품,21567.0,381.0,한국표준협회,,NULL
115,국토교통부,(주)용평리조트,2014,사업장,건물,31541.0,624.0,(재)한국품질재단,,NULL
116,산업통상자원부,(주)우룡,2014,업체,시멘트,174906.0,691.0,한국생산성본부인증원(주),,NULL
117,국토교통부,(주)우리은행,2014,업체,건물,93676.0,1421.0,㈜디엔브이지엘비즈니스어슈어런스코리아,,000030
118,산업통상자원부,(주)유니온,2014,업체,시멘트,207539.0,1802.0,한국표준협회,,000910
119,환경부,(주)유니큰 온산공장,2014,사업장,폐기물,96438.0,190.0,한국산업기술시험원,,NULL
120,국토교통부,(주)이마트,2014,업체,건물,482412.0,9833.0,한국표준협회,,139480
121,산업통상자원부,(주)이수페타시스,2014,사업장,전기전자,39720.0,635.0,이큐에이㈜,,007660
122,산업통상자원부,(주)이수화학,2014,업체,석유화학,302325.0,5296.0,한국표준협회,,005950
123,환경부,(주)이엠케이승경,2014,사업장,폐기물,69092.0,139.0,(주)한국경영인증원,,NULL
124,산업통상자원부,(주)인터플렉스,2014,사업장,전기전자,64971.0,1309.0,한국표준협회,,051370
125,산업통상자원부,(주)일진글로벌,2014,사업장,자동차,32098.0,660.0,한국표준협회,,NULL
126,산업통상자원부,(주)일진베어링 2공장,2014,사업장,자동차,15094.0,310.0,한국표준협회,,NULL
127,산업통상자원부,(주)전주페이퍼,2014,업체,제지,795501.0,13659.0,한국표준협회,,NULL
128,농림축산식품부,(주)정·식품,2014,사업장,음식료품,18347.0,364.0,한국표준협회,,NULL
129,산업통상자원부,(주)제이엠씨,2014,사업장,석유화학,29746.0,655.0,이큐에이㈜,,NULL
130,산업통상자원부,(주)젤텍,2014,사업장,석유화학,15589.0,313.0,한국표준협회,,NULL
131,산업통상자원부,(주)종근당바이오,2014,업체,석유화학,82340.0,1513.0,이큐에이㈜,,063160
132,국토교통부,(주)중앙고속,2014,업체,교통(여객),60453.0,854.0,(주)한국경영인증원,,NULL
133,산업통상자원부,(주)지엠씨,2014,사업장,광업,17341.0,356.0,(재)한국화학융합시험연구원,,NULL
134,국토교통부,(주)진에어,2014,업체,항공,111204.0,1596.0,한국표준협회,,272450
135,산업통상자원부,(주)진합,2014,사업장,자동차,27133.0,552.0,(주)신화엔지니어링종합건축사사무소,,NULL
136,산업통상자원부,(주)진흥주물 군산공장,2014,사업장,철강,21377.0,375.0,한국표준협회,,NULL
137,산업통상자원부,(주)진흥주물 인천공장,2014,사업장,철강,17230.0,298.0,한국표준협회,,NULL
138,농림축산식품부,(주)참프레,2014,사업장,음식료품,21604.0,433.0,한국표준협회,,NULL
139,농림축산식품부,(주)창해에탄올 익산사무소,2014,사업장,음식료품,15162.0,279.0,한국표준협회,,NULL
140,국토교통부,(주)천일고속,2014,사업장,교통(여객),29491.0,418.0,(주)한국경영인증원,,000650
141,농림축산식품부,(주)체리부로,2014,사업장,음식료품,15081.0,304.0,(주)한국경영인증원,,066360
142,산업통상자원부,(주)충남도시가스,2014,사업장,발전에너지,23725.0,467.0,티유브이슈드코리아㈜,,NULL
143,산업통상자원부,(주)충무화학정선,2014,업체,시멘트,88457.0,351.0,(재)한국품질재단,,NULL
144,산업통상자원부,(주)칼링크,2014,사업장,비철금속,24095.0,484.0,지속가능인증원주식회사,,NULL
145,산업통상자원부,(주)캐스텍코리아,2014,업체,자동차,52154.0,910.0,한국표준협회,,071850
146,산업통상자원부,(주)케이에프엔티,2014,사업장,석유화학,19129.0,436.0,(주)한국경영인증원,,NULL
147,산업통상자원부,(주)케이이씨,2014,사업장,반도체,53271.0,686.0,로이드인증원㈜,,NULL
148,농림축산식품부,(주)케이티앤지,2014,업체,음식료품,99425.0,1911.0,한국표준협회,,033780
149,산업통상자원부,(주)케이피켐텍,2014,사업장,섬유,32163.0,862.0,(재)한국품질재단,,NULL
150,산업통상자원부,(주)코다코,2014,사업장,자동차,22942.0,460.0,(재)한국품질재단,,046070
151,산업통상자원부,(주)코리아써키트,2014,업체,전기전자,91376.0,1825.0,(주)비에스아이그룹코리아,,007810
152,산업통상자원부,(주)코스모텍,2014,사업장,반도체.디스플레이.전기전자,20468.0,419.0,(주)한국경영인증원,,NULL
153,산업통상자원부,(주)코스틸,2014,업체,철강,65289.0,1157.0,산림조합중앙회,,NULL
154,산업통상자원부,(주)크린앤사이언스,2014,승인취소,제지,17205.0,363.0,(주)신화엔지니어링종합건축사사무소,,045520
155,산업통상자원부,(주)태광,2014,사업장,철강,15454.0,303.0,산림조합중앙회,,023160
156,산업통상자원부,(주)태우,2014,사업장,비철금속,22544.0,438.0,한국가스안전공사,,NULL
157,산업통상자원부,(주)태웅,2014,업체,기계,105108.0,2080.0,(주)한국경영인증원,,044490
158,산업통상자원부,(주)태평양금속,2014,사업장,기계,50794.0,1009.0,로이드인증원㈜,,NULL
159,산업통상자원부,(주)테크팩솔루션,2014,업체,유리,211289.0,3440.0,㈜디엔브이지엘비즈니스어슈어런스코리아,,NULL
160,산업통상자원부,(주)티씨씨동양,2014,사업장,철강,33167.0,700.0,한국표준협회,,NULL
161,농림축산식품부,(주)파리크라상 성남공장,2014,사업장,음식료품,18494.0,373.0,한국표준협회,,NULL
162,산업통상자원부,(주)퍼시픽글라스,2014,사업장,유리,39399.0,678.0,한국표준협회,,009080
163,산업통상자원부,(주)평화,2014,사업장,섬유,13519.0,249.0,한국표준협회,,NULL
164,농림축산식품부,(주)포레스코,2014,사업장,목재,29960.0,717.0,한국표준협회,,NULL
165,산업통상자원부,(주)풍농 장항공장,2014,사업장,석유화학,19969.0,352.0,이큐에이㈜,,NULL
166,산업통상자원부,(주)피케이엘,2014,사업장,반도체.디스플레이.전기전자,16325.0,330.0,로이드인증원㈜,,039870
167,산업통상자원부,(주)필맥스,2014,사업장,석유화학,28474.0,571.0,㈜한국품질보증원,,NULL
168,농림축산식품부,(주)하림,2014,업체,음식료품,67491.0,1310.0,(재)한국품질재단,,136480
169,산업통상자원부,(주)한국알스트롬,2014,사업장,제지,29191.0,630.0,(재)한국품질재단,,NULL
170,농림축산식품부,(주)한국인삼공사 고려인삼창(부여공장),2014,사업장,음식료품,21059.0,422.0,(주)한국경영인증원,,NULL
171,산업통상자원부,(주)한금 포항공장,2014,사업장,철강,20969.0,421.0,한국표준협회,,NULL
172,산업통상자원부,(주)한솔케미칼,2014,업체,석유화학,84966.0,1828.0,대일이엔씨기술(주),,014680
173,농림축산식품부,(주)한솔홈데코,2014,업체,목재,72157.0,1310.0,(주)한국경영인증원,,025750
174,국토교통부,(주)한일고속,2014,사업장,교통(여객),17101.0,242.0,(주)한국경영인증원,,NULL
175,산업통상자원부,(주)한주,2014,업체,산업단지,995859.0,12068.0,한국표준협회,,NULL
176,국토교통부,(주)한진,2014,업체,교통(화물),121618.0,1808.0,한국표준협회,,002320
177,산업통상자원부,(주)한창제지,2014,업체,제지,142733.0,2023.0,한국표준협회,,009460
178,산업통상자원부,(주)한화,2014,업체,석유화학,102701.0,1333.0,㈜디엔브이지엘비즈니스어슈어런스코리아,,000880
179,국토교통부,(주)현대백화점,2014,업체,건물,94812.0,1949.0,지속가능인증원주식회사,,069960
180,국토교통부,(주)현대아이파크몰,2014,사업장,건물,22532.0,460.0,(재)한국화학융합시험연구원,,NULL
181,산업통상자원부,(주)현대케피코,2014,사업장,자동차,22414.0,457.0,㈜디엔브이지엘비즈니스어슈어런스코리아,,NULL
182,산업통상자원부,(주)협화,2014,사업장,석유화학,14013.0,277.0,이큐에이㈜,,NULL
183,국토교통부,(주)호텔신라,2014,사업장,건물,23449.0,473.0,(재)한국품질재단,,008770
184,산업통상자원부,(주)화승알앤에이,2014,사업장,석유화학,22324.0,450.0,한국표준협회,,378850
185,산업통상자원부,(주)화승인더스트리,2014,사업장,석유화학,38069.0,774.0,이큐에이㈜,,006060
186,국토교통부,(주)휘닉스중앙평창,2014,사업장,건물,22750.0,447.0,대일이엔씨기술(주),,NULL
187,산업통상자원부,(주)흥아 양산1공장,2014,사업장,석유화학,16950.0,337.0,(재)한국화학융합시험연구원,,NULL
188,산업통상자원부,(주)흥아 양산2공장,2014,사업장,석유화학,15016.0,295.0,(재)한국화학융합시험연구원,,NULL
189,국토교통부,CJ대한통운(주),2014,업체,교통(화물),203037.0,3269.0,(주)한국경영인증원,,000120
190,농림축산식품부,CJ제일제당(주),2014,업체,음식료품,287314.0,6648.0,(재)한국화학융합시험연구원,,097950
191,국토교통부,GS건설(주),2014,업체,건설,98271.0,1822.0,한국표준협회,,006360
192,산업통상자원부,GS파워,2014,업체,집단에너지,1303496.0,25343.0,대일이엔씨기술(주),,NULL
193,산업통상자원부,JW생명과학(주),2014,사업장,석유화학,18603.0,454.0,한국표준협회,,234080
194,산업통상자원부,KPX그린케미칼(주),2014,사업장,석유화학,63228.0,1102.0,한국가스안전공사,,NULL
195,산업통상자원부,LG엠엠에이,2014,업체,석유화학,175410.0,2678.0,(주)한국경영인증원,,NULL
196,산업통상자원부,LS산전(주),2014,사업장,반도체.디스플레이.전기전자,18461.0,376.0,한국표준협회,,NULL
197,산업통상자원부,S&T모티브(주),2014,사업장,자동차,18993.0,386.0,이큐에이㈜,,NULL
198,산업통상자원부,S-Oil(주),2014,업체,정유,7438789.0,96983.0,한국표준협회,,010950
199,산업통상자원부,SK(주) 대덕 데이터센터,2014,사업장,통신,19009.0,391.0,한국표준협회,,NULL
200,산업통상자원부,SKbroadband(주),2014,업체,통신,254434.0,5207.0,한국표준협회,,NULL
201,국토교통부,SK네트웍스(주) 워커힐,2014,사업장,건물,26770.0,539.0,(주)비에스아이그룹코리아,,NULL
202,산업통상자원부,SK이노베이션(주),2014,업체,전기전자,142603.0,2893.0,한국표준협회,,096770
203,산업통상자원부,SK인천석유화학(주),2014,업체,석유화학,1140521.0,30435.0,한국표준협회,,NULL
204,산업통상자원부,STX 조선해양(주),2014,업체,조선,106407.0,1915.0,(재)한국품질재단,,NULL
205,산업통상자원부,STX엔진(주) 제1사업장,2014,사업장,기계,14170.0,250.0,㈜디엔브이지엘비즈니스어슈어런스코리아,,NULL
206,산업통상자원부,S＆T중공업(주),2014,사업장,자동차,20373.0,391.0,한국표준협회,,NULL
207,산업통상자원부,Y&T파워텍(주),2014,승인취소,자동차,19862.0,407.0,(주)비에스아이그룹코리아,,NULL
208,산업통상자원부,nexolon,2014,업체,반도체,138978.0,2858.0,㈜디엔브이지엘비즈니스어슈어런스코리아,,NULL
209,산업통상자원부,가온전선주식회사,2014,사업장,반도체.디스플레이.전기전자,17105.0,344.0,(주)한국경영인증원,,000500
210,국토교통부,가천대학교길병원,2014,사업장,건물,20594.0,417.0,한국표준협회,,NULL
211,국토교통부,가톨릭대학교 서울성모병원,2014,사업장,건물,39299.0,795.0,환경보전협회,,NULL
212,국토교통부,강남금융센터(주),2014,사업장,건물,16349.0,333.0,환경보전협회,,NULL
213,산업통상자원부,강남화성(주),2014,사업장,석유화학,19707.0,367.0,한국표준협회,,NULL
214,환경부,강릉공공하수처리시설,2014,사업장,폐기물,84289.0,182.0,(주)비에스아이그룹코리아,,NULL
215,국토교통부,강원대학교 춘천캠퍼스,2014,사업장,건물,19245.0,391.0,한국표준협회,,NULL
216,환경부,거제시,2014,업체,폐기물,72673.0,355.0,한국산업기술시험원,,NULL
217,국토교통부,건국대학교,2014,사업장,건물,27066.0,548.0,이큐에이㈜,,NULL
218,국토교통부,경북대학교,2014,업체,건물,33642.0,679.0,㈜한국품질보증원,,NULL
219,산업통상자원부,경산제지 주식회사,2014,업체,제지,98662.0,880.0,한국표준협회,,NULL
220,국토교통부,경원여객㈜,2014,업체,교통(여객),52881.0,967.0,한국표준협회,,NULL
221,국토교통부,경원여객자동차(주),2014,사업장,교통(여객),24432.0,346.0,(주)한국경영인증원,,NULL
222,환경부,경주시,2014,업체,폐기물,83314.0,908.0,㈜한국품질보증원,,NULL
223,산업통상자원부,경창산업(주)본사,2014,사업장,자동차,22835.0,469.0,한국표준협회,,NULL
224,산업통상자원부,고려강선(주),2014,업체,철강,112199.0,2290.0,로이드인증원㈜,,NULL
225,산업통상자원부,고려아연 주식회사,2014,업체,비철금속,2904901.0,40241.0,(재)한국품질재단,,010130
226,산업통상자원부,고려용접봉(주),2014,사업장,기계,21567.0,439.0,㈜한국품질보증원,,NULL
227,산업통상자원부,고려제강(주),2014,업체,철강,138796.0,2805.0,로이드인증원㈜,,002240
228,산업통상자원부,고려특수선재(주),2014,사업장,철강,18338.0,375.0,로이드인증원㈜,,NULL
229,산업통상자원부,고성조선해양(주),2014,사업장,조선,38364.0,679.0,(재)한국품질재단,,NULL
230,환경부,고양시,2014,업체,폐기물,281797.0,946.0,지속가능인증원주식회사,,NULL
231,국토교통부,공항철도(주),2014,업체,교통(철도),52719.0,1083.0,로이드인증원㈜,,NULL
232,환경부,광명시,2014,업체,폐기물,70135.0,300.0,㈜한국품질보증원,,NULL
233,국토교통부,광주과학기술원,2014,사업장,건물,16479.0,336.0,한국표준협회,,NULL
234,환경부,광주광역시,2014,업체,폐기물,958529.0,2486.0,(재)한국화학융합시험연구원,,NULL
235,국토교통부,광주광역시도시철도공사,2014,사업장,교통(철도),17805.0,365.0,한국표준협회,,NULL
236,산업통상자원부,광진산업(주),2014,업체,시멘트,67982.0,169.0,한국생산성본부인증원(주),,NULL
237,환경부,구리시,2014,업체,폐기물,134672.0,553.0,한국산업기술시험원,,NULL
238,환경부,구미시,2014,업체,폐기물,286254.0,1177.0,환경보전협회,,NULL
239,산업통상자원부,국도정밀(주),2014,사업장,석유화학,12836.0,323.0,(주)한국경영인증원,,NULL
240,산업통상자원부,국도화학(주),2014,업체,석유화학,58245.0,1096.0,(주)신화엔지니어링종합건축사사무소,,007690
241,국토교통부,국립대학법인 서울대학교,2014,업체,건물,117906.0,2394.0,(재)한국품질재단,,NULL
242,국토교통부,국방과학연구소,2014,사업장,건물,16277.0,330.0,한국표준협회,,NULL
243,산업통상자원부,국일제지(주),2014,사업장,제지,23011.0,463.0,(주)비에스아이그룹코리아,,078130
244,국토교통부,국회사무처,2014,사업장,건물,22029.0,454.0,한국표준협회,,NULL
245,환경부,군산시,2014,사업장,폐기물,111148.0,462.0,㈜한국품질보증원,,NULL
246,산업통상자원부,군장에너지주식회사,2014,업체,산업단지,1519503.0,16308.0,한국표준협회,,NULL
247,환경부,군포시,2014,사업장,폐기물,35517.0,184.0,한국표준협회,,NULL
248,국토교통부,금호고속(주),2014,업체,교통(여객),175890.0,2498.0,(주)한국경영인증원,,NULL
249,산업통상자원부,금호미쓰이화학 주식회사,2014,업체,석유화학,88488.0,1539.0,(재)한국품질재단,,NULL
250,산업통상자원부,금호석유화학 주식회사,2014,업체,석유화학,2082169.0,26877.0,한국표준협회,,011780
251,산업통상자원부,금호타이어(주),2014,업체,석유화학,303970.0,5990.0,지속가능인증원주식회사,,073240
252,산업통상자원부,금호폴리켐 주식회사,2014,업체,석유화학,263181.0,4028.0,(재)한국품질재단,,NULL
253,산업통상자원부,금호피앤비화학 주식회사,2014,업체,석유화학,595694.0,8155.0,한국표준협회,,NULL
254,산업통상자원부,기아자동차(주),2014,업체,자동차,794797.0,16055.0,㈜디엔브이지엘비즈니스어슈어런스코리아,,NULL
255,산업통상자원부,김천에너지서비스주식회사,2014,업체,산업단지,742894.0,7992.0,한국표준협회,,NULL
256,환경부,김해시,2014,업체,폐기물,166240.0,922.0,(주)신화엔지니어링종합건축사사무소,,NULL
257,산업통상자원부,깨끗한나라 주식회사,2014,업체,제지,396090.0,4934.0,(재)한국품질재단,,004540
258,산업통상자원부,나래에너지서비스 주식회사,2014,업체,집단에너지,18907.0,373.0,(주)한국경영인증원,,NULL
259,산업통상자원부,나영식산업㈜,2014,사업장,섬유,12452.0,224.0,한국표준협회,,NULL
260,산업통상자원부,남양금속주식회사,2014,업체,기계,103402.0,1884.0,㈜한국품질보증원,,NULL
261,농림축산식품부,남양유업(주),2014,업체,음식료품,96807.0,1939.0,한국표준협회,,003920
262,산업통상자원부,남해화학(주),2014,업체,석유화학,46693.0,883.0,(주)한국경영인증원,,025860
263,산업통상자원부,네이버 데이터센터 각,2014,사업장,통신,24740.0,508.0,한국표준협회,,NULL
264,산업통상자원부,넥센타이어(주),2014,업체,석유화학,180369.0,3564.0,(주)한국경영인증원,,002350
265,산업통상자원부,넥스틸(주),2014,사업장,철강,24223.0,497.0,㈜디엔브이지엘비즈니스어슈어런스코리아,,092790
266,산업통상자원부,노벨리스코리아 주식회사,2014,업체,비철금속,433918.0,8571.0,한국표준협회,,NULL
267,산업통상자원부,녹십자,2014,사업장,석유화학,25628.0,511.0,이큐에이㈜,,006280
268,국토교통부,농협은행(주),2014,업체,건물,90999.0,1257.0,한국표준협회,,NULL
269,산업통상자원부,능원금속공업 주식회사,2014,사업장,비철금속,27489.0,560.0,산림조합중앙회,,NULL
270,산업통상자원부,담우물산(주),2014,업체,시멘트,54157.0,174.0,한국생산성본부인증원(주),,NULL
271,환경부,대구광역시,2014,업체,폐기물,220072.0,2506.0,(재)한국화학융합시험연구원,,NULL
272,산업통상자원부,대구그린파워(주),2014,업체,발전에너지,123656.0,2454.0,이큐에이㈜,,NULL
273,국토교통부,대구도시철도공사,2014,업체,교통(철도),75375.0,1549.0,(주)한국경영인증원,,NULL
274,산업통상자원부,대구염색산업단지관리공단,2014,업체,산업단지,906894.0,10365.0,이큐에이㈜,,NULL
275,산업통상자원부,대구텍 유한회사,2014,사업장,비철금속,,,한국표준협회,2015년도 명세서 정보공개 심사위원회 결정,NULL
276,환경부,대구환경공단,2014,업체,폐기물,986460.0,2312.0,(재)한국화학융합시험연구원,,NULL
277,환경부,대길그린 주식회사,2014,사업장,폐기물,82574.0,125.0,이큐에이㈜,,NULL
278,산업통상자원부,대덕전자(주),2014,업체,전기전자,83629.0,1737.0,한국표준협회,,353200
279,산업통상자원부,대덕지디에스(주),2014,사업장,전기전자,31677.0,640.0,한국표준협회,,NULL
280,산업통상자원부,대동금속(주),2014,사업장,철강,26383.0,498.0,㈜한국품질보증원,,020400
281,산업통상자원부,대동산업주식회사,2014,업체,요업,48541.0,898.0,(주)신화엔지니어링종합건축사사무소,,NULL
282,산업통상자원부,대림산업 주식회사,2014,업체,석유화학,197226.0,3830.0,한국가스안전공사,,NULL
283,산업통상자원부,대림자동차공업(주),2014,사업장,자동차,35776.0,720.0,(주)한국경영인증원,,NULL
284,농림축산식품부,대상 주식회사,2014,업체,음식료품,296805.0,6373.0,한국표준협회,,001680
285,농림축산식품부,대성목재공업(주),2014,사업장,목재,28691.0,553.0,한국표준협회,,NULL
286,산업통상자원부,대성산업가스(주),2014,업체,석유화학,713660.0,14482.0,㈜한국품질보증원,,NULL
287,산업통상자원부,대성지엠텍(주),2014,사업장,광업,138233.0,372.0,한국생산성본부인증원(주),,NULL
288,산업통상자원부,대신염직공업(주),2014,사업장,섬유,16323.0,304.0,한국표준협회,,NULL
289,산업통상자원부,대양금속(주),2014,사업장,기계,18423.0,361.0,(재)한국품질재단,,009190
290,산업통상자원부,대양제지공업(주),2014,업체,제지,126774.0,1340.0,한국표준협회,,006580
291,산업통상자원부,대왕제지공업(주)소룡동지점,2014,사업장,제지,20349.0,348.0,한국생산성본부인증원(주),,NULL
292,산업통상자원부,대용산업,2014,사업장,비철금속,22693.0,466.0,㈜디엔브이지엘비즈니스어슈어런스코리아,,NULL
293,산업통상자원부,대우조선해양(주),2014,업체,조선,450438.0,7364.0,한국표준협회,,NULL
294,산업통상자원부,대원강업(주),2014,사업장,자동차,30515.0,612.0,티유브이슈드코리아㈜,,000430
295,산업통상자원부,대원화성(주),2014,사업장,석유화학,22178.0,433.0,한국표준협회,,024890
296,환경부,대일개발 주식회사,2014,사업장,폐기물,57043.0,195.0,티유브이슈드코리아㈜,,NULL
297,환경부,대전광역시,2014,업체,폐기물,479760.0,1770.0,한국산업기술시험원,,NULL
298,국토교통부,대전광역시도시철도공사,2014,사업장,교통(철도),18571.0,381.0,(주)한국경영인증원,,NULL
299,산업통상자원부,대전열병합발전주식회사,2014,업체,산업단지,230367.0,3629.0,한국표준협회,,NULL
300,산업통상자원부,대창단조(주),2014,사업장,기계,23765.0,478.0,이큐에이㈜,,015230
301,산업통상자원부,대한방직(주),2014,사업장,섬유,35029.0,534.0,한국표준협회,,001070
302,산업통상자원부,대한석탄공사,2014,사업장,광업,230605.0,540.0,한국생산성본부인증원(주),,NULL
303,산업통상자원부,대한소결금속(주),2014,사업장,자동차,23985.0,482.0,한국표준협회,,NULL
304,산업통상자원부,대한슬래그 주식회사,2014,사업장,유리 · 요업,19536.0,395.0,한국표준협회,,NULL
305,산업통상자원부,대한시멘트주식회사,2014,사업장,시멘트,76666.0,1375.0,한국표준협회,,NULL
306,산업통상자원부,대한유화 주식회사,2014,업체,석유화학,1064228.0,21672.0,한국가스안전공사,,006650
307,산업통상자원부,대한전선 주식회사,2014,사업장,기계,42284.0,846.0,이큐에이㈜,,001440
308,산업통상자원부,대한제강(주),2014,업체,철강,523241.0,9125.0,한국표준협회,,084010
309,농림축산식품부,대한제당 주식회사,2014,업체,음식료품,76172.0,1515.0,한국표준협회,,001790
310,농림축산식품부,대한제분(주),2014,사업장,음식료품,20251.0,415.0,대일이엔씨기술(주),,001130
311,산업통상자원부,대한제지주식회사,2014,업체,제지,208589.0,2459.0,한국표준협회,,NULL
312,산업통상자원부,대한특수금속(주),2014,사업장,철강,19048.0,335.0,㈜한국품질보증원,,NULL
313,국토교통부,대한항공,2014,업체,항공,653245.0,9716.0,㈜디엔브이지엘비즈니스어슈어런스코리아,,003490
314,산업통상자원부,대한화섬(주),2014,업체,섬유,68599.0,1566.0,한국표준협회,,003830
315,산업통상자원부,덴소코리아오토모티브(주),2014,사업장,자동차,15614.0,312.0,한국표준협회,,NULL
316,산업통상자원부,도레이배터리세퍼레이터필름한국 유한회사,2014,사업장,전기전자,27523.0,554.0,한국표준협회,,NULL
317,산업통상자원부,도레이첨단소재 주식회사,2014,업체,섬유,402272.0,8042.0,(재)한국품질재단,,NULL
318,산업통상자원부,도레이케미칼 주식회사,2014,업체,섬유,185756.0,3696.0,(주)비에스아이그룹코리아,,008000
319,산업통상자원부,동국산업(주),2014,사업장,철강,37773.0,777.0,환경보전협회,,005160
320,산업통상자원부,동국제강 주식회사,2014,업체,철강,1866448.0,33281.0,안진회계법인,,460860
321,산업통상자원부,동남정밀 주식회사,2014,사업장,자동차,20639.0,417.0,한국표준협회,,NULL
322,산업통상자원부,동두천드림파워,2014,업체,발전에너지,104012.0,2025.0,한국표준협회,,NULL
323,환경부,동두천시공공하수처리장,2014,사업장,폐기물,26133.0,169.0,한국표준협회,,NULL
324,산업통상자원부,동부대우전자 주식회사,2014,사업장,기계,24179.0,482.0,이큐에이㈜,,NULL
325,산업통상자원부,동부인천스틸주식회사,2014,업체,철강,126735.0,2738.0,(재)한국품질재단,,NULL
326,산업통상자원부,동부제철 주식회사,2014,업체,철강,1044945.0,17236.0,(재)한국품질재단,,NULL
327,산업통상자원부,동서석유화학 주식회사,2014,업체,석유화학,401082.0,1749.0,로이드인증원㈜,,NULL
328,농림축산식품부,동서식품㈜,2014,업체,음식료품,142933.0,2774.0,한국표준협회,,NULL
329,산업통상자원부,동서페더럴모굴(주),2014,사업장,자동차,21717.0,441.0,(주)비에스아이그룹코리아,,NULL
330,산업통상자원부,동아타이어공업(주),2014,사업장,석유화학,18483.0,367.0,한국표준협회,,282690
331,산업통상자원부,동양시멘트 주식회사,2014,업체,시멘트,7189741.0,37628.0,(재)한국품질재단,,NULL
332,환경부,동양에코 주식회사,2014,업체,폐기물,225606.0,125.0,이큐에이㈜,,NULL
333,산업통상자원부,동양주공㈜,2014,사업장,철강,16711.0,311.0,이큐에이㈜,,NULL
334,산업통상자원부,동양피스톤(주),2014,사업장,자동차,27712.0,563.0,이큐에이㈜,,NULL
335,산업통상자원부,동우화인켐주식회사,2014,업체,석유화학,367783.0,6522.0,이큐에이㈜,,NULL
336,산업통상자원부,동원페이퍼 주식회사,2014,업체,제지,106322.0,822.0,이큐에이㈜,,NULL
337,산업통상자원부,동은단조(주),2014,사업장,기계,18442.0,376.0,(주)비에스아이그룹코리아,,NULL
338,산업통상자원부,동일금속,2014,사업장,철강,17173.0,326.0,한국표준협회,,109860
339,산업통상자원부,동일방직(주) 장항공장,2014,사업장,섬유,23259.0,478.0,티유브이슈드코리아㈜,,NULL
340,산업통상자원부,동일산업주식회사,2014,업체,철강,392272.0,4585.0,한국표준협회,,004890
341,산업통상자원부,동일제강(주),2014,사업장,철강,30699.0,549.0,한국표준협회,,002690
342,농림축산식품부,동화기업(주),2014,업체,목재,119444.0,4040.0,한국표준협회,,025900
343,산업통상자원부,동화지앤피주식회사,2014,사업장,유리 · 요업,17469.0,269.0,㈜한국품질보증원,,NULL
344,산업통상자원부,동희오토(주),2014,사업장,자동차,45026.0,905.0,(주)한국경영인증원,,NULL
345,산업통상자원부,두산건설(주) 창원1공장,2014,사업장,기계,17450.0,312.0,(주)한국경영인증원,,NULL
346,산업통상자원부,두산엔진(주),2014,사업장,기계,38470.0,657.0,㈜디엔브이지엘비즈니스어슈어런스코리아,,NULL
347,산업통상자원부,두산인프라코어(주),2014,업체,기계,154998.0,2990.0,(재)한국품질재단,,NULL
348,산업통상자원부,두산중공업 주식회사,2014,업체,기계,284794.0,5278.0,(재)한국품질재단,,NULL
349,산업통상자원부,두원중공업(주),2014,사업장,기계,31200.0,634.0,(주)신화엔지니어링종합건축사사무소,,NULL
350,산업통상자원부,디에스파워 주식회사,2014,업체,집단에너지,73646.0,1459.0,한국표준협회,,NULL
351,산업통상자원부,디케이동신(주),2014,사업장,철강,18216.0,372.0,환경보전협회,,NULL
352,산업통상자원부,디케이아즈텍 주식회사,2014,사업장,반도체,27546.0,567.0,㈜한국품질보증원,,NULL
353,국토교통부,롯데건설(주),2014,업체,건설,64159.0,1231.0,한국표준협회,,NULL
354,농림축산식품부,롯데네슬레코리아(주),2014,사업장,음식료품,34546.0,907.0,(재)한국품질재단,,NULL
355,산업통상자원부,롯데비피화학 주식회사,2014,업체,석유화학,136657.0,2112.0,한국표준협회,,NULL
356,국토교통부,롯데쇼핑 주식회사,2014,업체,건물,781336.0,15481.0,한국표준협회,,023530
357,산업통상자원부,롯데알미늄 주식회사,2014,업체,비철금속,100700.0,2022.0,(재)한국품질재단,,NULL
358,산업통상자원부,롯데엠알시 주식회사,2014,업체,석유화학,341320.0,2936.0,한국표준협회,,NULL
359,산업통상자원부,롯데정밀화학 주식회사,2014,업체,석유화학,643626.0,13701.0,로이드인증원㈜,,004000
360,산업통상자원부,롯데정보통신(주),2014,승인취소,통신,17397.0,357.0,한국표준협회,,NULL
361,농림축산식품부,롯데제과 주식회사,2014,업체,음식료품,129632.0,2550.0,(재)한국품질재단,,NULL
362,농림축산식품부,롯데칠성음료 주식회사,2014,업체,음식료품,131506.0,2346.0,(재)한국품질재단,,005300
363,산업통상자원부,롯데케미칼 주식회사,2014,업체,석유화학,5846817.0,112860.0,(재)한국품질재단,,011170
364,농림축산식품부,롯데푸드(주),2014,업체,음식료품,108195.0,2132.0,(주)한국경영인증원,,002270
365,산업통상자원부,르노삼성자동차(주),2014,업체,자동차,85612.0,1822.0,(재)한국품질재단,,NULL
366,산업통상자원부,마이스코 본산,2014,사업장,철강,13210.0,261.0,이큐에이㈜,,NULL
367,산업통상자원부,만호제강(주),2014,사업장,철강,32885.0,668.0,이큐에이㈜,,001080
368,산업통상자원부,매그나칩반도체(유),2014,업체,반도체,872576.0,6077.0,(주)비에스아이그룹코리아,,NULL
369,농림축산식품부,매일유업(주),2014,업체,음식료품,108066.0,2040.0,한국표준협회,,267980
370,산업통상자원부,무림에스피(주),2014,업체,제지,49300.0,989.0,(재)한국화학융합시험연구원,,NULL
371,산업통상자원부,무림파워텍 주식회사,2014,업체,산업단지,229624.0,3280.0,(재)한국화학융합시험연구원,,NULL
372,산업통상자원부,무림페이퍼(주),2014,업체,제지,248734.0,5507.0,(재)한국화학융합시험연구원,,009200
373,산업통상자원부,무림피앤피(주),2014,업체,제지,243677.0,13168.0,(재)한국화학융합시험연구원,,NULL
374,산업통상자원부,미래나노텍(주),2014,사업장,반도체.디스플레이.전기전자,20642.0,420.0,(주)한국경영인증원,,095500
375,산업통상자원부,미원스페셜티케미칼(주),2014,사업장,석유화학,17954.0,668.0,한국표준협회,,NULL
376,산업통상자원부,발레오전장시스템코리아(주),2014,사업장,반도체.디스플레이.전기전자,16899.0,346.0,(주)비에스아이그룹코리아,,NULL
377,산업통상자원부,백광산업 주식회사,2014,업체,석유화학,197368.0,3894.0,대일이엔씨기술(주),,NULL
378,환경부,베올리아워터자원개발 주식회사,2014,업체,수도,56953.0,1172.0,(재)한국품질재단,,NULL
379,환경부,베올리아워터코리아대산(주),2014,업체,수도,93493.0,1918.0,(주)한국경영인증원,,NULL
380,산업통상자원부,별내에너지,2014,업체,집단에너지,137605.0,2785.0,한국생산성본부인증원(주),,NULL
381,산업통상자원부,보명실업㈜,2014,사업장,섬유,10007.0,175.0,이큐에이㈜,,NULL
382,산업통상자원부,보워터코리아 유한회사,2014,업체,제지,148223.0,2670.0,㈜한국품질보증원,,NULL
383,산업통상자원부,볼보그룹코리아(주),2014,사업장,기계,25382.0,487.0,한국표준협회,,NULL
384,환경부,부산광역시,2014,업체,폐기물,1364819.0,8323.0,(재)한국화학융합시험연구원,,NULL
385,국토교통부,부산교통공사,2014,업체,교통(철도),154372.0,3173.0,한국표준협회,,NULL
386,국토교통부,부산대학교,2014,사업장,건물,23040.0,470.0,㈜한국품질보증원,,NULL
387,산업통상자원부,부산정관에너지(주),2014,사업장,집단에너지,49041.0,969.0,(재)한국품질재단,,NULL
388,산업통상자원부,부산주공(주),2014,업체,자동차,119045.0,2193.0,㈜한국품질보증원,,005030
389,산업통상자원부,부산패션칼라산업협동조합,2014,업체,산업단지,199752.0,2833.0,티유브이슈드코리아㈜,,NULL
390,환경부,부천시,2014,업체,폐기물,468979.0,1226.0,한국산업기술시험원,,NULL
391,산업통상자원부,부흥석회,2014,사업장,시멘트,40441.0,136.0,한국표준협회,,NULL
392,환경부,비노텍 주식회사,2014,사업장,폐기물,94647.0,116.0,티유브이슈드코리아㈜,,NULL
393,국토교통부,사회복지법인 삼성생명공익재단,2014,업체,건물,66774.0,1353.0,(재)한국품질재단,,NULL
394,산업통상자원부,삼강엠앤티,2014,사업장,조선,26691.0,438.0,한국표준협회,,NULL
395,산업통상자원부,삼광글라스(주),2014,업체,유리,202565.0,3351.0,안진회계법인,,NULL
396,산업통상자원부,삼남석유화학주식회사,2014,업체,석유화학,286975.0,3646.0,환경보전협회,,NULL
397,산업통상자원부,삼미금속(주),2014,사업장,철강,20924.0,421.0,한국표준협회,,012210
398,산업통상자원부,삼보산업 주식회사,2014,사업장,비철금속,28051.0,424.0,이큐에이㈜,,009620
399,산업통상자원부,삼성디스플레이 주식회사,2014,업체,디스플레이,5755220.0,74284.0,(재)한국품질재단,,NULL
402,산업통상자원부,삼성바이오로직스 주식회사,2014,사업장,석유화학,29211.0,592.0,㈜디엔브이지엘비즈니스어슈어런스코리아,,207940
403,국토교통부,삼성생명보험 주식회사,2014,업체,건물,616818.0,12865.0,(재)한국품질재단,,NULL
404,산업통상자원부,삼성에스디아이 주식회사,2014,업체,전기전자,866284.0,17428.0,(재)한국품질재단,,NULL
405,산업통상자원부,삼성에스디에스(주),2014,업체,전기전자,92451.0,1886.0,(주)한국경영인증원,,018260
406,산업통상자원부,삼성전기 주식회사,2014,업체,전기전자,414467.0,8711.0,(주)비에스아이그룹코리아,,009150
407,산업통상자원부,삼성전자 주식회사,2014,업체,반도체,6772105.0,101320.0,(재)한국품질재단,,005930
408,산업통상자원부,삼성중공업 주식회사,2014,업체,조선,462494.0,7497.0,㈜디엔브이지엘비즈니스어슈어런스코리아,,010140
409,산업통상자원부,삼성코닝어드밴스드 글라스,2014,사업장,디스플레이,21596.0,449.0,로이드인증원㈜,,NULL
410,농림축산식품부,삼양식품(주) 원주공장,2014,사업장,음식료품,21189.0,407.0,(주)비에스아이그룹코리아,,NULL
411,산업통상자원부,삼양이노켐 주식회사,2014,업체,석유화학,79927.0,1496.0,환경보전협회,,NULL
412,산업통상자원부,삼양통상(주),2014,사업장,섬유,16635.0,334.0,한국표준협회,,002170
413,산업통상자원부,삼양화성주식회사,2014,업체,석유화학,139564.0,2481.0,환경보전협회,,NULL
414,산업통상자원부,삼영산업,2014,사업장,요업,28549.0,512.0,이큐에이㈜,,NULL
415,산업통상자원부,삼영엠텍(주),2014,사업장,철강,17176.0,347.0,한국표준협회,,054540
416,산업통상자원부,삼영전자공업(주),2014,업체,전기전자,177733.0,3649.0,한국산업기술시험원,,005680
417,산업통상자원부,삼영화학공업(주),2014,사업장,석유화학,32624.0,664.0,한국표준협회,,NULL
418,산업통상자원부,삼우중공업 주식회사,2014,사업장,조선,23380.0,426.0,한국표준협회,,NULL
419,산업통상자원부,삼일제지(주),2014,사업장,제지,11943.0,240.0,이큐에이㈜,,NULL
420,산업통상자원부,삼정펄프(주),2014,업체,제지,163429.0,1482.0,(주)비에스아이그룹코리아,,009770
421,산업통상자원부,삼표기초소재 주식회사,2014,사업장,시멘트,28210.0,571.0,한국표준협회,,NULL
422,산업통상자원부,삼호제강주식회사,2014,사업장,철강,15553.0,310.0,이큐에이㈜,,NULL
423,산업통상자원부,삼화제지(주),2014,사업장,제지,47486.0,785.0,한국표준협회,,NULL
424,산업통상자원부,삼흥열처리,2014,사업장,기계,27000.0,546.0,한국표준협회,,NULL
425,산업통상자원부,새론오토모티브(주),2014,사업장,자동차,16281.0,331.0,이큐에이㈜,,075180
426,농림축산식품부,서안주정(주),2014,사업장,음식료품,21076.0,258.0,지속가능인증원주식회사,,NULL
427,농림축산식품부,서영주정(주),2014,사업장,음식료품,23554.0,432.0,안진회계법인,,NULL
428,국토교통부,서울대학교병원,2014,업체,건물,73858.0,1505.0,환경보전협회,,NULL
429,국토교통부,서울메트로,2014,업체,교통(철도),333857.0,7027.0,㈜디엔브이지엘비즈니스어슈어런스코리아,,NULL
430,산업통상자원부,서울바이오시스(주),2014,사업장,반도체,76159.0,1140.0,로이드인증원㈜,,092190
431,산업통상자원부,서울반도체,2014,사업장,반도체.디스플레이.전기전자,15570.0,313.0,로이드인증원㈜,,046890
432,국토교통부,서울시메트로 9호선(주),2014,사업장,교통(철도),39733.0,816.0,한국표준협회,,NULL
433,농림축산식품부,서울우유협동조합,2014,업체,음식료품,70038.0,1374.0,한국표준협회,,NULL
434,환경부,서울특별시,2014,업체,폐기물,3276995.0,20882.0,이큐에이㈜,,NULL
435,국토교통부,서울특별시농수산식품공사,2014,사업장,건물,40155.0,823.0,(주)한국경영인증원,,NULL
436,국토교통부,서울특별시도시철도공사,2014,업체,교통(철도),291601.0,6000.0,한국산업기술시험원,,NULL
437,국토교통부,서울파이낸스센터(주),2014,사업장,건물,19298.0,394.0,한국생산성본부인증원(주),,NULL
438,산업통상자원부,서한이앤피주식회사,2014,업체,기계,65375.0,1294.0,이큐에이㈜,,NULL
439,산업통상자원부,선도화학(주),2014,사업장,석유화학,19902.0,409.0,한국가스안전공사,,NULL
440,농림축산식품부,선창산업(주),2014,업체,목재,77253.0,3517.0,한국표준협회,,NULL
441,환경부,성남시,2014,업체,폐기물,424602.0,2132.0,(재)한국화학융합시험연구원,,NULL
442,산업통상자원부,성동조선해양 주식회사,2014,업체,조선,83350.0,1429.0,한국표준협회,,NULL
443,환경부,성림유화 주식회사,2014,업체,폐기물,231182.0,203.0,티유브이슈드코리아㈜,,NULL
444,산업통상자원부,성보공업(주),2014,사업장,철강,22405.0,451.0,한국표준협회,,NULL
445,산업통상자원부,성신양회(주),2014,업체,시멘트,5586612.0,28211.0,한국표준협회,,004980
446,산업통상자원부,성안합섬(주),2014,업체,섬유,71662.0,1410.0,안진회계법인,,NULL
447,산업통상자원부,성일요업주식회사,2014,사업장,유리 · 요업,18047.0,345.0,한국표준협회,,NULL
448,농림축산식품부,성창보드(주),2014,사업장,목재,24147.0,521.0,한국표준협회,,NULL
449,산업통상자원부,성훈엔지니어링주식회사,2014,사업장,비철금속,46731.0,857.0,한국가스안전공사,,NULL
450,산업통상자원부,세방전지(주),2014,업체,전기전자,104657.0,2132.0,이큐에이㈜,,004490
451,산업통상자원부,세일철강(주),2014,사업장,철강,19835.0,398.0,(재)한국품질재단,,NULL
452,산업통상자원부,세하(주),2014,업체,제지,156302.0,1752.0,한국표준협회,,NULL
453,산업통상자원부,세화금속공업(주) 다산공장,2014,사업장,철강,19090.0,345.0,이큐에이㈜,,NULL
454,산업통상자원부,셀트리온,2014,사업장,석유화학,44450.0,900.0,산림조합중앙회,,068270
455,산업통상자원부,셰플러코리아(유),2014,업체,기계,101266.0,2070.0,티유브이슈드코리아㈜,,NULL
456,산업통상자원부,솔베이실리카코리아(주),2014,업체,석유화학,61990.0,1041.0,한국표준협회,,NULL
457,산업통상자원부,솔브레인에스엘디 주식회사,2014,사업장,디스플레이,34188.0,701.0,㈜한국품질보증원,,NULL
458,산업통상자원부,송원산업(주),2014,업체,석유화학,136323.0,2740.0,한국표준협회,,004430
459,산업통상자원부,송학제지(주),2014,사업장,제지,39223.0,318.0,이큐에이㈜,,NULL
460,환경부,수도권매립지관리공사,2014,업체,폐기물,1411698.0,1753.0,이큐에이㈜,,NULL
461,산업통상자원부,수완에너지 주식회사,2014,업체,집단에너지,172113.0,3411.0,대일이엔씨기술(주),,NULL
462,환경부,수원시,2014,업체,폐기물,277312.0,1284.0,(재)한국품질재단,,NULL
463,국토교통부,수원애경역사(주),2014,사업장,건물,17018.0,346.0,환경보전협회,,NULL
464,환경부,순천시,2014,업체,폐기물,143322.0,422.0,한국산업기술시험원,,NULL
465,산업통상자원부,스테코(주),2014,사업장,반도체,26329.0,539.0,한국표준협회,,NULL
466,산업통상자원부,스템코(주),2014,사업장,반도체,36739.0,749.0,(주)한국경영인증원,,NULL
467,산업통상자원부,시그네틱스(주),2014,사업장,반도체,41282.0,840.0,(주)한국경영인증원,,033170
468,환경부,시흥시,2014,업체,폐기물,79326.0,614.0,한국생산성본부인증원(주),,NULL
469,산업통상자원부,신대양제지(주),2014,업체,제지,302337.0,3849.0,한국표준협회,,016590
470,산업통상자원부,신대일제지공업(주),2014,업체,제지,79513.0,374.0,이큐에이㈜,,NULL
471,환경부,신대한정유산업 주식회사,2014,업체,폐기물,106826.0,90.0,(주)한국경영인증원,,NULL
472,국토교통부,신분당선(주),2014,사업장,교통(화물),19703.0,405.0,(주)한국경영인증원,,NULL
473,국토교통부,신안종합리조트(주),2014,사업장,건물,14946.0,291.0,한국표준협회,,NULL
474,산업통상자원부,신양금속공업(주) 반월공장,2014,사업장,비철금속,17256.0,301.0,한국표준협회,,NULL
475,산업통상자원부,신양금속공업(주) 제1공장,2014,사업장,비철금속,16317.0,333.0,한국표준협회,,NULL
476,산업통상자원부,신창제지공업주식회사,2014,사업장,제지,29524.0,599.0,(재)한국화학융합시험연구원,,NULL
477,산업통상자원부,신풍제지(주),2014,업체,제지,108077.0,1677.0,한국표준협회,,NULL
478,산업통상자원부,신한중공업(주),2014,사업장,조선,26385.0,436.0,한국표준협회,,NULL
479,산업통상자원부,쌍용기초소재(주),2014,사업장,시멘트,14029.0,245.0,한국표준협회,,NULL
480,산업통상자원부,쌍용머티리얼(주),2014,사업장,자동차,35137.0,702.0,(재)한국품질재단,,NULL
481,산업통상자원부,쌍용양회공업 주식회사,2014,업체,시멘트,11722790.0,59807.0,한국표준협회,,NULL
482,산업통상자원부,쌍용자동차(주),2014,업체,자동차,140718.0,2802.0,㈜한국품질보증원,,NULL
483,국토교통부,쌍용해운(주),2014,업체,교통(해운),87431.0,1215.0,㈜디엔브이지엘비즈니스어슈어런스코리아,,NULL
484,국토교통부,씨월드고속훼리(주),2014,업체,교통(해운),52271.0,724.0,(주)한국경영인증원,,NULL
485,산업통상자원부,씨지앤대산전력 주식회사,2014,업체,발전 · 에너지,22135.0,330.0,㈜한국품질보증원,,NULL
486,산업통상자원부,씨지앤율촌전력 주식회사,2014,업체,발전 · 에너지,2595416.0,50989.0,㈜한국품질보증원,,NULL
487,산업통상자원부,아반스트레이트코리아 주식회사,2014,업체,유리,54203.0,1069.0,㈜한국품질보증원,,NULL
488,산업통상자원부,아사히초자화인테크노한국주식회사,2014,업체,유리,,,㈜디엔브이지엘비즈니스어슈어런스코리아,2015년도 명세서 정보공개 심사위원회 결정,NULL
489,산업통상자원부,아사히피디글라스한국(주),2014,업체,유리,,,㈜디엔브이지엘비즈니스어슈어런스코리아,2015년도 명세서 정보공개 심사위원회 결정,NULL
490,환경부,아산시,2014,사업장,폐기물,49688.0,338.0,(주)신화엔지니어링종합건축사사무소,,NULL
491,산업통상자원부,아세아시멘트 주식회사,2014,업체,시멘트,3052791.0,17865.0,한국표준협회,,183190
492,산업통상자원부,아세아아세틸스 주식회사,2014,업체,석유화학,38683.0,1030.0,한국표준협회,,NULL
493,산업통상자원부,아세아제지(주),2014,업체,제지,496041.0,3560.0,한국표준협회,,002310
494,국토교통부,아시아나항공,2014,업체,항공,348375.0,2315.0,로이드인증원㈜,,020560
495,산업통상자원부,아이에스동서(주),2014,사업장,유리 · 요업,86155.0,1620.0,한국표준협회,,010780
496,국토교통부,아주대학교의료원,2014,사업장,건물,24033.0,486.0,한국생산성본부인증원(주),,NULL
497,산업통상자원부,아주베스틸(주),2014,사업장,철강,37886.0,774.0,한국표준협회,,NULL
498,환경부,안동시공공하수처리장,2014,사업장,폐기물,51813.0,185.0,(재)한국품질재단,,NULL
499,산업통상자원부,안산도시개발(주),2014,업체,집단에너지,8544.0,169.0,한국가스안전공사,,NULL
500,환경부,안산시,2014,업체,폐기물,249330.0,1387.0,㈜한국품질보증원,,NULL
501,환경부,안양시,2014,업체,폐기물,153502.0,821.0,㈜한국품질보증원,,NULL
502,산업통상자원부,애경유화(주),2014,업체,석유화학,169437.0,1071.0,한국표준협회,,NULL
503,산업통상자원부,앰코테크놀로지코리아(주),2014,업체,반도체,176448.0,3586.0,(주)비에스아이그룹코리아,,NULL
504,국토교통부,양산부산대학교병원,2014,사업장,건물,16462.0,335.0,(주)신화엔지니어링종합건축사사무소,,NULL
505,환경부,양산시,2014,업체,폐기물,75467.0,703.0,(재)한국품질재단,,NULL
506,환경부,양주시,2014,사업장,폐기물,49996.0,631.0,㈜한국품질보증원,,NULL
507,산업통상자원부,에너원(주),2014,업체,발전 · 에너지,43130.0,501.0,(주)한국경영인증원,,NULL
508,산업통상자원부,에스에스엘엠 주식회사,2014,사업장,반도체,41199.0,847.0,한국표준협회,,NULL
509,산업통상자원부,에스엔에프코리아(주) 울산공장,2014,사업장,석유화학,23726.0,476.0,(재)한국화학융합시험연구원,,NULL
510,산업통상자원부,에스엠피 주식회사,2014,사업장,석유화학,24803.0,659.0,한국표준협회,,NULL
511,산업통상자원부,에스케이루브리컨츠 주식회사,2014,업체,정유,240374.0,6539.0,한국표준협회,,NULL
512,산업통상자원부,에스케이머티리얼즈 주식회사,2014,업체,석유화학,137986.0,2825.0,한국가스안전공사,,036490
513,산업통상자원부,에스케이씨 주식회사,2014,업체,석유화학,837890.0,14446.0,한국표준협회,,NULL
514,산업통상자원부,에스케이씨솔믹스주식회사,2014,사업장,반도체,28304.0,582.0,한국표준협회,,NULL
515,산업통상자원부,에스케이씨코오롱피아이 주식회사 구미공장,2014,사업장,석유화학,23041.0,449.0,(주)비에스아이그룹코리아,,NULL
516,산업통상자원부,에스케이씨코오롱피아이 주식회사 진천공장,2014,사업장,석유화학,22181.0,453.0,(주)비에스아이그룹코리아,,NULL
517,산업통상자원부,에스케이씨하스디스플레이필름(유),2014,사업장,석유화학,34185.0,689.0,로이드인증원㈜,,NULL
518,산업통상자원부,에스케이에너지 주식회사,2014,업체,정유,7505854.0,82009.0,한국표준협회,,NULL
519,산업통상자원부,에스케이에어가스주식회사,2014,업체,석유화학,124829.0,2578.0,한국표준협회,,NULL
520,산업통상자원부,에스케이유화 주식회사,2014,업체,석유화학,146401.0,2432.0,㈜디엔브이지엘비즈니스어슈어런스코리아,,NULL
521,산업통상자원부,에스케이이엔에스 주식회사,2014,업체,발전 · 에너지,2012942.0,41376.0,(주)한국경영인증원,,NULL
522,산업통상자원부,에스케이종합화학 주식회사,2014,업체,석유화학,3467929.0,77620.0,한국표준협회,,NULL
523,산업통상자원부,에스케이케미칼 주식회사,2014,업체,석유화학,520131.0,7709.0,㈜디엔브이지엘비즈니스어슈어런스코리아,,285130
524,산업통상자원부,에스케이텔레콤 주식회사,2014,업체,통신,733635.0,15063.0,로이드인증원㈜,,017670
525,산업통상자원부,에스케이하이닉스 주식회사,2014,업체,반도체,3167603.0,41753.0,(주)비에스아이그룹코리아,,000660
526,농림축산식품부,에스피엘(주),2014,사업장,음식료품,22452.0,458.0,(주)비에스아이그룹코리아,,NULL
527,산업통상자원부,에어리퀴드코리아 주식회사,2014,업체,석유화학,281394.0,3507.0,로이드인증원㈜,,NULL
528,국토교통부,에어부산(주),2014,업체,항공,153538.0,2197.0,한국표준협회,,298690
529,산업통상자원부,에어프로덕츠코리아 주식회사,2014,업체,석유화학,647125.0,13290.0,로이드인증원㈜,,NULL
530,산업통상자원부,에이에스이코리아주식회사,2014,업체,반도체,73579.0,1493.0,(재)한국품질재단,,NULL
531,산업통상자원부,에이지씨디스플레이글라스 오창 주식회사,2014,사업장,유리 · 요업,19398.0,398.0,㈜디엔브이지엘비즈니스어슈어런스코리아,,NULL
532,산업통상자원부,에코플라스틱(주) 1공장,2014,사업장,자동차,19724.0,401.0,(재)한국품질재단,,NULL
533,산업통상자원부,엘앤에프,2014,승인취소,반도체.디스플레이.전기전자,18942.0,367.0,(주)한국경영인증원,,066970
534,산업통상자원부,엘에스니꼬 동제련 주식회사,2014,업체,비철금속,484093.0,7677.0,한국표준협회,,NULL
535,산업통상자원부,엘에스메탈 주식회사,2014,사업장,비철금속,27921.0,570.0,㈜한국품질보증원,,NULL
536,산업통상자원부,엘에스엠트론(주),2014,업체,비철금속,108856.0,2206.0,(주)한국경영인증원,,NULL
537,산업통상자원부,엘에스전선 주식회사,2014,업체,기계,152143.0,3006.0,(주)한국경영인증원,,NULL
538,산업통상자원부,엘지디스플레이(주),2014,업체,디스플레이,7694664.0,60002.0,(주)비에스아이그룹코리아,,034220
539,산업통상자원부,엘지유플러스(주),2014,업체,통신,987237.0,20307.0,한국표준협회,,032640
540,산업통상자원부,엘지이노텍 주식회사,2014,업체,전기전자,326062.0,6596.0,(주)비에스아이그룹코리아,,011070
541,산업통상자원부,엘지전자 주식회사,2014,업체,전기전자,575147.0,10438.0,(주)비에스아이그룹코리아,,066570
542,산업통상자원부,엠이엠씨코리아주식회사,2014,업체,반도체,64998.0,1336.0,(주)신화엔지니어링종합건축사사무소,,NULL
543,환경부,여수시,2014,업체,폐기물,82243.0,428.0,한국산업기술시험원,,NULL
544,산업통상자원부,여천엔씨씨 주식회사,2014,업체,석유화학,3595707.0,70491.0,(재)한국품질재단,,NULL
545,국토교통부,영남대학교,2014,사업장,건물,20581.0,415.0,㈜한국품질보증원,,NULL
546,산업통상자원부,영풍전자(주),2014,사업장,전기전자,31781.0,591.0,로이드인증원㈜,,NULL
547,산업통상자원부,영풍제지(주),2014,업체,제지,102260.0,849.0,대일이엔씨기술(주),,NULL
548,산업통상자원부,영풍파일(주),2014,사업장,시멘트,22373.0,316.0,한국표준협회,,NULL
549,산업통상자원부,영화금속(주),2014,업체,철강,92932.0,1287.0,한국표준협회,,012280
550,산업통상자원부,영흥철강(주),2014,사업장,철강,18941.0,410.0,한국표준협회,,NULL
551,농림축산식품부,오뚜기라면(주),2014,사업장,음식료품,34131.0,680.0,(주)비에스아이그룹코리아,,NULL
552,산업통상자원부,오리온엔지니어드카본즈 주식회사,2014,업체,석유화학,682224.0,7721.0,㈜디엔브이지엘비즈니스어슈어런스코리아,,NULL
553,농림축산식품부,오비맥주(주),2014,업체,음식료품,125044.0,2548.0,(주)비에스아이그룹코리아,,NULL
554,산업통상자원부,오성엘에스티㈜,2014,사업장,기계,28775.0,591.0,환경보전협회,,NULL
555,산업통상자원부,오씨아이 주식회사,2014,업체,석유화학,2732849.0,45170.0,㈜디엔브이지엘비즈니스어슈어런스코리아,,NULL
556,산업통상자원부,와이케이스틸(주),2014,업체,철강,361995.0,5910.0,한국표준협회,,NULL
557,산업통상자원부,용산화학(주),2014,업체,석유화학,109625.0,953.0,한국가스안전공사,,NULL
558,환경부,용인시,2014,업체,폐기물,186757.0,1404.0,㈜한국품질보증원,,NULL
559,산업통상자원부,욱성화학(주),2014,사업장,석유화학,15356.0,306.0,한국표준협회,,NULL
560,국토교통부,울산과학기술대학교,2014,사업장,건물,16817.0,347.0,(주)비에스아이그룹코리아,,NULL
561,환경부,울산광역시,2014,업체,폐기물,309940.0,2506.0,㈜한국품질보증원,,NULL
562,산업통상자원부,울산아로마틱스(주),2014,업체,석유화학,337564.0,7368.0,㈜디엔브이지엘비즈니스어슈어런스코리아,,NULL
563,산업통상자원부,웅진에너지 주식회사,2014,업체,반도체,130039.0,2676.0,안진회계법인,,103130
564,환경부,원주시,2014,업체,폐기물,131550.0,617.0,로이드인증원㈜,,NULL
565,산업통상자원부,월산페이퍼 주식회사,2014,업체,제지,204310.0,2860.0,이큐에이㈜,,NULL
566,산업통상자원부,유니드,2014,업체,석유화학,550252.0,13554.0,로이드인증원㈜,,014830
567,산업통상자원부,유성기업(주) 아산공장,2014,사업장,자동차,16186.0,330.0,(주)비에스아이그룹코리아,,NULL
568,산업통상자원부,유한킴벌리 주식회사,2014,업체,제지,172097.0,3445.0,(재)한국품질재단,,NULL
569,산업통상자원부,유한회사 스태츠칩팩코리아,2014,업체,반도체,79553.0,1623.0,(주)신화엔지니어링종합건축사사무소,,NULL
570,산업통상자원부,율촌화학(주),2014,사업장,석유화학,52467.0,949.0,대일이엔씨기술(주),,008730
571,환경부,의정부시,2014,업체,폐기물,166232.0,340.0,한국산업기술시험원,,NULL
572,산업통상자원부,이구산업(주),2014,사업장,비철금속,25823.0,525.0,한국생산성본부인증원(주),,025820
573,산업통상자원부,이래오토모티브시스템 주식회사,2014,사업장,자동차,41308.0,841.0,㈜한국품질보증원,,NULL
574,국토교통부,이스타항공(주),2014,업체,항공,104396.0,1497.0,한국표준협회,,NULL
575,산업통상자원부,이스트만화이버코리아 주식회사,2014,사업장,섬유,59835.0,996.0,(주)한국경영인증원,,NULL
576,환경부,이천시,2014,업체,폐기물,106157.0,711.0,(재)한국품질재단,,NULL
577,국토교통부,이화여자대학교,2014,사업장,건물,28787.0,586.0,이큐에이㈜,,NULL
578,환경부,익산시,2014,업체,폐기물,136932.0,657.0,한국산업기술시험원,,NULL
579,농림축산식품부,인그리디언코리아 유한회사,2014,업체,음식료품,129568.0,2591.0,(재)한국품질재단,,NULL
580,산업통상자원부,인천공항에너지,2014,업체,집단에너지,182459.0,3612.0,㈜한국품질보증원,,NULL
581,환경부,인천광역시,2014,업체,폐기물,547644.0,3606.0,한국산업기술시험원,,NULL
582,국토교통부,인천교통공사,2014,사업장,교통(철도),46471.0,955.0,한국표준협회,,NULL
583,국토교통부,인천국제공항공사,2014,업체,건물,168827.0,3136.0,(재)한국품질재단,,NULL
584,산업통상자원부,인천종합에너지(주),2014,업체,집단에너지,291900.0,5783.0,㈜디엔브이지엘비즈니스어슈어런스코리아,,NULL
585,산업통상자원부,일본전기초자한국주식회사,2014,사업장,유리,27166.0,552.0,이큐에이㈜,,NULL
586,농림축산식품부,일산실업(주) 칠서에탄올공장,2014,사업장,음식료품,23357.0,565.0,(재)한국품질재단,,NULL
587,산업통상자원부,일신방직(주),2014,업체,섬유,104164.0,2083.0,한국표준협회,,003200
588,산업통상자원부,일진디스플레이(주),2014,사업장,반도체.디스플레이.전기전자,20584.0,422.0,환경보전협회,,NULL
589,산업통상자원부,일진머티리얼즈 주식회사,2014,업체,비철금속,110871.0,2267.0,(주)신화엔지니어링종합건축사사무소,,NULL
590,산업통상자원부,일진제강(주),2014,사업장,철강,45349.0,913.0,한국표준협회,,NULL
591,국토교통부,재단법인 아산사회복지재단,2014,업체,건물,82451.0,1652.0,한국표준협회,,NULL
592,산업통상자원부,재원산업,2014,사업장,석유화학,19848.0,387.0,(주)신화엔지니어링종합건축사사무소,,NULL
593,산업통상자원부,전기초자코리아(주),2014,업체,유리,113178.0,2221.0,한국표준협회,,NULL
594,국토교통부,전남대학교,2014,업체,건물,32326.0,649.0,한국표준협회,,NULL
595,산업통상자원부,전방(주),2014,업체,섬유,93142.0,2020.0,이큐에이㈜,,000950
596,국토교통부,전북대학교,2014,사업장,건물,29263.0,589.0,이큐에이㈜,,NULL
597,국토교통부,전북대학교병원,2014,사업장,건물,20454.0,429.0,한국표준협회,,NULL
598,산업통상자원부,전북에너지서비스주식회사,2014,업체,집단에너지,848.0,16.0,한국표준협회,,NULL
599,산업통상자원부,전북집단에너지 주식회사,2014,업체,산업단지,250975.0,2823.0,한국표준협회,,NULL
600,환경부,전주시,2014,업체,폐기물,188373.0,772.0,한국산업기술시험원,,NULL
601,환경부,제주특별자치도,2014,업체,폐기물,269801.0,2091.0,(재)한국품질재단,,NULL
602,국토교통부,제주항공(주),2014,업체,항공,158003.0,2262.0,한국표준협회,,089590
603,산업통상자원부,조광피혁(주),2014,사업장,섬유,19390.0,415.0,한국표준협회,,004700
604,산업통상자원부,조선내화(주),2014,사업장,유리 · 요업,17368.0,326.0,로이드인증원㈜,,462520
605,국토교통부,조선대학교,2014,사업장,건물,16139.0,327.0,한국표준협회,,NULL
606,산업통상자원부,조일알미늄 주식회사,2014,업체,비철금속,69095.0,1384.0,안진회계법인,,018470
607,산업통상자원부,주식회사 고려시멘트,2014,업체,시멘트,646758.0,3630.0,한국표준협회,,003660
608,산업통상자원부,주식회사 고려제지,2014,업체,제지,209079.0,2739.0,(주)한국경영인증원,,NULL
609,농림축산식품부,주식회사 광원목재,2014,사업장,목재,36838.0,1195.0,한국표준협회,,NULL
610,농림축산식품부,주식회사 농심,2014,업체,음식료품,177622.0,3494.0,한국표준협회,,004370
611,환경부,주식회사 뉴그린,2014,사업장,폐기물,162940.0,173.0,이큐에이㈜,,NULL
612,산업통상자원부,주식회사 대륜발전,2014,업체,집단에너지,861711.0,17369.0,한국생산성본부인증원(주),,NULL
613,산업통상자원부,주식회사 대유글로벌,2014,사업장,비철금속,52305.0,1004.0,이큐에이㈜,,NULL
614,산업통상자원부,주식회사 대유합금,2014,사업장,자동차,33398.0,556.0,이큐에이㈜,,NULL
615,산업통상자원부,주식회사 대창,2014,사업장,비철금속,42600.0,866.0,한국가스안전공사,,012800
616,산업통상자원부,주식회사 대창에이티,2014,사업장,비철금속,18032.0,362.0,한국표준협회,,NULL
617,산업통상자원부,주식회사 대한세라믹스,2014,사업장,요업,39114.0,703.0,이큐에이㈜,,NULL
618,산업통상자원부,주식회사 대호에이엘,2014,사업장,비철금속,31367.0,629.0,한국생산성본부인증원(주),,069460
619,국토교통부,주식회사 더블유티씨서울,2014,업체,건물,57139.0,1162.0,(주)한국경영인증원,,NULL
620,산업통상자원부,주식회사 덕양 여수공장,2014,사업장,석유화학,24684.0,507.0,환경보전협회,,NULL
621,산업통상자원부,주식회사 덕양 울산공장,2014,사업장,석유화학,114584.0,799.0,한국가스안전공사,,NULL
622,산업통상자원부,주식회사 동부메탈,2014,업체,철강,1199109.0,12765.0,(재)한국품질재단,,NULL
623,산업통상자원부,주식회사 동성코퍼레이션,2014,업체,석유화학,24844.0,356.0,한국생산성본부인증원(주),,NULL
624,환경부,주식회사 명성환경,2014,업체,폐기물,67078.0,352.0,이큐에이㈜,,NULL
625,환경부,주식회사 범우,2014,사업장,폐기물,111500.0,202.0,한국표준협회,,NULL
626,산업통상자원부,주식회사 삼기오토모티브,2014,사업장,자동차,24732.0,439.0,(주)한국경영인증원,,NULL
627,농림축산식품부,주식회사 삼양사,2014,업체,음식료품,286557.0,6039.0,한국표준협회,,145990
628,산업통상자원부,주식회사 삼양패키징,2014,업체,석유화학,129992.0,2657.0,환경보전협회,,272550
629,국토교통부,주식회사 삼원에이엠씨,2014,사업장,건물,23173.0,474.0,(주)한국경영인증원,,NULL
630,산업통상자원부,주식회사 세아창원특수강,2014,업체,철강,619445.0,10729.0,㈜한국품질보증원,,NULL
631,산업통상자원부,주식회사 세진메탈,2014,사업장,비철금속,29404.0,578.0,산림조합중앙회,,NULL
632,산업통상자원부,주식회사 수석,2014,사업장,유리,38178.0,597.0,㈜한국품질보증원,,NULL
633,산업통상자원부,주식회사 신아에스비,2014,사업장,조선,3503.0,64.0,한국표준협회,,NULL
634,산업통상자원부,주식회사 심텍,2014,업체,전기전자,90213.0,1900.0,(주)한국경영인증원,,222800
635,산업통상자원부,주식회사 알테크노메탈,2014,사업장,비철금속,28709.0,323.0,한국표준협회,,NULL
636,환경부,주식회사 에너지네트웍,2014,업체,폐기물,165641.0,557.0,이큐에이㈜,,NULL
637,산업통상자원부,주식회사 에스에프에이반도체,2014,사업장,반도체,39582.0,811.0,대일이엔씨기술(주),,NULL
638,산업통상자원부,주식회사 에스엔엔씨,2014,업체,비철금속,858293.0,8993.0,로이드인증원㈜,,NULL
639,농림축산식품부,주식회사 에스피씨삼립,2014,사업장,음식료품,36584.0,754.0,(주)비에스아이그룹코리아,,NULL
640,산업통상자원부,주식회사 엘지실트론,2014,업체,반도체,283585.0,5767.0,(주)한국경영인증원,,NULL
641,산업통상자원부,주식회사 엘지화학,2014,업체,석유화학,7126983.0,135742.0,(재)한국품질재단,,051910
642,산업통상자원부,주식회사 영풍,2014,업체,비철금속,1095419.0,18612.0,한국표준협회,,000670
643,환경부,주식회사 영흥산업환경,2014,사업장,폐기물,106469.0,166.0,티유브이슈드코리아㈜,,NULL
644,국토교통부,주식회사 이랜드리테일,2014,업체,건물,194882.0,3971.0,(주)한국경영인증원,,NULL
645,산업통상자원부,주식회사 정산인터내셔널,2014,사업장,섬유,24167.0,581.0,(재)한국품질재단,,NULL
646,산업통상자원부,주식회사 존슨콘트롤즈델코배터리,2014,업체,전기전자,43414.0,887.0,(주)한국경영인증원,,NULL
647,산업통상자원부,주식회사 지알엠,2014,업체,비철금속,120417.0,1117.0,한국표준협회,,NULL
648,산업통상자원부,주식회사 지에스이앤알,2014,업체,산업단지,2373804.0,27229.0,(재)한국품질재단,,NULL
649,농림축산식품부,주식회사 진로발효,2014,사업장,음식료품,23394.0,753.0,안진회계법인,,018120
650,산업통상자원부,주식회사 카프로,2014,업체,석유화학,821531.0,5375.0,(재)한국품질재단,,006380
651,산업통상자원부,주식회사 케이티,2014,업체,통신,1089875.0,22269.0,㈜한국품질보증원,,030200
652,산업통상자원부,주식회사 케이피에프,2014,사업장,철강,46920.0,956.0,한국표준협회,,024880
653,산업통상자원부,주식회사 코리아에어텍,2014,사업장,석유화학,28507.0,586.0,한국표준협회,,NULL
654,환경부,주식회사 코엔텍,2014,업체,폐기물,278186.0,355.0,한국표준협회,,029960
655,산업통상자원부,주식회사 태영이엠씨,2014,업체,광업,159966.0,850.0,한국표준협회,,NULL
656,산업통상자원부,주식회사 팜한농,2014,업체,석유화학,262379.0,1484.0,한국표준협회,,NULL
657,산업통상자원부,주식회사 포스코,2014,업체,철강,76138749.0,389943.0,(재)한국품질재단,,NULL
658,산업통상자원부,주식회사 포스코켐텍,2014,업체,요업,2114576.0,12144.0,(재)한국품질재단,,NULL
659,산업통상자원부,주식회사 풍산,2014,업체,비철금속,251018.0,5116.0,한국표준협회,,103140
660,산업통상자원부,주식회사 프라임테크,2014,업체,시멘트,152041.0,780.0,(주)신화엔지니어링종합건축사사무소,,NULL
661,산업통상자원부,주식회사 한국화이바,2014,사업장,유리,26656.0,514.0,한국표준협회,,NULL
662,국토교통부,주식회사 호텔롯데,2014,업체,건물,122169.0,2433.0,(주)한국경영인증원,,NULL
663,산업통상자원부,주식회사 효성,2014,업체,섬유,1225809.0,26568.0,(재)한국품질재단,,004800
664,산업통상자원부,주식회사 후성,2014,업체,석유화학,232619.0,419.0,한국가스안전공사,,093370
665,산업통상자원부,주식회사 휴스틸,2014,사업장,철강,44947.0,917.0,(주)신화엔지니어링종합건축사사무소,,005010
666,산업통상자원부,중부도시가스-청수에너지,2014,사업장,발전에너지,20373.0,401.0,(재)한국품질재단,,NULL
667,국토교통부,중소기업은행,2014,업체,건물,59058.0,850.0,한국표준협회,,NULL
668,국토교통부,중앙대학교,2014,사업장,건물,17806.0,362.0,티유브이슈드코리아㈜,,NULL
669,산업통상자원부,지에스이피에스,2014,업체,발전 · 에너지,2742903.0,54256.0,대일이엔씨기술(주),,NULL
670,산업통상자원부,지에스칼텍스 주식회사,2014,업체,정유,8524943.0,104682.0,㈜디엔브이지엘비즈니스어슈어런스코리아,,NULL
671,산업통상자원부,진양특수강(주),2014,사업장,철강,30385.0,604.0,이큐에이㈜,,NULL
672,산업통상자원부,진영제지공업(주),2014,업체,제지,81762.0,439.0,이큐에이㈜,,NULL
673,환경부,진주시,2014,업체,폐기물,134436.0,506.0,(주)신화엔지니어링종합건축사사무소,,NULL
674,환경부,창원시,2014,업체,폐기물,283622.0,2086.0,지속가능인증원주식회사,,NULL
675,환경부,천안시,2014,업체,폐기물,129273.0,838.0,㈜한국품질보증원,,NULL
676,산업통상자원부,천일제지(주),2014,업체,제지,54313.0,1174.0,한국표준협회,,NULL
677,환경부,청주시,2014,업체,폐기물,221468.0,1217.0,(재)한국화학융합시험연구원,,NULL
678,환경부,초당환경(유),2014,사업장,폐기물,45775.0,49.0,(재)한국화학융합시험연구원,,NULL
679,환경부,춘천시,2014,업체,폐기물,206906.0,518.0,지속가능인증원주식회사,,NULL
680,국토교통부,충남대학교,2014,사업장,건물,27151.0,550.0,티유브이슈드코리아㈜,,NULL
681,국토교통부,충남대학교병원,2014,사업장,건물,16807.0,340.0,한국표준협회,,NULL
682,국토교통부,충북대학교,2014,사업장,건물,16407.0,327.0,한국표준협회,,NULL
683,환경부,충주시,2014,업체,폐기물,134877.0,1588.0,(주)신화엔지니어링종합건축사사무소,,NULL
684,산업통상자원부,케이씨글라스(주),2014,사업장,유리,31953.0,547.0,(주)신화엔지니어링종합건축사사무소,,NULL
685,산업통상자원부,케이씨씨,2014,업체,유리,1274024.0,19311.0,(재)한국품질재단,,002380
686,산업통상자원부,케이씨주식회사,2014,업체,석유화학,138918.0,1909.0,한국표준협회,,029460
687,환경부,케이씨한미산업 주식회사,2014,사업장,폐기물,62009.0,198.0,(재)한국품질재단,,NULL
688,환경부,케이씨환경서비스 주식회사,2014,사업장,폐기물,125054.0,354.0,(재)한국품질재단,,NULL
689,산업통상자원부,케이알코폴리머(주),2014,사업장,석유화학,37769.0,472.0,(주)한국경영인증원,,NULL
690,산업통상자원부,케이오씨(주),2014,업체,석유화학,48001.0,1124.0,한국생산성본부인증원(주),,NULL
691,환경부,케이지이티에스 주식회사,2014,업체,폐기물,383427.0,1686.0,티유브이슈드코리아㈜,,NULL
692,산업통상자원부,케이지케미칼 주식회사,2014,사업장,석유화학,21326.0,421.0,티유브이슈드코리아㈜,,NULL
693,산업통상자원부,케이지피 주식회사,2014,사업장,제지,25411.0,761.0,(주)비에스아이그룹코리아,,NULL
694,산업통상자원부,켐그린에너지 주식회사,2014,업체,석유화학,222855.0,701.0,한국표준협회,,NULL
695,산업통상자원부,코넥,2014,사업장,자동차,29439.0,594.0,(주)한국경영인증원,,NULL
696,산업통상자원부,코닝정밀소재 주식회사,2014,업체,유리,490565.0,9815.0,로이드인증원㈜,,NULL
697,산업통상자원부,코리아PTG(주),2014,업체,석유화학,112495.0,1120.0,(재)한국품질재단,,NULL
698,산업통상자원부,코리아니켈(주),2014,사업장,비철금속,19413.0,297.0,이큐에이㈜,,NULL
699,산업통상자원부,코리아오토글라스(주),2014,업체,유리,95270.0,1956.0,(재)한국품질재단,,152330
700,산업통상자원부,코스모신소재(주),2014,사업장,석유화학,29440.0,759.0,한국표준협회,,005070
701,산업통상자원부,코스모화학,2014,업체,석유화학,96961.0,1682.0,로이드인증원㈜,,005420
702,산업통상자원부,코오롱글로텍(주) 구미공장,2014,사업장,섬유,16361.0,321.0,한국표준협회,,NULL
703,산업통상자원부,코오롱인더스트리 주식회사,2014,업체,석유화학,663946.0,12623.0,한국표준협회,,NULL
704,산업통상자원부,코오롱패션머티리얼(주),2014,업체,섬유,123225.0,2470.0,(주)한국경영인증원,,NULL
705,산업통상자원부,코오롱플라스틱(주),2014,업체,석유화학,,,한국표준협회,2015년도 명세서 정보공개 심사위원회 결정,NULL
706,농림축산식품부,코카콜라음료(주) 여주공장,2014,사업장,음식료품,19149.0,382.0,(재)한국품질재단,,NULL
707,산업통상자원부,콜롬비안케미컬즈코리아(주),2014,업체,석유화학,110513.0,427.0,(재)한국품질재단,,NULL
708,산업통상자원부,타타 대우상용차(주),2014,사업장,자동차,21516.0,412.0,(재)한국화학융합시험연구원,,NULL
709,산업통상자원부,태경산업(주),2014,업체,철강,135170.0,1714.0,로이드인증원㈜,,015890
710,산업통상자원부,태광산업 주식회사,2014,업체,섬유,1109240.0,16942.0,한국표준협회,,003240
711,산업통상자원부,태림페이퍼주식회사,2014,업체,제지,200269.0,2028.0,이큐에이㈜,,019300
712,산업통상자원부,태봉광업 주식회사,2014,업체,시멘트,213186.0,598.0,(주)비에스아이그룹코리아,,NULL
713,산업통상자원부,태상,2014,사업장,철강,21111.0,414.0,(주)한국경영인증원,,NULL
714,산업통상자원부,태양금속공업(주),2014,사업장,기계,26032.0,514.0,이큐에이㈜,,004100
715,산업통상자원부,태영세라믹(주),2014,사업장,유리 · 요업,17301.0,312.0,한국표준협회,,NULL
716,산업통상자원부,태원물산(주) 울산공장,2014,사업장,유리 · 요업,30003.0,389.0,한국표준협회,,NULL
717,국토교통부,티웨이항공,2014,업체,항공,102060.0,1460.0,한국표준협회,,091810
718,산업통상자원부,티케이케미칼,2014,업체,섬유,264288.0,5326.0,이큐에이㈜,,104480
719,산업통상자원부,티피피 주식회사,2014,사업장,집단에너지,13918.0,274.0,대일이엔씨기술(주),,NULL
720,환경부,파주시,2014,업체,폐기물,123542.0,1074.0,(재)한국화학융합시험연구원,,NULL
721,산업통상자원부,파주전기초자 주식회사,2014,사업장,유리,34402.0,676.0,㈜디엔브이지엘비즈니스어슈어런스코리아,,NULL
722,산업통상자원부,팔미금속공업(주),2014,사업장,철강,19884.0,364.0,이큐에이㈜,,NULL
723,산업통상자원부,페어차일드코리아반도체(주),2014,업체,반도체,144035.0,1998.0,로이드인증원㈜,,NULL
724,산업통상자원부,페이퍼코리아,2014,업체,제지,293579.0,3922.0,한국표준협회,,001020
725,환경부,평택시,2014,업체,폐기물,130702.0,320.0,(주)신화엔지니어링종합건축사사무소,,NULL
726,산업통상자원부,평택에너지서비스(주),2014,업체,집단에너지,1891372.0,37386.0,한국표준협회,,NULL
727,산업통상자원부,평화기공(주),2014,사업장,자동차,14115.0,286.0,한국표준협회,,NULL
728,산업통상자원부,평화산업(주),2014,사업장,자동차,27899.0,565.0,한국표준협회,,090080
729,산업통상자원부,포스코강판(주),2014,업체,철강,99751.0,2031.0,한국표준협회,,NULL
730,산업통상자원부,포스코에너지(주),2014,업체,발전 · 에너지,11973006.0,122918.0,한국표준협회,,NULL
731,산업통상자원부,포스코피앤에스,2014,업체,비철금속,57230.0,1135.0,㈜디엔브이지엘비즈니스어슈어런스코리아,,NULL
732,산업통상자원부,포천파워(주),2014,업체,발전에너지,1967362.0,39257.0,한국가스안전공사,,NULL
733,환경부,포항시,2014,업체,폐기물,92050.0,832.0,㈜한국품질보증원,,NULL
734,산업통상자원부,폴리미래(주),2014,업체,석유화학,107777.0,2006.0,(주)신화엔지니어링종합건축사사무소,,NULL
735,농림축산식품부,풍국주정공업(주),2014,사업장,음식료품,42902.0,474.0,안진회계법인,,NULL
736,국토교통부,프라임산업(주) 테크노마트21,2014,사업장,건물,17933.0,368.0,대일이엔씨기술(주),,NULL
737,산업통상자원부,프렉스에어코리아 주식회사,2014,업체,석유화학,466320.0,9582.0,안진회계법인,,NULL
738,산업통상자원부,하나마이크론,2014,사업장,반도체,29046.0,593.0,(주)한국경영인증원,,067310
739,산업통상자원부,하이디스테크놀로지 주식회사,2014,업체,디스플레이,56747.0,997.0,로이드인증원㈜,,NULL
740,농림축산식품부,하이트진로(주),2014,업체,음식료품,175145.0,3005.0,한국표준협회,,000080
741,산업통상자원부,하이트진로산업(주),2014,사업장,유리,26411.0,403.0,안진회계법인,,NULL
742,농림축산식품부,하이트진로에탄올(주),2014,사업장,음식료품,15162.0,279.0,한국표준협회,,NULL
743,산업통상자원부,하이호경금속 주식회사,2014,사업장,비철금속,44422.0,719.0,㈜한국품질보증원,,NULL
744,국토교통부,학교법인 경희학원,2014,업체,건물,58900.0,1192.0,한국표준협회,,NULL
745,국토교통부,학교법인 고려중앙학원,2014,업체,건물,88802.0,1799.0,이큐에이㈜,,NULL
746,국토교통부,학교법인 성균관대학,2014,사업장,건물,33825.0,672.0,이큐에이㈜,,NULL
747,국토교통부,학교법인 연세대학교,2014,업체,건물,160966.0,3429.0,한국표준협회,,NULL
748,국토교통부,학교법인 포항공과대학교,2014,사업장,건물,50512.0,1147.0,안진회계법인,,NULL
749,국토교통부,학교법인 한양학원,2014,업체,건물,72322.0,1463.0,(주)한국경영인증원,,NULL
750,산업통상자원부,한국NSK(주),2014,사업장,기계,19676.0,404.0,한국표준협회,,NULL
751,산업통상자원부,한국가스공사,2014,업체,발전 · 에너지,891400.0,11978.0,(재)한국품질재단,,036460
752,산업통상자원부,한국경남태양유전(주),2014,업체,전기전자,59559.0,1222.0,이큐에이㈜,,NULL
753,국토교통부,한국공항공사,2014,사업장,건물,35154.0,711.0,(주)신화엔지니어링종합건축사사무소,,NULL
754,국토교통부,한국과학기술연구원,2014,사업장,건물,15275.0,312.0,(주)한국경영인증원,,NULL
755,국토교통부,한국과학기술원,2014,업체,건물,69947.0,1406.0,이큐에이㈜,,NULL
756,국토교통부,한국과학기술정보연구원,2014,사업장,건물,16737.0,344.0,대일이엔씨기술(주),,NULL
757,산업통상자원부,한국남동발전,2014,업체,발전 · 에너지,56552248.0,636876.0,대일이엔씨기술(주),,NULL
758,산업통상자원부,한국남부발전 주식회사,2014,업체,발전 · 에너지,36069584.0,502107.0,(재)한국품질재단,,NULL
759,산업통상자원부,한국니토옵티칼(주)현곡공장,2014,사업장,석유화학,21406.0,434.0,한국표준협회,,NULL
760,산업통상자원부,한국동서발전 주식회사,2014,업체,발전 · 에너지,38303422.0,489557.0,이큐에이㈜,,NULL
761,산업통상자원부,한국바스프 주식회사,2014,업체,석유화학,747925.0,10377.0,(재)한국품질재단,,NULL
762,산업통상자원부,한국바이린(주),2014,사업장,섬유,15504.0,306.0,한국표준협회,,NULL
763,국토교통부,한국방송공사,2014,사업장,건물,18732.0,385.0,한국표준협회,,NULL
764,산업통상자원부,한국서부발전,2014,업체,발전 · 에너지,34719804.0,444061.0,(재)한국품질재단,,NULL
765,산업통상자원부,한국세큐리트(주) 군산공장,2014,사업장,유리 · 요업,17035.0,348.0,이큐에이㈜,,NULL
766,산업통상자원부,한국세큐리트(주) 익산공장,2014,사업장,유리 · 요업,20500.0,420.0,이큐에이㈜,,NULL
767,산업통상자원부,한국솔베이(주),2014,업체,석유화학,101860.0,2029.0,한국표준협회,,NULL
768,산업통상자원부,한국수력원자력,2014,업체,발전 · 에너지,3760914.0,76748.0,㈜디엔브이지엘비즈니스어슈어런스코리아,,NULL
769,환경부,한국수자원공사,2014,업체,수도,624617.0,12809.0,한국산업기술시험원,,NULL
770,산업통상자원부,한국수출포장공업(주),2014,업체,제지,122264.0,1287.0,(주)한국경영인증원,,002200
771,산업통상자원부,한국씨엔티(주),2014,업체,시멘트,57217.0,1052.0,이큐에이㈜,,NULL
772,산업통상자원부,한국엔지니어링플라스틱,2014,업체,석유화학,186333.0,2896.0,한국표준협회,,NULL
773,산업통상자원부,한국오웬스코닝(주),2014,업체,유리,89270.0,1720.0,대일이엔씨기술(주),,NULL
774,국토교통부,한국원자력연구원,2014,사업장,건물,22030.0,450.0,환경보전협회,,NULL
775,산업통상자원부,한국유리공업 주식회사,2014,업체,유리,293980.0,3407.0,이큐에이㈜,,NULL
776,산업통상자원부,한국유미코아유한회사,2014,사업장,전기전자,42138.0,825.0,(재)한국품질재단,,NULL
777,산업통상자원부,한국유에스지보랄 주식회사,2014,업체,시멘트,127189.0,2525.0,(재)한국품질재단,,NULL
778,산업통상자원부,한국이네오스스티롤루션 주식회사,2014,업체,석유화학,88519.0,1747.0,(재)한국품질재단,,NULL
779,산업통상자원부,한국전력공사,2014,업체,발전 · 에너지,1426913.0,5587.0,대일이엔씨기술(주),,015760
780,국토교통부,한국전자통신연구원,2014,사업장,건물,18109.0,369.0,(주)신화엔지니어링종합건축사사무소,,NULL
781,산업통상자원부,한국제강 주식회사,2014,업체,철강,264984.0,4322.0,한국표준협회,,NULL
782,산업통상자원부,한국제지 주식회사,2014,업체,제지,201725.0,5523.0,(재)한국품질재단,,002300
783,산업통상자원부,한국주철관공업(주),2014,업체,철강,72679.0,949.0,한국표준협회,,000970
784,산업통상자원부,한국중부발전,2014,업체,발전 · 에너지,37452590.0,472052.0,로이드인증원㈜,,NULL
785,산업통상자원부,한국지엠 주식회사,2014,업체,자동차,373059.0,7516.0,한국표준협회,,NULL
786,산업통상자원부,한국지역난방공사,2014,업체,집단에너지,4304228.0,84491.0,(재)한국품질재단,,NULL
787,산업통상자원부,한국철강,2014,업체,철강,531915.0,9037.0,한국표준협회,,104700
788,국토교통부,한국철도공사,2014,업체,교통(철도),1639360.0,30372.0,환경보전협회,,NULL
789,산업통상자원부,한국타이어 주식회사,2014,업체,석유화학,520570.0,10538.0,(재)한국품질재단,,NULL
790,산업통상자원부,한국토지주택공사,2014,업체,집단에너지,107493.0,2122.0,(재)한국품질재단,,NULL
791,산업통상자원부,한국특수형강(주),2014,업체,철강,260304.0,4596.0,한국표준협회,,NULL
792,산업통상자원부,한국파워트레인(주),2014,사업장,자동차,27306.0,544.0,한국표준협회,,NULL
793,산업통상자원부,한국프랜지공업(주) 제2공장,2014,사업장,철강,21352.0,437.0,한국표준협회,,NULL
794,산업통상자원부,한국하니소 주식회사,2014,사업장,유리,38826.0,737.0,이큐에이㈜,,NULL
795,산업통상자원부,한국항공우주산업(주),2014,사업장,기계,40620.0,809.0,이큐에이㈜,,NULL
796,산업통상자원부,한남시멘트주식회사,2014,사업장,시멘트,42974.0,781.0,한국표준협회,,NULL
797,산업통상자원부,한라스택폴(주),2014,사업장,자동차,17222.0,351.0,한국표준협회,,NULL
798,산업통상자원부,한라시멘트 주식회사,2014,업체,시멘트,5713431.0,30480.0,한국표준협회,,NULL
799,국토교통부,한솔개발(주),2014,사업장,건물,16114.0,318.0,환경보전협회,,NULL
800,산업통상자원부,한솔아트원제지(주),2014,업체,제지,150375.0,3492.0,(주)한국경영인증원,,007190
801,산업통상자원부,한솔제지,2014,업체,제지,830397.0,13259.0,(주)한국경영인증원,,213500
802,산업통상자원부,한솔테크닉스(주),2014,사업장,전기전자,32085.0,660.0,한국표준협회,,004710
803,산업통상자원부,한솔페이퍼텍주식회사,2014,업체,제지,118210.0,1026.0,(주)한국경영인증원,,NULL
804,산업통상자원부,한온시스템 주식회사,2014,업체,자동차,65778.0,1358.0,(재)한국품질재단,,018880
805,산업통상자원부,한일시멘트 주식회사,2014,업체,시멘트,4825833.0,28445.0,한국표준협회,,300720
806,산업통상자원부,한일제관(주),2014,업체,기계,75705.0,1539.0,(재)한국품질재단,,NULL
807,산업통상자원부,한일화학공업(주),2014,사업장,석유화학,18181.0,359.0,(재)한국화학융합시험연구원,,NULL
808,산업통상자원부,한주금속(주),2014,사업장,자동차,17748.0,357.0,(재)한국품질재단,,NULL
809,산업통상자원부,한화에너지주식회사,2014,업체,산업단지,3868300.0,41998.0,한국표준협회,,NULL
810,산업통상자원부,한화엘앤씨(주),2014,사업장,석유화학,29239.0,590.0,한국표준협회,,NULL
811,산업통상자원부,한화종합화학 주식회사,2014,업체,석유화학,561368.0,9618.0,㈜디엔브이지엘비즈니스어슈어런스코리아,,NULL
812,산업통상자원부,한화첨단소재 주식회사,2014,사업장,석유화학,28796.0,559.0,한국표준협회,,NULL
813,산업통상자원부,한화케미칼 주식회사,2014,업체,석유화학,2267584.0,49557.0,㈜디엔브이지엘비즈니스어슈어런스코리아,,NULL
814,산업통상자원부,한화테크윈(주),2014,사업장,기계,21719.0,436.0,(주)비에스아이그룹코리아,,NULL
815,산업통상자원부,한화토탈 주식회사,2014,업체,석유화학,4034385.0,83212.0,한국가스안전공사,,NULL
816,국토교통부,한화호텔앤드리조트(주),2014,업체,건물,75825.0,1405.0,(주)한국경영인증원,,NULL
817,산업통상자원부,한황산업주식회사,2014,사업장,철강,31306.0,576.0,㈜한국품질보증원,,NULL
818,산업통상자원부,해성디에스 주식회사,2014,사업장,반도체,29070.0,654.0,(주)비에스아이그룹코리아,,195870
819,산업통상자원부,핸즈코퍼레이션주식회사,2014,업체,자동차,111108.0,2232.0,(재)한국품질재단,,143210
820,산업통상자원부,현대EP(주),2014,사업장,석유화학,22155.0,429.0,한국표준협회,,NULL
821,국토교통부,현대건설(주),2014,업체,건설,66153.0,1278.0,(재)한국품질재단,,000720
822,산업통상자원부,현대그린파워 주식회사,2014,업체,발전 · 에너지,12150067.0,57911.0,(주)한국경영인증원,,NULL
823,국토교통부,현대글로비스(주),2014,업체,교통(화물),71831.0,1056.0,한국표준협회,,086280
824,산업통상자원부,현대다이모스(주),2014,사업장,자동차,37999.0,773.0,한국표준협회,,NULL
825,산업통상자원부,현대로템 주식회사 창원공장,2014,사업장,기계,23290.0,458.0,㈜디엔브이지엘비즈니스어슈어런스코리아,,NULL
826,산업통상자원부,현대모비스(주),2014,업체,자동차,105238.0,2124.0,로이드인증원㈜,,012330
827,산업통상자원부,현대미포조선,2014,업체,조선,223148.0,4086.0,한국표준협회,,NULL
828,산업통상자원부,현대비앤지스틸(주),2014,업체,철강,85626.0,1740.0,㈜디엔브이지엘비즈니스어슈어런스코리아,,004560
829,산업통상자원부,현대삼호중공업 주식회사,2014,업체,조선,222031.0,3957.0,㈜디엔브이지엘비즈니스어슈어런스코리아,,NULL
830,산업통상자원부,현대석회(주),2014,업체,시멘트,99856.0,263.0,한국생산성본부인증원(주),,NULL
831,산업통상자원부,현대성우메탈 주식회사,2014,업체,자동차,85407.0,1721.0,안진회계법인,,NULL
832,산업통상자원부,현대성우쏠라이트 주식회사,2014,업체,전기전자,38512.0,784.0,안진회계법인,,NULL
833,산업통상자원부,현대성우캐스팅 주식회사,2014,업체,자동차,92101.0,1891.0,안진회계법인,,NULL
834,산업통상자원부,현대성우홀딩스 주식회사,2014,업체,자동차,439.0,8.0,안진회계법인,,NULL
835,산업통상자원부,현대시멘트 주식회사,2014,업체,시멘트,3663956.0,19391.0,한국표준협회,,NULL
836,산업통상자원부,현대에너지,2014,업체,산업단지,974710.0,10749.0,티유브이슈드코리아㈜,,NULL
837,산업통상자원부,현대오일뱅크,2014,업체,정유,5064653.0,58937.0,(재)한국품질재단,,NULL
838,산업통상자원부,현대오토에버주식회사,2014,사업장,통신,19505.0,401.0,한국표준협회,,307950
839,산업통상자원부,현대위아 주식회사,2014,업체,자동차,208964.0,4003.0,㈜디엔브이지엘비즈니스어슈어런스코리아,,011210
840,산업통상자원부,현대자동차 주식회사,2014,업체,자동차,1536117.0,30894.0,로이드인증원㈜,,005380
841,산업통상자원부,현대정보기술 주식회사,2014,사업장,통신,28872.0,594.0,대일이엔씨기술(주),,026180
842,산업통상자원부,현대제철 주식회사,2014,업체,철강,18919475.0,306558.0,로이드인증원㈜,,004020
843,산업통상자원부,현대종합금속(주),2014,사업장,기계,23833.0,513.0,로이드인증원㈜,,NULL
844,산업통상자원부,현대종합특수강 주식회사,2014,사업장,철강,36996.0,759.0,한국표준협회,,NULL
845,산업통상자원부,현대중공업 주식회사,2014,업체,조선,1076444.0,18966.0,한국표준협회,,NULL
846,산업통상자원부,현대파워텍주식회사,2014,업체,자동차,141517.0,2881.0,㈜디엔브이지엘비즈니스어슈어런스코리아,,NULL
847,산업통상자원부,현우산업,2014,사업장,반도체.디스플레이.전기전자,21589.0,444.0,한국표준협회,,092300
848,산업통상자원부,현진소재(주),2014,업체,기계,69288.0,1370.0,(주)한국경영인증원,,053660
849,산업통상자원부,호스트웨이아이디씨(주),2014,사업장,통신,17276.0,355.0,한국표준협회,,NULL
850,국토교통부,홈플러스 주식회사,2014,업체,건물,378712.0,7563.0,로이드인증원㈜,,NULL
851,국토교통부,홈플러스스토어즈 주식회사,2014,업체,건물,97578.0,1993.0,로이드인증원㈜,,NULL
852,산업통상자원부,홍덕산업(주),2014,업체,철강,123548.0,2513.0,로이드인증원㈜,,NULL
853,산업통상자원부,홍원제지(주),2014,업체,제지,145261.0,2112.0,한국표준협회,,NULL
854,환경부,화성시,2014,업체,폐기물,75536.0,530.0,(주)신화엔지니어링종합건축사사무소,,NULL
855,산업통상자원부,화인베스틸,2014,사업장,철강,41783.0,831.0,이큐에이㈜,,133820
856,환경부,환경관리(주),2014,업체,폐기물,54187.0,493.0,㈜한국품질보증원,,NULL
857,산업통상자원부,환영철강공업,2014,업체,철강,292600.0,5239.0,한국표준협회,,NULL
858,산업통상자원부,휴비스,2014,업체,섬유,606117.0,9153.0,한국표준협회,,079980
859,산업통상자원부,휴켐스 주식회사,2014,업체,석유화학,98266.0,782.0,한국표준협회,,NULL
860,산업통상자원부,희성전자(주) 대구공장,2014,사업장,반도체.디스플레이.전기전자,16714.0,341.0,(주)한국경영인증원,,NULL
1,산업통상자원부,(유)에스케이씨에보닉페록사이드코리아,2013,업체,석유화학,59865.0,1108.0,(재)한국품질재단,,NULL
2,농림축산식품부,(주)MSC,2013,사업장,음식료품,24724.0,494.0,대일이엔씨기술(주),,NULL
3,산업통상자원부,(주)SIMPAC METALLOY,2013,업체,철강,249146.0,2771.0,안진회계법인,,NULL
4,국토교통부,(주)강원랜드,2013,업체,건물,78048.0,1495.0,한국표준협회,,035250
5,국토교통부,(주)경기고속,2013,업체,교통(여객),167058.0,2604.0,(주)한국경영인증원,,NULL
6,산업통상자원부,(주)경방,2013,업체,섬유,68699.0,1386.0,(재)한국품질재단,,000050
7,국토교통부,(주)국민은행,2013,업체,건물,125714.0,1895.0,한국표준협회,,031150
8,농림축산식품부,(주)그린바이텍,2013,사업장,음식료품,21763.0,306.0,(재)한국품질재단,,NULL
9,산업통상자원부,(주)금비,2013,사업장,유리 · 요업,69332.0,1210.0,한국표준협회,,008870
10,산업통상자원부,(주)금비 이천공장,2013,사업장,유리 · 요업,,,,,NULL
11,산업통상자원부,(주)넥센,2013,사업장,석유화학,25322.0,466.0,한국표준협회,,005720
12,산업통상자원부,(주)대림제지,2013,업체,제지,84428.0,1142.0,(주)한국경영인증원,,017650
13,국토교통부,(주)대명레저산업,2013,사업장,건물,47853.0,959.0,한국표준협회,,NULL
14,국토교통부,(주)대원고속,2013,업체,교통(여객),154014.0,2387.0,(주)한국경영인증원,,NULL
15,산업통상자원부,(주)대화제지,2013,사업장,제지,27199.0,545.0,이큐에이㈜,,NULL
16,산업통상자원부,(주)동부하이텍,2013,업체,반도체.디스플레이.전기전자,263315.0,3375.0,(주)한국경영인증원,,NULL
17,산업통상자원부,(주)두산,2013,업체,반도체.디스플레이.전기전자,84917.0,1708.0,(재)한국품질재단,,000150
18,산업통상자원부,(주)두산전자사업부 김천공장,2013,사업장,반도체.디스플레이.전기전자,,,,,NULL
19,산업통상자원부,(주)디씨알이,2013,업체,석유화학,100932.0,1019.0,대일이엔씨기술(주),,NULL
20,산업통상자원부,(주)디에이피,2013,사업장,반도체.디스플레이.전기전자,41187.0,842.0,대일이엔씨기술(주),,066900
21,산업통상자원부,(주)린데코리아,2013,업체,석유화학,422988.0,7946.0,한국가스안전공사,,NULL
22,산업통상자원부,(주)만도,2013,업체,자동차,146347.0,2995.0,(주)비에스아이그룹코리아,,NULL
23,산업통상자원부,(주)모나리자,2013,사업장,제지,45128.0,955.0,㈜한국품질보증원,,012690
24,국토교통부,(주)무주덕유산리조트,2013,사업장,건물,24871.0,439.0,이큐에이㈜,,NULL
25,산업통상자원부,(주)미래엔인천에너지,2013,업체,발전에너지,46454.0,919.0,(재)한국품질재단,,NULL
26,산업통상자원부,(주)미래페이퍼,2013,업체,제지,80181.0,1440.0,한국표준협회,,NULL
27,산업통상자원부,(주)미호실업,2013,사업장,섬유,15699.0,233.0,지속가능인증원주식회사,,NULL
28,산업통상자원부,(주)방림,2013,사업장,섬유,29358.0,503.0,한국표준협회,,003610
29,산업통상자원부,(주)백광소재,2013,업체,시멘트,602086.0,2567.0,한국표준협회,,NULL
30,산업통상자원부,(주)벽산,2013,업체,유리 · 요업,82998.0,1498.0,한국표준협회,,007210
31,국토교통부,(주)부산롯데호텔,2013,사업장,건물,18613.0,378.0,(재)한국품질재단,,NULL
32,농림축산식품부,(주)삼양제넥스,2013,업체,음식료품,188342.0,3245.0,환경보전협회,,003940
33,산업통상자원부,(주)삼원강재,2013,사업장,자동차,31804.0,638.0,(재)한국품질재단,,023000
34,산업통상자원부,(주)삼천리,2013,업체,발전에너지,61522.0,1195.0,한국가스안전공사,,004690
35,산업통상자원부,(주)삼한씨원,2013,사업장,유리 · 요업,20810.0,410.0,한국생산성본부인증원(주),,NULL
36,산업통상자원부,(주)삼현,2013,사업장,유리 · 요업,28474.0,509.0,한국표준협회,,437730
37,농림축산식품부,(주)샤니 성남공장,2013,사업장,음식료품,21268.0,429.0,(주)비에스아이그룹코리아,,NULL
38,산업통상자원부,(주)세아베스틸,2013,업체,철강,1230612.0,20126.0,한국표준협회,,NULL
39,산업통상자원부,(주)세아제강,2013,업체,철강,137059.0,2769.0,한국표준협회,,306200
40,산업통상자원부,(주)세아특수강,2013,사업장,철강,29830.0,575.0,한국표준협회,,019440
41,국토교통부,(주)센트럴시티,2013,사업장,건물,11500.0,233.0,(주)기성이엠에스,,NULL
42,산업통상자원부,(주)신동,2013,업체,시멘트,93256.0,296.0,한국표준협회,,NULL
43,국토교통부,(주)신세계,2013,업체,건물,150838.0,3081.0,(주)한국경영인증원,,004170
44,산업통상자원부,(주)신한방,2013,사업장,섬유,24393.0,501.0,한국표준협회,,NULL
45,국토교통부,(주)신한은행,2013,업체,건물,91923.0,1390.0,㈜디엔브이지엘비즈니스어슈어런스코리아,,000010
46,산업통상자원부,(주)쌍용씨앤비,2013,업체,제지,85582.0,1460.0,(주)한국경영인증원,,NULL
47,산업통상자원부,(주)씨텍,2013,업체,산업단지,651446.0,8709.0,㈜한국품질보증원,,NULL
48,산업통상자원부,(주)아진피앤피,2013,업체,제지,104806.0,1311.0,이큐에이㈜,,NULL
49,산업통상자원부,(주)아트라스비엑스,2013,사업장,반도체.디스플레이.전기전자,30537.0,623.0,(재)한국화학융합시험연구원,,NULL
50,산업통상자원부,(주)엘지생명과학,2013,사업장,석유화학,28453.0,562.0,한국표준협회,,068870
51,산업통상자원부,(주)엘지씨엔에스,2013,사업장,통신,34731.0,773.0,대일이엔씨기술(주),,064400
52,산업통상자원부,(주)엘지하우시스,2013,업체,석유화학,132805.0,2740.0,㈜디엔브이지엘비즈니스어슈어런스코리아,,NULL
53,산업통상자원부,(주)영신물산,2013,사업장,섬유,28886.0,226.0,한국표준협회,,NULL
54,산업통상자원부,(주)오미아코리아,2013,사업장,석유화학,83558.0,1710.0,㈜디엔브이지엘비즈니스어슈어런스코리아,,NULL
55,산업통상자원부,(주)오미아코리아안동공장,2013,사업장,석유화학,,,,,NULL
56,농림축산식품부,(주)올품,2013,사업장,음식료품,21000.0,369.0,한국표준협회,,NULL
57,국토교통부,(주)용평리조트,2013,사업장,건물,32871.0,650.0,(재)한국품질재단,,NULL
58,산업통상자원부,(주)우룡,2013,업체,시멘트,198872.0,800.0,㈜한국품질보증원,,NULL
59,국토교통부,(주)우리은행,2013,업체,건물,95574.0,1463.0,㈜디엔브이지엘비즈니스어슈어런스코리아,,000030
60,산업통상자원부,(주)유니온,2013,업체,시멘트,183773.0,1608.0,한국표준협회,,000910
61,국토교통부,(주)이마트,2013,업체,건물,492006.0,10048.0,삼일회계법인,,139480
62,산업통상자원부,(주)이수페타시스,2013,사업장,반도체.디스플레이.전기전자,38632.0,640.0,이큐에이㈜,,007660
63,산업통상자원부,(주)이수화학,2013,업체,석유화학,334833.0,5573.0,한국가스안전공사,,005950
64,산업통상자원부,(주)인터플렉스,2013,사업장,반도체.디스플레이.전기전자,54654.0,1104.0,한국표준협회,,051370
65,산업통상자원부,(주)일진글로벌,2013,사업장,자동차,29215.0,601.0,한국표준협회,,NULL
66,산업통상자원부,(주)전주페이퍼,2013,업체,제지,810606.0,18101.0,한국표준협회,,NULL
67,산업통상자원부,(주)제이엠씨,2013,사업장,석유화학,26929.0,600.0,이큐에이㈜,,NULL
68,산업통상자원부,(주)종근당바이오,2013,사업장,석유화학,81411.0,1487.0,이큐에이㈜,,063160
69,산업통상자원부,(주)진합,2013,사업장,자동차,25424.0,517.0,한국표준협회,,NULL
70,산업통상자원부,(주)충무화학정선,2013,업체,시멘트,85682.0,309.0,(재)한국품질재단,,NULL
71,산업통상자원부,(주)캐스텍코리아,2013,사업장,자동차,54119.0,947.0,한국표준협회,,071850
72,산업통상자원부,(주)케이에프엔티,2013,사업장,석유화학,20958.0,430.0,(주)한국경영인증원,,NULL
73,산업통상자원부,(주)케이이씨,2013,사업장,반도체.디스플레이.전기전자,52959.0,731.0,로이드인증원㈜,,NULL
74,농림축산식품부,(주)케이티앤지,2013,업체,음식료품,101161.0,1954.0,한국표준협회,,033780
75,산업통상자원부,(주)케이피켐텍,2013,사업장,섬유,37539.0,929.0,(재)한국품질재단,,NULL
76,산업통상자원부,(주)코다코,2013,사업장,자동차,23328.0,469.0,(재)한국품질재단,,046070
77,산업통상자원부,(주)코리아써키트,2013,업체,반도체.디스플레이.전기전자,87606.0,1730.0,(주)비에스아이그룹코리아,,007810
78,산업통상자원부,(주)코스모텍,2013,사업장,반도체.디스플레이.전기전자,20926.0,427.0,(주)한국경영인증원,,NULL
79,산업통상자원부,(주)코스틸,2013,업체,철강,79266.0,1422.0,산림조합중앙회,,NULL
80,산업통상자원부,(주)태웅,2013,업체,기계,103146.0,2041.0,(주)한국경영인증원,,044490
81,산업통상자원부,(주)태평양금속,2013,사업장,기계,44541.0,884.0,이큐에이㈜,,NULL
82,산업통상자원부,(주)테크팩솔루션,2013,업체,유리 · 요업,216758.0,3559.0,(재)한국품질재단,,NULL
83,산업통상자원부,(주)티씨씨동양,2013,사업장,철강,38082.0,718.0,이큐에이㈜,,NULL
84,산업통상자원부,(주)퍼시픽글라스,2013,사업장,유리 · 요업,39559.0,675.0,한국표준협회,,009080
85,농림축산식품부,(주)포레스코,2013,사업장,목재,31221.0,733.0,한국표준협회,,NULL
86,산업통상자원부,(주)풍농 장항공장,2013,사업장,석유화학,18339.0,363.0,대일이엔씨기술(주),,NULL
87,산업통상자원부,(주)필맥스,2013,사업장,석유화학,29284.0,583.0,㈜한국품질보증원,,NULL
88,농림축산식품부,(주)하림,2013,업체,음식료품,66938.0,1304.0,(재)한국품질재단,,136480
89,산업통상자원부,(주)한국알스트롬,2013,사업장,제지,29214.0,628.0,(재)한국품질재단,,NULL
90,농림축산식품부,(주)한국인삼공사 고려인삼창(부여공장),2013,사업장,음식료품,21802.0,437.0,(주)한국경영인증원,,NULL
91,산업통상자원부,(주)한금 포항공장,2013,사업장,철강,21743.0,437.0,한국표준협회,,NULL
92,산업통상자원부,(주)한솔케미칼,2013,업체,석유화학,85695.0,1723.0,대일이엔씨기술(주),,014680
93,농림축산식품부,(주)한솔홈데코,2013,업체,목재,71237.0,2363.0,(주)한국경영인증원,,025750
94,산업통상자원부,(주)한주,2013,업체,산업단지,1037621.0,12412.0,한국표준협회,,NULL
95,산업통상자원부,(주)한창제지,2013,업체,제지,144060.0,2055.0,한국표준협회,,009460
96,산업통상자원부,(주)한화,2013,업체,석유화학,63382.0,1243.0,㈜디엔브이지엘비즈니스어슈어런스코리아,,000880
97,국토교통부,(주)현대백화점,2013,업체,건물,97507.0,2012.0,(재)한국품질재단,,069960
98,국토교통부,(주)현대아이파크몰,2013,사업장,건물,22952.0,469.0,(재)한국화학융합시험연구원,,NULL
99,산업통상자원부,(주)현대케피코,2013,사업장,자동차,22054.0,450.0,㈜디엔브이지엘비즈니스어슈어런스코리아,,NULL
100,국토교통부,(주)호텔신라,2013,사업장,건물,15958.0,321.0,(재)한국품질재단,,008770
101,산업통상자원부,(주)화승알앤에이,2013,사업장,석유화학,21834.0,441.0,한국표준협회,,378850
102,산업통상자원부,(주)화승인더스트리,2013,사업장,석유화학,39360.0,801.0,이큐에이㈜,,006060
103,국토교통부,(주)휘닉스중앙평창,2013,사업장,건물,23964.0,472.0,대일이엔씨기술(주),,NULL
104,농림축산식품부,CJ제일제당(주),2013,업체,음식료품,288261.0,6417.0,(재)한국화학융합시험연구원,,097950
105,산업통상자원부,GS파워,2013,업체,발전에너지,2170323.0,42656.0,대일이엔씨기술(주),,NULL
106,산업통상자원부,KCC자원개발(주),2013,사업장,유리 · 요업,22079.0,354.0,(주)비에스아이그룹코리아,,NULL
107,산업통상자원부,KPX그린케미칼(주),2013,사업장,석유화학,61314.0,1068.0,한국가스안전공사,,NULL
108,산업통상자원부,LG엠엠에이,2013,업체,석유화학,176896.0,2023.0,(주)한국경영인증원,,NULL
109,산업통상자원부,S&T모티브(주),2013,사업장,자동차,19675.0,401.0,이큐에이㈜,,NULL
110,산업통상자원부,S-Oil(주),2013,업체,정유,7293099.0,98959.0,한국표준협회,,010950
111,산업통상자원부,SKbroadband(주),2013,업체,통신,268716.0,5494.0,한국표준협회,,NULL
112,국토교통부,SK네트웍스(주) 워커힐,2013,사업장,건물,28841.0,581.0,(주)비에스아이그룹코리아,,NULL
113,산업통상자원부,SK이노베이션(주) 증평공장,2013,사업장,반도체.디스플레이.전기전자,,,,,NULL
114,산업통상자원부,SK이노베이션㈜,2013,업체,반도체.디스플레이.전기전자,113851.0,2308.0,한국표준협회,,096770
115,산업통상자원부,SK인천석유화학(주),2013,업체,석유화학,745231.0,19056.0,한국표준협회,,NULL
116,산업통상자원부,STX 조선해양(주),2013,업체,조선,124632.0,2262.0,(재)한국품질재단,,NULL
117,산업통상자원부,STX엔진(주) 제1사업장,2013,사업장,기계,13576.0,243.0,㈜디엔브이지엘비즈니스어슈어런스코리아,,NULL
118,산업통상자원부,STX중공업(주) 창원 1공장,2013,사업장,조선,12444.0,208.0,대일이엔씨기술(주),,NULL
119,산업통상자원부,S＆T중공업(주),2013,사업장,자동차,24904.0,483.0,한국표준협회,,NULL
120,산업통상자원부,nexolon,2013,업체,반도체.디스플레이.전기전자,168611.0,3466.0,(주)비에스아이그룹코리아,,NULL
121,국토교통부,가톨릭대학교 서울성모병원,2013,사업장,건물,40359.0,816.0,(재)한국품질재단,,NULL
122,국토교통부,강남금융센터(주),2013,사업장,건물,17892.0,364.0,환경보전협회,,NULL
123,국토교통부,강원대학교 춘천캠퍼스,2013,업체,건물,20321.0,413.0,한국표준협회,,NULL
124,국토교통부,건국대학교,2013,사업장,건물,29243.0,592.0,이큐에이㈜,,NULL
125,국토교통부,경북대학교,2013,업체,건물,35490.0,715.0,㈜한국품질보증원,,NULL
126,산업통상자원부,경산제지 주식회사,2013,업체,제지,90815.0,1042.0,한국표준협회,,NULL
127,산업통상자원부,경창산업(주)본사,2013,사업장,자동차,27380.0,563.0,한국표준협회,,NULL
128,산업통상자원부,고려강선(주),2013,업체,철강,130126.0,2657.0,로이드인증원㈜,,NULL
129,산업통상자원부,고려아연 주식회사,2013,업체,비철금속,2876924.0,40504.0,지속가능인증원주식회사,,010130
130,산업통상자원부,고려용접봉(주),2013,사업장,기계,22030.0,449.0,한국표준협회,,NULL
131,산업통상자원부,고려제강(주),2013,업체,철강,138614.0,2833.0,로이드인증원㈜,,002240
132,환경부,고양시,2013,업체,폐기물,124144.0,885.0,한국표준협회,,NULL
133,국토교통부,공항철도(주),2013,업체,교통(철도),51203.0,1052.0,이큐에이㈜,,NULL
134,환경부,광명시,2013,업체,폐기물,70146.0,314.0,㈜한국품질보증원,,NULL
135,환경부,광주광역시,2013,업체,폐기물,320124.0,2327.0,(재)한국화학융합시험연구원,,NULL
136,산업통상자원부,광진산업(주),2013,업체,시멘트,76537.0,204.0,한국생산성본부인증원(주),,NULL
137,환경부,구리시,2013,업체,폐기물,128523.0,486.0,한국산업기술시험원,,NULL
138,환경부,구미시,2013,업체,폐기물,140914.0,1151.0,환경보전협회,,NULL
139,산업통상자원부,국도화학(주),2013,사업장,석유화학,19498.0,389.0,(주)신화엔지니어링종합건축사사무소,,007690
140,국토교통부,국립대학법인 서울대학교,2013,업체,건물,117738.0,2390.0,(재)한국품질재단,,NULL
141,산업통상자원부,국일제지(주),2013,사업장,제지,22998.0,463.0,이큐에이㈜,,078130
142,산업통상자원부,군장에너지주식회사,2013,업체,산업단지,1136711.0,14706.0,한국표준협회,,NULL
143,환경부,군포시,2013,사업장,폐기물,44329.0,242.0,이큐에이㈜,,NULL
144,국토교통부,금호고속(주),2013,업체,교통(여객),174007.0,2472.0,(주)한국경영인증원,,NULL
145,산업통상자원부,금호미쓰이화학 주식회사,2013,업체,석유화학,91009.0,1558.0,(재)한국품질재단,,NULL
146,산업통상자원부,금호석유화학 주식회사,2013,업체,석유화학,2138430.0,26870.0,한국표준협회,,011780
147,산업통상자원부,금호타이어(주),2013,업체,석유화학,319082.0,6009.0,(재)한국품질재단,,073240
148,산업통상자원부,금호폴리켐 주식회사,2013,업체,석유화학,235644.0,3481.0,(재)한국품질재단,,NULL
149,산업통상자원부,금호피앤비화학 주식회사,2013,업체,석유화학,562164.0,7761.0,한국표준협회,,NULL
150,산업통상자원부,기아자동차(주),2013,업체,자동차,804268.0,16243.0,㈜디엔브이지엘비즈니스어슈어런스코리아,,NULL
151,산업통상자원부,깨끗한나라 주식회사,2013,업체,제지,388181.0,5046.0,(재)한국품질재단,,004540
152,산업통상자원부,남양금속주식회사,2013,업체,기계,102165.0,1813.0,㈜한국품질보증원,,NULL
153,농림축산식품부,남양유업(주),2013,업체,음식료품,82665.0,4236.0,한국표준협회,,003920
154,산업통상자원부,남해화학(주),2013,업체,석유화학,46321.0,885.0,(주)한국경영인증원,,025860
155,산업통상자원부,넥센타이어(주),2013,업체,석유화학,158447.0,3172.0,(주)한국경영인증원,,002350
156,산업통상자원부,노벨리스코리아 주식회사,2013,업체,비철금속,386181.0,7596.0,안진회계법인,,NULL
157,산업통상자원부,녹십자,2013,사업장,석유화학,25259.0,504.0,이큐에이㈜,,006280
158,산업통상자원부,능원금속공업 주식회사,2013,사업장,비철금속,27821.0,566.0,산림조합중앙회,,NULL
159,산업통상자원부,담우물산(주),2013,사업장,시멘트,49741.0,178.0,한국생산성본부인증원(주),,NULL
160,환경부,대구광역시,2013,업체,폐기물,200916.0,1809.0,이큐에이㈜,,NULL
161,국토교통부,대구도시철도공사,2013,업체,교통(철도),77928.0,1601.0,(주)한국경영인증원,,NULL
162,산업통상자원부,대구염색산업단지관리공단,2013,업체,산업단지,994161.0,11566.0,이큐에이㈜,,NULL
163,산업통상자원부,대구텍 유한회사,2013,사업장,비철금속,,,한국표준협회,2014년도 명세서 정보공개 심사위원회 결정,NULL
164,환경부,대구환경공단,2013,업체,폐기물,233696.0,2318.0,이큐에이㈜,,NULL
165,환경부,대길그린 주식회사,2013,사업장,폐기물,81191.0,141.0,이큐에이㈜,,NULL
166,산업통상자원부,대덕전자(주),2013,업체,반도체.디스플레이.전기전자,83912.0,1724.0,한국표준협회,,353200
167,산업통상자원부,대덕전자(주)PI 공장,2013,사업장,반도체.디스플레이.전기전자,,,,,NULL
168,산업통상자원부,대덕지디에스(주),2013,사업장,반도체.디스플레이.전기전자,35646.0,717.0,한국표준협회,,NULL
169,산업통상자원부,대동금속(주),2013,사업장,철강,25420.0,468.0,한국표준협회,,020400
170,산업통상자원부,대동산업주식회사,2013,업체,유리 · 요업,51948.0,963.0,(주)신화엔지니어링종합건축사사무소,,NULL
171,산업통상자원부,대림산업 주식회사,2013,업체,석유화학,181946.0,3533.0,(재)한국품질재단,,NULL
172,산업통상자원부,대림자동차공업(주),2013,사업장,자동차,29317.0,589.0,(주)한국경영인증원,,NULL
173,농림축산식품부,대상 주식회사,2013,업체,음식료품,591301.0,10853.0,(주)한국경영인증원,,001680
174,농림축산식품부,대성목재공업(주),2013,사업장,목재,29522.0,562.0,한국표준협회,,NULL
175,산업통상자원부,대성산업(주),2013,사업장,발전에너지,28645.0,582.0,㈜한국품질보증원,,128820
176,산업통상자원부,대성산업가스(주),2013,업체,석유화학,704138.0,14174.0,㈜한국품질보증원,,NULL
177,산업통상자원부,대양제지공업(주),2013,업체,제지,122671.0,1729.0,한국표준협회,,006580
178,산업통상자원부,대우조선해양(주),2013,업체,조선,415287.0,7187.0,한국표준협회,,NULL
179,산업통상자원부,대원강업(주),2013,사업장,자동차,30403.0,609.0,티유브이슈드코리아㈜,,000430
180,산업통상자원부,대원화성(주),2013,사업장,석유화학,20886.0,412.0,한국표준협회,,024890
181,환경부,대일개발 주식회사,2013,사업장,폐기물,55352.0,184.0,티유브이슈드코리아㈜,,NULL
182,환경부,대전광역시,2013,업체,폐기물,251689.0,1923.0,한국산업기술시험원,,NULL
183,산업통상자원부,대전열병합발전주식회사,2013,업체,산업단지,244651.0,4584.0,한국표준협회,,NULL
184,산업통상자원부,대창단조(주),2013,사업장,기계,23868.0,480.0,이큐에이㈜,,015230
185,산업통상자원부,대한방직(주),2013,사업장,섬유,32859.0,589.0,한국표준협회,,001070
186,산업통상자원부,대한석탄공사,2013,사업장,광업,27968.0,564.0,한국생산성본부인증원(주),,NULL
187,산업통상자원부,대한시멘트주식회사,2013,사업장,시멘트,84338.0,1483.0,한국표준협회,,NULL
188,산업통상자원부,대한유화 주식회사,2013,업체,석유화학,983791.0,19409.0,한국가스안전공사,,006650
189,산업통상자원부,대한전선 주식회사,2013,사업장,기계,36932.0,741.0,이큐에이㈜,,001440
190,산업통상자원부,대한제강(주),2013,업체,철강,529017.0,9076.0,한국표준협회,,084010
191,농림축산식품부,대한제당 주식회사,2013,업체,음식료품,74805.0,1480.0,한국표준협회,,001790
192,농림축산식품부,대한제분(주),2013,사업장,음식료품,19538.0,401.0,대일이엔씨기술(주),,001130
193,산업통상자원부,대한제지주식회사,2013,업체,제지,227555.0,4438.0,한국표준협회,,NULL
194,국토교통부,대한항공,2013,업체,항공,631586.0,9458.0,(주)한국경영인증원,,003490
195,산업통상자원부,대한화섬(주),2013,업체,섬유,118441.0,2619.0,한국표준협회,,003830
196,산업통상자원부,도레이첨단소재 주식회사,2013,업체,섬유,408301.0,8136.0,(재)한국품질재단,,NULL
197,산업통상자원부,도레이케미칼 주식회사,2013,업체,섬유,198994.0,3960.0,(주)비에스아이그룹코리아,,008000
198,산업통상자원부,동국산업(주),2013,사업장,철강,37311.0,719.0,환경보전협회,,005160
199,산업통상자원부,동국제강 주식회사,2013,업체,철강,2077532.0,36860.0,안진회계법인,,460860
200,산업통상자원부,동부대우전자 주식회사,2013,사업장,기계,25972.0,519.0,이큐에이㈜,,NULL
201,산업통상자원부,동부인천스틸주식회사,2013,업체,철강,134476.0,2904.0,(재)한국품질재단,,NULL
202,산업통상자원부,동부제철 주식회사,2013,업체,철강,1167747.0,19571.0,(재)한국품질재단,,NULL
203,산업통상자원부,동서석유화학 주식회사,2013,업체,석유화학,398371.0,1897.0,로이드인증원㈜,,NULL
204,농림축산식품부,동서식품(주),2013,업체,음식료품,144008.0,2804.0,(재)한국품질재단,,NULL
205,산업통상자원부,동양시멘트 주식회사,2013,업체,시멘트,7588961.0,39539.0,한국표준협회,,NULL
206,환경부,동양에코 주식회사,2013,업체,폐기물,211270.0,466.0,한국표준협회,,NULL
207,산업통상자원부,동양피스톤(주),2013,사업장,자동차,27772.0,564.0,이큐에이㈜,,NULL
208,산업통상자원부,동우화인켐주식회사,2013,업체,석유화학,329859.0,5987.0,이큐에이㈜,,NULL
209,산업통상자원부,동원페이퍼 주식회사,2013,사업장,제지,90372.0,1578.0,이큐에이㈜,,NULL
210,산업통상자원부,동일방직(주) 장항공장,2013,사업장,섬유,24692.0,508.0,티유브이슈드코리아㈜,,NULL
211,산업통상자원부,동일산업주식회사,2013,업체,철강,371783.0,4355.0,한국표준협회,,004890
212,농림축산식품부,동화기업(주),2013,업체,목재,98543.0,2903.0,한국표준협회,,025900
213,산업통상자원부,동희오토(주),2013,사업장,자동차,45856.0,922.0,(재)한국품질재단,,NULL
214,산업통상자원부,두산엔진(주),2013,사업장,기계,30302.0,529.0,㈜디엔브이지엘비즈니스어슈어런스코리아,,NULL
215,산업통상자원부,두산인프라코어(주),2013,업체,기계,162080.0,3123.0,(재)한국품질재단,,NULL
216,산업통상자원부,두산중공업 주식회사,2013,업체,기계,274559.0,5135.0,(재)한국품질재단,,NULL
217,산업통상자원부,두원중공업(주),2013,사업장,기계,31600.0,643.0,(주)신화엔지니어링종합건축사사무소,,NULL
218,산업통상자원부,디에스파워 주식회사,2013,업체,발전에너지,96009.0,1902.0,한국표준협회,,NULL
219,산업통상자원부,디케이동신(주),2013,사업장,철강,23977.0,455.0,환경보전협회,,NULL
220,농림축산식품부,롯데네슬레코리아(주),2013,사업장,음식료품,32516.0,802.0,(재)한국품질재단,,NULL
221,산업통상자원부,롯데비피화학 주식회사,2013,업체,석유화학,123258.0,2009.0,한국표준협회,,NULL
222,국토교통부,롯데쇼핑 주식회사,2013,업체,건물,783305.0,15549.0,한국표준협회,,023530
223,산업통상자원부,롯데알미늄 주식회사,2013,업체,비철금속,106500.0,2132.0,지속가능인증원주식회사,,NULL
224,산업통상자원부,롯데알미늄(주) 진천공장,2013,사업장,비철금속,,,,,NULL
225,산업통상자원부,롯데정밀화학 주식회사,2013,업체,석유화학,514092.0,12047.0,로이드인증원㈜,,004000
226,농림축산식품부,롯데제과 주식회사,2013,업체,음식료품,127779.0,2533.0,(재)한국품질재단,,NULL
227,산업통상자원부,롯데첨단소재 주식회사,2013,업체,반도체.디스플레이.전기전자,372724.0,7077.0,(재)한국품질재단,,NULL
228,농림축산식품부,롯데칠성음료 주식회사,2013,업체,음식료품,125214.0,2195.0,(재)한국품질재단,,005300
229,산업통상자원부,롯데케미칼 주식회사,2013,업체,석유화학,5865939.0,114662.0,(재)한국품질재단,,011170
230,농림축산식품부,롯데푸드(주),2013,업체,음식료품,107461.0,2112.0,(주)한국경영인증원,,002270
231,산업통상자원부,르노삼성자동차(주),2013,업체,자동차,87466.0,1865.0,(재)한국품질재단,,NULL
232,산업통상자원부,만호제강(주),2013,사업장,철강,33224.0,674.0,이큐에이㈜,,001080
233,산업통상자원부,매그나칩반도체(유),2013,업체,반도체.디스플레이.전기전자,940901.0,6469.0,(주)비에스아이그룹코리아,,NULL
234,농림축산식품부,매일유업(주),2013,업체,음식료품,107555.0,1994.0,한국표준협회,,267980
235,산업통상자원부,무림에스피(주),2013,업체,제지,50759.0,1019.0,(재)한국화학융합시험연구원,,NULL
236,산업통상자원부,무림파워텍 주식회사,2013,업체,산업단지,205756.0,3108.0,(재)한국화학융합시험연구원,,NULL
237,산업통상자원부,무림페이퍼(주),2013,업체,제지,253446.0,5553.0,(재)한국화학융합시험연구원,,009200
238,산업통상자원부,무림피앤피(주),2013,업체,제지,241205.0,13463.0,(재)한국화학융합시험연구원,,NULL
239,산업통상자원부,미원스페셜티케미칼(주),2013,사업장,석유화학,31903.0,636.0,한국표준협회,,NULL
240,산업통상자원부,백광산업 주식회사,2013,업체,석유화학,190556.0,3785.0,대일이엔씨기술(주),,NULL
241,산업통상자원부,버슘머트리얼즈코리아 주식회사,2013,업체,석유화학,3734.0,72.0,로이드인증원㈜,,NULL
242,환경부,베올리아워터자원개발 주식회사,2013,업체,수도,66425.0,1367.0,(재)한국품질재단,,NULL
243,환경부,베올리아워터코리아대산(주),2013,업체,수도,91501.0,1873.0,(주)한국경영인증원,,NULL
244,산업통상자원부,보랄코리아석고주식회사,2013,사업장,시멘트,,,(재)한국품질재단,2014년도 명세서 정보공개 심사위원회 결정,NULL
245,산업통상자원부,보워터코리아 유한회사,2013,업체,제지,172324.0,2775.0,㈜한국품질보증원,,NULL
246,산업통상자원부,볼보그룹코리아(주),2013,사업장,기계,28689.0,547.0,한국표준협회,,NULL
247,환경부,부산광역시,2013,업체,폐기물,946718.0,7743.0,지속가능인증원주식회사,,NULL
248,국토교통부,부산교통공사,2013,업체,교통(철도),155094.0,3187.0,한국표준협회,,NULL
249,국토교통부,부산대학교,2013,사업장,건물,24730.0,504.0,㈜한국품질보증원,,NULL
250,산업통상자원부,부산정관에너지(주),2013,사업장,발전에너지,43228.0,854.0,(재)한국품질재단,,NULL
251,산업통상자원부,부산주공(주),2013,업체,자동차,114102.0,2051.0,㈜한국품질보증원,,005030
252,산업통상자원부,부산패션칼라산업협동조합,2013,업체,산업단지,199980.0,2884.0,티유브이슈드코리아㈜,,NULL
253,환경부,부천시,2013,업체,폐기물,155608.0,1187.0,한국산업기술시험원,,NULL
254,산업통상자원부,부흥석회,2013,사업장,시멘트,34677.0,149.0,한국표준협회,,NULL
255,환경부,비노텍 주식회사,2013,사업장,폐기물,93635.0,114.0,티유브이슈드코리아㈜,,NULL
256,국토교통부,사회복지법인 삼성생명공익재단,2013,업체,건물,62416.0,1264.0,(재)한국품질재단,,NULL
257,산업통상자원부,삼광글라스(주),2013,업체,유리 · 요업,193462.0,3465.0,안진회계법인,,NULL
258,산업통상자원부,삼남석유화학주식회사,2013,업체,석유화학,288241.0,3813.0,환경보전협회,,NULL
259,산업통상자원부,삼보산업 주식회사,2013,사업장,비철금속,44058.0,667.0,이큐에이㈜,,009620
260,산업통상자원부,삼성디스플레이 주식회사,2013,업체,반도체.디스플레이.전기전자,5711999.0,74383.0,(재)한국품질재단,,NULL
261,국토교통부,삼성물산 주식회사,2013,업체,건물,66449.0,1275.0,(주)비에스아이그룹코리아,,000830
262,국토교통부,삼성생명보험 주식회사,2013,업체,건물,12570.0,252.0,(재)한국품질재단,,NULL
263,산업통상자원부,삼성에스디아이 주식회사,2013,업체,반도체.디스플레이.전기전자,616756.0,13017.0,(재)한국품질재단,,NULL
264,산업통상자원부,삼성에스디에스㈜수원ICT센터,2013,사업장,반도체.디스플레이.전기전자,92929.0,1900.0,(주)한국경영인증원,,NULL
265,산업통상자원부,삼성전기 주식회사,2013,업체,반도체.디스플레이.전기전자,427359.0,8975.0,(주)비에스아이그룹코리아,,009150
266,산업통상자원부,삼성전자 주식회사,2013,업체,반도체.디스플레이.전기전자,6299773.0,96235.0,(재)한국품질재단,,005930
267,산업통상자원부,삼성중공업 주식회사,2013,업체,조선,484234.0,7769.0,한국표준협회,,010140
268,산업통상자원부,삼성코닝어드밴스드 글라스,2013,사업장,반도체.디스플레이.전기전자,24543.0,498.0,로이드인증원㈜,,NULL
269,농림축산식품부,삼양식품(주) 원주공장,2013,사업장,음식료품,19996.0,393.0,(주)비에스아이그룹코리아,,NULL
270,산업통상자원부,삼양이노켐(주),2013,사업장,석유화학,73843.0,1469.0,한국표준협회,,NULL
271,산업통상자원부,삼양화성주식회사,2013,업체,석유화학,130519.0,2377.0,환경보전협회,,NULL
272,산업통상자원부,삼영산업,2013,사업장,유리 · 요업,26777.0,484.0,㈜한국품질보증원,,NULL
273,산업통상자원부,삼영전자공업(주),2013,업체,반도체.디스플레이.전기전자,148676.0,2870.0,한국산업기술시험원,,005680
274,산업통상자원부,삼영화학공업(주),2013,사업장,석유화학,30859.0,628.0,이큐에이㈜,,NULL
275,산업통상자원부,삼일제지(주),2013,사업장,제지,25315.0,493.0,이큐에이㈜,,NULL
276,산업통상자원부,삼정펄프(주),2013,업체,제지,149482.0,2167.0,(주)비에스아이그룹코리아,,009770
277,산업통상자원부,삼표기초소재 주식회사,2013,사업장,시멘트,32119.0,649.0,한국표준협회,,NULL
278,산업통상자원부,삼화제지(주),2013,사업장,제지,49773.0,822.0,한국표준협회,,NULL
279,농림축산식품부,서영주정(주),2013,사업장,음식료품,24739.0,438.0,(재)한국품질재단,,NULL
280,국토교통부,서울대학교병원,2013,업체,건물,75108.0,1529.0,환경보전협회,,NULL
281,국토교통부,서울메트로,2013,업체,교통(철도),338682.0,6959.0,㈜디엔브이지엘비즈니스어슈어런스코리아,,NULL
282,산업통상자원부,서울바이오시스(주),2013,사업장,반도체.디스플레이.전기전자,52487.0,951.0,로이드인증원㈜,,092190
283,국토교통부,서울시메트로 9호선(주),2013,사업장,교통(철도),42117.0,865.0,한국표준협회,,NULL
284,산업통상자원부,서울에너지공사,2013,업체,발전에너지,421190.0,9662.0,(재)한국화학융합시험연구원,,NULL
285,농림축산식품부,서울우유협동조합,2013,업체,음식료품,67581.0,1315.0,한국표준협회,,NULL
286,환경부,서울특별시,2013,업체,폐기물,2258311.0,22587.0,이큐에이㈜,,NULL
287,국토교통부,서울특별시농수산식품공사,2013,사업장,건물,40897.0,838.0,이큐에이㈜,,NULL
288,국토교통부,서울특별시도시철도공사,2013,업체,교통(철도),285466.0,5873.0,지속가능인증원주식회사,,NULL
289,산업통상자원부,서한이앤피주식회사,2013,업체,기계,46480.0,919.0,이큐에이㈜,,NULL
290,농림축산식품부,선창산업(주),2013,업체,목재,80691.0,3296.0,한국표준협회,,NULL
291,환경부,성남시,2013,업체,폐기물,238539.0,2356.0,㈜디엔브이지엘비즈니스어슈어런스코리아,,NULL
292,산업통상자원부,성동조선해양 주식회사,2013,업체,조선,131831.0,2247.0,한국표준협회,,NULL
293,환경부,성림유화 주식회사,2013,업체,폐기물,220556.0,240.0,티유브이슈드코리아㈜,,NULL
294,산업통상자원부,성신양회(주),2013,업체,시멘트,5573181.0,26324.0,한국표준협회,,004980
295,산업통상자원부,성안합섬(주),2013,업체,섬유,73005.0,1470.0,안진회계법인,,NULL
296,농림축산식품부,성창보드(주),2013,사업장,목재,22581.0,489.0,한국표준협회,,NULL
297,산업통상자원부,성훈엔지니어링주식회사,2013,사업장,비철금속,44691.0,824.0,한국가스안전공사,,NULL
298,산업통상자원부,세방전지(주),2013,업체,반도체.디스플레이.전기전자,102367.0,2084.0,이큐에이㈜,,004490
299,산업통상자원부,세일철강(주),2013,사업장,철강,23386.0,470.0,(재)한국품질재단,,NULL
300,산업통상자원부,세하(주),2013,업체,제지,160745.0,2389.0,이큐에이㈜,,NULL
301,산업통상자원부,셀트리온,2013,사업장,석유화학,46490.0,941.0,산림조합중앙회,,068270
302,산업통상자원부,셰플러코리아(유),2013,업체,기계,96987.0,1984.0,티유브이슈드코리아㈜,,NULL
303,산업통상자원부,솔베이실리카코리아(주),2013,업체,석유화학,65655.0,1116.0,한국표준협회,,NULL
304,산업통상자원부,솔브레인에스엘디 주식회사,2013,사업장,반도체.디스플레이.전기전자,39179.0,802.0,한국표준협회,,NULL
305,산업통상자원부,송원산업(주),2013,업체,석유화학,173458.0,2964.0,이큐에이㈜,,004430
306,산업통상자원부,송학제지(주),2013,사업장,제지,39803.0,414.0,한국표준협회,,NULL
307,환경부,수도권매립지관리공사,2013,업체,폐기물,1612347.0,1604.0,지속가능인증원주식회사,,NULL
308,산업통상자원부,수완에너지 주식회사,2013,업체,발전에너지,246577.0,4884.0,한국표준협회,,NULL
309,환경부,수원시,2013,업체,폐기물,158243.0,1199.0,한국산업기술시험원,,NULL
310,산업통상자원부,스테코(주),2013,사업장,반도체.디스플레이.전기전자,27395.0,561.0,한국표준협회,,NULL
311,산업통상자원부,스템코(주),2013,사업장,반도체.디스플레이.전기전자,36865.0,751.0,(주)한국경영인증원,,NULL
312,산업통상자원부,시그네틱스(주),2013,사업장,반도체.디스플레이.전기전자,46690.0,949.0,(주)한국경영인증원,,033170
313,환경부,시흥 그린센터,2013,사업장,폐기물,33212.0,88.0,(재)한국품질재단,,NULL
314,환경부,시흥시맑은물관리센터,2013,사업장,폐기물,37311.0,296.0,(재)한국품질재단,,NULL
315,산업통상자원부,신대양제지(주),2013,업체,제지,304990.0,3896.0,한국표준협회,,016590
316,산업통상자원부,신대일제지공업(주),2013,사업장,제지,76067.0,814.0,이큐에이㈜,,NULL
317,산업통상자원부,신창제지공업주식회사,2013,사업장,제지,38467.0,696.0,한국표준협회,,NULL
318,산업통상자원부,신풍제지(주),2013,업체,제지,127254.0,1904.0,(재)한국품질재단,,NULL
319,산업통상자원부,쌍용머티리얼(주),2013,사업장,자동차,30112.0,601.0,(재)한국품질재단,,NULL
320,산업통상자원부,쌍용양회공업 주식회사,2013,업체,시멘트,11539065.0,59322.0,한국표준협회,,NULL
321,산업통상자원부,쌍용자동차(주),2013,업체,자동차,137627.0,2741.0,㈜한국품질보증원,,NULL
322,산업통상자원부,쌍용제지(주),2013,업체,제지,37761.0,760.0,안진회계법인,,NULL
323,산업통상자원부,씨지앤대산전력 주식회사,2013,업체,발전에너지,180803.0,2645.0,㈜한국품질보증원,,NULL
324,산업통상자원부,씨지앤율촌전력 주식회사,2013,업체,발전에너지,1564083.0,31085.0,㈜한국품질보증원,,NULL
325,산업통상자원부,아반스트레이트코리아 주식회사,2013,업체,유리 · 요업,59694.0,1184.0,㈜한국품질보증원,,NULL
326,산업통상자원부,아사히초자화인테크노한국주식회사,2013,업체,유리 · 요업,,,㈜디엔브이지엘비즈니스어슈어런스코리아,2014년도 명세서 정보공개 심사위원회 결정,NULL
327,산업통상자원부,아사히피디글라스한국(주),2013,업체,유리 · 요업,130244.0,1859.0,㈜디엔브이지엘비즈니스어슈어런스코리아,,NULL
328,환경부,아산시,2013,사업장,폐기물,38396.0,477.0,이큐에이㈜,,NULL
329,산업통상자원부,아세아시멘트 주식회사,2013,업체,시멘트,3048386.0,17693.0,한국표준협회,,183190
330,산업통상자원부,아세아아세틸스 주식회사,2013,업체,석유화학,62090.0,1059.0,한국표준협회,,NULL
331,산업통상자원부,아세아제지(주),2013,업체,유리 · 요업,527677.0,6841.0,한국표준협회,,002310
332,국토교통부,아시아나항공,2013,업체,항공,313447.0,4612.0,로이드인증원㈜,,020560
333,산업통상자원부,아이에스동서(주),2013,업체,유리 · 요업,80145.0,1495.0,한국표준협회,,010780
334,국토교통부,아주대학교의료원,2013,사업장,건물,24982.0,504.0,한국생산성본부인증원(주),,NULL
335,산업통상자원부,아주베스틸(주),2013,사업장,철강,23608.0,484.0,한국표준협회,,NULL
336,산업통상자원부,안산도시개발(주),2013,업체,발전에너지,32394.0,631.0,한국가스안전공사,,NULL
337,환경부,안산시,2013,업체,폐기물,223340.0,1559.0,㈜한국품질보증원,,NULL
338,환경부,안양시,2013,업체,폐기물,56499.0,824.0,㈜한국품질보증원,,NULL
339,산업통상자원부,애경유화(주),2013,업체,석유화학,166046.0,1030.0,한국표준협회,,NULL
340,산업통상자원부,앰코테크놀로지코리아(주),2013,업체,반도체.디스플레이.전기전자,177758.0,3623.0,(주)비에스아이그룹코리아,,NULL
341,환경부,양산시,2013,업체,폐기물,76905.0,652.0,(재)한국품질재단,,NULL
342,산업통상자원부,에너원(주),2013,업체,발전에너지,38284.0,447.0,(주)한국경영인증원,,NULL
343,산업통상자원부,에스케이루브리컨츠 주식회사,2013,업체,정유,220486.0,526.0,한국표준협회,,NULL
344,산업통상자원부,에스케이머티리얼즈 주식회사,2013,업체,석유화학,124932.0,2554.0,한국가스안전공사,,036490
345,산업통상자원부,에스케이씨 주식회사,2013,업체,석유화학,842557.0,14359.0,한국표준협회,,NULL
346,산업통상자원부,에스케이씨코오롱피아이 주식회사 구미공장,2013,사업장,석유화학,23632.0,457.0,(주)비에스아이그룹코리아,,NULL
347,산업통상자원부,에스케이씨하스디스플레이필름(유),2013,사업장,석유화학,38322.0,772.0,로이드인증원㈜,,NULL
348,산업통상자원부,에스케이에너지 주식회사,2013,업체,정유,7165855.0,89787.0,한국표준협회,,NULL
349,산업통상자원부,에스케이유화 주식회사,2013,업체,석유화학,229554.0,3461.0,한국표준협회,,NULL
350,산업통상자원부,에스케이이엔에스 주식회사,2013,업체,발전에너지,2166875.0,44483.0,(주)한국경영인증원,,NULL
351,산업통상자원부,에스케이종합화학 주식회사,2013,업체,석유화학,3582959.0,72181.0,한국표준협회,,NULL
352,산업통상자원부,에스케이케미칼 주식회사,2013,업체,석유화학,481574.0,8215.0,㈜디엔브이지엘비즈니스어슈어런스코리아,,285130
353,산업통상자원부,에스케이텔레콤 주식회사,2013,업체,통신,698707.0,14385.0,로이드인증원㈜,,017670
354,산업통상자원부,에스케이하이닉스 주식회사,2013,업체,반도체.디스플레이.전기전자,2867662.0,38984.0,(주)비에스아이그룹코리아,,000660
355,산업통상자원부,에어리퀴드코리아 주식회사,2013,업체,석유화학,263747.0,3773.0,로이드인증원㈜,,NULL
356,국토교통부,에어부산(주),2013,업체,항공,133771.0,1911.0,한국표준협회,,298690
357,산업통상자원부,에어프로덕츠코리아 주식회사,2013,업체,석유화학,657926.0,13515.0,로이드인증원㈜,,NULL
358,산업통상자원부,에이에스이코리아주식회사,2013,업체,반도체.디스플레이.전기전자,76489.0,1552.0,(재)한국품질재단,,NULL
359,산업통상자원부,에코플라스틱(주) 1공장,2013,사업장,자동차,22229.0,452.0,(재)한국품질재단,,NULL
360,산업통상자원부,엘에스니꼬 동제련 주식회사,2013,업체,비철금속,456299.0,7275.0,한국표준협회,,NULL
361,산업통상자원부,엘에스메탈 주식회사,2013,사업장,비철금속,28486.0,579.0,한국표준협회,,NULL
362,산업통상자원부,엘에스엠트론(주),2013,업체,비철금속,112931.0,2297.0,(주)한국경영인증원,,NULL
363,산업통상자원부,엘에스전선 주식회사,2013,업체,기계,149863.0,2961.0,(주)한국경영인증원,,NULL
364,산업통상자원부,엘지디스플레이(주),2013,업체,반도체.디스플레이.전기전자,6921514.0,61092.0,로이드인증원㈜,,034220
365,산업통상자원부,엘지유플러스(주),2013,업체,통신,1002064.0,20626.0,한국표준협회,,032640
366,산업통상자원부,엘지이노텍 주식회사,2013,업체,반도체.디스플레이.전기전자,344602.0,7145.0,로이드인증원㈜,,011070
367,산업통상자원부,엘지전자 주식회사,2013,업체,반도체.디스플레이.전기전자,588850.0,11273.0,(주)비에스아이그룹코리아,,066570
368,산업통상자원부,엠이엠씨코리아주식회사,2013,업체,반도체.디스플레이.전기전자,67882.0,1395.0,(주)신화엔지니어링종합건축사사무소,,NULL
369,산업통상자원부,여천엔씨씨 주식회사,2013,업체,석유화학,3685190.0,71594.0,(재)한국품질재단,,NULL
370,국토교통부,영남대학교,2013,사업장,건물,21962.0,442.0,㈜한국품질보증원,,NULL
371,산업통상자원부,영풍제지(주),2013,업체,제지,104696.0,961.0,대일이엔씨기술(주),,NULL
372,산업통상자원부,영화금속(주),2013,업체,철강,99000.0,1371.0,이큐에이㈜,,012280
373,산업통상자원부,영흥철강(주),2013,사업장,철강,22530.0,460.0,한국표준협회,,NULL
374,농림축산식품부,오뚜기라면(주),2013,사업장,음식료품,31240.0,622.0,(주)비에스아이그룹코리아,,NULL
375,산업통상자원부,오리온엔지니어드카본즈 주식회사,2013,업체,석유화학,,,㈜디엔브이지엘비즈니스어슈어런스코리아,2014년도 명세서 정보공개 심사위원회 결정,NULL
376,농림축산식품부,오비맥주(주),2013,업체,음식료품,122129.0,2476.0,(주)비에스아이그룹코리아,,NULL
377,산업통상자원부,오씨아이 주식회사,2013,업체,석유화학,2574036.0,40115.0,㈜디엔브이지엘비즈니스어슈어런스코리아,,NULL
378,산업통상자원부,와이케이스틸(주),2013,업체,철강,375775.0,6266.0,한국표준협회,,NULL
379,산업통상자원부,용산화학(주),2013,업체,석유화학,108864.0,935.0,한국가스안전공사,,NULL
380,환경부,용인시,2013,업체,폐기물,157092.0,1481.0,㈜한국품질보증원,,NULL
381,환경부,울산광역시,2013,업체,폐기물,284051.0,2003.0,㈜한국품질보증원,,NULL
382,산업통상자원부,웅진에너지 주식회사,2013,업체,반도체.디스플레이.전기전자,104253.0,2146.0,안진회계법인,,103130
383,산업통상자원부,월산페이퍼 주식회사,2013,업체,제지,194289.0,2659.0,이큐에이㈜,,NULL
384,산업통상자원부,유니드,2013,업체,석유화학,548061.0,13421.0,(재)한국화학융합시험연구원,,014830
385,산업통상자원부,유니온스틸(주),2013,업체,철강,314120.0,6341.0,한국표준협회,,003640
386,산업통상자원부,유한킴벌리 주식회사,2013,업체,제지,166177.0,3379.0,(재)한국품질재단,,NULL
387,산업통상자원부,유한회사 스태츠칩팩코리아,2013,업체,반도체.디스플레이.전기전자,76765.0,1565.0,(주)신화엔지니어링종합건축사사무소,,NULL
388,산업통상자원부,율촌화학(주),2013,사업장,석유화학,49627.0,887.0,대일이엔씨기술(주),,008730
389,환경부,의정부시자원회수시설,2013,사업장,폐기물,28432.0,242.0,한국산업기술시험원,,NULL
390,산업통상자원부,이구산업(주),2013,사업장,비철금속,23226.0,472.0,한국표준협회,,025820
391,산업통상자원부,이래오토모티브시스템 주식회사,2013,사업장,자동차,44031.0,848.0,㈜한국품질보증원,,NULL
392,국토교통부,이스타항공(주),2013,업체,항공,105266.0,1506.0,한국표준협회,,NULL
393,환경부,이천시,2013,업체,폐기물,92929.0,733.0,(재)한국품질재단,,NULL
394,국토교통부,이화여자대학교,2013,사업장,건물,29599.0,602.0,이큐에이㈜,,NULL
395,환경부,익산시,2013,업체,폐기물,136239.0,714.0,한국산업기술시험원,,NULL
396,농림축산식품부,인그리디언코리아 유한회사,2013,업체,음식료품,127374.0,2555.0,(재)한국품질재단,,NULL
397,산업통상자원부,인천공항에너지,2013,업체,발전에너지,208613.0,4130.0,㈜한국품질보증원,,NULL
398,환경부,인천광역시,2013,업체,폐기물,384331.0,4312.0,한국산업기술시험원,,NULL
399,국토교통부,인천교통공사,2013,사업장,교통(철도),47754.0,982.0,(재)한국품질재단,,NULL
400,국토교통부,인천국제공항공사,2013,업체,건물,167368.0,3104.0,(재)한국품질재단,,NULL
401,산업통상자원부,인천종합에너지(주),2013,업체,발전에너지,466865.0,9247.0,한국생산성본부인증원(주),,NULL
402,산업통상자원부,일본전기초자한국주식회사,2013,사업장,유리 · 요업,28517.0,579.0,이큐에이㈜,,NULL
403,산업통상자원부,일신방직(주),2013,업체,섬유,106042.0,2106.0,한국표준협회,,003200
404,산업통상자원부,일진머티리얼즈 주식회사,2013,업체,비철금속,122345.0,2532.0,(주)신화엔지니어링종합건축사사무소,,NULL
405,국토교통부,재단법인 아산사회복지재단,2013,사업장,건물,84286.0,1681.0,한국표준협회,,NULL
406,국토교통부,전남대학교,2013,업체,건물,34834.0,702.0,한국표준협회,,NULL
407,국토교통부,전북대학교,2013,사업장,건물,29678.0,598.0,이큐에이㈜,,NULL
408,산업통상자원부,전북에너지서비스주식회사,2013,업체,발전에너지,879.0,17.0,한국가스안전공사,,NULL
409,환경부,전주시,2013,업체,폐기물,201298.0,499.0,이큐에이㈜,,NULL
410,환경부,제주특별자치도,2013,업체,폐기물,214401.0,1921.0,(주)신화엔지니어링종합건축사사무소,,NULL
411,국토교통부,제주항공(주),2013,업체,항공,132861.0,1902.0,한국표준협회,,089590
412,산업통상자원부,조광피혁(주),2013,사업장,섬유,20284.0,410.0,한국표준협회,,004700
413,산업통상자원부,조일알미늄 주식회사,2013,업체,비철금속,73207.0,1466.0,안진회계법인,,018470
414,산업통상자원부,주식회사 고려시멘트,2013,업체,시멘트,652108.0,3305.0,한국표준협회,,003660
415,산업통상자원부,주식회사 고려제지,2013,업체,제지,218169.0,2862.0,(주)한국경영인증원,,NULL
416,농림축산식품부,주식회사 광원목재,2013,사업장,목재,45350.0,1250.0,한국표준협회,,NULL
417,농림축산식품부,주식회사 농심,2013,업체,음식료품,186213.0,3651.0,한국표준협회,,004370
418,환경부,주식회사 뉴그린,2013,업체,폐기물,177868.0,190.0,이큐에이㈜,,NULL
419,산업통상자원부,주식회사 대유글로벌,2013,사업장,비철금속,49828.0,954.0,이큐에이㈜,,NULL
420,산업통상자원부,주식회사 대창,2013,사업장,비철금속,45373.0,922.0,한국가스안전공사,,012800
421,산업통상자원부,주식회사 대한세라믹스,2013,사업장,유리 · 요업,37923.0,684.0,이큐에이㈜,,NULL
422,산업통상자원부,주식회사 대호에이엘,2013,사업장,비철금속,31438.0,630.0,한국생산성본부인증원(주),,069460
423,국토교통부,주식회사 더블유티씨서울,2013,업체,건물,59438.0,1211.0,(주)한국경영인증원,,NULL
425,산업통상자원부,주식회사 동부메탈,2013,업체,철강,1187289.0,12891.0,(재)한국품질재단,,NULL
426,산업통상자원부,주식회사 동성코퍼레이션,2013,사업장,석유화학,29078.0,366.0,(주)한국경영인증원,,NULL
427,환경부,주식회사 명성환경,2013,업체,폐기물,62076.0,302.0,이큐에이㈜,,NULL
428,농림축산식품부,주식회사 삼양사,2013,업체,음식료품,302794.0,6056.0,한국표준협회,,145990
429,국토교통부,주식회사 삼원에이엠씨,2013,사업장,건물,25260.0,517.0,(주)한국경영인증원,,NULL
430,산업통상자원부,주식회사 세아창원특수강,2013,업체,철강,634703.0,10955.0,한국표준협회,,NULL
431,산업통상자원부,주식회사 세진메탈,2013,사업장,비철금속,28369.0,557.0,산림조합중앙회,,NULL
432,산업통상자원부,주식회사 수석,2013,사업장,유리 · 요업,35164.0,615.0,㈜한국품질보증원,,NULL
433,산업통상자원부,주식회사 신아에스비,2013,사업장,조선,12045.0,219.0,한국표준협회,,NULL
434,산업통상자원부,주식회사 심텍,2013,업체,반도체.디스플레이.전기전자,80375.0,1652.0,(주)한국경영인증원,,222800
435,산업통상자원부,주식회사 알테크노메탈,2013,사업장,비철금속,28752.0,359.0,한국표준협회,,NULL
436,환경부,주식회사 에너지네트웍,2013,업체,폐기물,157910.0,502.0,이큐에이㈜,,NULL
437,산업통상자원부,주식회사 에스에프에이반도체,2013,사업장,반도체.디스플레이.전기전자,39093.0,801.0,대일이엔씨기술(주),,NULL
438,산업통상자원부,주식회사 에스엔엔씨,2013,업체,비철금속,887773.0,10083.0,(재)한국품질재단,,NULL
439,농림축산식품부,주식회사 에스피씨삼립,2013,사업장,음식료품,39134.0,781.0,(주)비에스아이그룹코리아,,NULL
440,산업통상자원부,주식회사 엘지실트론,2013,업체,반도체.디스플레이.전기전자,298655.0,6052.0,(주)한국경영인증원,,NULL
441,산업통상자원부,주식회사 엘지화학,2013,업체,석유화학,7098816.0,135192.0,(재)한국품질재단,,051910
442,산업통상자원부,주식회사 영풍,2013,업체,비철금속,1107419.0,18050.0,(재)한국품질재단,,000670
443,국토교통부,주식회사 이랜드리테일,2013,업체,건물,221125.0,4537.0,한국표준협회,,NULL
444,산업통상자원부,주식회사 정산인터내셔널,2013,사업장,섬유,25909.0,607.0,(재)한국품질재단,,NULL
445,산업통상자원부,주식회사 존슨콘트롤즈델코배터리,2013,업체,반도체.디스플레이.전기전자,40505.0,827.0,(주)한국경영인증원,,NULL
446,산업통상자원부,주식회사 지알엠,2013,업체,비철금속,100232.0,1105.0,한국표준협회,,NULL
447,산업통상자원부,주식회사 지에스이앤알,2013,업체,산업단지,2505218.0,28716.0,(재)한국품질재단,,NULL
448,농림축산식품부,주식회사 진로발효,2013,사업장,음식료품,25266.0,688.0,안진회계법인,,018120
449,산업통상자원부,주식회사 카프로,2013,업체,석유화학,1283086.0,9545.0,(재)한국품질재단,,006380
450,산업통상자원부,주식회사 케이티,2013,업체,통신,1097764.0,22405.0,㈜한국품질보증원,,030200
451,산업통상자원부,주식회사 케이피에프,2013,사업장,철강,45926.0,935.0,한국표준협회,,024880
452,환경부,주식회사 코엔텍,2013,업체,폐기물,284131.0,179.0,한국표준협회,,029960
453,산업통상자원부,주식회사 태영이엠씨,2013,업체,광업,206150.0,989.0,(주)비에스아이그룹코리아,,NULL
454,산업통상자원부,주식회사 팜한농,2013,업체,석유화학,220464.0,1568.0,한국표준협회,,NULL
455,산업통상자원부,주식회사 포스코,2013,업체,철강,73380157.0,802818.0,로이드인증원㈜,,NULL
456,산업통상자원부,주식회사 포스코켐텍,2013,업체,유리 · 요업,2115726.0,11571.0,로이드인증원㈜,,NULL
457,산업통상자원부,주식회사 포스하이메탈,2013,업체,철강,403564.0,4204.0,이큐에이㈜,,NULL
458,산업통상자원부,주식회사 풍산,2013,업체,비철금속,258008.0,5261.0,로이드인증원㈜,,103140
459,산업통상자원부,주식회사 프라임테크,2013,업체,시멘트,149803.0,877.0,(주)신화엔지니어링종합건축사사무소,,NULL
460,산업통상자원부,주식회사 한국화이바,2013,사업장,유리 · 요업,40570.0,779.0,대일이엔씨기술(주),,NULL
461,국토교통부,주식회사 호텔롯데,2013,업체,건물,109268.0,2170.0,(주)한국경영인증원,,NULL
462,산업통상자원부,주식회사 효성,2013,업체,섬유,1255180.0,26488.0,(재)한국품질재단,,004800
463,산업통상자원부,주식회사 후성,2013,업체,석유화학,383217.0,721.0,한국가스안전공사,,093370
464,산업통상자원부,주식회사 휴스틸,2013,사업장,철강,38338.0,781.0,(재)한국품질재단,,005010
465,산업통상자원부,지에스이피에스,2013,업체,발전에너지,2934508.0,58179.0,대일이엔씨기술(주),,NULL
466,산업통상자원부,지에스칼텍스 주식회사,2013,업체,정유,8415996.0,106524.0,㈜디엔브이지엘비즈니스어슈어런스코리아,,NULL
467,산업통상자원부,진영제지공업(주),2013,업체,제지,67170.0,837.0,이큐에이㈜,,NULL
468,환경부,창원시,2013,업체,폐기물,275037.0,1604.0,(주)신화엔지니어링종합건축사사무소,,NULL
469,환경부,천안시,2013,업체,폐기물,127152.0,846.0,㈜한국품질보증원,,NULL
470,산업통상자원부,천일제지(주),2013,업체,제지,60845.0,1200.0,한국표준협회,,NULL
471,환경부,청주권광역소각시설,2013,사업장,폐기물,62602.0,263.0,(재)한국품질재단,,NULL
472,환경부,청주시환경사업소,2013,사업장,폐기물,35006.0,387.0,(재)한국품질재단,,NULL
473,국토교통부,충남대학교,2013,사업장,건물,28461.0,576.0,티유브이슈드코리아㈜,,NULL
474,산업통상자원부,케이씨글라스(주),2013,사업장,유리 · 요업,30362.0,536.0,(주)신화엔지니어링종합건축사사무소,,NULL
475,산업통상자원부,케이씨씨,2013,업체,유리 · 요업,1178689.0,19107.0,(재)한국품질재단,,002380
476,산업통상자원부,케이씨주식회사,2013,업체,석유화학,143926.0,1921.0,한국표준협회,,029460
477,환경부,케이씨한미산업 주식회사,2013,사업장,폐기물,,,,,NULL
478,환경부,케이씨환경서비스 주식회사,2013,업체,폐기물,128662.0,401.0,(재)한국품질재단,,NULL
479,산업통상자원부,케이오씨(주),2013,업체,석유화학,48831.0,1182.0,(재)한국품질재단,,NULL
480,환경부,케이지이티에스 주식회사,2013,업체,폐기물,372365.0,1559.0,티유브이슈드코리아㈜,,NULL
481,산업통상자원부,케이지케미칼 주식회사,2013,사업장,석유화학,21228.0,435.0,이큐에이㈜,,NULL
482,산업통상자원부,케이지피 주식회사,2013,사업장,제지,29960.0,740.0,이큐에이㈜,,NULL
483,산업통상자원부,켐그린에너지 주식회사,2013,업체,석유화학,,,,,NULL
484,산업통상자원부,코넥,2013,사업장,자동차,28219.0,554.0,(주)한국경영인증원,,NULL
485,산업통상자원부,코닝정밀소재 주식회사,2013,업체,유리 · 요업,525382.0,10505.0,로이드인증원㈜,,NULL
486,산업통상자원부,코리아PTG(주),2013,업체,석유화학,129966.0,1063.0,(재)한국품질재단,,NULL
487,산업통상자원부,코리아니켈(주),2013,사업장,비철금속,30466.0,408.0,이큐에이㈜,,NULL
488,산업통상자원부,코리아오토글라스(주),2013,업체,유리 · 요업,88956.0,1827.0,(재)한국품질재단,,152330
489,산업통상자원부,코스모신소재(주),2013,사업장,석유화학,32363.0,859.0,한국표준협회,,005070
490,산업통상자원부,코스모화학,2013,업체,석유화학,102532.0,1768.0,로이드인증원㈜,,005420
491,산업통상자원부,코오롱인더스트리 주식회사,2013,업체,석유화학,736481.0,14084.0,한국표준협회,,NULL
492,산업통상자원부,코오롱패션머티리얼(주),2013,업체,섬유,131522.0,2628.0,(주)한국경영인증원,,NULL
493,산업통상자원부,코오롱플라스틱(주),2013,업체,석유화학,,,한국표준협회,2014년도 명세서 정보공개 심사위원회 결정,NULL
494,산업통상자원부,코원에너지서비스(주),2013,사업장,발전에너지,25099.0,495.0,(재)한국품질재단,,026870
495,산업통상자원부,콜롬비안케미컬즈코리아(주),2013,업체,석유화학,101024.0,438.0,(재)한국품질재단,,NULL
496,산업통상자원부,태경산업(주),2013,업체,철강,150769.0,1802.0,이큐에이㈜,,015890
497,산업통상자원부,태광산업 주식회사,2013,업체,섬유,1155890.0,17891.0,한국표준협회,,003240
498,산업통상자원부,태림페이퍼 주식회사,2013,업체,제지,211560.0,3189.0,이큐에이㈜,,019300
499,산업통상자원부,태봉광업 주식회사,2013,업체,시멘트,212183.0,720.0,(주)비에스아이그룹코리아,,NULL
500,산업통상자원부,태양금속공업(주),2013,사업장,기계,26142.0,510.0,(재)한국품질재단,,004100
501,산업통상자원부,태원물산(주) 울산공장,2013,사업장,유리 · 요업,23160.0,288.0,이큐에이㈜,,NULL
502,산업통상자원부,티케이케미칼,2013,업체,섬유,283849.0,5711.0,이큐에이㈜,,104480
503,산업통상자원부,티피피 주식회사,2013,사업장,발전에너지,16466.0,324.0,대일이엔씨기술(주),,NULL
504,환경부,파주시,2013,업체,폐기물,120328.0,1275.0,(재)한국품질재단,,NULL
505,산업통상자원부,파주전기초자 주식회사,2013,사업장,유리 · 요업,32906.0,653.0,㈜디엔브이지엘비즈니스어슈어런스코리아,,NULL
506,산업통상자원부,페어차일드코리아반도체(주),2013,업체,반도체.디스플레이.전기전자,136091.0,1971.0,(주)한국경영인증원,,NULL
507,산업통상자원부,페이퍼코리아,2013,업체,제지,291806.0,5181.0,한국표준협회,,001020
508,산업통상자원부,포스코강판(주),2013,업체,철강,102645.0,2056.0,한국표준협회,,NULL
509,산업통상자원부,포스코에너지(주),2013,업체,발전에너지,9836025.0,131819.0,환경보전협회,,NULL
510,산업통상자원부,포스코피앤에스,2013,업체,비철금속,54929.0,1092.0,㈜디엔브이지엘비즈니스어슈어런스코리아,,NULL
512,산업통상자원부,폴리미래(주),2013,업체,석유화학,102416.0,1912.0,(주)신화엔지니어링종합건축사사무소,,NULL
513,농림축산식품부,풍국주정공업(주),2013,사업장,음식료품,41425.0,454.0,안진회계법인,,NULL
514,국토교통부,프라임산업(주) 테크노마트21,2013,사업장,건물,17922.0,367.0,대일이엔씨기술(주),,NULL
515,산업통상자원부,프렉스에어코리아 주식회사,2013,업체,석유화학,451130.0,9266.0,안진회계법인,,NULL
516,산업통상자원부,하나마이크론,2013,사업장,반도체.디스플레이.전기전자,29012.0,558.0,(주)한국경영인증원,,067310
517,산업통상자원부,하이디스테크놀로지 주식회사,2013,업체,반도체.디스플레이.전기전자,67592.0,1088.0,로이드인증원㈜,,NULL
518,농림축산식품부,하이트진로(주),2013,업체,음식료품,175084.0,3090.0,한국표준협회,,000080
519,산업통상자원부,하이트진로산업(주),2013,사업장,유리 · 요업,25960.0,406.0,안진회계법인,,NULL
520,산업통상자원부,하이호경금속 주식회사,2013,사업장,비철금속,51324.0,807.0,㈜한국품질보증원,,NULL
521,국토교통부,학교법인 고려중앙학원,2013,업체,건물,37587.0,765.0,(재)한국품질재단,,NULL
522,국토교통부,학교법인 성균관대학,2013,사업장,건물,34495.0,687.0,이큐에이㈜,,NULL
523,국토교통부,학교법인 연세대학교,2013,업체,건물,155970.0,3136.0,한국표준협회,,NULL
524,국토교통부,학교법인 포항공과대학교,2013,사업장,건물,52004.0,1188.0,안진회계법인,,NULL
525,국토교통부,학교법인 한양학원,2013,업체,건물,77372.0,1562.0,(주)한국경영인증원,,NULL
526,산업통상자원부,한국가스공사,2013,업체,발전에너지,682631.0,13775.0,(재)한국품질재단,,036460
527,산업통상자원부,한국경남태양유전(주),2013,업체,반도체.디스플레이.전기전자,55654.0,1142.0,이큐에이㈜,,NULL
528,국토교통부,한국공항공사,2013,사업장,건물,36478.0,739.0,(재)한국품질재단,,NULL
529,국토교통부,한국과학기술원,2013,업체,건물,70862.0,1378.0,이큐에이㈜,,NULL
530,산업통상자원부,한국남동발전,2013,업체,발전에너지,51523781.0,582364.0,로이드인증원㈜,,NULL
531,산업통상자원부,한국남부발전 주식회사,2013,업체,발전에너지,41196915.0,574753.0,(재)한국화학융합시험연구원,,NULL
532,산업통상자원부,한국동서발전 주식회사,2013,업체,발전에너지,43206079.0,550939.0,대일이엔씨기술(주),,NULL
533,산업통상자원부,한국바스프 주식회사,2013,업체,석유화학,775365.0,11293.0,(재)한국품질재단,,NULL
534,산업통상자원부,한국서부발전,2013,업체,발전에너지,39105035.0,510184.0,로이드인증원㈜,,NULL
535,산업통상자원부,한국세큐리트(주) 익산공장,2013,사업장,유리 · 요업,21364.0,438.0,이큐에이㈜,,NULL
536,산업통상자원부,한국솔베이(주),2013,업체,석유화학,95514.0,2105.0,한국표준협회,,NULL
537,산업통상자원부,한국수력원자력,2013,업체,발전에너지,3296114.0,66818.0,㈜한국품질보증원,,NULL
538,환경부,한국수자원공사,2013,업체,수도,631406.0,12955.0,산림조합중앙회,,NULL
539,산업통상자원부,한국수출포장공업(주),2013,업체,제지,120983.0,1118.0,이큐에이㈜,,002200
540,산업통상자원부,한국실리콘 주식회사,2013,업체,석유화학,6567.0,132.0,,,NULL
541,산업통상자원부,한국씨엔티(주),2013,업체,시멘트,59326.0,1091.0,이큐에이㈜,,NULL
542,산업통상자원부,한국엔지니어링플라스틱,2013,업체,석유화학,183899.0,2999.0,한국표준협회,,NULL
543,산업통상자원부,한국오웬스코닝(주),2013,업체,유리 · 요업,80127.0,1547.0,한국표준협회,,NULL
544,국토교통부,한국원자력연구원,2013,사업장,건물,23421.0,478.0,환경보전협회,,NULL
545,산업통상자원부,한국유리공업 주식회사,2013,업체,유리 · 요업,335110.0,4254.0,이큐에이㈜,,NULL
546,산업통상자원부,한국유미코아유한회사,2013,사업장,반도체.디스플레이.전기전자,36748.0,756.0,(재)한국품질재단,,NULL
547,산업통상자원부,한국유에스지보랄 주식회사,2013,업체,시멘트,115411.0,2291.0,(재)한국품질재단,,NULL
548,산업통상자원부,한국이네오스스티롤루션 주식회사,2013,업체,석유화학,92701.0,1838.0,(재)한국품질재단,,NULL
549,산업통상자원부,한국전력공사,2013,업체,발전에너지,1432828.0,5284.0,(주)신화엔지니어링종합건축사사무소,,015760
550,산업통상자원부,한국제강 주식회사,2013,업체,철강,271499.0,4338.0,한국표준협회,,NULL
551,산업통상자원부,한국제지 주식회사,2013,업체,제지,213267.0,6006.0,(재)한국품질재단,,002300
552,산업통상자원부,한국주철관공업(주),2013,업체,철강,80066.0,1038.0,한국표준협회,,000970
553,산업통상자원부,한국중부발전,2013,업체,발전에너지,40277227.0,515714.0,대일이엔씨기술(주),,NULL
554,산업통상자원부,한국지엠 주식회사,2013,업체,자동차,425249.0,8563.0,한국표준협회,,NULL
555,산업통상자원부,한국지역난방공사,2013,업체,발전에너지,4937344.0,83817.0,한국생산성본부인증원(주),,NULL
556,산업통상자원부,한국철강,2013,업체,철강,533845.0,8904.0,한국표준협회,,104700
557,국토교통부,한국철도공사,2013,업체,교통(철도),1771344.0,32517.0,대일이엔씨기술(주),,NULL
558,산업통상자원부,한국타이어 주식회사,2013,업체,석유화학,534617.0,10748.0,(재)한국품질재단,,NULL
559,산업통상자원부,한국토지주택공사,2013,업체,발전에너지,114946.0,2258.0,(재)한국품질재단,,NULL
560,산업통상자원부,한국특수형강(주),2013,업체,철강,327885.0,5671.0,한국표준협회,,NULL
561,산업통상자원부,한국하니소 주식회사,2013,사업장,유리 · 요업,35090.0,672.0,이큐에이㈜,,NULL
562,산업통상자원부,한국항공우주산업(주),2013,사업장,기계,40928.0,811.0,이큐에이㈜,,NULL
563,산업통상자원부,한남시멘트주식회사,2013,사업장,시멘트,47641.0,854.0,한국표준협회,,NULL
564,산업통상자원부,한라비스테온공조(주),2013,사업장,자동차,16374.0,334.0,한국표준협회,,NULL
565,산업통상자원부,한라비스테온공조(주) 평택,2013,사업장,자동차,,,,,NULL
566,산업통상자원부,한라시멘트 주식회사,2013,업체,시멘트,5062547.0,26929.0,한국표준협회,,NULL
567,국토교통부,한솔개발(주),2013,사업장,건물,18157.0,358.0,환경보전협회,,NULL
568,산업통상자원부,한솔아트원제지(주),2013,업체,제지,156184.0,3741.0,(주)한국경영인증원,,007190
569,산업통상자원부,한솔제지,2013,업체,제지,777927.0,13662.0,(주)한국경영인증원,,213500
570,산업통상자원부,한솔페이퍼텍주식회사,2013,업체,제지,123667.0,2106.0,(주)한국경영인증원,,NULL
571,산업통상자원부,한일시멘트 주식회사,2013,업체,시멘트,4738663.0,29374.0,한국표준협회,,300720
572,산업통상자원부,한일제관(주),2013,업체,기계,74955.0,1524.0,(재)한국품질재단,,NULL
573,산업통상자원부,한진중공업(주),2013,사업장,조선,10685.0,202.0,한국표준협회,,NULL
574,산업통상자원부,한화에너지주식회사,2013,업체,산업단지,3728627.0,40435.0,(재)한국품질재단,,NULL
575,산업통상자원부,한화엘앤씨(주),2013,사업장,석유화학,29203.0,588.0,한국표준협회,,NULL
576,산업통상자원부,한화종합화학 주식회사,2013,업체,석유화학,589217.0,10019.0,㈜디엔브이지엘비즈니스어슈어런스코리아,,NULL
577,산업통상자원부,한화첨단소재 주식회사,2013,사업장,석유화학,25098.0,475.0,한국표준협회,,NULL
578,산업통상자원부,한화케미칼 주식회사,2013,업체,석유화학,1958731.0,38736.0,㈜디엔브이지엘비즈니스어슈어런스코리아,,NULL
579,산업통상자원부,한화테크윈(주),2013,사업장,기계,70898.0,1406.0,(주)비에스아이그룹코리아,,NULL
580,산업통상자원부,한화토탈 주식회사,2013,업체,석유화학,3295390.0,68175.0,한국가스안전공사,,NULL
581,산업통상자원부,한화화인케미칼(주),2013,업체,석유화학,80941.0,1252.0,㈜한국품질보증원,,025850
582,산업통상자원부,한황산업주식회사,2013,사업장,철강,30364.0,556.0,한국표준협회,,NULL
583,산업통상자원부,해성디에스 주식회사,2013,사업장,반도체.디스플레이.전기전자,29117.0,643.0,(주)비에스아이그룹코리아,,195870
584,산업통상자원부,핸즈코퍼레이션주식회사,2013,업체,자동차,108732.0,2183.0,(재)한국품질재단,,143210
585,산업통상자원부,현대그린파워 주식회사,2013,업체,발전에너지,8333187.0,41654.0,(주)한국경영인증원,,NULL
586,산업통상자원부,현대다이모스(주),2013,사업장,자동차,33099.0,672.0,한국표준협회,,NULL
587,산업통상자원부,현대로템 주식회사 창원공장,2013,사업장,기계,20913.0,416.0,㈜디엔브이지엘비즈니스어슈어런스코리아,,NULL
588,산업통상자원부,현대메티아(주),2013,업체,철강,97718.0,1732.0,㈜디엔브이지엘비즈니스어슈어런스코리아,,NULL
589,산업통상자원부,현대미포조선,2013,업체,조선,192724.0,3510.0,한국표준협회,,NULL
590,산업통상자원부,현대비앤지스틸(주),2013,업체,철강,85465.0,1738.0,㈜디엔브이지엘비즈니스어슈어런스코리아,,004560
591,산업통상자원부,현대삼호중공업 주식회사,2013,업체,조선,179026.0,3194.0,㈜디엔브이지엘비즈니스어슈어런스코리아,,NULL
592,산업통상자원부,현대석회(주),2013,업체,시멘트,105079.0,310.0,한국생산성본부인증원(주),,NULL
593,산업통상자원부,현대성우홀딩스 주식회사,2013,업체,자동차,356.0,7.0,안진회계법인,,NULL
594,산업통상자원부,현대시멘트 주식회사,2013,업체,시멘트,3703577.0,19213.0,한국표준협회,,NULL
595,산업통상자원부,현대오일뱅크,2013,업체,정유,4869999.0,58119.0,한국표준협회,,NULL
596,산업통상자원부,현대위스코(주),2013,사업장,기계,20278.0,415.0,㈜디엔브이지엘비즈니스어슈어런스코리아,,NULL
597,산업통상자원부,현대위아 주식회사,2013,업체,자동차,206357.0,3954.0,㈜디엔브이지엘비즈니스어슈어런스코리아,,011210
598,산업통상자원부,현대자동차 주식회사,2013,업체,자동차,1501756.0,30458.0,로이드인증원㈜,,005380
599,산업통상자원부,현대정보기술 주식회사,2013,사업장,통신,41152.0,846.0,대일이엔씨기술(주),,026180
600,산업통상자원부,현대제철 주식회사,2013,업체,철강,16314871.0,254082.0,㈜디엔브이지엘비즈니스어슈어런스코리아,,004020
601,산업통상자원부,현대종합금속(주),2013,사업장,기계,24555.0,533.0,로이드인증원㈜,,NULL
602,산업통상자원부,현대종합특수강 주식회사,2013,사업장,철강,37783.0,732.0,한국표준협회,,NULL
603,산업통상자원부,현대중공업 주식회사,2013,업체,조선,946099.0,17056.0,한국표준협회,,NULL
604,산업통상자원부,현대파워텍주식회사,2013,업체,자동차,134207.0,2731.0,㈜디엔브이지엘비즈니스어슈어런스코리아,,NULL
605,산업통상자원부,현대하이스코,2013,업체,철강,71340.0,1482.0,㈜디엔브이지엘비즈니스어슈어런스코리아,,010520
606,산업통상자원부,현진소재(주),2013,사업장,기계,57709.0,1140.0,(주)한국경영인증원,,053660
607,산업통상자원부,현진소재(주) 2공장,2013,사업장,기계,,,,,NULL
608,산업통상자원부,현진소재(주) 양산공장,2013,사업장,기계,,,,,NULL
609,산업통상자원부,호스트웨이아이디씨(주),2013,사업장,통신,15795.0,324.0,한국표준협회,,NULL
610,국토교통부,홈플러스 주식회사,2013,업체,건물,398109.0,7951.0,로이드인증원㈜,,NULL
611,국토교통부,홈플러스스토어즈 주식회사,2013,업체,건물,109164.0,2236.0,로이드인증원㈜,,NULL
612,산업통상자원부,홍덕산업(주),2013,업체,철강,126089.0,2562.0,로이드인증원㈜,,NULL
613,산업통상자원부,홍원제지(주),2013,업체,제지,170971.0,2657.0,(재)한국품질재단,,NULL
614,산업통상자원부,화인베스틸,2013,사업장,철강,36007.0,716.0,이큐에이㈜,,133820
615,산업통상자원부,환영철강공업,2013,업체,철강,333638.0,5845.0,한국표준협회,,NULL
616,산업통상자원부,휴비스,2013,업체,섬유,625060.0,9419.0,한국표준협회,,079980
617,산업통상자원부,휴켐스 주식회사,2013,업체,석유화학,104899.0,859.0,한국표준협회,,NULL
618,산업통상자원부,희성전자(주) 대구2공장,2013,사업장,반도체.디스플레이.전기전자,7567.0,154.0,환경보전협회,,NULL
1,산업통상자원부,(유) 스태츠 칩팩코리아,2012,업체,반도체.디스플레이.전기전자,78478.0,1599.0,(주)신화엔지니어링종합건축사사무소,,NULL
2,산업통상자원부,(유)에스케이씨에보닉페록사이드코리아,2012,업체,석유화학,47330.0,911.0,(재)한국품질재단,,NULL
3,농림축산식품부,(주)MSC,2012,사업장,음식료품,23297.0,465.0,대일이엔씨기술(주),,NULL
4,산업통상자원부,(주)SIMPAC METALLOY,2012,업체,철강,261271.0,2881.0,안진회계법인,,NULL
5,국토교통부,(주)강원랜드,2012,업체,건물,79294.0,1519.0,한국표준협회,,035250
6,국토교통부,(주)경기고속,2012,업체,교통(여객),164818.0,2528.0,(주)한국경영인증원,,NULL
7,국토교통부,(주)국민은행,2012,업체,건물,129130.0,1995.0,한국생산성본부인증원(주),,031150
8,농림축산식품부,(주)그린바이텍,2012,사업장,음식료품,24559.0,346.0,(재)한국품질재단,,NULL
9,산업통상자원부,(주)금비,2012,업체,유리 · 요업,70914.0,1089.0,한국표준협회,,008870
10,산업통상자원부,(주)금비 이천공장,2012,사업장,유리 · 요업,,,,,NULL
11,산업통상자원부,(주)넥센,2012,사업장,석유화학,24709.0,479.0,한국표준협회,,005720
12,산업통상자원부,(주)대림제지,2012,업체,제지,89028.0,1164.0,(주)한국경영인증원,,017650
13,국토교통부,(주)대명레저산업,2012,사업장,건물,49187.0,986.0,한국표준협회,,NULL
14,산업통상자원부,(주)대승프론티어 군포공장,2012,사업장,유리 · 요업,13700.0,257.0,이큐에이㈜,,NULL
15,산업통상자원부,(주)대우 인터내셔널 부산공장,2012,사업장,섬유,,,,,NULL
16,국토교통부,(주)대원고속,2012,업체,교통(여객),150815.0,2295.0,(주)한국경영인증원,,NULL
17,산업통상자원부,(주)대화제지,2012,사업장,제지,28255.0,566.0,이큐에이㈜,,NULL
18,산업통상자원부,(주)동남 진해공장,2012,사업장,비철금속,,,,,NULL
19,산업통상자원부,(주)동부하이텍,2012,업체,반도체.디스플레이.전기전자,294837.0,3464.0,(주)한국경영인증원,,NULL
20,산업통상자원부,(주)두산,2012,업체,반도체.디스플레이.전기전자,86839.0,1749.0,(재)한국품질재단,,000150
21,산업통상자원부,(주)두산전자사업부 김천공장,2012,사업장,반도체.디스플레이.전기전자,,,,,NULL
22,산업통상자원부,(주)디씨알이,2012,업체,석유화학,106147.0,1073.0,대일이엔씨기술(주),,NULL
23,산업통상자원부,(주)디에이피,2012,사업장,반도체.디스플레이.전기전자,41123.0,841.0,(재)한국화학융합시험연구원,,066900
24,산업통상자원부,(주)린데코리아,2012,업체,석유화학,422861.0,8440.0,한국가스안전공사,,NULL
25,산업통상자원부,(주)만도,2012,업체,자동차,151858.0,3101.0,(주)비에스아이그룹코리아,,NULL
26,산업통상자원부,(주)모나리자,2012,사업장,제지,41274.0,932.0,㈜한국품질보증원,,012690
27,국토교통부,(주)무주덕유산리조트,2012,사업장,건물,24930.0,442.0,이큐에이㈜,,NULL
28,산업통상자원부,(주)미래엔인천에너지,2012,업체,발전에너지,68751.0,1359.0,(재)한국품질재단,,NULL
29,산업통상자원부,(주)미래페이퍼,2012,업체,제지,80947.0,1467.0,한국표준협회,,NULL
30,산업통상자원부,(주)미호실업,2012,사업장,섬유,21178.0,325.0,지속가능인증원주식회사,,NULL
31,산업통상자원부,(주)방림,2012,사업장,섬유,29562.0,510.0,한국표준협회,,003610
32,산업통상자원부,(주)백광소재,2012,업체,시멘트,605470.0,2650.0,한국표준협회,,NULL
33,산업통상자원부,(주)벽산,2012,업체,유리 · 요업,79090.0,1426.0,한국표준협회,,007210
34,국토교통부,(주)부산롯데호텔,2012,사업장,건물,20487.0,416.0,(재)한국품질재단,,NULL
35,농림축산식품부,(주)삼양제넥스,2012,업체,음식료품,210796.0,3470.0,환경보전협회,,003940
36,산업통상자원부,(주)삼원강재,2012,사업장,자동차,33559.0,673.0,(재)한국품질재단,,023000
37,산업통상자원부,(주)삼천리,2012,업체,발전에너지,60960.0,1185.0,한국가스안전공사,,004690
38,산업통상자원부,(주)삼한씨원,2012,사업장,유리 · 요업,22272.0,440.0,한국생산성본부인증원(주),,NULL
39,산업통상자원부,(주)삼현,2012,사업장,유리 · 요업,27012.0,497.0,한국표준협회,,437730
40,산업통상자원부,(주)세아베스틸,2012,업체,철강,1229083.0,19562.0,한국표준협회,,NULL
41,산업통상자원부,(주)세아제강,2012,업체,철강,122657.0,2487.0,한국표준협회,,306200
42,산업통상자원부,(주)세아특수강,2012,사업장,철강,27848.0,539.0,한국표준협회,,019440
43,국토교통부,(주)센트럴시티,2012,사업장,건물,11320.0,230.0,기성이엠에스,,NULL
44,산업통상자원부,(주)신동,2012,업체,시멘트,101563.0,323.0,한국표준협회,,NULL
45,국토교통부,(주)신세계,2012,업체,건물,150541.0,3074.0,(주)한국경영인증원,,004170
46,산업통상자원부,(주)신한방,2012,사업장,섬유,23548.0,483.0,이큐에이㈜,,NULL
47,국토교통부,(주)신한은행,2012,업체,건물,95428.0,1457.0,㈜디엔브이지엘비즈니스어슈어런스코리아,,000010
48,산업통상자원부,(주)쌍용씨앤비,2012,업체,제지,79115.0,1472.0,(주)한국경영인증원,,NULL
49,산업통상자원부,(주)씨텍,2012,업체,발전에너지,463317.0,6392.0,㈜한국품질보증원,,NULL
50,산업통상자원부,(주)아진피앤피,2012,업체,제지,101261.0,1225.0,이큐에이㈜,,NULL
51,산업통상자원부,(주)아트라스비엑스,2012,사업장,반도체.디스플레이.전기전자,31016.0,632.0,(재)한국화학융합시험연구원,,NULL
52,산업통상자원부,(주)엘지생명과학 익산공장,2012,사업장,석유화학,,,,,NULL
53,산업통상자원부,(주)엘지씨엔에스,2012,사업장,통신,38126.0,836.0,대일이엔씨기술(주),,064400
54,산업통상자원부,(주)엘지하우시스,2012,업체,석유화학,138516.0,2861.0,㈜디엔브이지엘비즈니스어슈어런스코리아,,NULL
55,산업통상자원부,(주)오미아코리아,2012,업체,석유화학,80472.0,1647.0,㈜디엔브이지엘비즈니스어슈어런스코리아,,NULL
56,산업통상자원부,(주)오미아코리아안동공장,2012,사업장,석유화학,,,,,NULL
57,국토교통부,(주)용평리조트,2012,사업장,건물,33084.0,654.0,(재)한국품질재단,,NULL
58,산업통상자원부,(주)우룡,2012,업체,시멘트,170590.0,671.0,한국생산성본부인증원(주),,NULL
59,국토교통부,(주)우리은행,2012,업체,건물,101800.0,1611.0,㈜디엔브이지엘비즈니스어슈어런스코리아,,000030
60,산업통상자원부,(주)유니온,2012,업체,시멘트,192310.0,1684.0,한국표준협회,,000910
61,국토교통부,(주)이마트,2012,업체,건물,515888.0,10530.0,삼일회계법인,,139480
62,산업통상자원부,(주)이수페타시스,2012,사업장,반도체.디스플레이.전기전자,34853.0,619.0,이큐에이㈜,,007660
63,산업통상자원부,(주)이수화학,2012,업체,석유화학,356709.0,5589.0,한국가스안전공사,,005950
64,산업통상자원부,(주)일진글로벌,2012,사업장,자동차,66538.0,1367.0,한국표준협회,,NULL
65,산업통상자원부,(주)전주페이퍼,2012,업체,제지,819858.0,17983.0,한국표준협회,,NULL
66,산업통상자원부,(주)제이엠씨,2012,사업장,석유화학,27592.0,614.0,이큐에이㈜,,NULL
67,농림축산식품부,(주)창해에탄올,2012,사업장,음식료품,15345.0,278.0,한국표준협회,,004650
68,산업통상자원부,(주)충무화학정선,2012,업체,시멘트,69373.0,261.0,(재)한국품질재단,,NULL
69,산업통상자원부,(주)캐스텍코리아,2012,사업장,자동차,52526.0,925.0,한국표준협회,,071850
70,산업통상자원부,(주)케이에프엔티,2012,사업장,석유화학,,,(주)한국경영인증원,2013년도 명세서 정보공개 심사위원회 결정,NULL
71,산업통상자원부,(주)케이이씨,2012,사업장,반도체.디스플레이.전기전자,42852.0,694.0,로이드인증원㈜,,NULL
72,산업통상자원부,(주)케이피켐텍,2012,사업장,섬유,50317.0,963.0,(재)한국품질재단,,NULL
73,산업통상자원부,(주)코리아써키트,2012,업체,반도체.디스플레이.전기전자,77399.0,1532.0,(주)비에스아이그룹코리아,,007810
74,산업통상자원부,(주)코스틸,2012,업체,철강,76029.0,1361.0,산림조합중앙회,,NULL
75,산업통상자원부,(주)태웅,2012,업체,기계,94440.0,1869.0,(주)한국경영인증원,,044490
76,산업통상자원부,(주)태평양금속,2012,사업장,기계,42107.0,836.0,이큐에이㈜,,NULL
77,산업통상자원부,(주)테크팩솔루션,2012,업체,유리 · 요업,203653.0,3495.0,㈜디엔브이지엘비즈니스어슈어런스코리아,,NULL
78,산업통상자원부,(주)티씨씨동양,2012,사업장,철강,33069.0,683.0,이큐에이㈜,,NULL
79,산업통상자원부,(주)퍼시픽글라스,2012,사업장,유리 · 요업,37114.0,626.0,한국표준협회,,009080
80,산업통상자원부,(주)평산,2012,사업장,기계,16624.0,328.0,(주)한국품질보증원,,089480
81,농림축산식품부,(주)포레스코,2012,사업장,목재,30642.0,711.0,한국표준협회,,NULL
82,산업통상자원부,(주)필맥스,2012,사업장,석유화학,30355.0,602.0,㈜한국품질보증원,,NULL
83,농림축산식품부,(주)하림,2012,업체,음식료품,63157.0,1209.0,(재)한국품질재단,,136480
84,산업통상자원부,(주)한국알스트롬,2012,사업장,제지,28340.0,612.0,(재)한국품질재단,,NULL
85,농림축산식품부,(주)한국인삼공사 고려인삼창(부여공장),2012,사업장,음식료품,27138.0,544.0,(주)한국경영인증원,,NULL
86,산업통상자원부,(주)한금 포항공장,2012,사업장,철강,21366.0,429.0,한국표준협회,,NULL
87,산업통상자원부,(주)한솔케미칼,2012,업체,석유화학,87049.0,1731.0,대일이엔씨기술(주),,014680
88,농림축산식품부,(주)한솔홈데코,2012,업체,목재,72087.0,1288.0,(주)한국경영인증원,,025750
89,산업통상자원부,(주)한주,2012,업체,발전에너지,1025996.0,11778.0,한국표준협회,,NULL
90,산업통상자원부,(주)한창제지,2012,업체,제지,132817.0,2045.0,한국표준협회,,009460
91,산업통상자원부,(주)한화,2012,업체,석유화학,60341.0,1189.0,㈜디엔브이지엘비즈니스어슈어런스코리아,,000880
92,국토교통부,(주)현대아이파크몰,2012,사업장,건물,24273.0,496.0,(재)한국화학융합시험연구원,,NULL
93,국토교통부,(주)호텔신라,2012,사업장,건물,24047.0,485.0,(재)한국품질재단,,008770
94,산업통상자원부,(주)화승인더스트리,2012,사업장,석유화학,38729.0,788.0,이큐에이㈜,,006060
95,국토교통부,(주)휘닉스중앙평창,2012,사업장,건물,24859.0,486.0,대일이엔씨기술(주),,NULL
96,농림축산식품부,CJ제일제당(주),2012,업체,음식료품,301794.0,6455.0,(재)한국화학융합시험연구원,,097950
97,산업통상자원부,GS파워,2012,업체,발전에너지,2255680.0,43991.0,대일이엔씨기술(주),,NULL
98,산업통상자원부,KCC자원개발(주),2012,사업장,유리 · 요업,18002.0,287.0,(주)비에스아이그룹코리아,,NULL
99,산업통상자원부,KPX그린케미칼(주),2012,사업장,석유화학,50000.0,878.0,한국가스안전공사,,NULL
100,산업통상자원부,LG엠엠에이,2012,업체,석유화학,183805.0,2760.0,(주)한국경영인증원,,NULL
101,산업통상자원부,S&T모티브(주),2012,사업장,자동차,21726.0,442.0,이큐에이㈜,,NULL
102,산업통상자원부,S-Oil(주),2012,업체,정유,7980792.0,105893.0,한국표준협회,,010950
103,산업통상자원부,SKbroadband(주),2012,업체,통신,224736.0,4596.0,한국표준협회,,NULL
104,국토교통부,SK네트웍스(주) 워커힐,2012,사업장,건물,30115.0,607.0,(주)비에스아이그룹코리아,,NULL
105,산업통상자원부,SK이노베이션(주) 증평공장,2012,사업장,반도체.디스플레이.전기전자,,,,,NULL
106,산업통상자원부,SK이노베이션㈜,2012,사업장,반도체.디스플레이.전기전자,114423.0,2318.0,한국표준협회,,096770
107,산업통상자원부,STX 조선해양(주),2012,업체,조선,130791.0,2285.0,(재)한국품질재단,,NULL
108,산업통상자원부,STX엔진(주) 제1사업장,2012,사업장,기계,19772.0,341.0,㈜디엔브이지엘비즈니스어슈어런스코리아,,NULL
109,산업통상자원부,STX중공업(주) 창원 1공장,2012,사업장,조선,18715.0,312.0,㈜디엔브이지엘비즈니스어슈어런스코리아,,NULL
110,산업통상자원부,S＆T중공업(주),2012,사업장,자동차,24949.0,486.0,한국표준협회,,NULL
111,산업통상자원부,nexolon,2012,업체,반도체.디스플레이.전기전자,166220.0,3412.0,(주)비에스아이그룹코리아,,NULL
112,국토교통부,가톨릭대학교 서울성모병원,2012,사업장,건물,41006.0,829.0,환경보전협회,,NULL
113,국토교통부,강남금융센터(주),2012,사업장,건물,18791.0,383.0,환경보전협회,,NULL
114,국토교통부,건국대학교,2012,사업장,건물,30032.0,608.0,한국에스지에스㈜,,NULL
115,국토교통부,경북대학교,2012,업체,건물,36289.0,730.0,㈜한국품질보증원,,NULL
116,산업통상자원부,경산제지 주식회사,2012,업체,제지,93246.0,1819.0,한국표준협회,,NULL
117,산업통상자원부,고려강선(주),2012,업체,철강,133759.0,2731.0,한국에스지에스㈜,,NULL
118,산업통상자원부,고려아연 주식회사,2012,업체,비철금속,2786722.0,38738.0,지속가능인증원주식회사,,010130
119,산업통상자원부,고려제강(주),2012,업체,철강,129132.0,2604.0,한국에스지에스㈜,,002240
120,환경부,고양시,2012,업체,폐기물,120993.0,848.0,㈜한국품질보증원,,NULL
121,국토교통부,공항철도(주),2012,업체,교통(철도),52460.0,1077.0,이큐에이㈜,,NULL
122,환경부,광명시,2012,업체,폐기물,71632.0,304.0,㈜한국품질보증원,,NULL
123,환경부,광주광역시,2012,업체,폐기물,300852.0,1643.0,(재)한국화학융합시험연구원,,NULL
124,국토교통부,광주광역시도시철도공사,2012,사업장,교통(철도),18867.0,387.0,(재)한국화학융합시험연구원,,NULL
125,산업통상자원부,광진산업(주),2012,업체,시멘트,71075.0,198.0,한국생산성본부인증원(주),,NULL
126,환경부,구미시,2012,업체,폐기물,145898.0,1141.0,환경보전협회,,NULL
127,산업통상자원부,국도화학(주),2012,사업장,석유화학,18179.0,363.0,(주)신화엔지니어링종합건축사사무소,,007690
128,국토교통부,국립대학법인 서울대학교,2012,업체,건물,117408.0,2384.0,(재)한국품질재단,,NULL
129,산업통상자원부,국일제지(주),2012,사업장,제지,21776.0,439.0,이큐에이㈜,,078130
130,산업통상자원부,군장에너지주식회사,2012,업체,발전에너지,1114601.0,14800.0,한국표준협회,,NULL
131,국토교통부,금호고속(주),2012,업체,교통(여객),176085.0,3027.0,(주)한국경영인증원,,NULL
132,산업통상자원부,금호미쓰이화학 주식회사,2012,업체,석유화학,103331.0,1637.0,(재)한국품질재단,,NULL
133,산업통상자원부,금호석유화학 주식회사,2012,업체,석유화학,2221718.0,27940.0,한국표준협회,,011780
134,산업통상자원부,금호타이어(주),2012,업체,석유화학,319260.0,5996.0,지속가능인증원주식회사,,073240
135,산업통상자원부,금호폴리켐 주식회사,2012,업체,석유화학,176019.0,2644.0,(재)한국품질재단,,NULL
136,산업통상자원부,금호피앤비화학 주식회사,2012,업체,석유화학,556493.0,7602.0,한국표준협회,,NULL
137,산업통상자원부,기아자동차(주),2012,업체,자동차,834337.0,16833.0,㈜디엔브이지엘비즈니스어슈어런스코리아,,NULL
138,산업통상자원부,깨끗한나라 주식회사,2012,업체,제지,392501.0,5106.0,(재)한국품질재단,,004540
139,산업통상자원부,남양금속주식회사,2012,업체,기계,91008.0,1612.0,㈜한국품질보증원,,NULL
140,농림축산식품부,남양유업(주),2012,업체,음식료품,81702.0,1634.0,한국표준협회,,003920
141,산업통상자원부,남해화학(주),2012,업체,석유화학,63730.0,1235.0,(주)한국경영인증원,,025860
142,산업통상자원부,넥센타이어(주),2012,업체,석유화학,129408.0,2603.0,(주)한국경영인증원,,002350
143,산업통상자원부,노벨리스코리아 주식회사,2012,업체,비철금속,346191.0,6462.0,안진회계법인,,NULL
144,산업통상자원부,능원금속공업(주),2012,사업장,비철금속,28890.0,588.0,산림조합중앙회,,NULL
145,산업통상자원부,담우물산(주),2012,사업장,시멘트,54926.0,193.0,한국생산성본부인증원(주),,NULL
146,환경부,대구광역시,2012,업체,폐기물,179221.0,1724.0,이큐에이㈜,,NULL
147,국토교통부,대구도시철도공사,2012,업체,교통(철도),77654.0,1596.0,(주)한국경영인증원,,NULL
148,산업통상자원부,대구염색산업단지관리공단,2012,업체,발전에너지,925356.0,11441.0,이큐에이㈜,,NULL
149,산업통상자원부,대구텍 유한회사,2012,사업장,비철금속,,,한국표준협회,2013년도 명세서 정보공개 심사위원회 결정,NULL
150,환경부,대구환경공단,2012,업체,폐기물,236354.0,3175.0,이큐에이㈜,,NULL
151,산업통상자원부,대덕전자(주),2012,업체,반도체.디스플레이.전기전자,81257.0,1668.0,한국표준협회,,353200
152,산업통상자원부,대덕지디에스(주),2012,사업장,반도체.디스플레이.전기전자,35050.0,705.0,한국표준협회,,NULL
153,산업통상자원부,대동금속(주),2012,사업장,철강,25806.0,484.0,로이드인증원㈜,,020400
154,산업통상자원부,대동산업주식회사,2012,업체,유리 · 요업,47653.0,877.0,(주)신화엔지니어링종합건축사사무소,,NULL
155,산업통상자원부,대림산업 주식회사,2012,업체,석유화학,193993.0,3672.0,삼일회계법인,,NULL
156,농림축산식품부,대상 주식회사,2012,업체,음식료품,558734.0,10128.0,(주)한국경영인증원,,001680
157,농림축산식품부,대성목재공업(주),2012,사업장,목재,30864.0,575.0,한국표준협회,,NULL
158,산업통상자원부,대성산업(주),2012,사업장,발전에너지,32248.0,654.0,㈜한국품질보증원,,128820
159,산업통상자원부,대성산업가스(주),2012,업체,석유화학,650415.0,12981.0,㈜한국품질보증원,,NULL
160,산업통상자원부,대양금속(주),2012,사업장,기계,16784.0,332.0,로이드인증원㈜,,009190
161,산업통상자원부,대양제지공업(주),2012,업체,제지,104472.0,1113.0,이큐에이㈜,,006580
162,산업통상자원부,대우조선해양(주),2012,업체,조선,433239.0,7419.0,한국표준협회,,NULL
163,산업통상자원부,대원강업(주),2012,사업장,자동차,29690.0,595.0,티유브이슈드코리아㈜,,000430
164,환경부,대전광역시,2012,업체,폐기물,254239.0,1766.0,한국산업기술시험원,,NULL
165,산업통상자원부,대전열병합발전주식회사,2012,업체,발전에너지,244111.0,4807.0,한국표준협회,,NULL
166,산업통상자원부,대창단조(주),2012,사업장,기계,24356.0,491.0,이큐에이㈜,,015230
167,산업통상자원부,대한방직(주),2012,사업장,섬유,31524.0,565.0,한국표준협회,,001070
168,산업통상자원부,대한석탄공사,2012,사업장,광업,29310.0,591.0,한국생산성본부인증원(주),,NULL
169,산업통상자원부,대한시멘트주식회사,2012,사업장,시멘트,74268.0,1295.0,(주)신화엔지니어링종합건축사사무소,,NULL
170,산업통상자원부,대한유화 주식회사,2012,업체,석유화학,1022373.0,19920.0,한국가스안전공사,,006650
171,산업통상자원부,대한전선 주식회사,2012,사업장,기계,36671.0,736.0,한국에스지에스㈜,,001440
172,산업통상자원부,대한제강(주),2012,업체,철강,554953.0,9337.0,한국표준협회,,084010
173,농림축산식품부,대한제당 주식회사,2012,업체,음식료품,75246.0,1482.0,한국표준협회,,001790
174,농림축산식품부,대한제분(주),2012,사업장,음식료품,21938.0,450.0,대일이엔씨기술(주),,001130
175,산업통상자원부,대한제지주식회사,2012,업체,제지,256377.0,4309.0,한국표준협회,,NULL
176,국토교통부,대한항공,2012,업체,교통(항공),643255.0,9653.0,삼일회계법인,,003490
177,산업통상자원부,대한화섬(주),2012,업체,섬유,130525.0,2881.0,(재)한국화학융합시험연구원,,003830
178,산업통상자원부,도레이첨단소재 주식회사,2012,업체,섬유,385477.0,7642.0,(주)한국경영인증원,,NULL
179,산업통상자원부,도레이케미칼 주식회사,2012,업체,섬유,204307.0,3972.0,(주)비에스아이그룹코리아,,008000
180,산업통상자원부,동광석회공업(주),2012,사업장,시멘트,,,,,NULL
181,산업통상자원부,동국산업(주),2012,사업장,철강,32533.0,630.0,환경보전협회,,005160
182,산업통상자원부,동국제강 주식회사,2012,업체,철강,2147635.0,38418.0,안진회계법인,,460860
183,산업통상자원부,동부대우전자 주식회사,2012,사업장,기계,26269.0,525.0,한국에스지에스㈜,,NULL
184,산업통상자원부,동부제철 주식회사,2012,업체,철강,1064276.0,17773.0,(재)한국품질재단,,NULL
185,산업통상자원부,동서석유화학 주식회사,2012,업체,석유화학,277480.0,1501.0,(주)한국경영인증원,,NULL
186,농림축산식품부,동서식품(주),2012,업체,음식료품,144548.0,3161.0,(주)비에스아이그룹코리아,,NULL
187,산업통상자원부,동양시멘트 주식회사,2012,업체,시멘트,7831730.0,40182.0,(재)한국화학융합시험연구원,,NULL
188,산업통상자원부,동양피스톤(주),2012,사업장,자동차,28778.0,585.0,로이드인증원㈜,,NULL
189,산업통상자원부,동우화인켐주식회사,2012,업체,석유화학,300365.0,5752.0,이큐에이㈜,,NULL
190,산업통상자원부,동원페이퍼 주식회사,2012,사업장,제지,203308.0,3907.0,이큐에이㈜,,NULL
191,산업통상자원부,동일산업주식회사,2012,업체,철강,389585.0,4612.0,한국표준협회,,004890
192,농림축산식품부,동화기업(주),2012,업체,목재,90658.0,2020.0,한국표준협회,,025900
193,산업통상자원부,동희오토(주),2012,사업장,자동차,47089.0,947.0,한국표준협회,,NULL
194,산업통상자원부,두산엔진(주),2012,사업장,기계,38723.0,678.0,(재)한국품질재단,,NULL
195,산업통상자원부,두산인프라코어(주),2012,업체,기계,153441.0,2972.0,(재)한국품질재단,,NULL
196,산업통상자원부,두산중공업 주식회사,2012,업체,기계,299581.0,5613.0,(재)한국품질재단,,NULL
197,산업통상자원부,두원중공업(주),2012,사업장,기계,33041.0,673.0,(주)한국경영인증원,,NULL
198,산업통상자원부,디케이동신(주),2012,사업장,철강,24719.0,470.0,환경보전협회,,NULL
199,농림축산식품부,롯데네슬레코리아(주),2012,사업장,음식료품,34711.0,878.0,(재)한국품질재단,,NULL
200,산업통상자원부,롯데비피화학 주식회사,2012,업체,석유화학,137198.0,2150.0,한국표준협회,,NULL
201,국토교통부,롯데쇼핑 주식회사,2012,업체,건물,769571.0,15266.0,한국표준협회,,023530
202,산업통상자원부,롯데알미늄 주식회사,2012,업체,비철금속,105346.0,2108.0,지속가능인증원주식회사,,NULL
203,산업통상자원부,롯데정밀화학 주식회사,2012,업체,석유화학,588113.0,11483.0,로이드인증원㈜,,004000
204,농림축산식품부,롯데제과 주식회사,2012,업체,음식료품,117180.0,2210.0,(재)한국품질재단,,NULL
205,산업통상자원부,롯데첨단소재 주식회사,2012,업체,반도체.디스플레이.전기전자,330899.0,6309.0,(재)한국품질재단,,NULL
206,농림축산식품부,롯데칠성음료 주식회사,2012,업체,음식료품,126631.0,2220.0,(재)한국품질재단,,005300
207,산업통상자원부,롯데케미칼 주식회사,2012,업체,석유화학,5615156.0,107820.0,(재)한국품질재단,,011170
208,농림축산식품부,롯데푸드(주),2012,업체,음식료품,107933.0,2057.0,(주)한국경영인증원,,002270
209,산업통상자원부,르노삼성자동차(주),2012,업체,자동차,95573.0,2037.0,(재)한국품질재단,,NULL
210,산업통상자원부,만호제강(주),2012,사업장,철강,30307.0,589.0,이큐에이㈜,,001080
211,산업통상자원부,매그나칩반도체(유),2012,업체,반도체.디스플레이.전기전자,967437.0,6579.0,안진회계법인,,NULL
212,농림축산식품부,매일유업(주),2012,업체,음식료품,107269.0,2019.0,한국표준협회,,267980
213,산업통상자원부,무림에스피(주),2012,업체,제지,50831.0,1020.0,(재)한국화학융합시험연구원,,NULL
214,산업통상자원부,무림파워텍 주식회사,2012,업체,발전에너지,173718.0,2471.0,(재)한국화학융합시험연구원,,NULL
215,산업통상자원부,무림페이퍼(주),2012,업체,제지,201056.0,2538.0,(재)한국화학융합시험연구원,,009200
216,산업통상자원부,무림피앤피(주),2012,업체,제지,231715.0,13161.0,(재)한국화학융합시험연구원,,NULL
217,산업통상자원부,미원스페셜티케미칼(주),2012,사업장,석유화학,34599.0,689.0,한국표준협회,,NULL
218,산업통상자원부,백광산업 주식회사,2012,업체,석유화학,151814.0,3058.0,대일이엔씨기술(주),,NULL
219,산업통상자원부,버슘머트리얼즈코리아 주식회사,2012,업체,석유화학,3847.0,74.0,로이드인증원㈜,,NULL
220,환경부,베올리아워터자원개발 주식회사,2012,업체,수도사업,61923.0,1274.0,(주)한국경영인증원,,NULL
221,환경부,베올리아워터코리아대산(주),2012,업체,수도사업,90507.0,1844.0,(주)한국경영인증원,,NULL
222,산업통상자원부,보랄코리아석고주식회사,2012,사업장,시멘트,,,(재)한국품질재단,2013년도 명세서 정보공개 심사위원회 결정,NULL
223,산업통상자원부,보워터코리아 유한회사,2012,업체,제지,188288.0,2426.0,㈜한국품질보증원,,NULL
224,산업통상자원부,볼보그룹코리아(주),2012,사업장,기계,32075.0,613.0,한국표준협회,,NULL
225,환경부,부산광역시,2012,업체,폐기물,955602.0,6680.0,이큐에이㈜,,NULL
226,국토교통부,부산교통공사,2012,업체,교통(철도),154510.0,3177.0,(재)한국품질재단,,NULL
227,국토교통부,부산대학교,2012,사업장,건물,26362.0,537.0,㈜한국품질보증원,,NULL
228,산업통상자원부,부산정관에너지(주),2012,사업장,발전에너지,40201.0,796.0,대일이엔씨기술(주),,NULL
229,산업통상자원부,부산주공(주),2012,업체,자동차,97233.0,1731.0,㈜한국품질보증원,,005030
230,산업통상자원부,부산패션칼라산업협동조합,2012,업체,발전에너지,194819.0,2790.0,티유브이슈드코리아㈜,,NULL
231,환경부,부천시,2012,업체,폐기물,152409.0,1145.0,한국산업기술시험원,,NULL
232,산업통상자원부,부흥석회,2012,사업장,시멘트,34861.0,163.0,한국표준협회,,NULL
233,환경부,비노텍 주식회사,2012,사업장,폐기물,90961.0,94.0,티유브이슈드코리아㈜,,NULL
234,국토교통부,사회복지법인 삼성생명공익재단,2012,업체,건물,63905.0,1292.0,(재)한국품질재단,,NULL
235,산업통상자원부,삼광글라스(주),2012,업체,유리 · 요업,194108.0,3303.0,안진회계법인,,NULL
236,산업통상자원부,삼남석유화학주식회사,2012,업체,석유화학,370466.0,4694.0,환경보전협회,,NULL
237,산업통상자원부,삼보산업 주식회사,2012,사업장,비철금속,45946.0,694.0,이큐에이㈜,,009620
238,산업통상자원부,삼성디스플레이 주식회사,2012,업체,반도체.디스플레이.전기전자,5738661.0,71528.0,(재)한국품질재단,,NULL
239,국토교통부,삼성물산 주식회사,2012,업체,건물,85132.0,1636.0,(주)비에스아이그룹코리아,,000830
240,국토교통부,삼성생명보험 주식회사,2012,업체,건물,138274.0,2570.0,(재)한국품질재단,,NULL
241,산업통상자원부,삼성에스디아이 주식회사,2012,업체,반도체.디스플레이.전기전자,644861.0,13552.0,(재)한국품질재단,,NULL
242,산업통상자원부,삼성에스디에스(주),2012,사업장,반도체.디스플레이.전기전자,87969.0,1799.0,(주)한국경영인증원,,018260
243,산업통상자원부,삼성에스디에스㈜수원ICT센터,2012,사업장,반도체.디스플레이.전기전자,87969.0,1799.0,(주)한국경영인증원,,NULL
244,산업통상자원부,삼성전기 주식회사,2012,업체,반도체.디스플레이.전기전자,422888.0,8866.0,(주)비에스아이그룹코리아,,009150
245,산업통상자원부,삼성전자 주식회사,2012,업체,반도체.디스플레이.전기전자,6004674.0,91328.0,(재)한국품질재단,,005930
246,산업통상자원부,삼성중공업 주식회사,2012,업체,조선,454535.0,7272.0,한국표준협회,,010140
247,농림축산식품부,삼양식품(주) 원주공장,2012,사업장,음식료품,22753.0,441.0,(주)비에스아이그룹코리아,,NULL
248,산업통상자원부,삼양화성주식회사,2012,업체,석유화학,139462.0,2521.0,환경보전협회,,NULL
249,산업통상자원부,삼영산업,2012,사업장,유리 · 요업,26009.0,482.0,이큐에이㈜,,NULL
250,산업통상자원부,삼영전자공업(주),2012,업체,반도체.디스플레이.전기전자,165121.0,3388.0,한국산업기술시험원,,005680
251,산업통상자원부,삼영화학공업(주),2012,사업장,석유화학,32324.0,658.0,이큐에이㈜,,NULL
252,산업통상자원부,삼일제지(주),2012,사업장,제지,34429.0,692.0,이큐에이㈜,,NULL
253,산업통상자원부,삼정펄프(주),2012,업체,제지,129276.0,1655.0,한국생산성본부인증원(주),,009770
254,산업통상자원부,삼화제지(주),2012,사업장,제지,51027.0,843.0,한국표준협회,,NULL
255,농림축산식품부,서영주정(주),2012,사업장,음식료품,25075.0,448.0,(재)한국품질재단,,NULL
256,국토교통부,서울대학교병원,2012,업체,건물,67141.0,1373.0,환경보전협회,,NULL
257,국토교통부,서울메트로,2012,업체,교통(철도),349561.0,7181.0,한국표준협회,,NULL
258,산업통상자원부,서울바이오시스(주),2012,사업장,반도체.디스플레이.전기전자,43604.0,856.0,로이드인증원㈜,,092190
259,국토교통부,서울시메트로 9호선(주),2012,사업장,교통(철도),42146.0,866.0,한국표준협회,,NULL
260,산업통상자원부,서울에너지공사,2012,업체,발전에너지,454542.0,10791.0,(재)한국화학융합시험연구원,,NULL
261,농림축산식품부,서울우유협동조합,2012,업체,음식료품,70145.0,1368.0,한국표준협회,,NULL
262,환경부,서울특별시,2012,업체,폐기물,2303898.0,23614.0,(재)한국품질재단,,NULL
263,국토교통부,서울특별시농수산식품공사,2012,사업장,건물,40753.0,835.0,이큐에이㈜,,NULL
264,국토교통부,서울특별시도시철도공사,2012,업체,교통(철도),253213.0,5209.0,대일이엔씨기술(주),,NULL
265,산업통상자원부,서한이앤피주식회사,2012,업체,기계,56208.0,1111.0,이큐에이㈜,,NULL
266,농림축산식품부,선창산업(주),2012,업체,목재,87498.0,3022.0,한국표준협회,,NULL
267,환경부,성남시,2012,업체,폐기물,227405.0,2092.0,㈜디엔브이지엘비즈니스어슈어런스코리아,,NULL
268,산업통상자원부,성동조선해양 주식회사,2012,업체,조선,160192.0,2741.0,한국표준협회,,NULL
269,환경부,성림유화 주식회사,2012,업체,폐기물,229472.0,197.0,티유브이슈드코리아㈜,,NULL
270,산업통상자원부,성신양회(주),2012,업체,시멘트,4770089.0,23259.0,한국표준협회,,004980
271,산업통상자원부,성안합섬(주),2012,업체,섬유,76179.0,1518.0,안진회계법인,,NULL
272,농림축산식품부,성창보드(주),2012,사업장,목재,28540.0,545.0,이큐에이㈜,,NULL
273,산업통상자원부,성훈엔지니어링주식회사,2012,사업장,비철금속,43602.0,805.0,한국가스안전공사,,NULL
274,산업통상자원부,세방전지(주),2012,업체,반도체.디스플레이.전기전자,89465.0,1821.0,이큐에이㈜,,004490
275,산업통상자원부,세방전지(주) 창원공장,2012,사업장,반도체.디스플레이.전기전자,,,,,NULL
276,산업통상자원부,세일철강(주),2012,사업장,철강,24943.0,502.0,(재)한국품질재단,,NULL
277,산업통상자원부,세하(주),2012,업체,제지,174770.0,2906.0,이큐에이㈜,,NULL
278,산업통상자원부,셀트리온,2012,사업장,석유화학,44787.0,906.0,산림조합중앙회,,068270
279,산업통상자원부,셰플러코리아(유),2012,업체,기계,93010.0,1901.0,티유브이슈드코리아㈜,,NULL
280,산업통상자원부,셰플러코리아(유)창원1공장,2012,사업장,기계,93010.0,1901.0,티유브이슈드코리아㈜,,NULL
281,산업통상자원부,솔베이실리카코리아(주),2012,업체,석유화학,66400.0,1097.0,한국표준협회,,NULL
282,산업통상자원부,송원산업(주),2012,업체,석유화학,168574.0,2632.0,이큐에이㈜,,004430
283,산업통상자원부,송학제지(주),2012,사업장,제지,43312.0,551.0,한국표준협회,,NULL
284,환경부,수도권매립지관리공사,2012,업체,폐기물,1439636.0,1507.0,㈜한국품질보증원,,NULL
285,산업통상자원부,수완에너지 주식회사,2012,업체,발전에너지,129402.0,2564.0,환경보전협회,,NULL
286,환경부,수원시,2012,업체,폐기물,160047.0,1244.0,(주)한국경영인증원,,NULL
287,산업통상자원부,스테코(주),2012,사업장,반도체.디스플레이.전기전자,26549.0,544.0,한국표준협회,,NULL
288,산업통상자원부,스템코(주),2012,사업장,반도체.디스플레이.전기전자,37647.0,767.0,로이드인증원㈜,,NULL
289,산업통상자원부,시그네틱스(주),2012,사업장,반도체.디스플레이.전기전자,48768.0,996.0,(주)한국경영인증원,,033170
290,환경부,시흥 그린센터,2012,사업장,폐기물,33989.0,76.0,(재)한국품질재단,,NULL
291,환경부,시흥시맑은물관리센터,2012,사업장,폐기물,32029.0,308.0,(재)한국품질재단,,NULL
292,산업통상자원부,신대양제지(주),2012,업체,제지,288637.0,2145.0,한국표준협회,,016590
293,산업통상자원부,신대일제지공업(주),2012,업체,제지,86484.0,341.0,이큐에이㈜,,NULL
294,산업통상자원부,신창제지공업주식회사,2012,사업장,제지,38626.0,636.0,한국표준협회,,NULL
295,산업통상자원부,신풍제지(주),2012,업체,제지,140507.0,2174.0,(재)한국품질재단,,NULL
296,산업통상자원부,쌍용머티리얼(주),2012,사업장,자동차,29462.0,588.0,(재)한국품질재단,,NULL
297,산업통상자원부,쌍용양회공업(주),2012,업체,시멘트,11953760.0,61356.0,한국표준협회,,NULL
298,산업통상자원부,쌍용자동차(주),2012,업체,자동차,122002.0,2427.0,㈜한국품질보증원,,NULL
299,산업통상자원부,쌍용제지(주),2012,사업장,제지,31830.0,640.0,안진회계법인,,NULL
300,산업통상자원부,씨지앤대산전력 주식회사,2012,업체,발전에너지,268012.0,3915.0,㈜한국품질보증원,,NULL
301,산업통상자원부,씨지앤율촌전력 주식회사,2012,업체,발전에너지,1186427.0,23533.0,㈜한국품질보증원,,NULL
302,산업통상자원부,아반스트레이트코리아 주식회사,2012,업체,유리 · 요업,77520.0,1517.0,㈜한국품질보증원,,NULL
303,산업통상자원부,아사히초자화인테크노한국주식회사,2012,업체,유리 · 요업,,,㈜디엔브이지엘비즈니스어슈어런스코리아,2013년도 명세서 정보공개 심사위원회 결정,NULL
304,산업통상자원부,아사히피디글라스한국(주),2012,업체,유리 · 요업,,,㈜디엔브이지엘비즈니스어슈어런스코리아,2013년도 명세서 정보공개 심사위원회 결정,NULL
305,산업통상자원부,아세아시멘트 주식회사,2012,업체,시멘트,2932464.0,16197.0,한국표준협회,,183190
306,산업통상자원부,아세아아세틸스 주식회사,2012,업체,석유화학,78457.0,1082.0,한국표준협회,,NULL
307,산업통상자원부,아세아제지(주),2012,업체,제지,492398.0,7203.0,한국표준협회,,002310
308,국토교통부,아시아나항공,2012,업체,교통(항공),297668.0,4376.0,로이드인증원㈜,,020560
309,국토교통부,아주대학교의료원,2012,사업장,건물,24296.0,491.0,한국생산성본부인증원(주),,NULL
310,산업통상자원부,안산도시개발(주),2012,업체,발전에너지,83190.0,1302.0,한국가스안전공사,,NULL
311,환경부,안산시,2012,업체,폐기물,223341.0,1347.0,㈜한국품질보증원,,NULL
312,환경부,안양시,2012,업체,폐기물,86311.0,730.0,㈜한국품질보증원,,NULL
313,산업통상자원부,애경유화(주),2012,업체,석유화학,156359.0,924.0,(주)한국경영인증원,,NULL
314,산업통상자원부,앰코테크놀로지코리아(주),2012,업체,반도체.디스플레이.전기전자,180593.0,3658.0,한국에스지에스㈜,,NULL
315,환경부,양산시,2012,업체,폐기물,74707.0,615.0,(재)한국품질재단,,NULL
316,산업통상자원부,에너원(주),2012,업체,발전에너지,32563.0,382.0,(주)한국경영인증원,,NULL
317,산업통상자원부,에스케이루브리컨츠 주식회사,2012,업체,정유,209106.0,3290.0,한국표준협회,,NULL
318,산업통상자원부,에스케이머티리얼즈 주식회사,2012,업체,석유화학,148476.0,3032.0,한국가스안전공사,,036490
319,산업통상자원부,에스케이씨 주식회사,2012,업체,석유화학,829908.0,14317.0,한국표준협회,,NULL
320,산업통상자원부,에스케이씨코오롱피아이 주식회사 구미공장,2012,사업장,석유화학,23482.0,453.0,(주)비에스아이그룹코리아,,NULL
321,산업통상자원부,에스케이씨하스디스플레이필름(유),2012,사업장,석유화학,37708.0,761.0,로이드인증원㈜,,NULL
322,산업통상자원부,에스케이에너지 주식회사,2012,업체,정유,7259968.0,76442.0,한국표준협회,,NULL
323,산업통상자원부,에스케이유화 주식회사,2012,업체,석유화학,241920.0,3712.0,지속가능인증원주식회사,,NULL
324,산업통상자원부,에스케이이엔에스 주식회사,2012,업체,발전에너지,2345456.0,48306.0,(주)한국경영인증원,,NULL
325,산업통상자원부,에스케이종합화학 주식회사,2012,업체,석유화학,3582129.0,71873.0,한국표준협회,,NULL
326,산업통상자원부,에스케이케미칼 주식회사,2012,업체,석유화학,469965.0,6742.0,㈜디엔브이지엘비즈니스어슈어런스코리아,,285130
327,산업통상자원부,에스케이텔레콤 주식회사,2012,업체,통신,667230.0,13695.0,로이드인증원㈜,,017670
328,산업통상자원부,에스케이하이닉스 주식회사,2012,업체,반도체.디스플레이.전기전자,2773802.0,37352.0,(주)비에스아이그룹코리아,,000660
329,산업통상자원부,에어리퀴드코리아 주식회사,2012,업체,석유화학,,,로이드인증원㈜,2013년도 명세서 정보공개 심사위원회 결정,NULL
330,국토교통부,에어부산(주),2012,업체,교통(항공),112939.0,1612.0,한국표준협회,,298690
331,산업통상자원부,에어프로덕츠코리아 주식회사,2012,업체,석유화학,676454.0,13896.0,로이드인증원㈜,,NULL
332,산업통상자원부,에이에스이코리아주식회사,2012,업체,반도체.디스플레이.전기전자,76073.0,1543.0,(재)한국품질재단,,NULL
333,산업통상자원부,에이치디씨에스(주),2012,사업장,철강,,,,,NULL
334,산업통상자원부,에코플라스틱(주) 1공장,2012,사업장,자동차,23425.0,476.0,(재)한국품질재단,,NULL
335,산업통상자원부,엘에스니꼬 동제련 주식회사,2012,업체,비철금속,455765.0,7405.0,한국표준협회,,NULL
336,산업통상자원부,엘에스메탈 주식회사,2012,사업장,비철금속,25926.0,529.0,한국에스지에스㈜,,NULL
337,산업통상자원부,엘에스엠트론(주),2012,업체,비철금속,101915.0,2076.0,(주)한국경영인증원,,NULL
338,산업통상자원부,엘에스전선 주식회사,2012,업체,기계,159577.0,3157.0,(주)한국경영인증원,,NULL
339,산업통상자원부,엘지디스플레이(주),2012,업체,반도체.디스플레이.전기전자,6161356.0,61169.0,(재)한국품질재단,,034220
340,산업통상자원부,엘지유플러스(주),2012,업체,통신,956868.0,19647.0,한국표준협회,,032640
341,산업통상자원부,엘지이노텍 주식회사,2012,업체,반도체.디스플레이.전기전자,335806.0,6905.0,로이드인증원㈜,,011070
342,산업통상자원부,엘지전자 주식회사,2012,업체,반도체.디스플레이.전기전자,565980.0,11619.0,(주)비에스아이그룹코리아,,066570
343,산업통상자원부,엠이엠씨코리아주식회사,2012,업체,반도체.디스플레이.전기전자,64576.0,1327.0,(주)신화엔지니어링종합건축사사무소,,NULL
344,산업통상자원부,여천엔씨씨 주식회사,2012,업체,석유화학,3675132.0,72315.0,(재)한국품질재단,,NULL
345,국토교통부,영남대학교,2012,사업장,건물,21765.0,438.0,㈜디엔브이지엘비즈니스어슈어런스코리아,,NULL
346,산업통상자원부,영풍제지(주),2012,업체,제지,114585.0,1064.0,대일이엔씨기술(주),,NULL
347,산업통상자원부,영화금속(주),2012,업체,철강,102553.0,1413.0,이큐에이㈜,,012280
348,산업통상자원부,영흥철강(주),2012,사업장,철강,23156.0,460.0,한국표준협회,,NULL
349,농림축산식품부,오뚜기라면(주),2012,사업장,음식료품,27261.0,543.0,(주)비에스아이그룹코리아,,NULL
350,산업통상자원부,오리온엔지니어드카본즈 주식회사,2012,업체,석유화학,673059.0,7306.0,㈜디엔브이지엘비즈니스어슈어런스코리아,,NULL
351,농림축산식품부,오비맥주(주),2012,업체,음식료품,110351.0,2221.0,(주)비에스아이그룹코리아,,NULL
352,산업통상자원부,오씨아이 주식회사,2012,업체,석유화학,2630909.0,41255.0,㈜디엔브이지엘비즈니스어슈어런스코리아,,NULL
353,산업통상자원부,와이케이스틸(주),2012,업체,철강,410277.0,6669.0,한국표준협회,,NULL
354,산업통상자원부,용산화학(주),2012,업체,석유화학,115089.0,954.0,한국가스안전공사,,NULL
355,환경부,용인시,2012,업체,폐기물,155783.0,1399.0,㈜한국품질보증원,,NULL
356,산업통상자원부,용현BM(주) 양산공장,2012,사업장,기계,,,,,NULL
357,산업통상자원부,우리ETI주식회사,2012,사업장,반도체.디스플레이.전기전자,,,,,NULL
358,환경부,울산광역시,2012,업체,폐기물,216011.0,1607.0,㈜한국품질보증원,,NULL
359,산업통상자원부,웅진에너지 주식회사,2012,업체,반도체.디스플레이.전기전자,68989.0,1419.0,안진회계법인,,103130
360,산업통상자원부,웅진폴리실리콘 주식회사,2012,업체,석유화학,,,,,NULL
361,산업통상자원부,월산페이퍼 주식회사,2012,업체,제지,186976.0,2921.0,이큐에이㈜,,NULL
362,산업통상자원부,유니드,2012,업체,석유화학,571273.0,12662.0,로이드인증원㈜,,014830
363,산업통상자원부,유니온스틸(주),2012,업체,철강,322128.0,6502.0,한국표준협회,,003640
364,산업통상자원부,유한킴벌리 주식회사,2012,업체,제지,168351.0,3430.0,(재)한국품질재단,,NULL
365,산업통상자원부,율촌화학(주),2012,사업장,석유화학,48907.0,851.0,대일이엔씨기술(주),,008730
366,산업통상자원부,이래오토모티브시스템 주식회사,2012,사업장,자동차,44643.0,906.0,이큐에이㈜,,NULL
367,국토교통부,이화여자대학교,2012,사업장,건물,29236.0,593.0,이큐에이㈜,,NULL
368,농림축산식품부,인그리디언코리아 유한회사,2012,업체,음식료품,131130.0,2612.0,(재)한국품질재단,,NULL
369,산업통상자원부,인천공항에너지,2012,업체,발전에너지,214360.0,4241.0,(재)한국화학융합시험연구원,,NULL
370,환경부,인천광역시,2012,업체,폐기물,407972.0,3635.0,(주)한국경영인증원,,NULL
371,국토교통부,인천교통공사,2012,사업장,교통(철도),48405.0,995.0,한국표준협회,,NULL
372,국토교통부,인천국제공항공사,2012,업체,건물,167754.0,3148.0,(재)한국품질재단,,NULL
373,산업통상자원부,인천종합에너지(주),2012,업체,발전에너지,429860.0,8514.0,(주)비에스아이그룹코리아,,NULL
374,산업통상자원부,일신방직(주),2012,업체,섬유,104914.0,2076.0,한국표준협회,,003200
375,산업통상자원부,일진머티리얼즈 주식회사,2012,업체,비철금속,165492.0,3384.0,(주)신화엔지니어링종합건축사사무소,,NULL
376,국토교통부,재단법인 아산사회복지재단,2012,사업장,건물,82591.0,1643.0,환경보전협회,,NULL
377,국토교통부,전남대학교,2012,업체,건물,37007.0,745.0,한국표준협회,,NULL
378,산업통상자원부,전방(주),2012,업체,섬유,79581.0,1718.0,이큐에이㈜,,000950
379,국토교통부,전북대학교,2012,사업장,건물,26379.0,533.0,이큐에이㈜,,NULL
380,산업통상자원부,전북에너지서비스주식회사,2012,업체,발전에너지,750.0,14.0,한국가스안전공사,,NULL
381,환경부,전주시,2012,업체,폐기물,199251.0,787.0,이큐에이㈜,,NULL
382,산업통상자원부,제일모직(주),2012,업체,석유화학,,,,,001300
383,환경부,제주특별자치도,2012,업체,폐기물,219209.0,1686.0,(주)신화엔지니어링종합건축사사무소,,NULL
384,산업통상자원부,조일알미늄 주식회사,2012,사업장,비철금속,73392.0,1450.0,안진회계법인,,018470
385,산업통상자원부,종근당바이오(주),2012,업체,석유화학,85988.0,1491.0,이큐에이㈜,,063160
386,산업통상자원부,주식회사 고려시멘트,2012,업체,시멘트,603172.0,3084.0,한국표준협회,,003660
387,산업통상자원부,주식회사 고려제지,2012,업체,제지,165353.0,1979.0,(주)한국경영인증원,,NULL
388,농림축산식품부,주식회사 광원목재,2012,사업장,목재,46575.0,1386.0,한국표준협회,,NULL
389,농림축산식품부,주식회사 농심,2012,업체,음식료품,181526.0,3557.0,(재)한국품질재단,,004370
390,산업통상자원부,주식회사 대유글로벌,2012,사업장,비철금속,47088.0,909.0,이큐에이㈜,,NULL
391,산업통상자원부,주식회사 대창,2012,사업장,비철금속,44588.0,906.0,한국가스안전공사,,012800
392,산업통상자원부,주식회사 대한세라믹스,2012,사업장,유리 · 요업,37388.0,675.0,이큐에이㈜,,NULL
393,산업통상자원부,주식회사 대호에이엘,2012,사업장,비철금속,32116.0,644.0,한국생산성본부인증원(주),,069460
394,국토교통부,주식회사 더블유티씨서울,2012,업체,건물,67434.0,1375.0,(주)한국경영인증원,,NULL
396,산업통상자원부,주식회사 동부메탈,2012,업체,철강,1262665.0,13819.0,(재)한국품질재단,,NULL
397,산업통상자원부,주식회사 동성코퍼레이션,2012,사업장,석유화학,27993.0,356.0,(주)한국경영인증원,,NULL
398,농림축산식품부,주식회사 삼양사,2012,업체,음식료품,360956.0,6462.0,한국표준협회,,145990
399,산업통상자원부,주식회사 삼원에이엠씨,2012,사업장,건물,26636.0,545.0,㈜한국능률협회인증원,,NULL
400,산업통상자원부,주식회사 세아창원특수강,2012,업체,철강,613876.0,10498.0,한국표준협회,,NULL
401,산업통상자원부,주식회사 세진메탈,2012,사업장,비철금속,29604.0,580.0,산림조합중앙회,,NULL
402,산업통상자원부,주식회사 수석,2012,사업장,유리 · 요업,35410.0,563.0,한국에스지에스㈜,,NULL
403,산업통상자원부,주식회사 신아에스비,2012,사업장,조선,33890.0,619.0,한국표준협회,,NULL
404,산업통상자원부,주식회사 심텍,2012,업체,반도체.디스플레이.전기전자,91856.0,1814.0,(주)한국경영인증원,,222800
405,산업통상자원부,주식회사 알테크노메탈,2012,사업장,비철금속,28961.0,508.0,한국표준협회,,NULL
406,산업통상자원부,주식회사 에스에프에이반도체,2012,사업장,반도체.디스플레이.전기전자,30362.0,622.0,대일이엔씨기술(주),,NULL
407,산업통상자원부,주식회사 에스엔엔씨,2012,업체,비철금속,724211.0,10003.0,(재)한국품질재단,,NULL
408,농림축산식품부,주식회사 에스피씨삼립,2012,사업장,음식료품,36151.0,695.0,(주)비에스아이그룹코리아,,NULL
409,산업통상자원부,주식회사 엔브이에프,2012,사업장,철강,,,,,NULL
410,산업통상자원부,주식회사 엘지실트론,2012,업체,반도체.디스플레이.전기전자,306157.0,6245.0,(주)한국경영인증원,,NULL
411,산업통상자원부,주식회사 엘지화학,2012,업체,석유화학,6421326.0,123796.0,(재)한국품질재단,,051910
412,산업통상자원부,주식회사 영풍,2012,업체,비철금속,1119508.0,18382.0,(재)한국품질재단,,000670
413,국토교통부,주식회사 이랜드리테일,2012,업체,건물,239628.0,4929.0,한국표준협회,,NULL
414,산업통상자원부,주식회사 존슨콘트롤즈델코배터리,2012,업체,반도체.디스플레이.전기전자,36054.0,736.0,(주)한국경영인증원,,NULL
415,산업통상자원부,주식회사 지에스이앤알,2012,업체,발전에너지,2482785.0,28591.0,(재)한국품질재단,,NULL
416,농림축산식품부,주식회사 진로발효,2012,사업장,음식료품,24539.0,658.0,안진회계법인,,018120
417,산업통상자원부,주식회사 카프로,2012,업체,석유화학,1330008.0,10076.0,(재)한국품질재단,,006380
418,산업통상자원부,주식회사 케이티,2012,업체,통신,1098818.0,22406.0,㈜한국품질보증원,,030200
419,산업통상자원부,주식회사 케이피에프,2012,사업장,철강,44563.0,906.0,한국표준협회,,024880
420,환경부,주식회사 코엔텍,2012,업체,폐기물,264180.0,468.0,한국표준협회,,029960
421,산업통상자원부,주식회사 태영이엠씨,2012,업체,광업,208044.0,891.0,(주)비에스아이그룹코리아,,NULL
422,산업통상자원부,주식회사 팜한농,2012,업체,석유화학,185889.0,1825.0,(재)한국화학융합시험연구원,,NULL
423,산업통상자원부,주식회사 포스코,2012,업체,철강,75793831.0,852676.0,로이드인증원㈜,,NULL
424,산업통상자원부,주식회사 포스코켐텍,2012,업체,유리 · 요업,2302210.0,12473.0,로이드인증원㈜,,NULL
425,산업통상자원부,주식회사 포스하이메탈,2012,업체,철강,361166.0,4102.0,이큐에이㈜,,NULL
426,산업통상자원부,주식회사 풍산,2012,업체,비철금속,249301.0,5080.0,로이드인증원㈜,,103140
427,산업통상자원부,주식회사 프라임테크,2012,업체,시멘트,163555.0,870.0,(주)신화엔지니어링종합건축사사무소,,NULL
428,산업통상자원부,주식회사 한국화이바,2012,사업장,유리 · 요업,41819.0,766.0,한국표준협회,,NULL
429,국토교통부,주식회사 호텔롯데,2012,업체,건물,110707.0,2193.0,(주)한국경영인증원,,NULL
430,산업통상자원부,주식회사 효성,2012,업체,섬유,1257051.0,26285.0,(재)한국품질재단,,004800
431,산업통상자원부,주식회사 후성,2012,업체,석유화학,385119.0,838.0,한국가스안전공사,,093370
432,산업통상자원부,주식회사 휴스틸,2012,사업장,철강,36625.0,746.0,한국표준협회,,005010
433,산업통상자원부,지에스이피에스,2012,업체,발전에너지,2473663.0,49031.0,대일이엔씨기술(주),,NULL
434,산업통상자원부,지에스칼텍스 주식회사,2012,업체,정유,7684929.0,104396.0,한국표준협회,,NULL
435,산업통상자원부,진양특수강(주),2012,사업장,철강,18408.0,366.0,이큐에이㈜,,NULL
436,산업통상자원부,진영제지공업(주),2012,업체,제지,56070.0,432.0,이큐에이㈜,,NULL
437,환경부,창원시,2012,업체,폐기물,262084.0,1329.0,(주)한국경영인증원,,NULL
438,환경부,천안시,2012,업체,폐기물,131755.0,879.0,㈜한국품질보증원,,NULL
439,산업통상자원부,천일제지(주),2012,업체,제지,81402.0,957.0,(주)신화엔지니어링종합건축사사무소,,NULL
440,환경부,청주시환경사업소,2012,사업장,폐기물,34540.0,373.0,(재)한국품질재단,,NULL
441,국토교통부,충남대학교,2012,사업장,건물,28861.0,584.0,티유브이슈드코리아㈜,,NULL
442,산업통상자원부,케이씨글라스(주),2012,사업장,유리 · 요업,28647.0,491.0,(주)신화엔지니어링종합건축사사무소,,NULL
443,산업통상자원부,케이씨씨,2012,업체,유리 · 요업,1125679.0,18396.0,(재)한국품질재단,,002380
444,산업통상자원부,케이씨주식회사,2012,업체,석유화학,126578.0,1964.0,한국표준협회,,029460
445,산업통상자원부,케이오씨(주),2012,업체,석유화학,52108.0,1325.0,한국생산성본부인증원(주),,NULL
446,산업통상자원부,케이지이티에스 주식회사,2012,업체,폐기물,350477.0,1506.0,티유브이슈드코리아㈜,,NULL
447,산업통상자원부,케이지케미칼 주식회사,2012,사업장,석유화학,31044.0,596.0,이큐에이㈜,,NULL
448,산업통상자원부,케이지피 주식회사,2012,사업장,제지,35318.0,872.0,이큐에이㈜,,NULL
450,환경부,켐그린에너지 주식회사,2012,업체,석유화학,,,,,NULL
451,산업통상자원부,코넥,2012,사업장,자동차,26525.0,517.0,(주)한국경영인증원,,NULL
452,산업통상자원부,코닝정밀소재 주식회사,2012,업체,유리 · 요업,527772.0,10559.0,로이드인증원㈜,,NULL
453,산업통상자원부,코리아PTG(주),2012,업체,석유화학,127252.0,1035.0,(재)한국화학융합시험연구원,,NULL
454,산업통상자원부,코리아니켈(주),2012,사업장,비철금속,29557.0,465.0,이큐에이㈜,,NULL
455,산업통상자원부,코리아오토글라스(주),2012,업체,유리 · 요업,89936.0,1846.0,(재)한국품질재단,,152330
456,산업통상자원부,코스모신소재(주),2012,사업장,석유화학,33057.0,892.0,한국표준협회,,005070
457,산업통상자원부,코스모화학,2012,업체,석유화학,120775.0,1885.0,환경보전협회,,005420
458,산업통상자원부,코오롱인더스트리 주식회사,2012,업체,석유화학,805616.0,15345.0,한국표준협회,,NULL
459,산업통상자원부,코오롱패션머티리얼(주),2012,업체,섬유,125881.0,2518.0,(주)한국경영인증원,,NULL
460,산업통상자원부,코오롱플라스틱(주),2012,업체,석유화학,,,한국표준협회,2013년도 명세서 정보공개 심사위원회 결정,NULL
461,산업통상자원부,콜롬비안케미컬즈코리아(주),2012,업체,석유화학,106915.0,1442.0,(재)한국품질재단,,NULL
462,산업통상자원부,태경산업(주),2012,업체,철강,167107.0,1871.0,이큐에이㈜,,015890
463,산업통상자원부,태광산업 주식회사,2012,업체,섬유,1156822.0,17946.0,한국표준협회,,003240
464,산업통상자원부,태림페이퍼 주식회사,2012,업체,제지,203308.0,3907.0,이큐에이㈜,,019300
465,산업통상자원부,태봉광업 주식회사,2012,업체,시멘트,255914.0,791.0,(주)비에스아이그룹코리아,,NULL
466,산업통상자원부,태양금속공업(주),2012,사업장,기계,27398.0,530.0,(주)한국경영인증원,,004100
467,산업통상자원부,태원물산(주) 울산공장,2012,사업장,유리 · 요업,21296.0,258.0,이큐에이㈜,,NULL
468,산업통상자원부,태화금속(주),2012,사업장,철강,,,,,NULL
469,산업통상자원부,티케이케미칼,2012,업체,섬유,287864.0,5725.0,한국에스지에스㈜,,104480
470,산업통상자원부,티피피 주식회사,2012,사업장,발전에너지,27296.0,538.0,환경보전협회,,NULL
471,산업통상자원부,페어차일드코리아반도체(주),2012,업체,반도체.디스플레이.전기전자,126160.0,1871.0,(주)한국경영인증원,,NULL
472,산업통상자원부,페이퍼코리아,2012,업체,제지,286395.0,5178.0,한국표준협회,,001020
473,산업통상자원부,포스코강판(주),2012,업체,철강,100702.0,2008.0,한국표준협회,,NULL
474,산업통상자원부,포스코에너지(주),2012,업체,발전에너지,9863100.0,128403.0,환경보전협회,,NULL
475,산업통상자원부,포스코피앤에스,2012,업체,비철금속,48864.0,974.0,㈜디엔브이지엘비즈니스어슈어런스코리아,,NULL
477,산업통상자원부,폴리미래(주),2012,업체,석유화학,106783.0,1981.0,(주)신화엔지니어링종합건축사사무소,,NULL
478,농림축산식품부,풍국주정공업(주),2012,사업장,음식료품,41207.0,469.0,안진회계법인,,NULL
479,국토교통부,프라임산업(주) 테크노마트21,2012,사업장,건물,19022.0,390.0,대일이엔씨기술(주),,NULL
480,산업통상자원부,프렉스에어코리아 주식회사,2012,업체,석유화학,416262.0,8549.0,안진회계법인,,NULL
481,산업통상자원부,하나마이크론,2012,사업장,반도체.디스플레이.전기전자,30016.0,614.0,(주)한국경영인증원,,067310
482,산업통상자원부,하이디스테크놀로지 주식회사,2012,업체,반도체.디스플레이.전기전자,88867.0,1315.0,로이드인증원㈜,,NULL
483,농림축산식품부,하이트진로(주),2012,업체,음식료품,184166.0,3331.0,한국표준협회,,000080
484,산업통상자원부,하이트진로산업(주),2012,사업장,유리 · 요업,21550.0,398.0,안진회계법인,,NULL
485,산업통상자원부,하이호경금속 주식회사,2012,사업장,비철금속,36779.0,612.0,㈜한국품질보증원,,NULL
486,국토교통부,학교법인 고려중앙학원,2012,업체,건물,91093.0,1837.0,이큐에이㈜,,NULL
487,국토교통부,학교법인 성균관대학,2012,사업장,건물,34244.0,680.0,이큐에이㈜,,NULL
488,국토교통부,학교법인 연세대학교,2012,업체,건물,152408.0,3070.0,삼일회계법인,,NULL
489,국토교통부,학교법인 포항공과대학교,2012,사업장,건물,50717.0,1156.0,안진회계법인,,NULL
490,국토교통부,학교법인 한양학원,2012,업체,건물,81358.0,1640.0,(주)한국경영인증원,,NULL
491,산업통상자원부,한국가스공사,2012,업체,발전에너지,650968.0,13130.0,(재)한국품질재단,,036460
492,산업통상자원부,한국경남태양유전(주),2012,업체,반도체.디스플레이.전기전자,51898.0,1064.0,이큐에이㈜,,NULL
493,국토교통부,한국공항공사,2012,사업장,건물,36792.0,749.0,티유브이슈드코리아㈜,,NULL
494,국토교통부,한국과학기술원,2012,업체,건물,66944.0,1322.0,이큐에이㈜,,NULL
495,산업통상자원부,한국남동발전,2012,업체,발전에너지,53056561.0,599202.0,로이드인증원㈜,,NULL
496,산업통상자원부,한국남부발전 주식회사,2012,업체,발전에너지,39475100.0,535497.0,(재)한국화학융합시험연구원,,NULL
497,산업통상자원부,한국동서발전 주식회사,2012,업체,발전에너지,44134312.0,601227.0,대일이엔씨기술(주),,NULL
498,산업통상자원부,한국바스프 주식회사,2012,업체,석유화학,684604.0,9258.0,(재)한국품질재단,,NULL
499,산업통상자원부,한국서부발전,2012,업체,발전에너지,37505584.0,486548.0,로이드인증원㈜,,NULL
500,산업통상자원부,한국솔베이(주),2012,업체,석유화학,131585.0,2321.0,한국표준협회,,NULL
501,산업통상자원부,한국수력원자력,2012,업체,발전에너지,3064739.0,61563.0,지속가능인증원주식회사,,NULL
502,환경부,한국수자원공사,2012,업체,수도사업,583627.0,11970.0,㈜한국품질보증원,,NULL
503,산업통상자원부,한국수출포장공업(주),2012,업체,제지,120813.0,1141.0,이큐에이㈜,,002200
504,산업통상자원부,한국씨엔티(주),2012,업체,시멘트,55618.0,1024.0,이큐에이㈜,,NULL
505,산업통상자원부,한국엔지니어링플라스틱,2012,업체,석유화학,189782.0,3102.0,한국표준협회,,NULL
506,산업통상자원부,한국오웬스코닝(주),2012,업체,유리 · 요업,90665.0,1684.0,삼일회계법인,,NULL
507,국토교통부,한국원자력연구원,2012,사업장,건물,22430.0,458.0,환경보전협회,,NULL
508,산업통상자원부,한국유리공업 주식회사,2012,업체,유리 · 요업,361608.0,4924.0,이큐에이㈜,,NULL
509,산업통상자원부,한국유에스지보랄 주식회사,2012,업체,시멘트,103986.0,47288.0,(재)한국품질재단,,NULL
510,산업통상자원부,한국이네오스스티롤루션 주식회사,2012,업체,석유화학,89668.0,1783.0,(재)한국품질재단,,NULL
511,산업통상자원부,한국전력공사,2012,업체,발전에너지,1307346.0,5163.0,(주)신화엔지니어링종합건축사사무소,,015760
512,산업통상자원부,한국제강 주식회사,2012,업체,철강,277386.0,4232.0,이큐에이㈜,,NULL
513,산업통상자원부,한국제지 주식회사,2012,업체,제지,217792.0,6150.0,(재)한국품질재단,,002300
514,산업통상자원부,한국주철관공업(주),2012,업체,철강,92333.0,1171.0,한국표준협회,,000970
515,산업통상자원부,한국중부발전,2012,업체,발전에너지,36569536.0,467985.0,대일이엔씨기술(주),,NULL
516,산업통상자원부,한국지엠 주식회사,2012,업체,자동차,459167.0,9229.0,한국표준협회,,NULL
517,산업통상자원부,한국지역난방공사,2012,업체,발전에너지,4848369.0,94854.0,(주)신화엔지니어링종합건축사사무소,,NULL
518,산업통상자원부,한국철강,2012,업체,철강,591660.0,9615.0,한국표준협회,,104700
519,국토교통부,한국철도공사,2012,업체,교통(철도),1736701.0,31459.0,한국표준협회,,NULL
520,산업통상자원부,한국타이어 주식회사,2012,업체,석유화학,532083.0,10429.0,(재)한국품질재단,,NULL
521,산업통상자원부,한국토지주택공사,2012,업체,발전에너지,122490.0,2405.0,(재)한국품질재단,,NULL
522,산업통상자원부,한국특수형강(주),2012,업체,철강,355982.0,5867.0,한국표준협회,,NULL
523,산업통상자원부,한국하니소 주식회사,2012,사업장,유리 · 요업,30273.0,581.0,이큐에이㈜,,NULL
524,산업통상자원부,한국항공우주산업(주),2012,사업장,기계,38504.0,765.0,이큐에이㈜,,NULL
525,산업통상자원부,한남시멘트주식회사,2012,사업장,시멘트,40808.0,732.0,한국표준협회,,NULL
526,산업통상자원부,한라공조(주) 평택,2012,사업장,자동차,,,,,NULL
527,산업통상자원부,한라시멘트 주식회사,2012,업체,시멘트,4808548.0,25432.0,한국표준협회,,NULL
528,국토교통부,한솔개발(주),2012,사업장,건물,20330.0,399.0,이큐에이㈜,,NULL
529,산업통상자원부,한솔아트원제지(주),2012,업체,제지,162329.0,3807.0,(주)한국경영인증원,,007190
530,산업통상자원부,한솔제지,2012,업체,제지,811992.0,15545.0,(주)한국경영인증원,,213500
531,산업통상자원부,한솔페이퍼텍주식회사,2012,업체,제지,127021.0,2129.0,(주)한국경영인증원,,NULL
532,산업통상자원부,한온시스템 주식회사,2012,사업장,자동차,64739.0,1346.0,(재)한국품질재단,,018880
533,산업통상자원부,한일시멘트 주식회사,2012,업체,시멘트,4459912.0,26422.0,한국표준협회,,300720
534,산업통상자원부,한일제관(주),2012,업체,기계,69386.0,1410.0,(재)한국품질재단,,NULL
535,산업통상자원부,한진중공업(주),2012,사업장,조선,9309.0,176.0,한국표준협회,,NULL
536,산업통상자원부,한화에너지주식회사,2012,업체,발전에너지,3597655.0,39246.0,(재)한국품질재단,,NULL
537,산업통상자원부,한화엘앤씨(주),2012,사업장,석유화학,28306.0,570.0,한국표준협회,,NULL
538,산업통상자원부,한화엘앤씨(주) 부강2공장,2012,사업장,석유화학,,,,,NULL
539,산업통상자원부,한화종합화학 주식회사,2012,업체,석유화학,483319.0,8213.0,㈜디엔브이지엘비즈니스어슈어런스코리아,,NULL
540,산업통상자원부,한화케미칼 주식회사,2012,업체,석유화학,1946273.0,37595.0,㈜디엔브이지엘비즈니스어슈어런스코리아,,NULL
541,산업통상자원부,한화테크윈(주),2012,업체,기계,74602.0,1551.0,(주)비에스아이그룹코리아,,NULL
542,산업통상자원부,한화토탈 주식회사,2012,업체,석유화학,2996776.0,66107.0,한국가스안전공사,,NULL
543,산업통상자원부,한화화인케미칼(주),2012,업체,석유화학,125334.0,2002.0,한국에스지에스㈜,,025850
544,산업통상자원부,한황산업주식회사,2012,사업장,철강,30990.0,570.0,한국표준협회,,NULL
545,산업통상자원부,핸즈코퍼레이션주식회사,2012,업체,자동차,98951.0,1990.0,(재)한국품질재단,,143210
546,산업통상자원부,현대그린파워 주식회사,2012,업체,발전에너지,7478881.0,36190.0,(주)한국경영인증원,,NULL
547,산업통상자원부,현대다이모스(주),2012,사업장,자동차,31714.0,644.0,한국표준협회,,NULL
548,산업통상자원부,현대로템 주식회사 창원공장,2012,사업장,기계,22023.0,437.0,㈜디엔브이지엘비즈니스어슈어런스코리아,,NULL
549,산업통상자원부,현대메티아(주),2012,업체,철강,100280.0,1768.0,㈜디엔브이지엘비즈니스어슈어런스코리아,,NULL
550,산업통상자원부,현대미포조선,2012,업체,조선,181729.0,3284.0,한국표준협회,,NULL
551,산업통상자원부,현대비앤지스틸(주),2012,업체,철강,88674.0,1801.0,㈜디엔브이지엘비즈니스어슈어런스코리아,,004560
552,산업통상자원부,현대삼호중공업 주식회사,2012,사업장,조선,223101.0,3828.0,㈜디엔브이지엘비즈니스어슈어런스코리아,,NULL
553,산업통상자원부,현대석회(주),2012,업체,시멘트,98212.0,302.0,한국생산성본부인증원(주),,NULL
554,산업통상자원부,현대성우홀딩스 주식회사,2012,업체,자동차,497.0,9.0,안진회계법인,,NULL
555,산업통상자원부,현대시멘트 주식회사,2012,업체,시멘트,3751907.0,19600.0,한국표준협회,,NULL
556,산업통상자원부,현대오일뱅크,2012,업체,정유,4673939.0,53455.0,한국표준협회,,NULL
557,산업통상자원부,현대위스코(주),2012,사업장,기계,21018.0,429.0,㈜디엔브이지엘비즈니스어슈어런스코리아,,NULL
558,산업통상자원부,현대위아 주식회사,2012,업체,자동차,209071.0,3992.0,㈜디엔브이지엘비즈니스어슈어런스코리아,,011210
559,산업통상자원부,현대자동차 주식회사,2012,업체,자동차,1552481.0,31475.0,로이드인증원㈜,,005380
560,산업통상자원부,현대정보기술 주식회사,2012,사업장,통신,46901.0,964.0,한국표준협회,,026180
561,산업통상자원부,현대제철 주식회사,2012,업체,철강,15096238.0,252797.0,㈜디엔브이지엘비즈니스어슈어런스코리아,,004020
562,산업통상자원부,현대종합금속(주),2012,사업장,기계,26638.0,571.0,로이드인증원㈜,,NULL
563,산업통상자원부,현대종합특수강 주식회사,2012,사업장,철강,32221.0,625.0,이큐에이㈜,,NULL
564,산업통상자원부,현대중공업 주식회사,2012,업체,조선,973964.0,17533.0,한국표준협회,,NULL
565,산업통상자원부,현대파워텍주식회사,2012,업체,자동차,130180.0,2651.0,㈜디엔브이지엘비즈니스어슈어런스코리아,,NULL
566,산업통상자원부,현대하이스코,2012,업체,철강,68534.0,1422.0,㈜디엔브이지엘비즈니스어슈어런스코리아,,010520
567,산업통상자원부,현진소재(주),2012,사업장,기계,62278.0,1231.0,(주)한국경영인증원,,053660
568,산업통상자원부,현진소재(주) 2공장,2012,사업장,기계,,,,,NULL
569,산업통상자원부,호스트웨이아이디씨(주),2012,사업장,통신,21286.0,438.0,한국표준협회,,NULL
570,국토교통부,홈플러스 주식회사,2012,업체,건물,410247.0,8165.0,로이드인증원㈜,,NULL
571,국토교통부,홈플러스스토어즈 주식회사,2012,업체,건물,118411.0,2420.0,로이드인증원㈜,,NULL
572,산업통상자원부,홍덕산업(주),2012,업체,철강,107134.0,2178.0,로이드인증원㈜,,NULL
573,산업통상자원부,홍원제지(주),2012,업체,제지,187543.0,2900.0,(재)한국품질재단,,NULL
574,산업통상자원부,환영철강공업,2012,업체,철강,350656.0,5938.0,한국표준협회,,NULL
575,산업통상자원부,휴비스,2012,업체,섬유,624639.0,9455.0,한국표준협회,,079980
576,산업통상자원부,휴켐스 주식회사,2012,업체,석유화학,300565.0,1176.0,한국표준협회,,NULL
577,산업통상자원부,희성전자(주) 대구2공장,2012,사업장,반도체.디스플레이.전기전자,15708.0,322.0,지속가능인증원주식회사,,NULL
